name	source_name	category	kind	verdict	resolvable	metadata	pieces	footprint	top_tier	format	creator	licence	body	origin	origins	sha256	role	fit	gaps
smallstarthome.blueprint	smallstarthome.blueprint	base	module	PLACES_CLEAN	True	curated	1013	22.3x16.0x11.0	mistlands(4)	blueprint	Хельс	none stated	reference	fleet corpus	fleet corpus	d5cb97bf6a3d77dff946adb9446415b3d161c492abb525b9115e82427c539a6c	starter home, 22 x 16 m	Meadows starter alternative	
salty-dick-cottage-final.blueprint	salty-dick-cottage-final.blueprint	base	module	PLACES_CLEAN	True	curated	877	25.7x23.1x16.0	mistlands(20)	blueprint	Salty Dick	none stated	reference	fleet corpus	fleet corpus, offsetkeyz/valheim_mod_sync	6b588d9c46e2245680fdfcb3160cd66f0de7658cd68fd73d51f95fb8516a2730	cottage, 26 x 23 m	Meadows / Black Forest village	
hs_blackforest_tester_duo_black_forest_home.blueprint	hs_blackforest_tester_duo_black_forest_home.blueprint	base	module	PLACES_CLEAN	True	derived	586	20.6x29.8x11.0	meadows(586)	blueprint	Tester	none stated	reference	OverDrive/BiomeBlueprints	OverDrive/BiomeBlueprints	134bb6dfb4ef3ef3defbce06b08eded2e1c45738c791a12a49b89cdb98da9513	586 pieces, 52 prefabs, 20.6x29.8x11.0 m, 22 stations, 2 beds, 1 portals	source biome tag: blackforest; material tier: meadows. DERIVED from the measurements in `role` -- not a curated judgement	54 terrain rows discarded by Infinity Hammer (#Terrain) -- level the ground by hand, and strip them before the RCON route
hs_swamp_xxx_blackforest_house.blueprint	hs_swamp_xxx_blackforest_house.blueprint	base	module	PLACES_CLEAN	True	derived	544	15.4x15.6x9.5	meadows(544)	blueprint	Xxx	none stated	reference	OverDrive/BiomeBlueprints	OverDrive/BiomeBlueprints	1661eb0fdf8e9fb4996a501a150ce2afa20893e5df26017f01d56da1da0e97ad	544 pieces, 69 prefabs, 15.4x15.6x9.5 m, 21 stations, 1 beds, 0 portals	source biome tag: swamp; material tier: meadows. DERIVED from the measurements in `role` -- not a curated judgement	32 terrain rows discarded by Infinity Hammer (#Terrain) -- level the ground by hand, and strip them before the RCON route
hs_plains_admin_veseljko_smokehouse.blueprint	hs_plains_admin_veseljko_smokehouse.blueprint	base	module	PLACES_CLEAN	True	derived	491	20.5x21.1x9.0	swamp(40)	blueprint	Admin Veseljko	none stated	reference	OverDrive/BiomeBlueprints	OverDrive/BiomeBlueprints	fbee0134560a2f53489823b0bf2644e8983666aed2c3ef8bc1e2f52296346dc5	491 pieces, 80 prefabs, 20.5x21.1x9.0 m, 22 stations, 6 beds, 0 portals	source biome tag: plains; material tier: swamp. DERIVED from the measurements in `role` -- not a curated judgement	45 terrain rows discarded by Infinity Hammer (#Terrain) -- level the ground by hand, and strip them before the RCON route
hs_blackforest_xxx_starthome.blueprint	hs_blackforest_xxx_starthome.blueprint	base	module	PLACES_CLEAN	True	derived	466	22.0x14.2x7.0	meadows(466)	blueprint	Xxx	none stated	reference	OverDrive/BiomeBlueprints	OverDrive/BiomeBlueprints	7ff70cfe05701987d6f65461c7504e4163b484b8e1a11db8d3e7b0b7b5130e46	466 pieces, 50 prefabs, 22.0x14.2x7.0 m, 11 stations, 2 beds, 0 portals	source biome tag: blackforest; material tier: meadows. DERIVED from the measurements in `role` -- not a curated judgement	38 terrain rows discarded by Infinity Hammer (#Terrain) -- level the ground by hand, and strip them before the RCON route
PuP_house13.blueprint	PuP_house13.blueprint	base	module	PLACES_CLEAN	True	curated	379	10.0x13.5x9.0	ashlands(23)	blueprint	PuP	none stated	reference	fleet corpus	fleet corpus	e82a91835b4a71b8f8be2702cc3d672579a05dec90ec933c7abee4e4bd9f7d39	log cabin, 10 x 14 m	Black Forest village filler	
PuP_house2.blueprint	PuP_house2.blueprint	base	module	PLACES_CLEAN	True	curated	302	9.7x12.8x7.1	ashlands(8)	blueprint	PuP	none stated	reference	fleet corpus	fleet corpus	39220d65b622cc8ecc1650a87bf833f0ad60c23bbabe571aff04ca59f9aed93f	gabled cottage, 10 x 13 m	Meadows village filler	
hs_mistlands_sheepshank_longboatlugev2.blueprint	hs_mistlands_sheepshank_longboatlugev2.blueprint	base	module	PLACES_CLEAN	True	derived	293	26.9x25.5x14.8	mistlands(44)	blueprint	Sheepshank	none stated	reference	OverDrive/BiomeBlueprints	OverDrive/BiomeBlueprints	450e9dc26700fa415ff8f9418cce29281edd10d07a5f83dc4a8f7b72cf72e540	293 pieces, 31 prefabs, 26.9x25.5x14.8 m, 1 stations, 0 beds, 1 portals	source biome tag: mistlands; material tier: mistlands. DERIVED from the measurements in `role` -- not a curated judgement	60 terrain rows discarded by Infinity Hammer (#Terrain) -- level the ground by hand, and strip them before the RCON route
PuP_house5.blueprint	PuP_house5.blueprint	base	module	PLACES_CLEAN	True	curated	291	10.3x12.0x9.2	ashlands(34)	blueprint	PuP	none stated	reference	fleet corpus	fleet corpus	2134217de138bd5563b54aea2384a422e9e71a8e0c66294e9d65c66fecb51f22	cottage with outbuilding, 10 x 12 m	Meadows village filler	
twotwohouse.blueprint	twotwohouse.blueprint	base	module	PLACES_CLEAN	True	curated	273	12.8x14.1x7.1	meadows(273)	blueprint	Raimod	AGPL-3.0	reference	RickardAndreasAgren/ValheimBlueprintCruncher	RickardAndreasAgren/ValheimBlueprintCruncher	ae8cc062ac07d7b58b6d8c0344e72fd0700d1b2c7465dd44c307cc8366f055a7	two-by-two cottage, 13 x 14 x 7 m, 273 pieces	Meadows village filler; pure tier-1	
hs_blackforest_mister_basestart_simple.blueprint	hs_blackforest_mister_basestart_simple.blueprint	base	module	PLACES_CLEAN	True	derived	270	16.3x15.0x6.0	meadows(270)	blueprint	Mister	none stated	reference	OverDrive/BiomeBlueprints	OverDrive/BiomeBlueprints	6af1d71eee98c3fd0563702a448358998970f5b67fadfe7fec77551638ab6247	270 pieces, 39 prefabs, 16.3x15.0x6.0 m, 12 stations, 1 beds, 0 portals	source biome tag: blackforest; material tier: meadows. DERIVED from the measurements in `role` -- not a curated judgement	34 terrain rows discarded by Infinity Hammer (#Terrain) -- level the ground by hand, and strip them before the RCON route
PuP_house11.blueprint	PuP_house11.blueprint	base	module	PLACES_CLEAN	True	curated	266	13.3x9.7x11.0	ashlands(8)	blueprint	PuP	none stated	reference	fleet corpus	fleet corpus	8460b7e61ce330186a40eec9ba3e1306865e295a53881d80972fefcd8c5f2376	log cottage, 13 x 10 m	Black Forest village filler	
hs_ashlands_madzobuild_ashlandcamp.blueprint	hs_ashlands_madzobuild_ashlandcamp.blueprint	base	module	PLACES_CLEAN	True	derived	266	17.0x17.0x7.0	ashlands(186)	blueprint	Madzobuild	none stated	reference	OverDrive/BiomeBlueprints	OverDrive/BiomeBlueprints	5e0cda612de5f8240ee5ae1d519ea68ef1de8d23f03d180dc29b5caa459f281d	266 pieces, 47 prefabs, 17.0x17.0x7.0 m, 4 stations, 1 beds, 1 portals	source biome tag: ashlands; material tier: ashlands. DERIVED from the measurements in `role` -- not a curated judgement	36 terrain rows discarded by Infinity Hammer (#Terrain) -- level the ground by hand, and strip them before the RCON route
hs_mistlands_madzobuild_blackeitrrefinery.blueprint	hs_mistlands_madzobuild_blackeitrrefinery.blueprint	base	module	PLACES_CLEAN	True	derived	244	10.0x8.0x7.6	mistlands(243)	blueprint	Madzobuild	none stated	reference	OverDrive/BiomeBlueprints	OverDrive/BiomeBlueprints	3328748314caad1509f6b0fef0ec8ed6c6996efe625b583a5af82fe816932321	244 pieces, 10 prefabs, 10.0x8.0x7.6 m, 1 stations, 0 beds, 0 portals	source biome tag: mistlands; material tier: mistlands. DERIVED from the measurements in `role` -- not a curated judgement	23 terrain rows discarded by Infinity Hammer (#Terrain) -- level the ground by hand, and strip them before the RCON route
PuP_house1.blueprint	PuP_house1.blueprint	base	module	PLACES_CLEAN	True	curated	238	9.5x7.7x8.3	ashlands(40)	blueprint	PuP	none stated	reference	fleet corpus	fleet corpus	576fd5c19bf26e4db3dc276ff98dd9f5b956d95cbb9a6def3b133e23cde6e591	two-storey cottage, 10 x 8 m	Meadows / Black Forest village filler	
PuP_house6.blueprint	PuP_house6.blueprint	base	module	PLACES_CLEAN	True	curated	230	12.1x9.2x8.1	ashlands(64)	blueprint	PuP	none stated	reference	fleet corpus	fleet corpus	bc5f107fed3c8d9589a67fd8f02291449bc79b833c10f2d6f274bcc5bc089218	cottage with balcony, 12 x 9 m	Meadows village filler	
PuP_house10.blueprint	PuP_house10.blueprint	base	module	PLACES_CLEAN	True	curated	225	19.1x15.5x9.3	mistlands(8)	blueprint	PuP	none stated	reference	fleet corpus	fleet corpus	45cc03f7ff2ef13d7d4abae8d172fc2b1892ebfbe55d1ad535f0984975d3710c	wide cottage with porch, 19 x 16 m	Meadows village filler	
creator-looney-swamp-starter-home.blueprint	creator-looney-swamp-starter-home.blueprint	base	module	PLACES_CLEAN	True	curated	218	16.7x15.3x15.0	meadows(218)	blueprint	Creator	none stated	reference	fleet corpus	fleet corpus	6421f91354f582b48879b36794680e74e54b4b874dfc6e2182dae80044c09d39	core-wood stilt house, 17 x 15 m	Swamp / pre-bonemass forward camp	
PuP_house12.blueprint	PuP_house12.blueprint	base	module	PLACES_CLEAN	True	curated	216	11.2x8.8x5.7	ashlands(24)	blueprint	PuP	none stated	reference	fleet corpus	fleet corpus	671e72fd4d7696ba0b87e545e56a7f9c0aebafb7834192efd9339ce38052af8f	small cottage, 11 x 9 m	Meadows village filler	
hs_blackforest_kin_01_woodhouse.blueprint	hs_blackforest_kin_01_woodhouse.blueprint	base	module	PLACES_CLEAN	True	derived	216	11.5x7.5x6.8	meadows(216)	blueprint	kinesthesia	none stated	reference	OverDrive/BiomeBlueprints	OverDrive/BiomeBlueprints	19d4b35a177f0e69c096a35da974968588e3c1563e9955909821a1329de626e9	216 pieces, 28 prefabs, 11.5x7.5x6.8 m, 4 stations, 1 beds, 0 portals	source biome tag: blackforest; material tier: meadows. DERIVED from the measurements in `role` -- not a curated judgement	23 terrain rows discarded by Infinity Hammer (#Terrain) -- level the ground by hand, and strip them before the RCON route
hs_blackforest_tester_meadows_log_cabin.blueprint	hs_blackforest_tester_meadows_log_cabin.blueprint	base	module	PLACES_CLEAN	True	derived	207	8.0x16.8x8.2	meadows(207)	blueprint	Tester	none stated	reference	OverDrive/BiomeBlueprints	OverDrive/BiomeBlueprints	362fa6df7ca5b324d211663f30a89667b07c931380167e035e34c450a70272b9	207 pieces, 20 prefabs, 8.0x16.8x8.2 m, 11 stations, 2 beds, 1 portals	source biome tag: blackforest; material tier: meadows. DERIVED from the measurements in `role` -- not a curated judgement	28 terrain rows discarded by Infinity Hammer (#Terrain) -- level the ground by hand, and strip them before the RCON route
PuP_house3.blueprint	PuP_house3.blueprint	base	module	PLACES_CLEAN	True	curated	201	13.3x16.2x6.3	ashlands(10)	blueprint	PuP	none stated	reference	fleet corpus	fleet corpus	ab4faf7691c7b0dcb39dec3267a47dbbbec38fc6d0e6788d659c11303488b1ab	long low cottage, 13 x 16 m	Meadows village filler	
PiNoKi_Longhouse.blueprint	PiNoKi_Longhouse.blueprint	base	module	PLACES_CLEAN	True	curated	182	15.6x11.4x6.1	meadows(182)	blueprint	PiNoKi	MIT	committed	constXife/bygd	constXife/bygd	3f75777217db23870b7abdd91cadb96903d264d1de108e89d0edca5acd6f3a17	small longhouse, 16 x 11 x 6 m, 182 pieces	Meadows / Black Forest village filler; pure tier-1 materials	
PuP_house4.blueprint	PuP_house4.blueprint	base	module	PLACES_CLEAN	True	curated	178	9.6x10.0x7.6	mistlands(29)	blueprint	PuP	none stated	reference	fleet corpus	fleet corpus	e3e6e42ac2b7c4977d7b8cdd5779bb2c0d633585822f4917d7cc481ba962df96	cottage, 10 x 10 m	Meadows / Black Forest village filler	
PuP_house9.blueprint	PuP_house9.blueprint	base	module	PLACES_CLEAN	True	curated	167	9.9x9.9x6.8	ashlands(2)	blueprint	PuP	none stated	reference	fleet corpus	fleet corpus	fc970d234b382812390f710a644af52f402040ec057cfdb7299b7aba3165a685	hut, 10 x 10 m	mine-head shelter	
PuP_house8.blueprint	PuP_house8.blueprint	base	module	PLACES_CLEAN	True	curated	157	9.7x8.6x5.3	ashlands(8)	blueprint	PuP	none stated	reference	fleet corpus	fleet corpus	6deaae408b0c28bfdc7b8afbe0f28b4391f689d2312eacee0d7196b7907df1bb	log hut, 10 x 9 m	Black Forest hunting camp	
Rocket Raccoon_Quick_House.blueprint	Rocket Raccoon_Quick_House.blueprint	base	module	PLACES_WITH_GAPS	True	derived	157	10.1x10.1x9.0	meadows(157)	blueprint	Rocket Raccoon	none stated	reference	mcarvall/Midgard-Valheim-Server	mcarvall/Midgard-Valheim-Server	56ef5e1e6f73c1156f34a6b6146efdcb22ff6e7e64d82fa2cef5bc1d4d82c42b	157 pieces, 20 prefabs, 10.1x10.1x9.0 m, 2 stations, 2 beds, 0 portals	source biome tag: none; material tier: meadows. DERIVED from the measurements in `role` -- not a curated judgement	mod-supplied: thin_wood_pole_2 (OdinArchitect)
PuP_house7.blueprint	PuP_house7.blueprint	base	module	PLACES_CLEAN	True	curated	152	7.8x10.4x8.7	ashlands(4)	blueprint	PuP	none stated	reference	fleet corpus	fleet corpus	24deeb4c8553dea2a5cfbe6bd891dd8bf78f95f46da47023d3547a2d77cf84db	tiny cottage, 8 x 10 m	hunting camp / rest stop shell	
hs_ashlands_flam_travel_cabin_1.blueprint	hs_ashlands_flam_travel_cabin_1.blueprint	base	module	PLACES_CLEAN	True	derived	146	8.8x9.5x7.2	ashlands(84)	blueprint	Atticus	none stated	reference	OverDrive/BiomeBlueprints	OverDrive/BiomeBlueprints	95b6b67b28f31bc80c3878763077327ec0b7985460b4f2aa212955a332d5fa45	146 pieces, 32 prefabs, 8.8x9.5x7.2 m, 1 stations, 0 beds, 0 portals	source biome tag: ashlands; material tier: ashlands. DERIVED from the measurements in `role` -- not a curated judgement	21 terrain rows discarded by Infinity Hammer (#Terrain) -- level the ground by hand, and strip them before the RCON route
hs_blackforest_aodi_quickrest_sleep_module.blueprint	hs_blackforest_aodi_quickrest_sleep_module.blueprint	base	module	PLACES_CLEAN	True	derived	118	4.3x6.2x4.2	meadows(118)	blueprint	Aodi	none stated	reference	OverDrive/BiomeBlueprints	OverDrive/BiomeBlueprints	aaa0453dc521b8d8ef7fab490d7df60f8aa9b1cd224a5ce86623177bd7d9b9f1	118 pieces, 25 prefabs, 4.3x6.2x4.2 m, 1 stations, 1 beds, 0 portals	source biome tag: blackforest; material tier: meadows. DERIVED from the measurements in `role` -- not a curated judgement	18 terrain rows discarded by Infinity Hammer (#Terrain) -- level the ground by hand, and strip them before the RCON route
hs_blackforest_kitchenbench_brigames.blueprint	hs_blackforest_kitchenbench_brigames.blueprint	base	module	PLACES_CLEAN	True	derived	110	5.0x5.6x2.1	meadows(110)	blueprint	Bri Games	none stated	reference	OverDrive/BiomeBlueprints	OverDrive/BiomeBlueprints	6ecd71a96ec09e82c13492ca53132db7409e5def368170076d3ede9facc17f2e	110 pieces, 8 prefabs, 5.0x5.6x2.1 m, 2 stations, 0 beds, 0 portals	source biome tag: blackforest; material tier: meadows. DERIVED from the measurements in `role` -- not a curated judgement	16 terrain rows discarded by Infinity Hammer (#Terrain) -- level the ground by hand, and strip them before the RCON route
hs_meadows_hobbit_repairhut.blueprint	hs_meadows_hobbit_repairhut.blueprint	base	module	PLACES_CLEAN	True	derived	62	8.0x5.2x3.8	meadows(62)	blueprint	Modestypooh	none stated	reference	OverDrive/BiomeBlueprints	OverDrive/BiomeBlueprints	18d20e6d4b058ea382f193a43d3f46a5f66e5937e68569c838b4703a43f9f380	62 pieces, 14 prefabs, 8.0x5.2x3.8 m, 1 stations, 0 beds, 0 portals	source biome tag: meadows; material tier: meadows. DERIVED from the measurements in `role` -- not a curated judgement	18 terrain rows discarded by Infinity Hammer (#Terrain) -- level the ground by hand, and strip them before the RCON route
hs_mistlands_madzobuild_simpleeitrrefinery.blueprint	hs_mistlands_madzobuild_simpleeitrrefinery.blueprint	base	module	PLACES_CLEAN	True	derived	59	8.4x5.3x4.5	mistlands(1)	blueprint	Madzobuild	none stated	reference	OverDrive/BiomeBlueprints	OverDrive/BiomeBlueprints	35675877680c915e0b7c3c133986735eff68e7bbc1a9ea40fbc5721573fd4516	59 pieces, 11 prefabs, 8.4x5.3x4.5 m, 1 stations, 0 beds, 0 portals	source biome tag: mistlands; material tier: mistlands. DERIVED from the measurements in `role` -- not a curated judgement	18 terrain rows discarded by Infinity Hammer (#Terrain) -- level the ground by hand, and strip them before the RCON route
hs_ashlands_spatub_brigames.blueprint	hs_ashlands_spatub_brigames.blueprint	base	module	PLACES_CLEAN	True	derived	54	4.2x4.0x2.0	ashlands(38)	blueprint	Bri Games	none stated	reference	OverDrive/BiomeBlueprints	OverDrive/BiomeBlueprints	84ba35af754e6ab8555a7e56b0d770f01423020798911d17c9551ecf025909a9	54 pieces, 12 prefabs, 4.2x4.0x2.0 m, 1 stations, 0 beds, 0 portals	source biome tag: ashlands; material tier: ashlands. DERIVED from the measurements in `role` -- not a curated judgement	16 terrain rows discarded by Infinity Hammer (#Terrain) -- level the ground by hand, and strip them before the RCON route
hs_blackforest_kitchensink_brigames.blueprint	hs_blackforest_kitchensink_brigames.blueprint	base	module	PLACES_CLEAN	True	derived	52	1.7x3.3x1.4	meadows(52)	blueprint	Bri Games	none stated	reference	OverDrive/BiomeBlueprints	OverDrive/BiomeBlueprints	abb6fdfc4fa03249370a62210747bdfb30260ce2cbdc2489163c6ce2db2e4321	52 pieces, 9 prefabs, 1.7x3.3x1.4 m, 1 stations, 0 beds, 0 portals	source biome tag: blackforest; material tier: meadows. DERIVED from the measurements in `role` -- not a curated judgement	12 terrain rows discarded by Infinity Hammer (#Terrain) -- level the ground by hand, and strip them before the RCON route
hs_meadows_arkitek_repair_shack.blueprint	hs_meadows_arkitek_repair_shack.blueprint	base	module	PLACES_CLEAN	True	derived	50	3.0x4.0x4.0	meadows(50)	blueprint	Arkitek	none stated	reference	OverDrive/BiomeBlueprints	OverDrive/BiomeBlueprints	6ef01a79ad2f34a019d31187202b9040a6bb35e3097dc85ce1b2d35bb1f8c2c5	50 pieces, 14 prefabs, 3.0x4.0x4.0 m, 1 stations, 0 beds, 0 portals	source biome tag: meadows; material tier: meadows. DERIVED from the measurements in `role` -- not a curated judgement	12 terrain rows discarded by Infinity Hammer (#Terrain) -- level the ground by hand, and strip them before the RCON route
Rocket Raccoon_Beliche.blueprint	Rocket Raccoon_Beliche.blueprint	base	module	PLACES_WITH_GAPS	True	derived	6	2.3x3.1x1.6	meadows(6)	blueprint	Rocket Raccoon	none stated	reference	mcarvall/Midgard-Valheim-Server	mcarvall/Midgard-Valheim-Server	5acd3a3fe089579ac16d1f0b6e4afcbef10fbb37951e9971beabc27db2aa212d	6 pieces, 2 prefabs, 2.3x3.1x1.6 m, 0 stations, 2 beds, 0 portals	source biome tag: none; material tier: meadows. DERIVED from the measurements in `role` -- not a curated judgement	mod-supplied: thin_wood_pole_2 (OdinArchitect)
citadel.blueprint	citadel.blueprint	base	setpiece	PLACES_CLEAN	True	curated	33655	146.6x117.2x126.5	mistlands(32192)	blueprint	Пипкин	none stated	reference	fleet corpus	fleet corpus	830c1a483b8c0006dd3149b0ac2d078a3ecc9d0bc5862bee846fef6046e144c6	citadel, 147 x 117 x 127 m	reference only -- too big to site	ZDO spam: CastleKit_metal_groundtorch_unlit x361
Пипкин_full_castle.blueprint	Пипкин_full_castle.blueprint	base	setpiece	PLACES_CLEAN	True	curated	32361	191.8x532.1x212.6	ashlands(18607)	blueprint	Пипкин	none stated	reference	offsetkeyz/valheim_mod_sync	offsetkeyz/valheim_mod_sync	d56fa14f05018b5ec574ae9492d0f44908c96412067e7af1337db12e22bca766	castle, 192 x 532 x 213 m, 32361 pieces	reference only -- a 532 m footprint is not siteable	
vcastle.blueprint	vcastle.blueprint	base	setpiece	PLACES_CLEAN	True	curated	28297	143.6x162.1x135.2	mistlands(20641)	blueprint	Пипкин	none stated	reference	fleet corpus	fleet corpus	b04e42b82ddf42d9080813a4bf4e467175e37c5c71d1a3a6704070d07d8486ba	castle, 144 x 162 x 135 m	reference only	
PuP_megaCastle.blueprint	PuP_megaCastle.blueprint	base	setpiece	PLACES_CLEAN	True	curated	25207	208.8x105.3x133.4	ashlands(20520)	blueprint	PuP	none stated	reference	fleet corpus	fleet corpus	d929fd987a04508e34d90cc8ba8eeb1dfdf5da9684ee1233f5e0d6ef797da302	castle city, 209 x 105 x 133 m	nowhere sensible -- reference only	
meadhall.blueprint	meadhall.blueprint	base	setpiece	PLACES_WITH_GAPS	True	curated	20213	89.4x89.1x62.3	ashlands(5148)	blueprint	Olivanderr	none stated	reference	fleet corpus	fleet corpus	dd32039e6f021334d60d78eece1b4034eff1a6ecf003090227c0442ecad44d7c	great mead hall, 89 x 89 x 62 m	capital settlement	0.01% missing: $custompiece_statueevil_small x2; ZDO spam: itemstand x360
gold_castle.blueprint	gold_castle.blueprint	base	setpiece	PLACES_CLEAN	True	curated	18036	64.4x73.2x83.3	mistlands(12340)	blueprint	Пипкин	none stated	reference	fleet corpus	fleet corpus	7bbf7a878cf577e273230e1f05e548a541c97b2c20200e6997f0ed5b9ed3023b	castle, 64 x 73 x 83 m	reference only	ZDO spam: blackforge_ext1 x2177
hs_ashlands_magne_athelgard_cathedral.blueprint	hs_ashlands_magne_athelgard_cathedral.blueprint	base	setpiece	PLACES_CLEAN	True	derived	17954	61.7x89.9x35.1	ashlands(9240)	blueprint	Magne	none stated	reference	OverDrive/BiomeBlueprints	OverDrive/BiomeBlueprints	afb0454c027cc17d889823caa7b508d94e9ac31d04c77e249a5defadfa2aae69	17954 pieces, 96 prefabs, 61.7x89.9x35.1 m, 1 stations, 0 beds, 0 portals	source biome tag: ashlands; material tier: ashlands. DERIVED from the measurements in `role` -- not a curated judgement	250 terrain rows discarded by Infinity Hammer (#Terrain) -- level the ground by hand, and strip them before the RCON route
Пипкин_small_castle.blueprint	Пипкин_small_castle.blueprint	base	setpiece	PLACES_CLEAN	True	curated	17628	87.1x74.6x97.3	ashlands(12686)	blueprint	Пипкин	none stated	reference	offsetkeyz/valheim_mod_sync	offsetkeyz/valheim_mod_sync	bd77ff0ad3f4ca0e6607d76b010d30e61a38638f7e9d7e2a4356279130bdb69c	castle, 87 x 75 x 97 m, 17628 pieces	reference only	
berserkers-keep.vbuild	berserkers-keep.vbuild	base	setpiece	PLACES_CLEAN	True	curated	10686	56.1x45.1x24.0	plains(4)	vbuild		none stated	reference	fleet corpus	fleet corpus	58736c1376f397943d379a9910cff10361c3383a0644d30ffb2cf557dd128e0d	keep with 52 stations and 2515 wall pieces	Plains stronghold	
hs_ashlands_castle_blackmarble.blueprint	hs_ashlands_castle_blackmarble.blueprint	base	setpiece	PLACES_CLEAN	True	derived	8036	56.6x78.0x30.2	ashlands(1265)	blueprint	Ivor The Smol	none stated	reference	OverDrive/BiomeBlueprints	OverDrive/BiomeBlueprints	017267cfba8d134c1e32a623019bcd81af5be70bf7cd41d196320081915047fa	8036 pieces, 99 prefabs, 56.6x78.0x30.2 m, 8 stations, 2 beds, 0 portals	source biome tag: ashlands; material tier: ashlands. DERIVED from the measurements in `role` -- not a curated judgement	217 terrain rows discarded by Infinity Hammer (#Terrain) -- level the ground by hand, and strip them before the RCON route
hs_ashlands_lionsprideinn2.blueprint	hs_ashlands_lionsprideinn2.blueprint	base	setpiece	PLACES_CLEAN	True	derived	7830	53.0x28.3x20.1	ashlands(544)	blueprint	Balin	none stated	reference	OverDrive/BiomeBlueprints	OverDrive/BiomeBlueprints	ae44ca3738d414adb3882a8c233001d1a386ff7c1ae0371e5bfaa7b86e56241f	7830 pieces, 136 prefabs, 53.0x28.3x20.1 m, 11 stations, 3 beds, 0 portals	source biome tag: ashlands; material tier: ashlands. DERIVED from the measurements in `role` -- not a curated judgement	96 terrain rows discarded by Infinity Hammer (#Terrain) -- level the ground by hand, and strip them before the RCON route
hs_ashlands_lady_silvergrey_midnighttavern.blueprint	hs_ashlands_lady_silvergrey_midnighttavern.blueprint	base	setpiece	PLACES_CLEAN	True	derived	6797	52.1x32.0x18.2	ashlands(3768)	blueprint	Lady Silvergrey	none stated	reference	OverDrive/BiomeBlueprints	OverDrive/BiomeBlueprints	b33a7fbf945143db22ec30e5e42249b9816c488e41f16b4670d63ba0744d90f9	6797 pieces, 202 prefabs, 52.1x32.0x18.2 m, 36 stations, 4 beds, 0 portals	source biome tag: ashlands; material tier: ashlands. DERIVED from the measurements in `role` -- not a curated judgement	106 terrain rows discarded by Infinity Hammer (#Terrain) -- level the ground by hand, and strip them before the RCON route
PuP_black_house_full.blueprint	PuP_black_house_full.blueprint	base	setpiece	PLACES_CLEAN	True	curated	6262	40.6x72.5x78.2	ashlands(718)	blueprint	PuP	none stated	reference	fleet corpus	fleet corpus	0cdcee665b7e8f95d14d89850644e819b90ac0fe8f337ba6f085121292b98322	large black-marble manor	Mistlands / pre-queen -- already selected	
hs_ashlands_ulf_the_builder_pyramid_base_final.blueprint	hs_ashlands_ulf_the_builder_pyramid_base_final.blueprint	base	setpiece	PLACES_CLEAN	True	derived	6188	59.4x59.4x34.1	ashlands(296)	blueprint	Ulf The Builder	none stated	reference	OverDrive/BiomeBlueprints	OverDrive/BiomeBlueprints	07dd4c3ceda71c6bfa7a600ca242703a830da3a3792e1ca795e4f0b0b44e0d2d	6188 pieces, 114 prefabs, 59.4x59.4x34.1 m, 53 stations, 1 beds, 1 portals	source biome tag: ashlands; material tier: ashlands. DERIVED from the measurements in `role` -- not a curated judgement	169 terrain rows discarded by Infinity Hammer (#Terrain) -- level the ground by hand, and strip them before the RCON route
cozy_house.blueprint	cozy_house.blueprint	base	setpiece	PLACES_CLEAN	True	curated	6034	52.4x52.5x24.1	mistlands(332)	blueprint	Пипкин	none stated	reference	fleet corpus	fleet corpus	2e61bf0d2586b89003945c0f662dd9be6c2aee3665ea0b40530defec6be76e7b	large cosy homestead, 37 stations	Plains / pre-yagluth -- already selected	
hs_ashlands_softpea_fantasy_castle.blueprint	hs_ashlands_softpea_fantasy_castle.blueprint	base	setpiece	PLACES_CLEAN	True	derived	5697	43.3x56.3x27.0	ashlands(2597)	blueprint	Softpea	none stated	reference	OverDrive/BiomeBlueprints	OverDrive/BiomeBlueprints	805576179d6dee14c5da90838dac0a1e564e39edd716786f7f2dc37487b1f318	5697 pieces, 122 prefabs, 43.3x56.3x27.0 m, 25 stations, 2 beds, 0 portals	source biome tag: ashlands; material tier: ashlands. DERIVED from the measurements in `role` -- not a curated judgement	139 terrain rows discarded by Infinity Hammer (#Terrain) -- level the ground by hand, and strip them before the RCON route
15643-Valheimian.blueprint	15643-Valheimian.blueprint	base	exploit	EXPLOIT/PLACES_WITH_GAPS	True	curated	5692	60.5x60.3x10102.5	ashlands(830)	blueprint	Азура Тираэцу	none stated	reference	fleet corpus	fleet corpus	76e1fbac1a0ec443a663e6a6e1a85aa5c2fc02c22263050ed5ae222df1a5441b	keep wrapped round 361 loot objects	nowhere -- chest payload	0.54% missing: MS_PressurePlate_BlackMarble x14, MMFrostCannon x8, BasicTurret x8, Thorward x1; 2 terrain rows discarded by Infinity Hammer (#Terrain) -- level the ground by hand, and strip them before the RCON route
brokkr-the-flabellum.blueprint	brokkr-the-flabellum.blueprint	base	setpiece	PLACES_CLEAN	True	curated	5490	59.6x37.8x65.5	mistlands(2)	blueprint	Oosdevforty	none stated	reference	Oosquai/SavheimIV	Oosquai/SavheimIV	337e53fadba4dbe1003d900c263834fc07888d42d687960dbfb1a50664c5f300	tall keep, 60 x 38 x 66 m, 13 stations	Mistlands showpiece	
PuP_black_house_light.blueprint	PuP_black_house_light.blueprint	base	setpiece	PLACES_CLEAN	True	curated	5398	28.4x31.0x36.8	ashlands(561)	blueprint	PuP	none stated	reference	fleet corpus	fleet corpus	13d151e83fdbbe11fd7181b9e7d005f3a7291eadd4bf1b39e950e926c9587b91	black-marble manor, reduced	Mistlands / pre-queen alternative	
PuP_capitoliy.blueprint	PuP_capitoliy.blueprint	base	setpiece	PLACES_CLEAN	True	curated	5115	22.5x23.1x18.9	ashlands(1659)	blueprint	PuP	none stated	reference	fleet corpus	fleet corpus	b32bd850a3941269ebabc986417ef2377b39b3e5d7a59d3255f938241df8bed5	grausten-and-crystal capitol	Ashlands / Deep North showpiece	ZDO spam: wood_ledge x2149
brokkr-the-misery.blueprint	brokkr-the-misery.blueprint	base	setpiece	PLACES_CLEAN	True	curated	5108	95.1x112.8x31.2	swamp(81)	blueprint	Oosdevforty	none stated	reference	Oosquai/SavheimIV	Oosquai/SavheimIV	b60db0d437cd0d939b83f3e28d0a50386f6461ff5c5f37dc735fe05819416ab0	sprawling keep, 95 x 113 x 31 m, 18 stations	Swamp showpiece	
brokkr-the-belmont.blueprint	brokkr-the-belmont.blueprint	base	setpiece	PLACES_WITH_GAPS	True	curated	4901	65.3x68.9x38.1	swamp(256)	blueprint	Oosdevforty	none stated	reference	Oosquai/SavheimIV	Oosquai/SavheimIV	d7d0ed15a84a9bb2cfbc490eff094866759d6c70f1b0c53ddcbdb87b54bcc79e	castle, 65 x 69 x 38 m, 4901 pieces, 8 stations	Swamp / Mountain showpiece	0.02% missing: RS_Book_6 x1
PuP_Minicastle__556fd22e78ea.blueprint	PuP_Minicastle.blueprint	base	setpiece	PLACES_CLEAN	True	curated	3810	35.2x41.1x28.0	ashlands(1925)	blueprint	PuP	none stated	reference	fleet corpus	fleet corpus	556fd22e78eac5b575fb479b8f86edc021faf5ffd62c47ef9317a96258cf112b	compact grausten castle	Ashlands / pre-fader	ZDO spam: sign_notext x1408
skybound.blueprint	skybound.blueprint	base	setpiece	PLACES_CLEAN	True	curated	3702	15.1x50.0x35.2	ashlands(548)	blueprint	Olivanderr	none stated	reference	fleet corpus	fleet corpus	971df7e399529b3b87b984f6ac780448c686d51217cd29bb1493af50376b3052	vertical ashwood complex, 15 x 50 x 35 m	cliff-face or skybridge site	
hs_plains_dad_tavern.blueprint	hs_plains_dad_tavern.blueprint	base	setpiece	PLACES_CLEAN	True	derived	3641	40.7x45.3x17.2	mistlands(8)	blueprint	Test	none stated	reference	OverDrive/BiomeBlueprints	OverDrive/BiomeBlueprints	df20b177d192ffe0aafbd9c01d7c6bba99a9eea2f9f2abc2799eaa0c3cf1ab77	3641 pieces, 71 prefabs, 40.7x45.3x17.2 m, 3 stations, 2 beds, 1 portals	source biome tag: plains; material tier: mistlands. DERIVED from the measurements in `role` -- not a curated judgement	108 terrain rows discarded by Infinity Hammer (#Terrain) -- level the ground by hand, and strip them before the RCON route
hs_mistlands_sheepshank_trophytowerv2.blueprint	hs_mistlands_sheepshank_trophytowerv2.blueprint	base	setpiece	PLACES_CLEAN	True	derived	3577	24.9x24.8x25.0	mistlands(554)	blueprint	Sheepshank	none stated	reference	OverDrive/BiomeBlueprints	OverDrive/BiomeBlueprints	b2563cfb50c8ef33143f17fc1dbcf15ceda64ff13d609daf050f356fa1e3d64b	3577 pieces, 52 prefabs, 24.9x24.8x25.0 m, 1 stations, 0 beds, 1 portals	source biome tag: mistlands; material tier: mistlands. DERIVED from the measurements in `role` -- not a curated judgement	60 terrain rows discarded by Infinity Hammer (#Terrain) -- level the ground by hand, and strip them before the RCON route
hs_plains_sheepshank_nickmansion.blueprint	hs_plains_sheepshank_nickmansion.blueprint	base	setpiece	PLACES_CLEAN	True	derived	3542	50.1x39.8x19.8	mistlands(133)	blueprint	Sheepshank	none stated	reference	OverDrive/BiomeBlueprints	OverDrive/BiomeBlueprints	f8cd9af2be16f70b2a66033c85e57deb40abdd55415970c4e48c5860736dd8b4	3542 pieces, 105 prefabs, 50.1x39.8x19.8 m, 29 stations, 7 beds, 0 portals	source biome tag: plains; material tier: mistlands. DERIVED from the measurements in `role` -- not a curated judgement	116 terrain rows discarded by Infinity Hammer (#Terrain) -- level the ground by hand, and strip them before the RCON route
hs_swamp_halfnate_viking_house_new.blueprint	hs_swamp_halfnate_viking_house_new.blueprint	base	setpiece	PLACES_CLEAN	True	derived	3476	27.0x27.6x16.0	swamp(202)	blueprint	Halfnate	none stated	reference	OverDrive/BiomeBlueprints	OverDrive/BiomeBlueprints	8a259864aafd7d3282b57beeb4b46a02e50e4d1ca9dbe9f0669388354534f8b9	3476 pieces, 80 prefabs, 27.0x27.6x16.0 m, 21 stations, 4 beds, 0 portals	source biome tag: swamp; material tier: swamp. DERIVED from the measurements in `role` -- not a curated judgement	60 terrain rows discarded by Infinity Hammer (#Terrain) -- level the ground by hand, and strip them before the RCON route
jaik-mistvale-keep.blueprint	jaik-mistvale-keep.blueprint	base	setpiece	PLACES_CLEAN	True	curated	3472	27.9x26.8x48.0	mistlands(401)	blueprint	Jaik	none stated	reference	fleet corpus	fleet corpus	7379cb5afc27e6e1f6951acdadfdf7dba782012ee0e25afd2228b55410fc3af0	keep, 28 x 27 x 48 m, 1595 wall pieces	Mountain / pre-moder -- already selected	
hs_ashlands_ragnar_henry_s_forge.blueprint	hs_ashlands_ragnar_henry_s_forge.blueprint	base	setpiece	PLACES_CLEAN	True	derived	3412	77.9x65.8x18.1	ashlands(226)	blueprint	Ragnar	none stated	reference	OverDrive/BiomeBlueprints	OverDrive/BiomeBlueprints	b974c6bafad777975f2e596eafdb00329d454e3a5f867d408898481c8f991b92	3412 pieces, 108 prefabs, 77.9x65.8x18.1 m, 44 stations, 3 beds, 1 portals	source biome tag: ashlands; material tier: ashlands. DERIVED from the measurements in `role` -- not a curated judgement	224 terrain rows discarded by Infinity Hammer (#Terrain) -- level the ground by hand, and strip them before the RCON route
PuP_Minicastle__dcbdd295f512.blueprint	PuP_Minicastle.blueprint	base	setpiece	PLACES_CLEAN	True	curated	3334	35.2x41.1x23.9	ashlands(1925)	blueprint	PuP	none stated	reference	fleet corpus	fleet corpus	dcbdd295f5123ef61df2e2d8954a37995bb2e5af4c2cc04022cd3f15beddf518	compact grausten castle	Ashlands / pre-fader	ZDO spam: sign_notext x1014
hs_blackforest_cabin_bf_cozy_carrot.blueprint	hs_blackforest_cabin_bf_cozy_carrot.blueprint	base	setpiece	PLACES_CLEAN	True	derived	3298	15.8x12.4x21.4	ashlands(1)	blueprint	Ivor The Smol	none stated	reference	OverDrive/BiomeBlueprints	OverDrive/BiomeBlueprints	0db771ac16ff6ad86f7e76e6ee25c1aebba8219a22e2d87c6cffe2ca8d7060c9	3298 pieces, 51 prefabs, 15.8x12.4x21.4 m, 7 stations, 2 beds, 0 portals	source biome tag: blackforest; material tier: ashlands. DERIVED from the measurements in `role` -- not a curated judgement	32 terrain rows discarded by Infinity Hammer (#Terrain) -- level the ground by hand, and strip them before the RCON route
hs_ashlands_ugm_seabasefor4.blueprint	hs_ashlands_ugm_seabasefor4.blueprint	base	setpiece	PLACES_CLEAN	True	derived	3252	26.2x24.0x14.1	ashlands(530)	blueprint	Builder	none stated	reference	OverDrive/BiomeBlueprints	OverDrive/BiomeBlueprints	94afae7d42f5f6f606bbe7c5b6ede46ac7a59b16ef6fb01563594513a43e67f6	3252 pieces, 133 prefabs, 26.2x24.0x14.1 m, 48 stations, 4 beds, 0 portals	source biome tag: ashlands; material tier: ashlands. DERIVED from the measurements in `role` -- not a curated judgement	60 terrain rows discarded by Infinity Hammer (#Terrain) -- level the ground by hand, and strip them before the RCON route
hs_ashlands_sheepshank_toxins_arena.blueprint	hs_ashlands_sheepshank_toxins_arena.blueprint	base	setpiece	PLACES_CLEAN	True	derived	3233	35.4x35.3x19.0	ashlands(732)	blueprint	Sheepshank	none stated	reference	OverDrive/BiomeBlueprints	OverDrive/BiomeBlueprints	8903bfa954cf3d0b2b15eb8a12c0abab9923552087654bb261e6b304703e1d7a	3233 pieces, 83 prefabs, 35.4x35.3x19.0 m, 3 stations, 8 beds, 1 portals	source biome tag: ashlands; material tier: ashlands. DERIVED from the measurements in `role` -- not a curated judgement	81 terrain rows discarded by Infinity Hammer (#Terrain) -- level the ground by hand, and strip them before the RCON route
hs_plains_throneofdecay_brigames.blueprint	hs_plains_throneofdecay_brigames.blueprint	base	setpiece	PLACES_CLEAN	True	derived	3180	60.8x60.7x25.0	mistlands(16)	blueprint	Bri The Phoenix	none stated	reference	OverDrive/BiomeBlueprints	OverDrive/BiomeBlueprints	f98b365c2355b229d336e6e055513fc38a9fe519b43019a557fe76eb3dd7338b	3180 pieces, 75 prefabs, 60.8x60.7x25.0 m, 4 stations, 1 beds, 0 portals	source biome tag: plains; material tier: mistlands. DERIVED from the measurements in `role` -- not a curated judgement	192 terrain rows discarded by Infinity Hammer (#Terrain) -- level the ground by hand, and strip them before the RCON route
hs_ashlands_salty_d_watermill_cottage_complete_with_terrain_markers.blueprint	hs_ashlands_salty_d_watermill_cottage_complete_with_terrain_markers.blueprint	base	setpiece	PLACES_CLEAN	True	derived	3068	39.8x20.4x13.5	ashlands(2092)	blueprint	Salty D.	none stated	reference	OverDrive/BiomeBlueprints	OverDrive/BiomeBlueprints	961fdd121c63d649ccb38d38d987c7de694e4d24f70e96374953dab8acf096fc	3068 pieces, 100 prefabs, 39.8x20.4x13.5 m, 13 stations, 2 beds, 0 portals	source biome tag: ashlands; material tier: ashlands. DERIVED from the measurements in `role` -- not a curated judgement	66 terrain rows discarded by Infinity Hammer (#Terrain) -- level the ground by hand, and strip them before the RCON route
hs_ashlands_crookedhouse_brigamesau.blueprint	hs_ashlands_crookedhouse_brigamesau.blueprint	base	setpiece	PLACES_CLEAN	True	derived	3023	24.7x38.4x30.1	ashlands(1399)	blueprint	Bri Games	none stated	reference	OverDrive/BiomeBlueprints	OverDrive/BiomeBlueprints	1087bdf9116e676b63f1f3ad2603b607be7bb61467a8836b0475fed631d8f3a9	3023 pieces, 117 prefabs, 24.7x38.4x30.1 m, 52 stations, 7 beds, 2 portals	source biome tag: ashlands; material tier: ashlands. DERIVED from the measurements in `role` -- not a curated judgement	76 terrain rows discarded by Infinity Hammer (#Terrain) -- level the ground by hand, and strip them before the RCON route
god-house33.blueprint	god-house33.blueprint	base	setpiece	PLACES_CLEAN	True	curated	2949	29.7x29.1x18.0	mistlands(28)	blueprint	God	none stated	reference	fleet corpus	fleet corpus	faaabde377f240b2241289a564c884d3ca5e77f3a91431878cde2f299dd29e30	manor, 30 x 47 m	Mistlands settlement	1 terrain rows discarded by Infinity Hammer (#Terrain) -- level the ground by hand, and strip them before the RCON route
hs_meadows_teakeycee_mudcastle.blueprint	hs_meadows_teakeycee_mudcastle.blueprint	base	setpiece	PLACES_CLEAN	True	derived	2857	55.6x52.0x17.0	blackforest(297)	blueprint	Teakeycee	none stated	reference	OverDrive/BiomeBlueprints	OverDrive/BiomeBlueprints	d7336011bd39da90426a03fb9656c680c0e2208d71b4337f4a036c438289c708	2857 pieces, 33 prefabs, 55.6x52.0x17.0 m, 0 stations, 4 beds, 0 portals	source biome tag: meadows; material tier: blackforest. DERIVED from the measurements in `role` -- not a curated judgement	154 terrain rows discarded by Infinity Hammer (#Terrain) -- level the ground by hand, and strip them before the RCON route
hs_ashlands_constructor_casa_principal.blueprint	hs_ashlands_constructor_casa_principal.blueprint	base	setpiece	PLACES_CLEAN	True	derived	2825	21.0x22.5x30.0	ashlands(1789)	blueprint	Constructor	none stated	reference	OverDrive/BiomeBlueprints	OverDrive/BiomeBlueprints	b0c24989c30bec9e6871f9dff6f5ed0604a4710931bfa94dcc4ab1a6deb3eef3	2825 pieces, 155 prefabs, 21.0x22.5x30.0 m, 38 stations, 1 beds, 2 portals	source biome tag: ashlands; material tier: ashlands. DERIVED from the measurements in `role` -- not a curated judgement	47 terrain rows discarded by Infinity Hammer (#Terrain) -- level the ground by hand, and strip them before the RCON route
hs_mistlands_arthur_manor_elver.blueprint	hs_mistlands_arthur_manor_elver.blueprint	base	setpiece	PLACES_CLEAN	True	derived	2802	34.3x23.1x22.7	mistlands(790)	blueprint	Arthur	none stated	reference	OverDrive/BiomeBlueprints	OverDrive/BiomeBlueprints	5b6af84e57a1891fee23db1e4d5c80ffdac462ec39c9ac0fd06731bf6bdc116d	2802 pieces, 92 prefabs, 34.3x23.1x22.7 m, 1 stations, 1 beds, 0 portals	source biome tag: mistlands; material tier: mistlands. DERIVED from the measurements in `role` -- not a curated judgement	63 terrain rows discarded by Infinity Hammer (#Terrain) -- level the ground by hand, and strip them before the RCON route
hs_ashlands_sheepshank_starterhome10.blueprint	hs_ashlands_sheepshank_starterhome10.blueprint	base	setpiece	PLACES_CLEAN	True	derived	2762	39.3x36.2x16.8	ashlands(2120)	blueprint	Sheepshank	none stated	reference	OverDrive/BiomeBlueprints	OverDrive/BiomeBlueprints	00b73ecd289741d2a77a119055d5730fa86522eb0ccdf916889c179b627f10a8	2762 pieces, 139 prefabs, 39.3x36.2x16.8 m, 41 stations, 3 beds, 2 portals	source biome tag: ashlands; material tier: ashlands. DERIVED from the measurements in `role` -- not a curated judgement	96 terrain rows discarded by Infinity Hammer (#Terrain) -- level the ground by hand, and strip them before the RCON route
hs_ashlands_the_architect_twinravensbooks_curios_v2.blueprint	hs_ashlands_the_architect_twinravensbooks_curios_v2.blueprint	base	setpiece	PLACES_CLEAN	True	derived	2723	21.5x17.2x22.0	ashlands(1915)	blueprint	The Architect	none stated	reference	OverDrive/BiomeBlueprints	OverDrive/BiomeBlueprints	f0c8b104ecf6a430d78ebcaad77e65679f661848d1221a43aad75689f3c3c84d	2723 pieces, 87 prefabs, 21.5x17.2x22.0 m, 6 stations, 1 beds, 0 portals	source biome tag: ashlands; material tier: ashlands. DERIVED from the measurements in `role` -- not a curated judgement	40 terrain rows discarded by Infinity Hammer (#Terrain) -- level the ground by hand, and strip them before the RCON route
hs_blackforest_wissman_hymir.blueprint	hs_blackforest_wissman_hymir.blueprint	base	setpiece	PLACES_CLEAN	True	derived	2670	72.6x57.5x28.9	ashlands(40)	blueprint	Wissman	none stated	reference	OverDrive/BiomeBlueprints	OverDrive/BiomeBlueprints	dd04dd38b76de06a39720f8d39ecfb1bc78391952c23a7646a63829cd60f1e09	2670 pieces, 100 prefabs, 72.6x57.5x28.9 m, 24 stations, 1 beds, 1 portals	source biome tag: blackforest; material tier: ashlands. DERIVED from the measurements in `role` -- not a curated judgement	204 terrain rows discarded by Infinity Hammer (#Terrain) -- level the ground by hand, and strip them before the RCON route
hs_ashlands_wissman_sondergaard.blueprint	hs_ashlands_wissman_sondergaard.blueprint	base	setpiece	PLACES_CLEAN	True	derived	2618	66.8x52.6x65.0	ashlands(1392)	blueprint	Wissman	none stated	reference	OverDrive/BiomeBlueprints	OverDrive/BiomeBlueprints	64c33ceb132c88033096f420c4c560249fe304410eaecce27914007213330439	2618 pieces, 61 prefabs, 66.8x52.6x65.0 m, 0 stations, 4 beds, 1 portals	source biome tag: ashlands; material tier: ashlands. DERIVED from the measurements in `role` -- not a curated judgement	178 terrain rows discarded by Infinity Hammer (#Terrain) -- level the ground by hand, and strip them before the RCON route
Black_Viking_forteca_starting_base.blueprint	Black_Viking_forteca_starting_base.blueprint	base	setpiece	PLACES_WITH_GAPS	True	curated	2610	45.2x45.2x13.2	ashlands(2)	blueprint	Enslaver	none stated	reference	fleet corpus	fleet corpus	5967d55ef012799eb55a82925973452c63d243c0c387489b16b3386bb4c67741	walled starter compound	Meadows -- reference only	0.8% missing: emberwood_pillar4_bal x16, BSE_HorizontalPlatform1x2 x2, Hayze_gate_05 x2, Hayze_gate_03 x1; mod-supplied: hardwood_door_bal (balrond_constructions)
hs_plains_upgrade_house.blueprint	hs_plains_upgrade_house.blueprint	base	setpiece	PLACES_CLEAN	True	derived	2603	47.9x38.0x17.0	plains(1)	blueprint	Годрик	none stated	reference	OverDrive/BiomeBlueprints	OverDrive/BiomeBlueprints	12968e407264cd695a2a27377530b8c529f092cf07dfb25a12a843c0c0804703	2603 pieces, 127 prefabs, 47.9x38.0x17.0 m, 33 stations, 2 beds, 1 portals	source biome tag: plains; material tier: plains. DERIVED from the measurements in `role` -- not a curated judgement	108 terrain rows discarded by Infinity Hammer (#Terrain) -- level the ground by hand, and strip them before the RCON route
hs_ashlands_sheepshank_fluffyvillagehousev2.blueprint	hs_ashlands_sheepshank_fluffyvillagehousev2.blueprint	base	setpiece	PLACES_CLEAN	True	derived	2589	33.4x26.7x23.3	ashlands(119)	blueprint	Sheepshank	none stated	reference	OverDrive/BiomeBlueprints	OverDrive/BiomeBlueprints	86d7d45740e2891eeed2358981523ed5429cd4f1f29ccf89208b0ee843c55446	2589 pieces, 128 prefabs, 33.4x26.7x23.3 m, 34 stations, 1 beds, 2 portals	source biome tag: ashlands; material tier: ashlands. DERIVED from the measurements in `role` -- not a curated judgement	68 terrain rows discarded by Infinity Hammer (#Terrain) -- level the ground by hand, and strip them before the RCON route
hs_plains_sheepshank_basichouse.blueprint	hs_plains_sheepshank_basichouse.blueprint	base	setpiece	PLACES_CLEAN	True	derived	2528	38.4x23.7x16.0	mistlands(36)	blueprint	Sheepshank	none stated	reference	OverDrive/BiomeBlueprints	OverDrive/BiomeBlueprints	0e1eba0f06d474e1b02b6f61231b1152ce7b936b225adeea1e080191b4e280d9	2528 pieces, 79 prefabs, 38.4x23.7x16.0 m, 24 stations, 6 beds, 0 portals	source biome tag: plains; material tier: mistlands. DERIVED from the measurements in `role` -- not a curated judgement	68 terrain rows discarded by Infinity Hammer (#Terrain) -- level the ground by hand, and strip them before the RCON route
hs_ashlands_wissman_dunvegan_tavern.blueprint	hs_ashlands_wissman_dunvegan_tavern.blueprint	base	setpiece	PLACES_CLEAN	True	derived	2410	67.3x60.0x24.5	ashlands(519)	blueprint	Wissman	none stated	reference	OverDrive/BiomeBlueprints	OverDrive/BiomeBlueprints	f20135453c547d0a2abcd63982cabb1c0d3c65bc89fcf3958856b12f07b06b08	2410 pieces, 159 prefabs, 67.3x60.0x24.5 m, 14 stations, 1 beds, 1 portals	source biome tag: ashlands; material tier: ashlands. DERIVED from the measurements in `role` -- not a curated judgement	193 terrain rows discarded by Infinity Hammer (#Terrain) -- level the ground by hand, and strip them before the RCON route
hs_ashlands_misttreehousev2.blueprint	hs_ashlands_misttreehousev2.blueprint	base	setpiece	PLACES_CLEAN	True	derived	2371	53.4x39.8x102.9	ashlands(699)	blueprint	Sheepshank	none stated	reference	OverDrive/BiomeBlueprints	OverDrive/BiomeBlueprints	6a5240993eb4a57b355d8d0b9860cab5ba2fb6455b3726681ad87e3422265c7f	2371 pieces, 132 prefabs, 53.4x39.8x102.9 m, 31 stations, 3 beds, 2 portals	source biome tag: ashlands; material tier: ashlands. DERIVED from the measurements in `role` -- not a curated judgement	118 terrain rows discarded by Infinity Hammer (#Terrain) -- level the ground by hand, and strip them before the RCON route
14464-Valheimian.blueprint	14464-Valheimian.blueprint	base	exploit	EXPLOIT/PLACES_WITH_GAPS	True	curated	2329	37.0x37.5x10152.4	ashlands(18)	blueprint	Торкель	none stated	reference	fleet corpus	fleet corpus	0387c1a4c1c80ffe0b63c902382ef518e0cb1b1718e68f328eb4fb2c6778d706	dvergr house shell wrapped round 491 loot objects	nowhere -- 488 mountain-cave chests	0.09% missing: MS_PressurePlate_BlackMarble x2; 1 terrain rows discarded by Infinity Hammer (#Terrain) -- level the ground by hand, and strip them before the RCON route
gnome_house.blueprint	gnome_house.blueprint	base	exploit	EXPLOIT/PLACES_WITH_GAPS	True	curated	2329	37.0x37.5x10152.4	ashlands(18)	blueprint		none stated	reference	fleet corpus	fleet corpus	3a1c4e7696d6dffc2a02c7b88ee29d5a0c40615f81e2d3ea64a724126b32bb49	byte-identical to 14464-Valheimian	nowhere	0.09% missing: MS_PressurePlate_BlackMarble x2; 1 terrain rows discarded by Infinity Hammer (#Terrain) -- level the ground by hand, and strip them before the RCON route
PuP_Capitol.blueprint	PuP_Capitol.blueprint	base	setpiece	PLACES_CLEAN	True	curated	2304	33.2x47.7x24.3	ashlands(110)	blueprint	PuP	none stated	reference	fleet corpus	fleet corpus	14c34a0bf02c57d88746a370773a47a8c3883b23be71090d8d99c186db89b2d5	large timber capitol hall	Plains / pre-yagluth settlement centre	
hs_plains_abzul_common_hall.blueprint	hs_plains_abzul_common_hall.blueprint	base	setpiece	PLACES_CLEAN	True	derived	2291	29.4x32.8x26.2	mistlands(56)	blueprint	Abzul	none stated	reference	OverDrive/BiomeBlueprints	OverDrive/BiomeBlueprints	7f937916297b09bc0e19aeea6c5ae2778ab9b66129df5cc354a728759a4a79f7	2291 pieces, 69 prefabs, 29.4x32.8x26.2 m, 1 stations, 1 beds, 0 portals	source biome tag: plains; material tier: mistlands. DERIVED from the measurements in `role` -- not a curated judgement	70 terrain rows discarded by Infinity Hammer (#Terrain) -- level the ground by hand, and strip them before the RCON route
hs_ashlands_sheepshank_notsotinyhome.blueprint	hs_ashlands_sheepshank_notsotinyhome.blueprint	base	setpiece	PLACES_CLEAN	True	derived	2289	23.4x23.2x25.5	ashlands(57)	blueprint	Sheepshank	none stated	reference	OverDrive/BiomeBlueprints	OverDrive/BiomeBlueprints	fd9936dcc7c14ab321c75822292eee95ad5bc44a785828e4cf0f5203d6c5afb6	2289 pieces, 148 prefabs, 23.4x23.2x25.5 m, 35 stations, 5 beds, 1 portals	source biome tag: ashlands; material tier: ashlands. DERIVED from the measurements in `role` -- not a curated judgement	49 terrain rows discarded by Infinity Hammer (#Terrain) -- level the ground by hand, and strip them before the RCON route
hs_plains_gorthein_dupont_house.blueprint	hs_plains_gorthein_dupont_house.blueprint	base	setpiece	PLACES_CLEAN	True	derived	2250	54.0x62.2x14.8	mistlands(77)	blueprint	Gorthein	none stated	reference	OverDrive/BiomeBlueprints	OverDrive/BiomeBlueprints	7071b4ccb323a2075321a0136a8433cc4afc031c0080469cf60a16175ecf876c	2250 pieces, 103 prefabs, 54.0x62.2x14.8 m, 33 stations, 3 beds, 0 portals	source biome tag: plains; material tier: mistlands. DERIVED from the measurements in `role` -- not a curated judgement	178 terrain rows discarded by Infinity Hammer (#Terrain) -- level the ground by hand, and strip them before the RCON route
hs_mistlands_sheepshank_lighthouse.blueprint	hs_mistlands_sheepshank_lighthouse.blueprint	base	setpiece	PLACES_CLEAN	True	derived	2241	39.7x31.8x37.4	mistlands(577)	blueprint	Sheepshank	none stated	reference	OverDrive/BiomeBlueprints	OverDrive/BiomeBlueprints	030e0d361da008e75bb31c662523ee7da56580a46713c2758c9c5d375cfc635f	2241 pieces, 81 prefabs, 39.7x31.8x37.4 m, 14 stations, 1 beds, 2 portals	source biome tag: mistlands; material tier: mistlands. DERIVED from the measurements in `role` -- not a curated judgement	86 terrain rows discarded by Infinity Hammer (#Terrain) -- level the ground by hand, and strip them before the RCON route
hs_blackforest_balgruff_prefab_small_fort.blueprint	hs_blackforest_balgruff_prefab_small_fort.blueprint	base	setpiece	PLACES_CLEAN	True	derived	2179	49.0x84.8x8.8	swamp(2)	blueprint	Balgruff	none stated	reference	OverDrive/BiomeBlueprints	OverDrive/BiomeBlueprints	bbea9f6191ff4aaeb32b8d2c09cebefd5bf3cfbb9668fede639322c5fb18a222	2179 pieces, 53 prefabs, 49.0x84.8x8.8 m, 32 stations, 2 beds, 1 portals	source biome tag: blackforest; material tier: swamp. DERIVED from the measurements in `role` -- not a curated judgement	212 terrain rows discarded by Infinity Hammer (#Terrain) -- level the ground by hand, and strip them before the RCON route
hs_ashlands_monkey_dvergr_tavern.blueprint	hs_ashlands_monkey_dvergr_tavern.blueprint	base	setpiece	PLACES_CLEAN	True	derived	2063	25.7x24.9x23.3	ashlands(671)	blueprint	Monkey	none stated	reference	OverDrive/BiomeBlueprints	OverDrive/BiomeBlueprints	1320389144798a57e8e0ea69ab9161deb32a51e6d59934c62c1123f9f5db0acd	2063 pieces, 108 prefabs, 25.7x24.9x23.3 m, 11 stations, 1 beds, 0 portals	source biome tag: ashlands; material tier: ashlands. DERIVED from the measurements in `role` -- not a curated judgement	60 terrain rows discarded by Infinity Hammer (#Terrain) -- level the ground by hand, and strip them before the RCON route
hs_ashlands_moongoddess.blueprint	hs_ashlands_moongoddess.blueprint	base	setpiece	PLACES_CLEAN	True	derived	2018	24.4x8.4x30.3	ashlands(1514)	blueprint	BaDmIn	none stated	reference	OverDrive/BiomeBlueprints	OverDrive/BiomeBlueprints	7077a429a36c22f8ada7edb06fa231d91128369bd37a24a7a77cab769f06682d	2018 pieces, 15 prefabs, 24.4x8.4x30.3 m, 1 stations, 0 beds, 0 portals	source biome tag: ashlands; material tier: ashlands. DERIVED from the measurements in `role` -- not a curated judgement	36 terrain rows discarded by Infinity Hammer (#Terrain) -- level the ground by hand, and strip them before the RCON route
hs_ashlands_gorthein_fancy_house_redux.blueprint	hs_ashlands_gorthein_fancy_house_redux.blueprint	base	setpiece	PLACES_CLEAN	True	derived	1962	36.0x28.0x15.0	ashlands(1110)	blueprint	Gorthein	none stated	reference	OverDrive/BiomeBlueprints	OverDrive/BiomeBlueprints	06d699c56cff9d41f8260d4a27cb9b447cd9f791b8093918309e4bfa8ca90245	1962 pieces, 136 prefabs, 36.0x28.0x15.0 m, 33 stations, 1 beds, 2 portals	source biome tag: ashlands; material tier: ashlands. DERIVED from the measurements in `role` -- not a curated judgement	70 terrain rows discarded by Infinity Hammer (#Terrain) -- level the ground by hand, and strip them before the RCON route
hs_ashlands_scholarstower.blueprint	hs_ashlands_scholarstower.blueprint	base	setpiece	PLACES_CLEAN	True	derived	1928	10.1x10.6x16.0	ashlands(576)	blueprint	Bri Games	none stated	reference	OverDrive/BiomeBlueprints	OverDrive/BiomeBlueprints	a757cf3b8cb126ee416983e0c99f9ea2464f9f7dc641b1ba29face4970c61908	1928 pieces, 36 prefabs, 10.1x10.6x16.0 m, 2 stations, 0 beds, 0 portals	source biome tag: ashlands; material tier: ashlands. DERIVED from the measurements in `role` -- not a curated judgement	25 terrain rows discarded by Infinity Hammer (#Terrain) -- level the ground by hand, and strip them before the RCON route
BjOrN_blueprint001.blueprint	BjOrN_blueprint001.blueprint	base	setpiece	PLACES_WITH_GAPS	True	curated	1908	65.5x66.0x16.8	blackforest(990)	blueprint	BjOrN	none stated	reference	fleet corpus	fleet corpus	020d4a2a64a8e7953ea54b5aea6c3e72fd1f554a39ae34dd9a62d5e20e364690	palisaded longhouse compound	Black Forest / pre-bonemass -- already selected	0.05% missing: piece_Sundial x1; mod-supplied: wooden_gate_1 (OdinArchitect)
deardly-casa-drly.blueprint	deardly-casa-drly.blueprint	base	setpiece	PLACES_CLEAN	True	curated	1901	31.2x29.7x13.0	ashlands(1418)	blueprint	Deardly	none stated	reference	fleet corpus	fleet corpus	215e53145d53ed09bb240aa99d67f714360a9d502bb2842dbaeb2a57a4eb5f70	ashwood villa	Ashlands / pre-fader -- already selected	
hs_mountain_halvar_epic_starting_house.blueprint	hs_mountain_halvar_epic_starting_house.blueprint	base	setpiece	PLACES_CLEAN	True	derived	1875	55.6x39.7x20.0	mistlands(61)	blueprint	Halvar	none stated	reference	OverDrive/BiomeBlueprints	OverDrive/BiomeBlueprints	f5e4f04499e73e019735437610c581d89603f9b4166392a44c78827232a77861	1875 pieces, 98 prefabs, 55.6x39.7x20.0 m, 23 stations, 3 beds, 0 portals	source biome tag: mountain; material tier: mistlands. DERIVED from the measurements in `role` -- not a curated judgement	126 terrain rows discarded by Infinity Hammer (#Terrain) -- level the ground by hand, and strip them before the RCON route
hs_meadows_suspicious_turnip1.blueprint	hs_meadows_suspicious_turnip1.blueprint	base	setpiece	PLACES_CLEAN	True	derived	1869	16.9x16.8x20.2	swamp(25)	blueprint	Monkey	none stated	reference	OverDrive/BiomeBlueprints	OverDrive/BiomeBlueprints	7829c1cc6bdf5410bccb88e5ceeba34c4815d2f8278058b1a39d546486121f46	1869 pieces, 13 prefabs, 16.9x16.8x20.2 m, 3 stations, 1 beds, 0 portals	source biome tag: meadows; material tier: swamp. DERIVED from the measurements in `role` -- not a curated judgement	36 terrain rows discarded by Infinity Hammer (#Terrain) -- level the ground by hand, and strip them before the RCON route
hs_mistlands_blackmarble_fortress_med.blueprint	hs_mistlands_blackmarble_fortress_med.blueprint	base	setpiece	PLACES_CLEAN	True	derived	1838	40.0x40.0x15.4	ashlands(23)	blueprint	Monkey	none stated	reference	OverDrive/BiomeBlueprints	OverDrive/BiomeBlueprints	46d0c30b584faa0484e59e13bc2aa8845fe7d0915fe85f5870f2cb4a6fb0aaf6	1838 pieces, 58 prefabs, 40.0x40.0x15.4 m, 9 stations, 1 beds, 0 portals	source biome tag: mistlands; material tier: ashlands. DERIVED from the measurements in `role` -- not a curated judgement	96 terrain rows discarded by Infinity Hammer (#Terrain) -- level the ground by hand, and strip them before the RCON route
hs_ashlands_prefab_collection1.blueprint	hs_ashlands_prefab_collection1.blueprint	base	setpiece	PLACES_CLEAN	True	derived	1796	58.5x50.8x12.1	ashlands(649)	blueprint	Monkey	none stated	reference	OverDrive/BiomeBlueprints	OverDrive/BiomeBlueprints	ea6f9e881f0e932cf12a7999b08666c1d697f840e9920defc5bfc9c6230db692	1796 pieces, 116 prefabs, 58.5x50.8x12.1 m, 57 stations, 1 beds, 0 portals	source biome tag: ashlands; material tier: ashlands. DERIVED from the measurements in `role` -- not a curated judgement	154 terrain rows discarded by Infinity Hammer (#Terrain) -- level the ground by hand, and strip them before the RCON route
hs_ashlands_deardly_deardly_modern_house.blueprint	hs_ashlands_deardly_deardly_modern_house.blueprint	base	setpiece	PLACES_CLEAN	True	derived	1672	34.0x23.0x12.0	ashlands(1110)	blueprint	Deardly	none stated	reference	OverDrive/BiomeBlueprints	OverDrive/BiomeBlueprints	490836cd1e6d1733baa5914a5f12cc467e6ff1f7c38119839383a7e74eda7029	1672 pieces, 118 prefabs, 34.0x23.0x12.0 m, 36 stations, 1 beds, 0 portals	source biome tag: ashlands; material tier: ashlands. DERIVED from the measurements in `role` -- not a curated judgement	61 terrain rows discarded by Infinity Hammer (#Terrain) -- level the ground by hand, and strip them before the RCON route
hs_ashlands_cm_thug_outpost.blueprint	hs_ashlands_cm_thug_outpost.blueprint	base	setpiece	PLACES_CLEAN	True	derived	1649	37.0x38.6x11.3	ashlands(928)	blueprint	Cm Thug	none stated	reference	OverDrive/BiomeBlueprints	OverDrive/BiomeBlueprints	0781c913c49182e1f45f3705d33ee1259116c2094894cd07fa579cd6f56e2fc1	1649 pieces, 105 prefabs, 37.0x38.6x11.3 m, 49 stations, 1 beds, 0 portals	source biome tag: ashlands; material tier: ashlands. DERIVED from the measurements in `role` -- not a curated judgement	96 terrain rows discarded by Infinity Hammer (#Terrain) -- level the ground by hand, and strip them before the RCON route
hs_ashlands_sheepshank_chickencoop.blueprint	hs_ashlands_sheepshank_chickencoop.blueprint	base	setpiece	PLACES_CLEAN	True	derived	1572	18.2x22.1x18.8	ashlands(72)	blueprint	Sheepshank	none stated	reference	OverDrive/BiomeBlueprints	OverDrive/BiomeBlueprints	350b7e3ddb66e8d8426940d548f358d97708aa1159baac97bbdfaedb00495f2a	1572 pieces, 72 prefabs, 18.2x22.1x18.8 m, 1 stations, 0 beds, 0 portals	source biome tag: ashlands; material tier: ashlands. DERIVED from the measurements in `role` -- not a curated judgement	47 terrain rows discarded by Infinity Hammer (#Terrain) -- level the ground by hand, and strip them before the RCON route
hs_ashlands_blueprints_mint_s_ash_tower.blueprint	hs_ashlands_blueprints_mint_s_ash_tower.blueprint	base	setpiece	PLACES_CLEAN	True	derived	1538	24.4x25.6x31.0	ashlands(1124)	blueprint	Blueprints	none stated	reference	OverDrive/BiomeBlueprints	OverDrive/BiomeBlueprints	7df9eabf7bc251473362e6f6adf2c9a87c2b043dd8c868ec4baa38be2a8504a6	1538 pieces, 114 prefabs, 24.4x25.6x31.0 m, 31 stations, 1 beds, 0 portals	source biome tag: ashlands; material tier: ashlands. DERIVED from the measurements in `role` -- not a curated judgement	60 terrain rows discarded by Infinity Hammer (#Terrain) -- level the ground by hand, and strip them before the RCON route
hs_blackforest_sheepshank_meadows_home.blueprint	hs_blackforest_sheepshank_meadows_home.blueprint	base	setpiece	PLACES_CLEAN	True	derived	1448	34.3x33.7x12.2	swamp(18)	blueprint	Sheepshank	none stated	reference	OverDrive/BiomeBlueprints	OverDrive/BiomeBlueprints	220be13ba1d30522a9816f65d43a124a58c27d68dadc3a8c87acc8285f7d059d	1448 pieces, 76 prefabs, 34.3x33.7x12.2 m, 20 stations, 4 beds, 0 portals	source biome tag: blackforest; material tier: swamp. DERIVED from the measurements in `role` -- not a curated judgement	79 terrain rows discarded by Infinity Hammer (#Terrain) -- level the ground by hand, and strip them before the RCON route
small_long_house.blueprint	small_long_house.blueprint	base	setpiece	PLACES_CLEAN	True	curated	1444	50.2x33.6x15.0	blackforest(322)	blueprint	Пипкин	none stated	reference	fleet corpus	fleet corpus	ed8f8daf21c5fbc0c990dd9973f342a7c1df2a9686b26a90a674a3b51cbbe03d	longhouse, 50 x 34 m, 4 beds	Meadows / pre-eikthyr -- already selected	
hs_mistlands_sorcererstower.blueprint	hs_mistlands_sorcererstower.blueprint	base	setpiece	PLACES_CLEAN	True	derived	1413	17.4x20.8x22.8	mistlands(20)	blueprint	Bri Games	none stated	reference	OverDrive/BiomeBlueprints	OverDrive/BiomeBlueprints	b7e0d4db6928857f4ef95086301481e4f67bc61d836bb1a8d2777da23c1519dc	1413 pieces, 106 prefabs, 17.4x20.8x22.8 m, 22 stations, 1 beds, 0 portals	source biome tag: mistlands; material tier: mistlands. DERIVED from the measurements in `role` -- not a curated judgement	40 terrain rows discarded by Infinity Hammer (#Terrain) -- level the ground by hand, and strip them before the RCON route
hs_mistlands_madzobuild_madhouse.blueprint	hs_mistlands_madzobuild_madhouse.blueprint	base	setpiece	PLACES_CLEAN	True	derived	1412	27.3x34.2x10.9	blackforest(251)	blueprint	Madzobuild	none stated	reference	OverDrive/BiomeBlueprints	OverDrive/BiomeBlueprints	e0120bb4ae184eac923f55712a4ed6db31da617b24319acfbdc0635b50d4e7ba	1412 pieces, 74 prefabs, 27.3x34.2x10.9 m, 31 stations, 2 beds, 1 portals	source biome tag: mistlands; material tier: blackforest. DERIVED from the measurements in `role` -- not a curated judgement	70 terrain rows discarded by Infinity Hammer (#Terrain) -- level the ground by hand, and strip them before the RCON route
hs_mountain_abzul_modern_house.blueprint	hs_mountain_abzul_modern_house.blueprint	base	setpiece	PLACES_CLEAN	True	derived	1401	14.0x21.0x18.0	mistlands(220)	blueprint	Abzul	none stated	reference	OverDrive/BiomeBlueprints	OverDrive/BiomeBlueprints	d27f8eb2c2756577ec50e49f67b67e503494f4387bf63e0e260715e7768c0052	1401 pieces, 55 prefabs, 14.0x21.0x18.0 m, 2 stations, 1 beds, 0 portals	source biome tag: mountain; material tier: mistlands. DERIVED from the measurements in `role` -- not a curated judgement	38 terrain rows discarded by Infinity Hammer (#Terrain) -- level the ground by hand, and strip them before the RCON route
hs_ashlands_sheepshank_the_bone_stonage.blueprint	hs_ashlands_sheepshank_the_bone_stonage.blueprint	base	setpiece	PLACES_CLEAN	True	derived	1365	18.0x15.5x16.0	ashlands(174)	blueprint	Sheepshank	none stated	reference	OverDrive/BiomeBlueprints	OverDrive/BiomeBlueprints	16ee6e782dcb0396719fcbea29aa887fecc1f3ac43841212245c7ddc8112dfb8	1365 pieces, 77 prefabs, 18.0x15.5x16.0 m, 0 stations, 1 beds, 2 portals	source biome tag: ashlands; material tier: ashlands. DERIVED from the measurements in `role` -- not a curated judgement	34 terrain rows discarded by Infinity Hammer (#Terrain) -- level the ground by hand, and strip them before the RCON route
hs_plains_ulf_the_builder_lighthouse.blueprint	hs_plains_ulf_the_builder_lighthouse.blueprint	base	setpiece	PLACES_CLEAN	True	derived	1267	14.1x15.1x26.2	swamp(283)	blueprint	Ulf The Builder	none stated	reference	OverDrive/BiomeBlueprints	OverDrive/BiomeBlueprints	a329009fb3fcd1249d4df0ad15eabe94d8f6c4859e24d5c2793624d7b3d6441d	1267 pieces, 37 prefabs, 14.1x15.1x26.2 m, 3 stations, 1 beds, 0 portals	source biome tag: plains; material tier: swamp. DERIVED from the measurements in `role` -- not a curated judgement	32 terrain rows discarded by Infinity Hammer (#Terrain) -- level the ground by hand, and strip them before the RCON route
fox-0123456.blueprint	fox-0123456.blueprint	base	setpiece	PLACES_CLEAN	True	curated	1229	47.4x38.6x12.0	meadows(1229)	blueprint	Fox-	none stated	reference	fleet corpus	fleet corpus	d60ae0e4f99243dad3c03017e3bc9082f6fd51ebe54350e7e29cf9879ca44d35	meadow homestead with 4 portals	Meadows / pre-elder -- already selected	
hs_ashlands_softpea_stave_church.blueprint	hs_ashlands_softpea_stave_church.blueprint	base	setpiece	PLACES_CLEAN	True	derived	1117	25.5x25.5x27.0	ashlands(821)	blueprint	Softpea	none stated	reference	OverDrive/BiomeBlueprints	OverDrive/BiomeBlueprints	bcfb89f9753e46a6daa75a75611fbe351bf45c300317fac4f0a6ae42abd86e88	1117 pieces, 84 prefabs, 25.5x25.5x27.0 m, 19 stations, 1 beds, 0 portals	source biome tag: ashlands; material tier: ashlands. DERIVED from the measurements in `role` -- not a curated judgement	60 terrain rows discarded by Infinity Hammer (#Terrain) -- level the ground by hand, and strip them before the RCON route
hs_blackforest_amund_lilhouse.blueprint	hs_blackforest_amund_lilhouse.blueprint	base	setpiece	PLACES_CLEAN	True	derived	1063	27.5x31.6x15.1	blackforest(175)	blueprint	Amund	none stated	reference	OverDrive/BiomeBlueprints	OverDrive/BiomeBlueprints	1458169f0b87378ca19f0ca304d53b0374fb0b9ac027b9347cc3d465c3a3e58c	1063 pieces, 52 prefabs, 27.5x31.6x15.1 m, 7 stations, 1 beds, 1 portals	source biome tag: blackforest; material tier: blackforest. DERIVED from the measurements in `role` -- not a curated judgement	68 terrain rows discarded by Infinity Hammer (#Terrain) -- level the ground by hand, and strip them before the RCON route
hs_plains_gunbunny_blacksmith_house.blueprint	hs_plains_gunbunny_blacksmith_house.blueprint	base	setpiece	PLACES_CLEAN	True	derived	1023	28.5x21.0x14.0	swamp(59)	blueprint	GunBunny	none stated	reference	OverDrive/BiomeBlueprints	OverDrive/BiomeBlueprints	f708847c54889c16bd3854ac3de960b25e9010e8731f1d60304f97fe315f9fac	1023 pieces, 55 prefabs, 28.5x21.0x14.0 m, 12 stations, 1 beds, 0 portals	source biome tag: plains; material tier: swamp. DERIVED from the measurements in `role` -- not a curated judgement	54 terrain rows discarded by Infinity Hammer (#Terrain) -- level the ground by hand, and strip them before the RCON route
hs_blackforest_dream_house_template.blueprint	hs_blackforest_dream_house_template.blueprint	base	setpiece	PLACES_CLEAN	True	derived	1015	31.1x31.1x11.0	swamp(32)	blueprint	Blue Chew	none stated	reference	OverDrive/BiomeBlueprints	OverDrive/BiomeBlueprints	d09495e5ca8f12cb631551150f41f51b661035c84bd45ba7dd5e325d9eb14880	1015 pieces, 24 prefabs, 31.1x31.1x11.0 m, 3 stations, 1 beds, 0 portals	source biome tag: blackforest; material tier: swamp. DERIVED from the measurements in `role` -- not a curated judgement	77 terrain rows discarded by Infinity Hammer (#Terrain) -- level the ground by hand, and strip them before the RCON route
hs_blackforest_silly_pie_octagon_starter_base.blueprint	hs_blackforest_silly_pie_octagon_starter_base.blueprint	base	setpiece	PLACES_CLEAN	True	derived	972	27.4x51.8x11.0	meadows(972)	blueprint	Silly Pie	none stated	reference	OverDrive/BiomeBlueprints	OverDrive/BiomeBlueprints	faf5779e4e87668e667b3ad6e463a79c39e8475604f96df4d6dc8fc00635cfe2	972 pieces, 49 prefabs, 27.4x51.8x11.0 m, 12 stations, 1 beds, 0 portals	source biome tag: blackforest; material tier: meadows. DERIVED from the measurements in `role` -- not a curated judgement	92 terrain rows discarded by Infinity Hammer (#Terrain) -- level the ground by hand, and strip them before the RCON route
hs_plains_tester_swamp_to_mountains_bungalow.blueprint	hs_plains_tester_swamp_to_mountains_bungalow.blueprint	base	setpiece	PLACES_CLEAN	True	derived	875	30.3x39.5x12.5	plains(6)	blueprint	Tester	none stated	reference	OverDrive/BiomeBlueprints	OverDrive/BiomeBlueprints	e6cc7767f8b974856fc5836f74293beb3f791d8f7ab1e71606aade24d8dca23e	875 pieces, 75 prefabs, 30.3x39.5x12.5 m, 45 stations, 2 beds, 1 portals	source biome tag: plains; material tier: plains. DERIVED from the measurements in `role` -- not a curated judgement	86 terrain rows discarded by Infinity Hammer (#Terrain) -- level the ground by hand, and strip them before the RCON route
hs_plains_startinghouse_plainsmodel.blueprint	hs_plains_startinghouse_plainsmodel.blueprint	base	setpiece	PLACES_CLEAN	True	derived	868	22.0x25.0x14.5	plains(1)	blueprint	PiNdO	none stated	reference	OverDrive/BiomeBlueprints	OverDrive/BiomeBlueprints	c456d9c8dea3892ef6a333355e43036753174802d55eae63d5000ad09a279de6	868 pieces, 82 prefabs, 22.0x25.0x14.5 m, 30 stations, 2 beds, 0 portals	source biome tag: plains; material tier: plains. DERIVED from the measurements in `role` -- not a curated judgement	52 terrain rows discarded by Infinity Hammer (#Terrain) -- level the ground by hand, and strip them before the RCON route
hs_ashlands_freelift_abcabin2.blueprint	hs_ashlands_freelift_abcabin2.blueprint	base	setpiece	PLACES_CLEAN	True	derived	786	21.6x20.0x9.5	ashlands(70)	blueprint	Freelift	none stated	reference	OverDrive/BiomeBlueprints	OverDrive/BiomeBlueprints	22b94efee305b0b8fc0d9bd37831b251257c17fa81358027689a9785f771a92b	786 pieces, 77 prefabs, 21.6x20.0x9.5 m, 5 stations, 3 beds, 0 portals	source biome tag: ashlands; material tier: ashlands. DERIVED from the measurements in `role` -- not a curated judgement	45 terrain rows discarded by Infinity Hammer (#Terrain) -- level the ground by hand, and strip them before the RCON route
hs_plains_mister_meia_casa.blueprint	hs_plains_mister_meia_casa.blueprint	base	setpiece	PLACES_CLEAN	True	derived	760	18.9x17.2x10.5	blackforest(64)	blueprint	Mister	none stated	reference	OverDrive/BiomeBlueprints	OverDrive/BiomeBlueprints	3036a6b705e768cc58ad6cc0de3e0f7730d04cdccba8ce0a19101327a2bd16a3	760 pieces, 43 prefabs, 18.9x17.2x10.5 m, 13 stations, 2 beds, 0 portals	source biome tag: plains; material tier: blackforest. DERIVED from the measurements in `role` -- not a curated judgement	40 terrain rows discarded by Infinity Hammer (#Terrain) -- level the ground by hand, and strip them before the RCON route
hs_meadows_kambucha_starter_house.blueprint	hs_meadows_kambucha_starter_house.blueprint	base	setpiece	PLACES_CLEAN	True	derived	715	28.2x22.1x12.0	meadows(715)	blueprint	Kambucha	none stated	reference	OverDrive/BiomeBlueprints	OverDrive/BiomeBlueprints	3baf1211b9c785aa77a8d4692e43db99ccbfc2cfce9bd9ddac1a7287d63c00fe	715 pieces, 32 prefabs, 28.2x22.1x12.0 m, 5 stations, 1 beds, 0 portals	source biome tag: meadows; material tier: meadows. DERIVED from the measurements in `role` -- not a curated judgement	56 terrain rows discarded by Infinity Hammer (#Terrain) -- level the ground by hand, and strip them before the RCON route
hs_blackforest_creative_black_forest_mansion.blueprint	hs_blackforest_creative_black_forest_mansion.blueprint	base	setpiece	PLACES_CLEAN	True	derived	680	26.0x23.0x9.8	meadows(680)	blueprint	CrEaTiVe	none stated	reference	OverDrive/BiomeBlueprints	OverDrive/BiomeBlueprints	d7f5c899d0d8eb273379e3e204bce4019e1c67ac7a610e7a595e9164de6d9263	680 pieces, 45 prefabs, 26.0x23.0x9.8 m, 9 stations, 1 beds, 0 portals	source biome tag: blackforest; material tier: meadows. DERIVED from the measurements in `role` -- not a curated judgement	54 terrain rows discarded by Infinity Hammer (#Terrain) -- level the ground by hand, and strip them before the RCON route
Rocket Raccoon_Casa_de_Campo.blueprint	Rocket Raccoon_Casa_de_Campo.blueprint	base	setpiece	PLACES_WITH_GAPS	True	derived	489	40.8x42.2x12.9	ashlands(340)	blueprint	Rocket Raccoon	none stated	reference	mcarvall/Midgard-Valheim-Server	mcarvall/Midgard-Valheim-Server	b83ea7e27c065b7ac8833f264bde8553b08a38eb2703738d5603cdcdbcbaede6	489 pieces, 35 prefabs, 40.8x42.2x12.9 m, 5 stations, 2 beds, 0 portals	source biome tag: none; material tier: ashlands. DERIVED from the measurements in `role` -- not a curated judgement	0.41% missing: PortalStation_Wood x1, piece_world_blueprint_rune_stack x1; mod-supplied: rae_bronze_storage_small (OdinArchitect)
PuP_Owl-tree_house.blueprint	PuP_Owl-tree_house.blueprint	base	empty	EMPTY	False	curated	0	0.0x0.0x0.0	meadows(0)	blueprint		none stated	reference	fleet corpus	fleet corpus		0-byte truncated download	-	
salty-dick-mordach-castle-final.blueprint	salty-dick-mordach-castle-final.blueprint	base	empty	EMPTY	False	curated	0	0.0x0.0x0.0	meadows(0)	blueprint		none stated	reference	fleet corpus	fleet corpus		0-byte -- castle	-	
brokkr-broken-bridge-1-short.blueprint	brokkr-broken-bridge-1-short.blueprint	bridge	module	PLACES_CLEAN	True	curated	1418	46.5x45.9x20.0	blackforest(1091)	blueprint	Brokkr	none stated	reference	Oosquai/SavheimIV	Oosquai/SavheimIV	789421d371815ed353e7eaae1727252e73ae5f9134daff28285437dffe6a6c1f	the same design at 47 m, 1418 pieces	Black Forest river crossing	
brokkr-broken-bridge-2-short.blueprint	brokkr-broken-bridge-2-short.blueprint	bridge	module	PLACES_WITH_GAPS	True	curated	1407	13.9x57.1x16.5	swamp(12)	blueprint	Oosdevforty	none stated	reference	Oosquai/SavheimIV	Oosquai/SavheimIV	28bf310c03f1e07c4c233d6e624353d8ef0a505e2dec4cad71f641dd0f9b0592	the same design at 57 m, 1407 pieces	Swamp crossing	mod-supplied: IG_Skull_2 (OdinArchitect)
salty-dick-bridge-curved-final.blueprint	salty-dick-bridge-curved-final.blueprint	bridge	module	PLACES_CLEAN	True	curated	1242	33.5x64.3x24.9	mistlands(6)	blueprint	Salty Dick	none stated	reference	offsetkeyz/valheim_mod_sync	offsetkeyz/valheim_mod_sync	0e8678f146b293593d7acdadf3455377e9c0ef7da2c9f07088e2e461855949ff	curved bridge, 34 x 64 x 25 m, 1242 pieces, only 5 prefabs	Mistlands-tier crossing; the curve suits a road bending round terrain	
brokkr-broken-bridge-3-short.blueprint	brokkr-broken-bridge-3-short.blueprint	bridge	module	PLACES_CLEAN	True	curated	1212	49.3x41.7x11.5	blackforest(906)	blueprint	Brokkr	none stated	reference	Oosquai/SavheimIV	Oosquai/SavheimIV	71663a171a4942e272cc6c23779479d0d96f3462fcb7619a58fe7b1d61dc6cad	the same design at 49 m, 1212 pieces	Black Forest crossing	
god-ponte-plus.blueprint	god-ponte-plus.blueprint	bridge	module	PLACES_CLEAN	True	curated	883	7.9x27.1x19.0	swamp(133)	blueprint	God	none stated	reference	fleet corpus	fleet corpus	78156965204d6b26f833173c624916f326e5443df8d4b820625b3883e1060450	stone-and-iron bridge, 27 m span, 8 x 27 x 19 m	Swamp / Mountain ravine crossing	2 terrain rows discarded by Infinity Hammer (#Terrain) -- level the ground by hand, and strip them before the RCON route
hiccup-simplewoodbeambridge.blueprint	hiccup-simplewoodbeambridge.blueprint	bridge	module	PLACES_CLEAN	True	curated	196	38.9x36.8x7.4	meadows(196)	blueprint	Hiccup	none stated	reference	fleet corpus	fleet corpus	1f036ca2632e461b2791bf1e89943dc6a048a5bc8b093368fd176883e59cd5b0	wood beam bridge, 39 x 37 m diagonal span	Meadows / Black Forest stream crossing	
speeds-bridge2.blueprint	speeds-bridge2.blueprint	bridge	module	PLACES_CLEAN	True	curated	63	4.0x25.9x2.4	swamp(32)	blueprint	Peeds	none stated	reference	fleet corpus	fleet corpus	6530391225917161209b896a0c931dadfd6dfefc0f040b98ec8bbdb4902531e6	single-span footbridge, 26 m, 4 m wide	ANY ravine or stream, stamp as often as needed	
brokkr-broken-bridge-1.blueprint	brokkr-broken-bridge-1.blueprint	bridge	setpiece	PLACES_CLEAN	True	curated	2883	86.9x87.1x20.2	blackforest(2193)	blueprint	Brokkr	none stated	reference	Oosquai/SavheimIV	Oosquai/SavheimIV	3d34cc2b52f90452f17282c558e019a0f664950275c494eab254b7755f0b650e	broken bridge design 1, 87 m span, 2883 pieces, 11 prefabs	Black Forest gorge; 'ancient ruined crossing' look	
brokkr-broken-bridge-2.blueprint	brokkr-broken-bridge-2.blueprint	bridge	setpiece	PLACES_WITH_GAPS	True	curated	2468	45.0x94.1x17.6	swamp(12)	blueprint	Oosdevforty	none stated	reference	Oosquai/SavheimIV	Oosquai/SavheimIV	9f3e7ed5e018655968ae474a91b6d44d3a2a86243c6a4ecf048d0c371d26f1f6	broken bridge design 2, 94 m span, 2468 pieces	Swamp crossing	0.08% missing: BHP_Skull3 x1, BRP_StoneChest x1
brokkr-broken-bridge-3.blueprint	brokkr-broken-bridge-3.blueprint	bridge	setpiece	PLACES_CLEAN	True	curated	1973	72.1x72.8x12.3	blackforest(1492)	blueprint	Brokkr	none stated	reference	Oosquai/SavheimIV	Oosquai/SavheimIV	e50bbe8068f122a56be458c8bfa643f910c73ac9e0695c59facd0003e521fb66	broken bridge design 3, 73 m span, 1973 pieces	Black Forest crossing	
bridge.vbuild	bridge.vbuild	bridge	setpiece	PLACES_CLEAN	True	curated	873	39.4x57.5x12.4	swamp(47)	vbuild		none stated	reference	fleet corpus	fleet corpus	d5da48288ae74847ca37e3c4c128b4ed83a3da6c5fef7779a3ca59e48679b81f	timber trestle bridge, 39 x 58 m span	Black Forest river crossing	
long-bridge.blueprint	long-bridge.blueprint	bridge	setpiece	PLACES_CLEAN	True	curated	814	89.3x41.6x18.8	ashlands(352)	blueprint	Cooties	none stated	reference	fleet corpus	fleet corpus	7626ec0673191fab3322d1ef86bd43b113c55252651f2c0198e07ee980ebe948	ashwood long bridge, 89 m span	Ashlands / Deep North crossing	
foresthold.blueprint	foresthold.blueprint	defence	module	PLACES_CLEAN	True	curated	585	18.0x12.0x13.0	blackforest(194)	blueprint	Raimod	AGPL-3.0	reference	RickardAndreasAgren/ValheimBlueprintCruncher	RickardAndreasAgren/ValheimBlueprintCruncher	a9e953eb440fd61c8e4326aa6e32f2498df9a8d869980989328b130ff2926ee1	small walled hold, 18 x 12 x 13 m, 585 pieces	Black Forest road choke point / gatehouse	
foresthold_deserted.blueprint	foresthold_deserted.blueprint	defence	module	PLACES_CLEAN	True	curated	515	18.0x12.0x13.0	blackforest(194)	blueprint	Raimod	AGPL-3.0	reference	RickardAndreasAgren/ValheimBlueprintCruncher	RickardAndreasAgren/ValheimBlueprintCruncher	93b06d7c8b3b5cda8553f0fb09a22e20882909962b7006b0108a9339c4b1eac7	the same hold, stripped and empty, 515 pieces	abandoned hold; fine as a claimable objective	
god-o.blueprint	god-o.blueprint	defence	module	PLACES_CLEAN	True	curated	194	7.0x5.0x10.0	blackforest(150)	blueprint	God	none stated	reference	fleet corpus	fleet corpus	32d0e66701e599c64749dde931d9cbc02b2f79d2b50fcf4df7e8beb71223521e	stone gate arch, 7 x 5 x 10 m	palisade gateway; road choke point	
fortress.blueprint	fortress.blueprint	defence	setpiece	PLACES_CLEAN	True	curated	10626	76.3x51.1x34.4	ashlands(779)	blueprint	Olivanderr	none stated	reference	fleet corpus	fleet corpus	27d720f73eb4c097fdf3bdac693b863ac300a6f586d46474c327af9476066ff6	fortress, 76 x 51 x 34 m, 4 beds	Plains / Mistlands strongpoint	
god-shadowstone-fortress.blueprint	god-shadowstone-fortress.blueprint	defence	setpiece	PLACES_CLEAN	True	curated	8283	135.8x129.4x37.2	mistlands(2)	blueprint	God	none stated	reference	fleet corpus	fleet corpus	2eeb5128b725b0f4d877217c8e089179a9066654b27d7ededf16809a54b56731	fortress, 136 x 129 m, 15 beds, 1894 wall pieces	Mistlands stronghold	1 terrain rows discarded by Infinity Hammer (#Terrain) -- level the ground by hand, and strip them before the RCON route; ZDO spam: sign x464, itemstandh x448, itemstand x130
brokkr-fort-torment-final-cut-sh.blueprint	brokkr-fort-torment-final-cut-sh.blueprint	defence	setpiece	PLACES_CLEAN	True	curated	8139	173.6x175.2x54.5	ashlands(1843)	blueprint	Oosdevforty	none stated	reference	Oosquai/SavheimIV	Oosquai/SavheimIV	0470947611047dba49294f147956579567314913a9bd4fc6cb28c6685cef7bda	fort, 174 x 175 x 55 m, 8139 pieces	Ashlands stronghold -- very large	
god-test.blueprint	god-test.blueprint	defence	setpiece	PLACES_CLEAN	True	curated	3356	28.6x27.3x36.3	swamp(374)	blueprint	God	none stated	reference	fleet corpus	fleet corpus	c7ae43b206fb896917002f6fdb38bb1c2950ab9e63b6cf2864568e66c978b88a	stone keep, 29 x 27 x 36 m	Swamp / Mountain strongpoint	
god-portaaoo.blueprint	god-portaaoo.blueprint	defence	setpiece	PLACES_CLEAN	True	curated	2191	36.0x12.0x23.0	mistlands(4)	blueprint	God	none stated	reference	fleet corpus	fleet corpus	e249c441d846199c05c6bdba5c74213c4aeedb30a8c94d5622a777f01bc3e154	monumental stone gatehouse, 36 x 12 x 23 m	settlement main gate -- already selected in deepnorth-sandbox as sandbox-portal-hub	
PlainsRaiderTown1.blueprint	PlainsRaiderTown1.blueprint	defence	setpiece	PLACES_CLEAN	True	curated	1591	78.7x89.1x12.5	swamp(12)	blueprint	SiR RuStY SpOoN	none stated	reference	RustyMods/VikingNPC	RustyMods/VikingNPC	345c32b303f9e52e2c7d969cffe0eadcc764c0e7e4e09639cef9569042e681c1	raider camp, 79 x 89 m, 1591 pieces	Plains hostile camp	93 terrain rows discarded by Infinity Hammer (#Terrain) -- level the ground by hand, and strip them before the RCON route
MountainRaiderTown1.blueprint	MountainRaiderTown1.blueprint	defence	setpiece	PLACES_CLEAN	True	curated	1018	63.4x64.6x19.5	blackforest(549)	blueprint	SiR RuStY SpOoN	none stated	reference	RustyMods/VikingNPC	RustyMods/VikingNPC	419cf2a9305142ce1e7168dbcbf0f74cdb6646402ae7e1903b3c34cea88e3f81	raider camp, 63 x 65 m, 1018 pieces	Mountain hostile camp	6 terrain rows discarded by Infinity Hammer (#Terrain) -- level the ground by hand, and strip them before the RCON route
MeadowRaiderTown1.blueprint	MeadowRaiderTown1.blueprint	defence	setpiece	PLACES_CLEAN	True	curated	906	75.1x77.3x37.9	blackforest(6)	blueprint	SiR RuStY SpOoN	none stated	reference	RustyMods/VikingNPC	RustyMods/VikingNPC	49cea92e30d19ddcd18cf42ea5f4a917ddd8abf7a7ed0f408737952c3d7b7341	raider camp, 75 x 77 m, 906 pieces	Meadows hostile camp	73 terrain rows discarded by Infinity Hammer (#Terrain) -- level the ground by hand, and strip them before the RCON route
BlackForestRaiderTown1.blueprint	BlackForestRaiderTown1.blueprint	defence	setpiece	PLACES_CLEAN	True	curated	903	80.4x80.4x11.3	blackforest(6)	blueprint	SiR RuStY SpOoN	none stated	reference	RustyMods/VikingNPC	RustyMods/VikingNPC	71690bb1b209b3b012220d7c40086eb7bb3c29d28b978a75c6158d09a2563524	raider camp, 80 x 80 m, 903 pieces	Black Forest hostile camp	187 terrain rows discarded by Infinity Hammer (#Terrain) -- level the ground by hand, and strip them before the RCON route
swamptown1.blueprint	swamptown1.blueprint	defence	setpiece	PLACES_CLEAN	True	curated	733	55.2x53.2x15.5	meadows(733)	blueprint	GoRe-AdMiN	none stated	reference	RustyMods/VikingNPC	RustyMods/VikingNPC	a19420d675e1bbabaaea777f070a67afc240ac934d22be602e20080bf2583b45	raider camp on stilts, 55 x 53 m, 733 pieces	Swamp hostile camp	
MistlandRaiderTown1.blueprint	MistlandRaiderTown1.blueprint	defence	setpiece	PLACES_CLEAN	True	curated	527	41.4x51.3x14.1	mistlands(114)	blueprint	SiR RuStY SpOoN	none stated	reference	RustyMods/VikingNPC	RustyMods/VikingNPC	6b8b080286d514953e54a850bb27f1dbbd0602d2606c2393c31071adb222d109	raider camp, 41 x 51 m, 527 pieces, 65 prefabs	Mistlands hostile camp	43 terrain rows discarded by Infinity Hammer (#Terrain) -- level the ground by hand, and strip them before the RCON route
PuP_rampart1.blueprint	PuP_rampart1.blueprint	defence	empty	EMPTY	False	curated	0	0.0x0.0x0.0	meadows(0)	blueprint		none stated	reference	fleet corpus	fleet corpus		0-byte -- would have been the corpus's only pure rampart	-	
dock.blueprint	dock.blueprint	dock	setpiece	PLACES_CLEAN	True	curated	2036	42.2x29.0x23.5	blackforest(275)	blueprint	Olivanderr	none stated	reference	fleet corpus	fleet corpus	4157326c69a0157df45f96bbcf1c56c6e85fd81e66020006171cdb9ef79de9b9	harbour with warehouse, 42 x 29 m	any coast -- already selected twice	
s-ren-dockhouse.blueprint	s-ren-dockhouse.blueprint	dock	setpiece	PLACES_CLEAN	True	curated	1225	35.8x42.8x19.5	swamp(18)	blueprint	Sören	none stated	reference	fleet corpus	fleet corpus	1b221bf6ffe257b4e079e9b63bd98e32cce6170dba254c23507d53d4048574c3	harbour with signal fire, 36 x 43 m, berths 4-6 longships	sheltered bay, any biome but Plains per author	
terrain-blueprint-contract.blueprint	terrain-blueprint-contract.blueprint	fixture	module	PLACES_CLEAN	True	curated	2	4.0x0.0x0.0	meadows(2)	blueprint	Infinity Hammer	Unlicense (public domain)	committed	JereKuusela/valheim-infinity_hammer	JereKuusela/valheim-infinity_hammer	74e5a9c7d39e3fec3d7b59a465636f957db111eaf7a7928d6d3fd6eb65cd49bc	2 wood_floor pieces plus a #TerrainHeight and #TerrainPaint grid	not for the world -- it is the upstream contract for the terrain sections, and the reference this library's parser is checked against	
terrain-rotated-center.blueprint	terrain-rotated-center.blueprint	fixture	module	PLACES_CLEAN	True	curated	2	3.0x4.0x1.0	meadows(2)	blueprint	Infinity Hammer	Unlicense (public domain)	committed	JereKuusela/valheim-infinity_hammer	JereKuusela/valheim-infinity_hammer	436a44ed21d89854db51c6eafbf1d7cc9f0eb8d23fa08d18b7bd8e80b7201909	2 pieces with #Center:wood_floor and a rotated origin	not for the world -- pins the recentre-around-a-named-piece behaviour	
terrain-future-section.blueprint	terrain-future-section.blueprint	fixture	module	PLACES_CLEAN	True	curated	1	0.0x0.0x0.0	meadows(1)	blueprint	Infinity Hammer	Unlicense (public domain)	committed	JereKuusela/valheim-infinity_hammer	JereKuusela/valheim-infinity_hammer	1bf93e54e7e767507e72c036a9889e7157bc73f9f5495f01ba565584681d286f	deliberately contains unknown sections #FuturePieceData / #FutureTerrainData	not for the world -- its #Description is the authoritative statement that 'Unknown sections must not inherit the preceding parser state', which is what settles the #Terrain question. Scores UNUSABLE on purpose: `future_payload` is not a prefab, because it is never meant to be read as one	2 terrain rows discarded by Infinity Hammer (#FuturePieceData, #FutureTerrainData) -- level the ground by hand, and strip them before the RCON route
drake-lighthouse.blueprint	drake-lighthouse.blueprint	flavour	module	PLACES_CLEAN	True	curated	1255	14.1x14.1x48.0	mistlands(1)	blueprint	Drake	none stated	reference	fleet corpus	fleet corpus	8f531ce29c330c7bc8d367047c2bfcde31bfb5afa42f499cdedc3f4c3eee2fac	lighthouse, 14 x 14 x 48 m	headland navigation landmark, any coast	
hs_ashlands_badmin_eaglebird.blueprint	hs_ashlands_badmin_eaglebird.blueprint	flavour	module	PLACES_CLEAN	True	derived	576	14.4x13.6x13.1	ashlands(283)	blueprint	BaDmIn	none stated	reference	OverDrive/BiomeBlueprints	OverDrive/BiomeBlueprints	73e0f1d8fa045a26a40c654708f1ba6e8daef302e76bdabaf474216b04c0cde0	576 pieces, 17 prefabs, 14.4x13.6x13.1 m, 0 stations, 0 beds, 0 portals	source biome tag: ashlands; material tier: ashlands. DERIVED from the measurements in `role` -- not a curated judgement	32 terrain rows discarded by Infinity Hammer (#Terrain) -- level the ground by hand, and strip them before the RCON route
ruins_0.blueprint	ruins_0.blueprint	flavour	module	PLACES_WITH_GAPS	True	curated	549	12.7x17.8x34.9	blackforest(432)	blueprint	Oosdevforty	none stated	reference	Oosquai/SavheimIV	Oosquai/SavheimIV	1213b6593fced678e40409f0d0f3b5c0ca412d06d97108d77d5b018a0e4bdf3c	tower ruin, 13 x 18 x 35 m, 549 pieces, 7 prefabs	Black Forest ruins landmark	0.36% missing: CL_Raw_Green x2
hs_ashlands_sheepshank_statuevalhallav2.blueprint	hs_ashlands_sheepshank_statuevalhallav2.blueprint	flavour	module	PLACES_CLEAN	True	derived	546	19.0x19.0x15.6	ashlands(499)	blueprint	Sheepshank	none stated	reference	OverDrive/BiomeBlueprints	OverDrive/BiomeBlueprints	16fbd1cf6dd120a1a5bf6cd63c6e79ae348a62cdd8dbfbe86cc3ecef1f0bf7b7	546 pieces, 29 prefabs, 19.0x19.0x15.6 m, 0 stations, 0 beds, 0 portals	source biome tag: ashlands; material tier: ashlands. DERIVED from the measurements in `role` -- not a curated judgement	45 terrain rows discarded by Infinity Hammer (#Terrain) -- level the ground by hand, and strip them before the RCON route
hs_ashlands_giantchristmastreeonly.blueprint	hs_ashlands_giantchristmastreeonly.blueprint	flavour	module	PLACES_CLEAN	True	derived	442	7.1x7.1x7.1	ashlands(263)	blueprint	Bri Games	none stated	reference	OverDrive/BiomeBlueprints	OverDrive/BiomeBlueprints	2d19596833892e809f8df86be1cbc416c834435faaa3750f37e772972a37f62a	442 pieces, 9 prefabs, 7.1x7.1x7.1 m, 0 stations, 0 beds, 0 portals	source biome tag: ashlands; material tier: ashlands. DERIVED from the measurements in `role` -- not a curated judgement	21 terrain rows discarded by Infinity Hammer (#Terrain) -- level the ground by hand, and strip them before the RCON route
hs_ashlands_wissman_godwayshrine.blueprint	hs_ashlands_wissman_godwayshrine.blueprint	flavour	module	PLACES_CLEAN	True	derived	394	10.6x11.0x9.5	ashlands(344)	blueprint	Wissman	none stated	reference	OverDrive/BiomeBlueprints	OverDrive/BiomeBlueprints	b3c4c114f4ee7077f90776a7bd809d50d33fc3acf2e99ab4808e9ec0b067cc42	394 pieces, 16 prefabs, 10.6x11.0x9.5 m, 0 stations, 0 beds, 0 portals	source biome tag: ashlands; material tier: ashlands. DERIVED from the measurements in `role` -- not a curated judgement	25 terrain rows discarded by Infinity Hammer (#Terrain) -- level the ground by hand, and strip them before the RCON route
hs_meadows_boar_breeder.blueprint	hs_meadows_boar_breeder.blueprint	flavour	module	PLACES_CLEAN	True	derived	394	14.2x17.0x16.0	blackforest(24)	blueprint	Modestypooh	none stated	reference	OverDrive/BiomeBlueprints	OverDrive/BiomeBlueprints	50ff5fba5c5cda2d5d4d541d676e970c2ee0ace8520bee6e4ccdb7a2239dfc8d	394 pieces, 24 prefabs, 14.2x17.0x16.0 m, 0 stations, 0 beds, 0 portals	source biome tag: meadows; material tier: blackforest. DERIVED from the measurements in `role` -- not a curated judgement	34 terrain rows discarded by Infinity Hammer (#Terrain) -- level the ground by hand, and strip them before the RCON route
hs_ashlands_storehousevanilla_brigames.blueprint	hs_ashlands_storehousevanilla_brigames.blueprint	flavour	module	PLACES_CLEAN	True	derived	383	11.0x10.2x9.0	ashlands(36)	blueprint	Bri Games	none stated	reference	OverDrive/BiomeBlueprints	OverDrive/BiomeBlueprints	1eae12faf9142d8f25df2b5ce70df380ffab42443cf17f020d37b6130dbf771e	383 pieces, 33 prefabs, 11.0x10.2x9.0 m, 0 stations, 0 beds, 0 portals	source biome tag: ashlands; material tier: ashlands. DERIVED from the measurements in `role` -- not a curated judgement	25 terrain rows discarded by Infinity Hammer (#Terrain) -- level the ground by hand, and strip them before the RCON route
ruins_0_1_and_0_2_and_0_3.blueprint	ruins_0_1_and_0_2_and_0_3.blueprint	flavour	module	PLACES_WITH_GAPS	True	curated	360	25.1x19.3x11.5	mistlands(1)	blueprint	Oosdevforty	none stated	reference	Oosquai/SavheimIV	Oosquai/SavheimIV	ba598713c94af720699f01b6ca22ed96a30522aec2c02fab155db644a0377ff7	the three small ruins as one group, 360 pieces	ruins cluster	0.28% missing: CL_Raw_Yellow x1
boom-christianruins1.blueprint	boom-christianruins1.blueprint	flavour	module	PLACES_WITH_GAPS	True	curated	359	23.5x24.0x8.3	swamp(3)	blueprint	Oosdevforty	none stated	reference	Oosquai/SavheimIV	Oosquai/SavheimIV	c12f58e7b87a2c71c5100d4b09080c92ae5dc79bdab2aaf73d9b81d1c494ef3d	ruined chapel, 24 x 24 x 8 m, 359 pieces	ruins landmark	0.28% missing: CL_Raw_Black x1
hs_mistlands_aodi_skardvakt_the_black_tower.blueprint	hs_mistlands_aodi_skardvakt_the_black_tower.blueprint	flavour	module	PLACES_CLEAN	True	derived	358	9.3x9.3x10.5	mistlands(355)	blueprint	Aodi	none stated	reference	OverDrive/BiomeBlueprints	OverDrive/BiomeBlueprints	91bf9032791de3ac854099d73bceeef61dffc36b28076af713e61ada66550ebf	358 pieces, 7 prefabs, 9.3x9.3x10.5 m, 0 stations, 0 beds, 0 portals	source biome tag: mistlands; material tier: mistlands. DERIVED from the measurements in `role` -- not a curated judgement	21 terrain rows discarded by Infinity Hammer (#Terrain) -- level the ground by hand, and strip them before the RCON route
hs_ashlands_chessboard.blueprint	hs_ashlands_chessboard.blueprint	flavour	module	PLACES_CLEAN	True	derived	337	18.0x15.7x1.9	ashlands(160)	blueprint	IsE Dawsded	none stated	reference	OverDrive/BiomeBlueprints	OverDrive/BiomeBlueprints	b62ff29a57f7881156697bb1f08da2f46312f1a3572fc8c51ab7690f26d238d8	337 pieces, 6 prefabs, 18.0x15.7x1.9 m, 0 stations, 0 beds, 0 portals	source biome tag: ashlands; material tier: ashlands. DERIVED from the measurements in `role` -- not a curated judgement	34 terrain rows discarded by Infinity Hammer (#Terrain) -- level the ground by hand, and strip them before the RCON route
hs_plains_abzul_storage.blueprint	hs_plains_abzul_storage.blueprint	flavour	module	PLACES_CLEAN	True	derived	294	12.5x10.1x6.0	blackforest(32)	blueprint	Abzul	none stated	reference	OverDrive/BiomeBlueprints	OverDrive/BiomeBlueprints	182180e951c38603f2127e135873e266035bfd26aa87f96f065e23774aab22c1	294 pieces, 15 prefabs, 12.5x10.1x6.0 m, 0 stations, 0 beds, 0 portals	source biome tag: plains; material tier: blackforest. DERIVED from the measurements in `role` -- not a curated judgement	28 terrain rows discarded by Infinity Hammer (#Terrain) -- level the ground by hand, and strip them before the RCON route
foresthold_ruins.blueprint	foresthold_ruins.blueprint	flavour	module	PLACES_CLEAN	True	curated	285	16.5x12.0x12.5	blackforest(134)	blueprint	Raimod	AGPL-3.0	reference	RickardAndreasAgren/ValheimBlueprintCruncher	RickardAndreasAgren/ValheimBlueprintCruncher	539c8b6ae96e259ea7cb27dfb21621b5369f3b157193b740af6797bce8692d29	the same hold as a ruin, 285 pieces	ruins landmark	
hs_plains_halvar_cluckingham_palace.blueprint	hs_plains_halvar_cluckingham_palace.blueprint	flavour	module	PLACES_CLEAN	True	derived	273	10.0x7.0x11.0	swamp(22)	blueprint	Halvar	none stated	reference	OverDrive/BiomeBlueprints	OverDrive/BiomeBlueprints	98803676e697a10d9c7b1aceb7ab3a6e1fbbff769f73ad60ec2c5b3e144bf18e	273 pieces, 29 prefabs, 10.0x7.0x11.0 m, 0 stations, 0 beds, 0 portals	source biome tag: plains; material tier: swamp. DERIVED from the measurements in `role` -- not a curated judgement	23 terrain rows discarded by Infinity Hammer (#Terrain) -- level the ground by hand, and strip them before the RCON route
hs_mistlands_black_marble_pillars_parts.blueprint	hs_mistlands_black_marble_pillars_parts.blueprint	flavour	module	PLACES_CLEAN	True	derived	264	21.1x24.4x4.5	mistlands(212)	blueprint	Ise LeGaCy	none stated	reference	OverDrive/BiomeBlueprints	OverDrive/BiomeBlueprints	a6ae9b3408227f743569146005ae9ec13f13923edb15a672073c0b52eb7310df	264 pieces, 13 prefabs, 21.1x24.4x4.5 m, 0 stations, 0 beds, 0 portals	source biome tag: mistlands; material tier: mistlands. DERIVED from the measurements in `role` -- not a curated judgement	52 terrain rows discarded by Infinity Hammer (#Terrain) -- level the ground by hand, and strip them before the RCON route
PuP_marketmarket.blueprint	PuP_marketmarket.blueprint	flavour	module	PLACES_WITH_GAPS	True	curated	257	14.5x14.9x5.8	ashlands(1)	blueprint	PuP	none stated	reference	fleet corpus	fleet corpus	d548bf12567f5c0e2d2093a77553a8af4d94ea5eaf078d868b2af81388ba7e33	market stall row, 15 x 15 m, 39 banners	trader settlement / festival ground	0.39% missing: market x1
hs_ashlands_customspiralstairsgrausten_brigames.blueprint	hs_ashlands_customspiralstairsgrausten_brigames.blueprint	flavour	module	PLACES_CLEAN	True	derived	257	8.6x8.2x15.0	ashlands(254)	blueprint	Bri Games	none stated	reference	OverDrive/BiomeBlueprints	OverDrive/BiomeBlueprints	7cd7f340f9ad97201f95f76c0c4b5efe47853c9dc3df74250284f4c6dac361c0	257 pieces, 11 prefabs, 8.6x8.2x15.0 m, 0 stations, 0 beds, 0 portals	source biome tag: ashlands; material tier: ashlands. DERIVED from the measurements in `role` -- not a curated judgement	21 terrain rows discarded by Infinity Hammer (#Terrain) -- level the ground by hand, and strip them before the RCON route
hs_blackforest_brigames_snowflake.blueprint	hs_blackforest_brigames_snowflake.blueprint	flavour	module	PLACES_CLEAN	True	derived	239	11.5x11.5x9.7	swamp(5)	blueprint	Bri Games	none stated	reference	OverDrive/BiomeBlueprints	OverDrive/BiomeBlueprints	c55674adf014be2bbf57515b172b4e54b38335390c7fd0a78e3f76bf407854a3	239 pieces, 8 prefabs, 11.5x11.5x9.7 m, 0 stations, 0 beds, 0 portals	source biome tag: blackforest; material tier: swamp. DERIVED from the measurements in `role` -- not a curated judgement	25 terrain rows discarded by Infinity Hammer (#Terrain) -- level the ground by hand, and strip them before the RCON route
sample_003.blueprint	sample_003.blueprint	flavour	module	PLACES_CLEAN	True	derived	236	12.0x16.0x10.0	meadows(236)	blueprint	Homestead	GPL-3.0	reference	sighsorry1029/Homestead	sighsorry1029/Homestead	cb74f73983866fe4eae762791b7f49b4ca6bf9d7e2801b9db2fde9a773d5557c	236 pieces, 17 prefabs, 12.0x16.0x10.0 m, 0 stations, 0 beds, 0 portals	source biome tag: none; material tier: meadows. DERIVED from the measurements in `role` -- not a curated judgement	
hs_ashlands_sweettoothstall.blueprint	hs_ashlands_sweettoothstall.blueprint	flavour	module	PLACES_CLEAN	True	derived	232	5.8x5.8x4.8	ashlands(70)	blueprint	Bri Games	none stated	reference	OverDrive/BiomeBlueprints	OverDrive/BiomeBlueprints	a7dd66c85697874db89d4427e1aa2811d1ae548cf37860201e46fb9507cfc227	232 pieces, 35 prefabs, 5.8x5.8x4.8 m, 0 stations, 0 beds, 0 portals	source biome tag: ashlands; material tier: ashlands. DERIVED from the measurements in `role` -- not a curated judgement	16 terrain rows discarded by Infinity Hammer (#Terrain) -- level the ground by hand, and strip them before the RCON route
hs_ashlands_giantsnowflakeonly.blueprint	hs_ashlands_giantsnowflakeonly.blueprint	flavour	module	PLACES_CLEAN	True	derived	230	16.6x16.7x14.1	ashlands(191)	blueprint	Bri Games	none stated	reference	OverDrive/BiomeBlueprints	OverDrive/BiomeBlueprints	8c93b62b0b8129d7aad826efbd4f5e099abc97a4bf7fbbdf4ae34a1972b7c5f6	230 pieces, 6 prefabs, 16.6x16.7x14.1 m, 0 stations, 0 beds, 0 portals	source biome tag: ashlands; material tier: ashlands. DERIVED from the measurements in `role` -- not a curated judgement	36 terrain rows discarded by Infinity Hammer (#Terrain) -- level the ground by hand, and strip them before the RCON route
hs_meadows_starterhouse.blueprint	hs_meadows_starterhouse.blueprint	flavour	module	PLACES_CLEAN	True	derived	221	10.2x8.7x13.0	swamp(1)	blueprint	BerserkTBuilDeR	none stated	reference	OverDrive/BiomeBlueprints	OverDrive/BiomeBlueprints	536e43bcc7014fe345096d51b95764b22bb85de53c1b1a9893b21b46c64c37b4	221 pieces, 23 prefabs, 10.2x8.7x13.0 m, 0 stations, 0 beds, 0 portals	source biome tag: meadows; material tier: swamp. DERIVED from the measurements in `role` -- not a curated judgement	23 terrain rows discarded by Infinity Hammer (#Terrain) -- level the ground by hand, and strip them before the RCON route
hs_meadows_mad_madstarterhouse.blueprint	hs_meadows_mad_madstarterhouse.blueprint	flavour	module	PLACES_CLEAN	True	derived	217	14.1x14.1x8.0	meadows(217)	blueprint	Mad	none stated	reference	OverDrive/BiomeBlueprints	OverDrive/BiomeBlueprints	27eb670735944aad6142621f8b1446ec9d4c02296c3edbcb434679e14856ec98	217 pieces, 18 prefabs, 14.1x14.1x8.0 m, 0 stations, 0 beds, 0 portals	source biome tag: meadows; material tier: meadows. DERIVED from the measurements in `role` -- not a curated judgement	32 terrain rows discarded by Infinity Hammer (#Terrain) -- level the ground by hand, and strip them before the RCON route
hs_plains_black_bv_build2.blueprint	hs_plains_black_bv_build2.blueprint	flavour	module	PLACES_CLEAN	True	derived	217	14.6x17.2x10.0	blackforest(48)	blueprint	Black	none stated	reference	OverDrive/BiomeBlueprints	OverDrive/BiomeBlueprints	4456bf1656b11a4fba82e791050409e2001232cd6907aa97d5374b8d029e075d	217 pieces, 20 prefabs, 14.6x17.2x10.0 m, 0 stations, 0 beds, 0 portals	source biome tag: plains; material tier: blackforest. DERIVED from the measurements in `role` -- not a curated judgement	34 terrain rows discarded by Infinity Hammer (#Terrain) -- level the ground by hand, and strip them before the RCON route
hs_ashlands_santasleigh.blueprint	hs_ashlands_santasleigh.blueprint	flavour	module	PLACES_CLEAN	True	derived	214	7.7x6.9x4.5	ashlands(109)	blueprint	Bri Games	none stated	reference	OverDrive/BiomeBlueprints	OverDrive/BiomeBlueprints	32e6b1813a7703b55cf245d359e690082ab6e300259c6285ac53d19d7c84a535	214 pieces, 28 prefabs, 7.7x6.9x4.5 m, 0 stations, 0 beds, 0 portals	source biome tag: ashlands; material tier: ashlands. DERIVED from the measurements in `role` -- not a curated judgement	21 terrain rows discarded by Infinity Hammer (#Terrain) -- level the ground by hand, and strip them before the RCON route
twotwohouse_stormed.blueprint	twotwohouse_stormed.blueprint	flavour	module	PLACES_CLEAN	True	curated	205	11.5x14.1x4.1	meadows(205)	blueprint	Raimod	AGPL-3.0	reference	RickardAndreasAgren/ValheimBlueprintCruncher	RickardAndreasAgren/ValheimBlueprintCruncher	7d72624fb6f0e6a1f83ae9ba263fdb2cb181c7e9f2c7bb461c039f302d84dd23	the same cottage, roof torn off, 205 pieces	raided-village storytelling	
hs_meadows_artio_pergola_crossroad.blueprint	hs_meadows_artio_pergola_crossroad.blueprint	flavour	module	PLACES_CLEAN	True	derived	200	6.0x6.0x5.0	meadows(200)	blueprint	Artio	none stated	reference	OverDrive/BiomeBlueprints	OverDrive/BiomeBlueprints	579d497b2cc77f4e4e090dfce5980b5aa45b1b54b12e7742d856553be86a38e8	200 pieces, 10 prefabs, 6.0x6.0x5.0 m, 0 stations, 0 beds, 0 portals	source biome tag: meadows; material tier: meadows. DERIVED from the measurements in `role` -- not a curated judgement	16 terrain rows discarded by Infinity Hammer (#Terrain) -- level the ground by hand, and strip them before the RCON route
hs_ashlands_tallbookcase_brigames.blueprint	hs_ashlands_tallbookcase_brigames.blueprint	flavour	module	PLACES_CLEAN	True	derived	197	1.8x4.5x9.1	ashlands(45)	blueprint	Bri Games	none stated	reference	OverDrive/BiomeBlueprints	OverDrive/BiomeBlueprints	df87230f4a46cab287afdca3a5305c607d31fe86ca11f1ad3e3de0bdb5373d28	197 pieces, 15 prefabs, 1.8x4.5x9.1 m, 0 stations, 0 beds, 0 portals	source biome tag: ashlands; material tier: ashlands. DERIVED from the measurements in `role` -- not a curated judgement	14 terrain rows discarded by Infinity Hammer (#Terrain) -- level the ground by hand, and strip them before the RCON route
hs_blackforest_villa.blueprint	hs_blackforest_villa.blueprint	flavour	module	PLACES_CLEAN	True	derived	178	12.0x10.0x9.0	meadows(178)	blueprint	Biome Blueprints	none stated	reference	OverDrive/BiomeBlueprints	OverDrive/BiomeBlueprints	7cea39b28c66f0a7144530319a8e93580cf0b7540cb267469adb9f6b7b50c18b	178 pieces, 7 prefabs, 12.0x10.0x9.0 m, 0 stations, 0 beds, 0 portals	source biome tag: blackforest; material tier: meadows. DERIVED from the measurements in `role` -- not a curated judgement	23 terrain rows discarded by Infinity Hammer (#Terrain) -- level the ground by hand, and strip them before the RCON route
hs_meadows_villa.blueprint	hs_meadows_villa.blueprint	flavour	module	PLACES_CLEAN	True	derived	178	12.0x10.0x9.0	meadows(178)	blueprint	Biome Blueprints	none stated	reference	OverDrive/BiomeBlueprints	OverDrive/BiomeBlueprints	e2093627c21eaf055387c016c8aa4fa6b129fa62dca8999000380b2225d2af72	178 pieces, 7 prefabs, 12.0x10.0x9.0 m, 0 stations, 0 beds, 0 portals	source biome tag: meadows; material tier: meadows. DERIVED from the measurements in `role` -- not a curated judgement	23 terrain rows discarded by Infinity Hammer (#Terrain) -- level the ground by hand, and strip them before the RCON route
hs_mistlands_villa.blueprint	hs_mistlands_villa.blueprint	flavour	module	PLACES_CLEAN	True	derived	178	12.0x10.0x9.0	meadows(178)	blueprint	Biome Blueprints	none stated	reference	OverDrive/BiomeBlueprints	OverDrive/BiomeBlueprints	63df00028e53e5a3d3747619039c06c49b4e61eb6c40b4495ffd5ca4432b7801	178 pieces, 7 prefabs, 12.0x10.0x9.0 m, 0 stations, 0 beds, 0 portals	source biome tag: mistlands; material tier: meadows. DERIVED from the measurements in `role` -- not a curated judgement	23 terrain rows discarded by Infinity Hammer (#Terrain) -- level the ground by hand, and strip them before the RCON route
hs_mountain_villa.blueprint	hs_mountain_villa.blueprint	flavour	module	PLACES_CLEAN	True	derived	178	12.0x10.0x9.0	meadows(178)	blueprint	Biome Blueprints	none stated	reference	OverDrive/BiomeBlueprints	OverDrive/BiomeBlueprints	d0b37271558258f269a87edb3c9eec632b36afc7588093115029f0e93dc1c6a0	178 pieces, 7 prefabs, 12.0x10.0x9.0 m, 0 stations, 0 beds, 0 portals	source biome tag: mountain; material tier: meadows. DERIVED from the measurements in `role` -- not a curated judgement	23 terrain rows discarded by Infinity Hammer (#Terrain) -- level the ground by hand, and strip them before the RCON route
hs_plains_villa.blueprint	hs_plains_villa.blueprint	flavour	module	PLACES_CLEAN	True	derived	178	12.0x10.0x9.0	meadows(178)	blueprint	Biome Blueprints	none stated	reference	OverDrive/BiomeBlueprints	OverDrive/BiomeBlueprints	31b4cfe8a936747224e65c1ce8948204906ae00e985590cfb6fe1634e896c925	178 pieces, 7 prefabs, 12.0x10.0x9.0 m, 0 stations, 0 beds, 0 portals	source biome tag: plains; material tier: meadows. DERIVED from the measurements in `role` -- not a curated judgement	23 terrain rows discarded by Infinity Hammer (#Terrain) -- level the ground by hand, and strip them before the RCON route
hs_swamp_villa.blueprint	hs_swamp_villa.blueprint	flavour	module	PLACES_CLEAN	True	derived	178	12.0x10.0x9.0	meadows(178)	blueprint	Biome Blueprints	none stated	reference	OverDrive/BiomeBlueprints	OverDrive/BiomeBlueprints	caf552745649601e8c5427f9804e2eca674e95394f01d3d9d5db126be94e83f2	178 pieces, 7 prefabs, 12.0x10.0x9.0 m, 0 stations, 0 beds, 0 portals	source biome tag: swamp; material tier: meadows. DERIVED from the measurements in `role` -- not a curated judgement	23 terrain rows discarded by Infinity Hammer (#Terrain) -- level the ground by hand, and strip them before the RCON route
instairtower_damaged.blueprint	instairtower_damaged.blueprint	flavour	module	PLACES_CLEAN	True	curated	165	9.5x9.5x11.0	blackforest(117)	blueprint	Raimod	AGPL-3.0	reference	RickardAndreasAgren/ValheimBlueprintCruncher	RickardAndreasAgren/ValheimBlueprintCruncher	4d8f4bd38574e5d7fd3a71c1ef71efa1322c1a94aed1aaef1050ee444b0cbc1c	the same tower, battle-damaged	roadside decay; abandoned-outpost storytelling	
hs_ashlands_ugm_starheim_atst_leanedforward.blueprint	hs_ashlands_ugm_starheim_atst_leanedforward.blueprint	flavour	module	PLACES_CLEAN	True	derived	161	6.1x9.2x14.9	ashlands(128)	blueprint	Builder	none stated	reference	OverDrive/BiomeBlueprints	OverDrive/BiomeBlueprints	66768cb258681809c822437435879edf194a754dcd6d9e14b6df011ff27d2efb	161 pieces, 18 prefabs, 6.1x9.2x14.9 m, 0 stations, 0 beds, 0 portals	source biome tag: ashlands; material tier: ashlands. DERIVED from the measurements in `role` -- not a curated judgement	21 terrain rows discarded by Infinity Hammer (#Terrain) -- level the ground by hand, and strip them before the RCON route
hs_mistlands_wizards_tower_rings.blueprint	hs_mistlands_wizards_tower_rings.blueprint	flavour	module	PLACES_CLEAN	True	derived	160	22.0x30.0x1.0	mistlands(160)	blueprint	Ise LeGaCy	none stated	reference	OverDrive/BiomeBlueprints	OverDrive/BiomeBlueprints	35701131690ff21830dd5ee8701b403e01c0ce14458f89e5d02931af63607dcf	160 pieces, 4 prefabs, 22.0x30.0x1.0 m, 0 stations, 0 beds, 0 portals	source biome tag: mistlands; material tier: mistlands. DERIVED from the measurements in `role` -- not a curated judgement	61 terrain rows discarded by Infinity Hammer (#Terrain) -- level the ground by hand, and strip them before the RCON route
hs_ashlands_bakedgoodsstall.blueprint	hs_ashlands_bakedgoodsstall.blueprint	flavour	module	PLACES_CLEAN	True	derived	159	6.1x6.2x4.8	ashlands(59)	blueprint	Bri Games	none stated	reference	OverDrive/BiomeBlueprints	OverDrive/BiomeBlueprints	e88e296e51445b7a95d5ab4d2b8b8135478a22743545acf06d393501f206f609	159 pieces, 35 prefabs, 6.1x6.2x4.8 m, 0 stations, 0 beds, 0 portals	source biome tag: ashlands; material tier: ashlands. DERIVED from the measurements in `role` -- not a curated judgement	21 terrain rows discarded by Infinity Hammer (#Terrain) -- level the ground by hand, and strip them before the RCON route
hs_blackforest_stone_manor.blueprint	hs_blackforest_stone_manor.blueprint	flavour	module	PLACES_CLEAN	True	derived	152	8.0x10.0x7.5	blackforest(18)	blueprint	Biome Blueprints	none stated	reference	OverDrive/BiomeBlueprints	OverDrive/BiomeBlueprints	4d6c5a834308347ff4bf761e192cb91912046e8e1056f23c32697a5dad28fc84	152 pieces, 9 prefabs, 8.0x10.0x7.5 m, 0 stations, 0 beds, 0 portals	source biome tag: blackforest; material tier: blackforest. DERIVED from the measurements in `role` -- not a curated judgement	21 terrain rows discarded by Infinity Hammer (#Terrain) -- level the ground by hand, and strip them before the RCON route
hs_meadows_stone_manor.blueprint	hs_meadows_stone_manor.blueprint	flavour	module	PLACES_CLEAN	True	derived	152	8.0x10.0x7.5	blackforest(18)	blueprint	Biome Blueprints	none stated	reference	OverDrive/BiomeBlueprints	OverDrive/BiomeBlueprints	e1ca47138288a0b2dabe04aed80a3cbce2ec5a7860fb87efcad3c874ef2de908	152 pieces, 9 prefabs, 8.0x10.0x7.5 m, 0 stations, 0 beds, 0 portals	source biome tag: meadows; material tier: blackforest. DERIVED from the measurements in `role` -- not a curated judgement	21 terrain rows discarded by Infinity Hammer (#Terrain) -- level the ground by hand, and strip them before the RCON route
hs_mistlands_stone_manor.blueprint	hs_mistlands_stone_manor.blueprint	flavour	module	PLACES_CLEAN	True	derived	152	8.0x10.0x7.5	blackforest(18)	blueprint	Biome Blueprints	none stated	reference	OverDrive/BiomeBlueprints	OverDrive/BiomeBlueprints	d5cecfe0e204af720d6942b7120c5d81c12b726e7e0ac9e112c588a9efb45abd	152 pieces, 9 prefabs, 8.0x10.0x7.5 m, 0 stations, 0 beds, 0 portals	source biome tag: mistlands; material tier: blackforest. DERIVED from the measurements in `role` -- not a curated judgement	21 terrain rows discarded by Infinity Hammer (#Terrain) -- level the ground by hand, and strip them before the RCON route
hs_mountain_stone_manor.blueprint	hs_mountain_stone_manor.blueprint	flavour	module	PLACES_CLEAN	True	derived	152	8.0x10.0x7.5	blackforest(18)	blueprint	Biome Blueprints	none stated	reference	OverDrive/BiomeBlueprints	OverDrive/BiomeBlueprints	1dc3d8a0204354337310a3bc07f8a585038bfe289d312391e1fc540318d4f88b	152 pieces, 9 prefabs, 8.0x10.0x7.5 m, 0 stations, 0 beds, 0 portals	source biome tag: mountain; material tier: blackforest. DERIVED from the measurements in `role` -- not a curated judgement	21 terrain rows discarded by Infinity Hammer (#Terrain) -- level the ground by hand, and strip them before the RCON route
hs_plains_stone_manor.blueprint	hs_plains_stone_manor.blueprint	flavour	module	PLACES_CLEAN	True	derived	152	8.0x10.0x7.5	blackforest(18)	blueprint	Biome Blueprints	none stated	reference	OverDrive/BiomeBlueprints	OverDrive/BiomeBlueprints	b65180fe0a700c5d6d0dc5a915f505a99a34c383b69e4b89cbf77d38db33237c	152 pieces, 9 prefabs, 8.0x10.0x7.5 m, 0 stations, 0 beds, 0 portals	source biome tag: plains; material tier: blackforest. DERIVED from the measurements in `role` -- not a curated judgement	21 terrain rows discarded by Infinity Hammer (#Terrain) -- level the ground by hand, and strip them before the RCON route
hs_swamp_stone_manor.blueprint	hs_swamp_stone_manor.blueprint	flavour	module	PLACES_CLEAN	True	derived	152	8.0x10.0x7.5	blackforest(18)	blueprint	Biome Blueprints	none stated	reference	OverDrive/BiomeBlueprints	OverDrive/BiomeBlueprints	50ab6e0f8e004cd774dcac655d2b49a5dc9b80dacd4804fc94331f5d12e9cb31	152 pieces, 9 prefabs, 8.0x10.0x7.5 m, 0 stations, 0 beds, 0 portals	source biome tag: swamp; material tier: blackforest. DERIVED from the measurements in `role` -- not a curated judgement	21 terrain rows discarded by Infinity Hammer (#Terrain) -- level the ground by hand, and strip them before the RCON route
hs_meadows_modestypooh_igloo.blueprint	hs_meadows_modestypooh_igloo.blueprint	flavour	module	PLACES_CLEAN	True	derived	151	8.9x9.7x4.7	blackforest(151)	blueprint	Pooh Test	none stated	reference	OverDrive/BiomeBlueprints	OverDrive/BiomeBlueprints	db484cb7b443b7b28ce44252233aa6aa2a5d6f62d559a79054f08d3d60aba294	151 pieces, 2 prefabs, 8.9x9.7x4.7 m, 0 stations, 0 beds, 0 portals	source biome tag: meadows; material tier: blackforest. DERIVED from the measurements in `role` -- not a curated judgement	21 terrain rows discarded by Infinity Hammer (#Terrain) -- level the ground by hand, and strip them before the RCON route
twotwohouse_ruins.blueprint	twotwohouse_ruins.blueprint	flavour	module	PLACES_CLEAN	True	curated	148	9.4x14.1x4.1	meadows(148)	blueprint	Raimod	AGPL-3.0	reference	RickardAndreasAgren/ValheimBlueprintCruncher	RickardAndreasAgren/ValheimBlueprintCruncher	d89e78684c80cd1155bc003a30fae88f3f6c54080812dcb2e26d633d9487c3a6	the same cottage as a ruin, 148 pieces	ruins scatter	
ruins_0_3.blueprint	ruins_0_3.blueprint	flavour	module	PLACES_CLEAN	True	curated	140	12.3x10.1x9.1	blackforest(129)	blueprint	Oosdevforty	none stated	reference	Oosquai/SavheimIV	Oosquai/SavheimIV	197bc4e997e0fbd6a5a9af9714e83df44f68d2992b5cf1d4ce91c5ed12ad20f0	small ruin, 12 x 10 x 9 m, 140 pieces, 3 prefabs	ruins scatter -- PLACES_CLEAN, ideal repeat stamp	
Rocket Raccoon_Barracas_Media.blueprint	Rocket Raccoon_Barracas_Media.blueprint	flavour	module	PLACES_CLEAN	True	derived	134	10.1x10.1x9.0	meadows(134)	blueprint	Rocket Raccoon	none stated	reference	mcarvall/Midgard-Valheim-Server	mcarvall/Midgard-Valheim-Server	d30bde12e773891f03b57d79716bb95aafae4004096d712e9a8356c4751d6f66	134 pieces, 17 prefabs, 10.1x10.1x9.0 m, 0 stations, 0 beds, 0 portals	source biome tag: none; material tier: meadows. DERIVED from the measurements in `role` -- not a curated judgement	
ruins_0_2.blueprint	ruins_0_2.blueprint	flavour	module	PLACES_CLEAN	True	curated	132	9.8x9.9x10.2	blackforest(118)	blueprint	Oosdevforty	none stated	reference	Oosquai/SavheimIV	Oosquai/SavheimIV	1a33cc585cd856c60f60bf8f107c496e25f6e782d633b001e1ca7761214eb57f	small ruin, 10 x 10 x 10 m, 132 pieces, 3 prefabs	ruins scatter -- PLACES_CLEAN, ideal repeat stamp	
hs_blackforest_great_hall.blueprint	hs_blackforest_great_hall.blueprint	flavour	module	PLACES_CLEAN	True	derived	132	8.0x12.0x6.0	meadows(132)	blueprint	Biome Blueprints	none stated	reference	OverDrive/BiomeBlueprints	OverDrive/BiomeBlueprints	81131d8437be8b14e2f3d3d6d99d50149f8225b16df1048ecfbd316d1c320241	132 pieces, 7 prefabs, 8.0x12.0x6.0 m, 0 stations, 0 beds, 0 portals	source biome tag: blackforest; material tier: meadows. DERIVED from the measurements in `role` -- not a curated judgement	23 terrain rows discarded by Infinity Hammer (#Terrain) -- level the ground by hand, and strip them before the RCON route
hs_meadows_great_hall.blueprint	hs_meadows_great_hall.blueprint	flavour	module	PLACES_CLEAN	True	derived	132	8.0x12.0x6.0	meadows(132)	blueprint	Biome Blueprints	none stated	reference	OverDrive/BiomeBlueprints	OverDrive/BiomeBlueprints	cc07420377925e0aeb6c433720efa2ed77eeb6c8eaa276d3cb750d4ac7baa75b	132 pieces, 7 prefabs, 8.0x12.0x6.0 m, 0 stations, 0 beds, 0 portals	source biome tag: meadows; material tier: meadows. DERIVED from the measurements in `role` -- not a curated judgement	23 terrain rows discarded by Infinity Hammer (#Terrain) -- level the ground by hand, and strip them before the RCON route
hs_mistlands_great_hall.blueprint	hs_mistlands_great_hall.blueprint	flavour	module	PLACES_CLEAN	True	derived	132	8.0x12.0x6.0	meadows(132)	blueprint	Biome Blueprints	none stated	reference	OverDrive/BiomeBlueprints	OverDrive/BiomeBlueprints	7129317d8ab9cca8783560d81cf35afa389abb3ec279a5947c5df83ba8fb677c	132 pieces, 7 prefabs, 8.0x12.0x6.0 m, 0 stations, 0 beds, 0 portals	source biome tag: mistlands; material tier: meadows. DERIVED from the measurements in `role` -- not a curated judgement	23 terrain rows discarded by Infinity Hammer (#Terrain) -- level the ground by hand, and strip them before the RCON route
hs_mountain_great_hall.blueprint	hs_mountain_great_hall.blueprint	flavour	module	PLACES_CLEAN	True	derived	132	8.0x12.0x6.0	meadows(132)	blueprint	Biome Blueprints	none stated	reference	OverDrive/BiomeBlueprints	OverDrive/BiomeBlueprints	db1614073f700263de38cc18414a8b59f449026ca585ed6b4743b861c12ca07f	132 pieces, 7 prefabs, 8.0x12.0x6.0 m, 0 stations, 0 beds, 0 portals	source biome tag: mountain; material tier: meadows. DERIVED from the measurements in `role` -- not a curated judgement	23 terrain rows discarded by Infinity Hammer (#Terrain) -- level the ground by hand, and strip them before the RCON route
hs_plains_great_hall.blueprint	hs_plains_great_hall.blueprint	flavour	module	PLACES_CLEAN	True	derived	132	8.0x12.0x6.0	meadows(132)	blueprint	Biome Blueprints	none stated	reference	OverDrive/BiomeBlueprints	OverDrive/BiomeBlueprints	ad1bfd68edf6b2d5588bae62c2e03e6a1ef706c156480a367894e95327b6096c	132 pieces, 7 prefabs, 8.0x12.0x6.0 m, 0 stations, 0 beds, 0 portals	source biome tag: plains; material tier: meadows. DERIVED from the measurements in `role` -- not a curated judgement	23 terrain rows discarded by Infinity Hammer (#Terrain) -- level the ground by hand, and strip them before the RCON route
hs_swamp_great_hall.blueprint	hs_swamp_great_hall.blueprint	flavour	module	PLACES_CLEAN	True	derived	132	8.0x12.0x6.0	meadows(132)	blueprint	Biome Blueprints	none stated	reference	OverDrive/BiomeBlueprints	OverDrive/BiomeBlueprints	8ba9022c72f37a4d85f6ceecbaf0ccd0de10f53781ed5d788026370cea8c1fe4	132 pieces, 7 prefabs, 8.0x12.0x6.0 m, 0 stations, 0 beds, 0 portals	source biome tag: swamp; material tier: meadows. DERIVED from the measurements in `role` -- not a curated judgement	23 terrain rows discarded by Infinity Hammer (#Terrain) -- level the ground by hand, and strip them before the RCON route
sample_002.blueprint	sample_002.blueprint	flavour	module	PLACES_CLEAN	True	derived	132	12.0x14.0x6.0	meadows(132)	blueprint	Homestead	GPL-3.0	reference	sighsorry1029/Homestead	sighsorry1029/Homestead	b6b855bb16a43168c799a7dd30fe89446b0d49f3c89f0b97713c573d59ee8597	132 pieces, 10 prefabs, 12.0x14.0x6.0 m, 0 stations, 0 beds, 0 portals	source biome tag: none; material tier: meadows. DERIVED from the measurements in `role` -- not a curated judgement	
hs_blackforest_kitchenstorage_brigames.blueprint	hs_blackforest_kitchenstorage_brigames.blueprint	flavour	module	PLACES_CLEAN	True	derived	123	2.2x2.1x2.5	blackforest(3)	blueprint	Bri Games	none stated	reference	OverDrive/BiomeBlueprints	OverDrive/BiomeBlueprints	51a8bda3c862186dce61521681a59d12b5feadd685fa4520774e40689dd7b749	123 pieces, 8 prefabs, 2.2x2.1x2.5 m, 0 stations, 0 beds, 0 portals	source biome tag: blackforest; material tier: blackforest. DERIVED from the measurements in `role` -- not a curated judgement	12 terrain rows discarded by Infinity Hammer (#Terrain) -- level the ground by hand, and strip them before the RCON route
RuinedTower.blueprint	RuinedTower.blueprint	flavour	module	PLACES_CLEAN	True	curated	122	8.8x9.0x11.5	blackforest(95)	blueprint	SiR RuStY SpOoN	none stated	reference	RustyMods/VikingNPC	RustyMods/VikingNPC	68a5c19f5383d38859a1de16125f70952f5fa2714b8d7b81a8d0201b0465a1d0	ruined tower, 9 x 9 x 12 m, 122 pieces, 9 prefabs	Black Forest ruins scatter -- excellent repeat stamp	
hs_ashlands_fireplace_brigames.blueprint	hs_ashlands_fireplace_brigames.blueprint	flavour	module	PLACES_CLEAN	True	derived	122	4.6x5.3x8.7	ashlands(94)	blueprint	Bri Games	none stated	reference	OverDrive/BiomeBlueprints	OverDrive/BiomeBlueprints	d79560960bfa3df597d87fd8e2016063e837f773214c0b0ffc515228bac505f3	122 pieces, 20 prefabs, 4.6x5.3x8.7 m, 0 stations, 0 beds, 0 portals	source biome tag: ashlands; material tier: ashlands. DERIVED from the measurements in `role` -- not a curated judgement	16 terrain rows discarded by Infinity Hammer (#Terrain) -- level the ground by hand, and strip them before the RCON route
outposttower_ruins.blueprint	outposttower_ruins.blueprint	flavour	module	PLACES_CLEAN	True	curated	115	11.0x10.5x10.0	blackforest(64)	blueprint	Raimod	AGPL-3.0	reference	RickardAndreasAgren/ValheimBlueprintCruncher	RickardAndreasAgren/ValheimBlueprintCruncher	c4ac8fa3d8034b9e294676238cc59b0969f49349e635c9e439d9bd0255a07d98	the same tower as a ruin, 115 pieces	ruins scatter	
hs_ashlands_bullseyestall.blueprint	hs_ashlands_bullseyestall.blueprint	flavour	module	PLACES_CLEAN	True	derived	115	4.8x5.3x4.8	ashlands(56)	blueprint	Bri Games	none stated	reference	OverDrive/BiomeBlueprints	OverDrive/BiomeBlueprints	d0d02c89636d4c02f99749cf5b7f6aa9de29339024d770a4a27c91933106ad51	115 pieces, 30 prefabs, 4.8x5.3x4.8 m, 0 stations, 0 beds, 0 portals	source biome tag: ashlands; material tier: ashlands. DERIVED from the measurements in `role` -- not a curated judgement	16 terrain rows discarded by Infinity Hammer (#Terrain) -- level the ground by hand, and strip them before the RCON route
outposttower_burnt.blueprint	outposttower_burnt.blueprint	flavour	module	PLACES_CLEAN	True	curated	114	11.8x11.8x5.5	blackforest(83)	blueprint	Raimod	AGPL-3.0	reference	RickardAndreasAgren/ValheimBlueprintCruncher	RickardAndreasAgren/ValheimBlueprintCruncher	6a58422d64a7331dc94e26148acebbe525c179995c2dfbbbd6f5aaebb769e0f5	the same tower, burnt out, 114 pieces	raided-outpost storytelling	
hs_swamp_bridge1_stone.blueprint	hs_swamp_bridge1_stone.blueprint	flavour	module	PLACES_CLEAN	True	derived	114	14.1x14.1x2.5	swamp(30)	blueprint	BerserkTBuilDeR	none stated	reference	OverDrive/BiomeBlueprints	OverDrive/BiomeBlueprints	194430b96f2d06691fb43e94f488ac2bc36b0e7ac87bb9f0f774d6e6819a72ea	114 pieces, 9 prefabs, 14.1x14.1x2.5 m, 0 stations, 0 beds, 0 portals	source biome tag: swamp; material tier: swamp. DERIVED from the measurements in `role` -- not a curated judgement	32 terrain rows discarded by Infinity Hammer (#Terrain) -- level the ground by hand, and strip them before the RCON route
pillartower_ruins.blueprint	pillartower_ruins.blueprint	flavour	module	PLACES_CLEAN	True	curated	111	13.0x8.0x10.0	blackforest(40)	blueprint	Raimod	AGPL-3.0	reference	RickardAndreasAgren/ValheimBlueprintCruncher	RickardAndreasAgren/ValheimBlueprintCruncher	91a16093f64756e1978d5c8122e9f1e2139c66cf0262d969fafee1222c443373	the same lookout as a ruin, 111 pieces	ruins scatter	
hs_blackforest_longhouse.blueprint	hs_blackforest_longhouse.blueprint	flavour	module	PLACES_CLEAN	True	derived	108	4.0x16.0x5.0	meadows(108)	blueprint	Biome Blueprints	none stated	reference	OverDrive/BiomeBlueprints	OverDrive/BiomeBlueprints	19562d0c0ea51980044119953f28d323e6586b1f390f31a205c4a715854ce9b4	108 pieces, 7 prefabs, 4.0x16.0x5.0 m, 0 stations, 0 beds, 0 portals	source biome tag: blackforest; material tier: meadows. DERIVED from the measurements in `role` -- not a curated judgement	20 terrain rows discarded by Infinity Hammer (#Terrain) -- level the ground by hand, and strip them before the RCON route
hs_meadows_longhouse.blueprint	hs_meadows_longhouse.blueprint	flavour	module	PLACES_CLEAN	True	derived	108	4.0x16.0x5.0	meadows(108)	blueprint	Biome Blueprints	none stated	reference	OverDrive/BiomeBlueprints	OverDrive/BiomeBlueprints	8d1a18df5351972f59052d8f0ec1d9f1153ec1c50cdd32c1039d4723cda0613e	108 pieces, 7 prefabs, 4.0x16.0x5.0 m, 0 stations, 0 beds, 0 portals	source biome tag: meadows; material tier: meadows. DERIVED from the measurements in `role` -- not a curated judgement	20 terrain rows discarded by Infinity Hammer (#Terrain) -- level the ground by hand, and strip them before the RCON route
hs_mistlands_longhouse.blueprint	hs_mistlands_longhouse.blueprint	flavour	module	PLACES_CLEAN	True	derived	108	4.0x16.0x5.0	meadows(108)	blueprint	Biome Blueprints	none stated	reference	OverDrive/BiomeBlueprints	OverDrive/BiomeBlueprints	5a93d1390590e893cd60e91bc0e7c6d410e0986fac0cc52759c886525cb99428	108 pieces, 7 prefabs, 4.0x16.0x5.0 m, 0 stations, 0 beds, 0 portals	source biome tag: mistlands; material tier: meadows. DERIVED from the measurements in `role` -- not a curated judgement	20 terrain rows discarded by Infinity Hammer (#Terrain) -- level the ground by hand, and strip them before the RCON route
hs_mountain_longhouse.blueprint	hs_mountain_longhouse.blueprint	flavour	module	PLACES_CLEAN	True	derived	108	4.0x16.0x5.0	meadows(108)	blueprint	Biome Blueprints	none stated	reference	OverDrive/BiomeBlueprints	OverDrive/BiomeBlueprints	705893b02f2e3895e61935a4d85c44ee4487a5b2fcfa246c322948372ab9361a	108 pieces, 7 prefabs, 4.0x16.0x5.0 m, 0 stations, 0 beds, 0 portals	source biome tag: mountain; material tier: meadows. DERIVED from the measurements in `role` -- not a curated judgement	20 terrain rows discarded by Infinity Hammer (#Terrain) -- level the ground by hand, and strip them before the RCON route
hs_plains_longhouse.blueprint	hs_plains_longhouse.blueprint	flavour	module	PLACES_CLEAN	True	derived	108	4.0x16.0x5.0	meadows(108)	blueprint	Biome Blueprints	none stated	reference	OverDrive/BiomeBlueprints	OverDrive/BiomeBlueprints	86127dc9498e7491b2a692a261a58f1e73123596e7a6803dc23135c2b0478e7c	108 pieces, 7 prefabs, 4.0x16.0x5.0 m, 0 stations, 0 beds, 0 portals	source biome tag: plains; material tier: meadows. DERIVED from the measurements in `role` -- not a curated judgement	20 terrain rows discarded by Infinity Hammer (#Terrain) -- level the ground by hand, and strip them before the RCON route
hs_swamp_longhouse.blueprint	hs_swamp_longhouse.blueprint	flavour	module	PLACES_CLEAN	True	derived	108	4.0x16.0x5.0	meadows(108)	blueprint	Biome Blueprints	none stated	reference	OverDrive/BiomeBlueprints	OverDrive/BiomeBlueprints	9664c28c799cbf6e4e6c7f47133a29a889bc6516b13445534dc69a5f6ec6f762	108 pieces, 7 prefabs, 4.0x16.0x5.0 m, 0 stations, 0 beds, 0 portals	source biome tag: swamp; material tier: meadows. DERIVED from the measurements in `role` -- not a curated judgement	20 terrain rows discarded by Infinity Hammer (#Terrain) -- level the ground by hand, and strip them before the RCON route
instairtower_ruin.blueprint	instairtower_ruin.blueprint	flavour	module	PLACES_CLEAN	True	curated	96	9.0x9.0x10.0	blackforest(85)	blueprint	Raimod	AGPL-3.0	reference	RickardAndreasAgren/ValheimBlueprintCruncher	RickardAndreasAgren/ValheimBlueprintCruncher	ac2c950bfd770e3a9b94acb0db7e500e1ebdb99f8eb3b5b4239ffb7f7bba9cf8	the same tower as a ruin, 96 pieces	ruins scatter, Black Forest	
hs_blackforest_manor.blueprint	hs_blackforest_manor.blueprint	flavour	module	PLACES_CLEAN	True	derived	96	8.0x8.0x6.0	meadows(96)	blueprint	Biome Blueprints	none stated	reference	OverDrive/BiomeBlueprints	OverDrive/BiomeBlueprints	180fd7f40c12be3b65929a987e3dbc9638b65a36ca6d15f1070aec92dbd977d2	96 pieces, 7 prefabs, 8.0x8.0x6.0 m, 0 stations, 0 beds, 0 portals	source biome tag: blackforest; material tier: meadows. DERIVED from the measurements in `role` -- not a curated judgement	21 terrain rows discarded by Infinity Hammer (#Terrain) -- level the ground by hand, and strip them before the RCON route
hs_meadows_manor.blueprint	hs_meadows_manor.blueprint	flavour	module	PLACES_CLEAN	True	derived	96	8.0x8.0x6.0	meadows(96)	blueprint	Biome Blueprints	none stated	reference	OverDrive/BiomeBlueprints	OverDrive/BiomeBlueprints	4612f82f4e5cd29fea0f48828e6255dd3d57535cfddb64fd2f34ed22874c6ad1	96 pieces, 7 prefabs, 8.0x8.0x6.0 m, 0 stations, 0 beds, 0 portals	source biome tag: meadows; material tier: meadows. DERIVED from the measurements in `role` -- not a curated judgement	21 terrain rows discarded by Infinity Hammer (#Terrain) -- level the ground by hand, and strip them before the RCON route
hs_mistlands_manor.blueprint	hs_mistlands_manor.blueprint	flavour	module	PLACES_CLEAN	True	derived	96	8.0x8.0x6.0	meadows(96)	blueprint	Biome Blueprints	none stated	reference	OverDrive/BiomeBlueprints	OverDrive/BiomeBlueprints	dddfbad8ff01a7f21f59f3f3efa8c9ec64a771f9ba7e4b8782c2e76abbc77672	96 pieces, 7 prefabs, 8.0x8.0x6.0 m, 0 stations, 0 beds, 0 portals	source biome tag: mistlands; material tier: meadows. DERIVED from the measurements in `role` -- not a curated judgement	21 terrain rows discarded by Infinity Hammer (#Terrain) -- level the ground by hand, and strip them before the RCON route
hs_mountain_manor.blueprint	hs_mountain_manor.blueprint	flavour	module	PLACES_CLEAN	True	derived	96	8.0x8.0x6.0	meadows(96)	blueprint	Biome Blueprints	none stated	reference	OverDrive/BiomeBlueprints	OverDrive/BiomeBlueprints	cf6186007692630eb387f47dde5fe75ba1c28c56e7edf640a81d8b51b11672c9	96 pieces, 7 prefabs, 8.0x8.0x6.0 m, 0 stations, 0 beds, 0 portals	source biome tag: mountain; material tier: meadows. DERIVED from the measurements in `role` -- not a curated judgement	21 terrain rows discarded by Infinity Hammer (#Terrain) -- level the ground by hand, and strip them before the RCON route
hs_plains_manor.blueprint	hs_plains_manor.blueprint	flavour	module	PLACES_CLEAN	True	derived	96	8.0x8.0x6.0	meadows(96)	blueprint	Biome Blueprints	none stated	reference	OverDrive/BiomeBlueprints	OverDrive/BiomeBlueprints	c8942ca22cb44664cc16f8d077e09797b14de4a30cf11c4b987ac1e9c7816448	96 pieces, 7 prefabs, 8.0x8.0x6.0 m, 0 stations, 0 beds, 0 portals	source biome tag: plains; material tier: meadows. DERIVED from the measurements in `role` -- not a curated judgement	21 terrain rows discarded by Infinity Hammer (#Terrain) -- level the ground by hand, and strip them before the RCON route
hs_swamp_manor.blueprint	hs_swamp_manor.blueprint	flavour	module	PLACES_CLEAN	True	derived	96	8.0x8.0x6.0	meadows(96)	blueprint	Biome Blueprints	none stated	reference	OverDrive/BiomeBlueprints	OverDrive/BiomeBlueprints	cb41799528279fc8a470bcb28b52234e3a5cb340b2721c1f349a38e760a19866	96 pieces, 7 prefabs, 8.0x8.0x6.0 m, 0 stations, 0 beds, 0 portals	source biome tag: swamp; material tier: meadows. DERIVED from the measurements in `role` -- not a curated judgement	21 terrain rows discarded by Infinity Hammer (#Terrain) -- level the ground by hand, and strip them before the RCON route
hs_ashlands_lacko_pianodecoration_madebylacko.blueprint	hs_ashlands_lacko_pianodecoration_madebylacko.blueprint	flavour	module	PLACES_CLEAN	True	derived	94	3.4x4.6x2.4	ashlands(32)	blueprint	Lacko-	none stated	reference	OverDrive/BiomeBlueprints	OverDrive/BiomeBlueprints	5f97478331266f64b067a2b0190070c0be5d6d259fbf9000989607ba0fed024f	94 pieces, 8 prefabs, 3.4x4.6x2.4 m, 0 stations, 0 beds, 0 portals	source biome tag: ashlands; material tier: ashlands. DERIVED from the measurements in `role` -- not a curated judgement	14 terrain rows discarded by Infinity Hammer (#Terrain) -- level the ground by hand, and strip them before the RCON route
Relicv_Raven_V2.blueprint	Relicv_Raven_V2.blueprint	flavour	module	PLACES_WITH_GAPS	True	derived	94	10.6x8.4x7.5	swamp(1)	blueprint	Relicv	none stated	reference	okeanz/LootGoblinsUtils	okeanz/LootGoblinsUtils	a42dd42aabff4177fd9ac8e66611ea5093e783841c826552a0f7c8dca74d28a3	94 pieces, 12 prefabs, 10.6x8.4x7.5 m, 0 stations, 0 beds, 0 portals	source biome tag: none; material tier: swamp. DERIVED from the measurements in `role` -- not a curated judgement	1.06% missing: ConquestCore x1
hs_blackforest_kitchenstorage2_brigames.blueprint	hs_blackforest_kitchenstorage2_brigames.blueprint	flavour	module	PLACES_CLEAN	True	derived	93	2.2x2.0x2.6	blackforest(3)	blueprint	Bri Games	none stated	reference	OverDrive/BiomeBlueprints	OverDrive/BiomeBlueprints	f9ecb312d00318a21bd4f5c7a12e32942f376ba487a5aaef3748ccb74b718b03	93 pieces, 7 prefabs, 2.2x2.0x2.6 m, 0 stations, 0 beds, 0 portals	source biome tag: blackforest; material tier: blackforest. DERIVED from the measurements in `role` -- not a curated judgement	12 terrain rows discarded by Infinity Hammer (#Terrain) -- level the ground by hand, and strip them before the RCON route
hs_blackforest_lotusflower_brigames.blueprint	hs_blackforest_lotusflower_brigames.blueprint	flavour	module	PLACES_CLEAN	True	derived	92	8.8x8.9x8.7	meadows(92)	blueprint	Bri Games	none stated	reference	OverDrive/BiomeBlueprints	OverDrive/BiomeBlueprints	45833d60dce99f55f3c6aef245e71c5f4aace256dd5e8905190c6da9ec840e53	92 pieces, 6 prefabs, 8.8x8.9x8.7 m, 0 stations, 0 beds, 0 portals	source biome tag: blackforest; material tier: meadows. DERIVED from the measurements in `role` -- not a curated judgement	21 terrain rows discarded by Infinity Hammer (#Terrain) -- level the ground by hand, and strip them before the RCON route
instairtower_reruined.blueprint	instairtower_reruined.blueprint	flavour	module	PLACES_CLEAN	True	curated	87	9.5x9.0x9.0	blackforest(40)	blueprint	Raimod	AGPL-3.0	reference	RickardAndreasAgren/ValheimBlueprintCruncher	RickardAndreasAgren/ValheimBlueprintCruncher	01e904df0d90d7fb05f5d55cb9607cdf23940d71e00f42f9da767ed66b6c2807	the same ruin, further collapsed, 87 pieces	ruins scatter, Black Forest	
foresthold_remnant.blueprint	foresthold_remnant.blueprint	flavour	module	PLACES_CLEAN	True	curated	86	17.3x10.0x8.5	blackforest(81)	blueprint	Raimod	AGPL-3.0	reference	RickardAndreasAgren/ValheimBlueprintCruncher	RickardAndreasAgren/ValheimBlueprintCruncher	4723c64c75e486b0b6795db648274d97bcc21828850845dee774fda4d10122f7	wall stub only, 86 pieces	ruins scatter	
ruins_0_1.blueprint	ruins_0_1.blueprint	flavour	module	PLACES_WITH_GAPS	True	curated	85	9.4x9.4x11.1	mistlands(1)	blueprint	Oosdevforty	none stated	reference	Oosquai/SavheimIV	Oosquai/SavheimIV	7964f01c982212b70d1d826818c53376469b370bdb56bfb7defe73f2b3003f0e	small ruin, 9 x 9 x 11 m, 85 pieces	ruins scatter	1.18% missing: CL_Raw_Yellow x1
hs_meadows_customspiralstairs_brigames.blueprint	hs_meadows_customspiralstairs_brigames.blueprint	flavour	module	PLACES_CLEAN	True	derived	84	3.9x4.5x5.0	meadows(84)	blueprint	Bri Games	none stated	reference	OverDrive/BiomeBlueprints	OverDrive/BiomeBlueprints	c4160b71e0a6ec4b5c655e65d814f7a3e4e018dc192d8e2667c533fb74f504f7	84 pieces, 3 prefabs, 3.9x4.5x5.0 m, 0 stations, 0 beds, 0 portals	source biome tag: meadows; material tier: meadows. DERIVED from the measurements in `role` -- not a curated judgement	14 terrain rows discarded by Infinity Hammer (#Terrain) -- level the ground by hand, and strip them before the RCON route
hs_ashlands_cornercouchashlands_brigames.blueprint	hs_ashlands_cornercouchashlands_brigames.blueprint	flavour	module	PLACES_CLEAN	True	derived	82	5.2x5.3x2.3	ashlands(51)	blueprint	Bri Games	none stated	reference	OverDrive/BiomeBlueprints	OverDrive/BiomeBlueprints	1568a3e7f671418be0ea4cef3b1b20629fac5bf25ac58dcfa6398b2cce52934b	82 pieces, 10 prefabs, 5.2x5.3x2.3 m, 0 stations, 0 beds, 0 portals	source biome tag: ashlands; material tier: ashlands. DERIVED from the measurements in `role` -- not a curated judgement	16 terrain rows discarded by Infinity Hammer (#Terrain) -- level the ground by hand, and strip them before the RCON route
hs_ashlands_gazebograusten_brigames.blueprint	hs_ashlands_gazebograusten_brigames.blueprint	flavour	module	PLACES_CLEAN	True	derived	82	5.8x4.8x6.5	ashlands(79)	blueprint	Bri Games	none stated	reference	OverDrive/BiomeBlueprints	OverDrive/BiomeBlueprints	f15277a2ff7155d288af97204962ea3b6d840914849113f13495bd1bbce21d69	82 pieces, 9 prefabs, 5.8x4.8x6.5 m, 0 stations, 0 beds, 0 portals	source biome tag: ashlands; material tier: ashlands. DERIVED from the measurements in `role` -- not a curated judgement	16 terrain rows discarded by Infinity Hammer (#Terrain) -- level the ground by hand, and strip them before the RCON route
hs_blackforest_stone_house.blueprint	hs_blackforest_stone_house.blueprint	flavour	module	PLACES_CLEAN	True	derived	80	4.0x8.0x6.5	blackforest(12)	blueprint	Biome Blueprints	none stated	reference	OverDrive/BiomeBlueprints	OverDrive/BiomeBlueprints	b7d1c2c0118ac5037cf8b9285808c50f4b329bdc86363586a06ff98fa2d374a9	80 pieces, 9 prefabs, 4.0x8.0x6.5 m, 0 stations, 0 beds, 0 portals	source biome tag: blackforest; material tier: blackforest. DERIVED from the measurements in `role` -- not a curated judgement	16 terrain rows discarded by Infinity Hammer (#Terrain) -- level the ground by hand, and strip them before the RCON route
hs_meadows_stone_house.blueprint	hs_meadows_stone_house.blueprint	flavour	module	PLACES_CLEAN	True	derived	80	4.0x8.0x6.5	blackforest(12)	blueprint	Biome Blueprints	none stated	reference	OverDrive/BiomeBlueprints	OverDrive/BiomeBlueprints	0aa3540242b6af66d9508de759f5df5b4014a25a6b4dc67e420062ce3f3f4da2	80 pieces, 9 prefabs, 4.0x8.0x6.5 m, 0 stations, 0 beds, 0 portals	source biome tag: meadows; material tier: blackforest. DERIVED from the measurements in `role` -- not a curated judgement	16 terrain rows discarded by Infinity Hammer (#Terrain) -- level the ground by hand, and strip them before the RCON route
hs_mistlands_stone_house.blueprint	hs_mistlands_stone_house.blueprint	flavour	module	PLACES_CLEAN	True	derived	80	4.0x8.0x6.5	blackforest(12)	blueprint	Biome Blueprints	none stated	reference	OverDrive/BiomeBlueprints	OverDrive/BiomeBlueprints	f1aa79f62025aad100349786bba5697f44155fd3de24f7862aee60fd12ba8d49	80 pieces, 9 prefabs, 4.0x8.0x6.5 m, 0 stations, 0 beds, 0 portals	source biome tag: mistlands; material tier: blackforest. DERIVED from the measurements in `role` -- not a curated judgement	16 terrain rows discarded by Infinity Hammer (#Terrain) -- level the ground by hand, and strip them before the RCON route
hs_mountain_stone_house.blueprint	hs_mountain_stone_house.blueprint	flavour	module	PLACES_CLEAN	True	derived	80	4.0x8.0x6.5	blackforest(12)	blueprint	Biome Blueprints	none stated	reference	OverDrive/BiomeBlueprints	OverDrive/BiomeBlueprints	73ead246bc3954dc5b3231ac6858feab53d5874d77f03e9b4a4229f0ee0a8ed4	80 pieces, 9 prefabs, 4.0x8.0x6.5 m, 0 stations, 0 beds, 0 portals	source biome tag: mountain; material tier: blackforest. DERIVED from the measurements in `role` -- not a curated judgement	16 terrain rows discarded by Infinity Hammer (#Terrain) -- level the ground by hand, and strip them before the RCON route
hs_plains_stone_house.blueprint	hs_plains_stone_house.blueprint	flavour	module	PLACES_CLEAN	True	derived	80	4.0x8.0x6.5	blackforest(12)	blueprint	Biome Blueprints	none stated	reference	OverDrive/BiomeBlueprints	OverDrive/BiomeBlueprints	3d7bd1a251ea130a03bac9ab7d3ff7e2ca38e8d02cfde9dacea23c8b6e026ed4	80 pieces, 9 prefabs, 4.0x8.0x6.5 m, 0 stations, 0 beds, 0 portals	source biome tag: plains; material tier: blackforest. DERIVED from the measurements in `role` -- not a curated judgement	16 terrain rows discarded by Infinity Hammer (#Terrain) -- level the ground by hand, and strip them before the RCON route
hs_swamp_stone_house.blueprint	hs_swamp_stone_house.blueprint	flavour	module	PLACES_CLEAN	True	derived	80	4.0x8.0x6.5	blackforest(12)	blueprint	Biome Blueprints	none stated	reference	OverDrive/BiomeBlueprints	OverDrive/BiomeBlueprints	5be86d6edc2a9a687309bb97ff8724a079b8b530cef982a80dc6deac7cbe69be	80 pieces, 9 prefabs, 4.0x8.0x6.5 m, 0 stations, 0 beds, 0 portals	source biome tag: swamp; material tier: blackforest. DERIVED from the measurements in `role` -- not a curated judgement	16 terrain rows discarded by Infinity Hammer (#Terrain) -- level the ground by hand, and strip them before the RCON route
hs_blackforest_cornercouchdecorative_brigames.blueprint	hs_blackforest_cornercouchdecorative_brigames.blueprint	flavour	module	PLACES_CLEAN	True	derived	78	5.3x3.8x1.3	meadows(78)	blueprint	Bri Games	none stated	reference	OverDrive/BiomeBlueprints	OverDrive/BiomeBlueprints	599b7fb367f13f94a1a3094f8b6f16585e2ef26e3756853c1074f37cfc759f53	78 pieces, 6 prefabs, 5.3x3.8x1.3 m, 0 stations, 0 beds, 0 portals	source biome tag: blackforest; material tier: meadows. DERIVED from the measurements in `role` -- not a curated judgement	14 terrain rows discarded by Infinity Hammer (#Terrain) -- level the ground by hand, and strip them before the RCON route
outposttower_remnant.blueprint	outposttower_remnant.blueprint	flavour	module	PLACES_CLEAN	True	curated	73	10.5x9.0x5.5	blackforest(50)	blueprint	Raimod	AGPL-3.0	reference	RickardAndreasAgren/ValheimBlueprintCruncher	RickardAndreasAgren/ValheimBlueprintCruncher	1ecefbac29947830d1b5cac52929fc04039f3048da91b7fd7a9cc14a4545f095	footprint stub only, 73 pieces	ruins scatter	
twotwohouse_remnant.blueprint	twotwohouse_remnant.blueprint	flavour	module	PLACES_CLEAN	True	curated	70	8.0x14.0x3.0	meadows(70)	blueprint	Raimod	AGPL-3.0	reference	RickardAndreasAgren/ValheimBlueprintCruncher	RickardAndreasAgren/ValheimBlueprintCruncher	18f35c65a0ae90cc7e1790155bd3bfb4cc25944bc6ada9976bb838860c178e6f	floor plate only, 70 pieces	ruins scatter	
hs_blackforest_stilt_house.blueprint	hs_blackforest_stilt_house.blueprint	flavour	module	PLACES_CLEAN	True	derived	68	4.0x8.0x6.0	meadows(68)	blueprint	Biome Blueprints	none stated	reference	OverDrive/BiomeBlueprints	OverDrive/BiomeBlueprints	d568e1a6c6ce7d7855b8e0d48299380e4e6cad3e71503149be6c3d3e4e7d7b9d	68 pieces, 8 prefabs, 4.0x8.0x6.0 m, 0 stations, 0 beds, 0 portals	source biome tag: blackforest; material tier: meadows. DERIVED from the measurements in `role` -- not a curated judgement	16 terrain rows discarded by Infinity Hammer (#Terrain) -- level the ground by hand, and strip them before the RCON route
hs_meadows_stilt_house.blueprint	hs_meadows_stilt_house.blueprint	flavour	module	PLACES_CLEAN	True	derived	68	4.0x8.0x6.0	meadows(68)	blueprint	Biome Blueprints	none stated	reference	OverDrive/BiomeBlueprints	OverDrive/BiomeBlueprints	9c6dfa5c6ec774307420eda9b145bc252b742efbd58a3c0a5fce34e94fd215a4	68 pieces, 8 prefabs, 4.0x8.0x6.0 m, 0 stations, 0 beds, 0 portals	source biome tag: meadows; material tier: meadows. DERIVED from the measurements in `role` -- not a curated judgement	16 terrain rows discarded by Infinity Hammer (#Terrain) -- level the ground by hand, and strip them before the RCON route
hs_mistlands_stilt_house.blueprint	hs_mistlands_stilt_house.blueprint	flavour	module	PLACES_CLEAN	True	derived	68	4.0x8.0x6.0	meadows(68)	blueprint	Biome Blueprints	none stated	reference	OverDrive/BiomeBlueprints	OverDrive/BiomeBlueprints	8136287aface9a939b6be3de9348b83bed1e462d9beeb293556e6f33d411f9b3	68 pieces, 8 prefabs, 4.0x8.0x6.0 m, 0 stations, 0 beds, 0 portals	source biome tag: mistlands; material tier: meadows. DERIVED from the measurements in `role` -- not a curated judgement	16 terrain rows discarded by Infinity Hammer (#Terrain) -- level the ground by hand, and strip them before the RCON route
hs_mountain_stilt_house.blueprint	hs_mountain_stilt_house.blueprint	flavour	module	PLACES_CLEAN	True	derived	68	4.0x8.0x6.0	meadows(68)	blueprint	Biome Blueprints	none stated	reference	OverDrive/BiomeBlueprints	OverDrive/BiomeBlueprints	c6f24dde01ff9ee2407130ffe03c857eb4f6e7cc74ad239a9852c7f713071cf7	68 pieces, 8 prefabs, 4.0x8.0x6.0 m, 0 stations, 0 beds, 0 portals	source biome tag: mountain; material tier: meadows. DERIVED from the measurements in `role` -- not a curated judgement	16 terrain rows discarded by Infinity Hammer (#Terrain) -- level the ground by hand, and strip them before the RCON route
hs_plains_stilt_house.blueprint	hs_plains_stilt_house.blueprint	flavour	module	PLACES_CLEAN	True	derived	68	4.0x8.0x6.0	meadows(68)	blueprint	Biome Blueprints	none stated	reference	OverDrive/BiomeBlueprints	OverDrive/BiomeBlueprints	12af11aae5b2a14de0018a55710e79c5f1bf2fb64584b6aaadf0475feae6d2c8	68 pieces, 8 prefabs, 4.0x8.0x6.0 m, 0 stations, 0 beds, 0 portals	source biome tag: plains; material tier: meadows. DERIVED from the measurements in `role` -- not a curated judgement	16 terrain rows discarded by Infinity Hammer (#Terrain) -- level the ground by hand, and strip them before the RCON route
hs_swamp_stilt_house.blueprint	hs_swamp_stilt_house.blueprint	flavour	module	PLACES_CLEAN	True	derived	68	4.0x8.0x6.0	meadows(68)	blueprint	Biome Blueprints	none stated	reference	OverDrive/BiomeBlueprints	OverDrive/BiomeBlueprints	462d63d16b43f1b6dbd95bd02f581aa9de1fa7db408a7a827d0f1dcdaee349f1	68 pieces, 8 prefabs, 4.0x8.0x6.0 m, 0 stations, 0 beds, 0 portals	source biome tag: swamp; material tier: meadows. DERIVED from the measurements in `role` -- not a curated judgement	16 terrain rows discarded by Infinity Hammer (#Terrain) -- level the ground by hand, and strip them before the RCON route
hs_blackforest_enchantedforeststumpcombo_brigames.blueprint	hs_blackforest_enchantedforeststumpcombo_brigames.blueprint	flavour	module	PLACES_CLEAN	True	derived	65	8.7x11.1x11.3	mistlands(1)	blueprint	Bri Games	none stated	reference	OverDrive/BiomeBlueprints	OverDrive/BiomeBlueprints	64951c3d227295242551856be5c50ae96780d8cf005c38d65d2e05413d542474	65 pieces, 7 prefabs, 8.7x11.1x11.3 m, 0 stations, 0 beds, 0 portals	source biome tag: blackforest; material tier: mistlands. DERIVED from the measurements in `role` -- not a curated judgement	23 terrain rows discarded by Infinity Hammer (#Terrain) -- level the ground by hand, and strip them before the RCON route
hs_blackforest_chessboard.blueprint	hs_blackforest_chessboard.blueprint	flavour	module	PLACES_CLEAN	True	derived	64	2.0x1.9x0.0	meadows(64)	blueprint	Panagist	none stated	reference	OverDrive/BiomeBlueprints	OverDrive/BiomeBlueprints	d788bc960506cfec0dd8868eb0a62d02ccf36f03969e76d7429f835acf1267b0	64 pieces, 1 prefabs, 2.0x1.9x0.0 m, 0 stations, 0 beds, 0 portals	source biome tag: blackforest; material tier: meadows. DERIVED from the measurements in `role` -- not a curated judgement	12 terrain rows discarded by Infinity Hammer (#Terrain) -- level the ground by hand, and strip them before the RCON route
hs_blackforest_stone_cottage.blueprint	hs_blackforest_stone_cottage.blueprint	flavour	module	PLACES_CLEAN	True	derived	64	4.0x6.0x6.5	blackforest(10)	blueprint	Biome Blueprints	none stated	reference	OverDrive/BiomeBlueprints	OverDrive/BiomeBlueprints	071387682a00e6747561fde51f0e17dc9603f596ad0ee56ee89fe80aa34186b6	64 pieces, 9 prefabs, 4.0x6.0x6.5 m, 0 stations, 0 beds, 0 portals	source biome tag: blackforest; material tier: blackforest. DERIVED from the measurements in `role` -- not a curated judgement	14 terrain rows discarded by Infinity Hammer (#Terrain) -- level the ground by hand, and strip them before the RCON route
hs_meadows_stone_cottage.blueprint	hs_meadows_stone_cottage.blueprint	flavour	module	PLACES_CLEAN	True	derived	64	4.0x6.0x6.5	blackforest(10)	blueprint	Biome Blueprints	none stated	reference	OverDrive/BiomeBlueprints	OverDrive/BiomeBlueprints	8c7b052641de15b112678579bcf6a96e5f085cb068c727109ddfea31c08a22eb	64 pieces, 9 prefabs, 4.0x6.0x6.5 m, 0 stations, 0 beds, 0 portals	source biome tag: meadows; material tier: blackforest. DERIVED from the measurements in `role` -- not a curated judgement	14 terrain rows discarded by Infinity Hammer (#Terrain) -- level the ground by hand, and strip them before the RCON route
hs_mistlands_stone_cottage.blueprint	hs_mistlands_stone_cottage.blueprint	flavour	module	PLACES_CLEAN	True	derived	64	4.0x6.0x6.5	blackforest(10)	blueprint	Biome Blueprints	none stated	reference	OverDrive/BiomeBlueprints	OverDrive/BiomeBlueprints	aae47cc0ce26556fe702757ef0eb9bbdb8807c8d536ebc1743a825058395dece	64 pieces, 9 prefabs, 4.0x6.0x6.5 m, 0 stations, 0 beds, 0 portals	source biome tag: mistlands; material tier: blackforest. DERIVED from the measurements in `role` -- not a curated judgement	14 terrain rows discarded by Infinity Hammer (#Terrain) -- level the ground by hand, and strip them before the RCON route
hs_mountain_stone_cottage.blueprint	hs_mountain_stone_cottage.blueprint	flavour	module	PLACES_CLEAN	True	derived	64	4.0x6.0x6.5	blackforest(10)	blueprint	Biome Blueprints	none stated	reference	OverDrive/BiomeBlueprints	OverDrive/BiomeBlueprints	d3f7e7ac24ff3ead871dc3473bea2ac8a38dc2f27926dd57e8f74e2471f122a0	64 pieces, 9 prefabs, 4.0x6.0x6.5 m, 0 stations, 0 beds, 0 portals	source biome tag: mountain; material tier: blackforest. DERIVED from the measurements in `role` -- not a curated judgement	14 terrain rows discarded by Infinity Hammer (#Terrain) -- level the ground by hand, and strip them before the RCON route
hs_plains_stone_cottage.blueprint	hs_plains_stone_cottage.blueprint	flavour	module	PLACES_CLEAN	True	derived	64	4.0x6.0x6.5	blackforest(10)	blueprint	Biome Blueprints	none stated	reference	OverDrive/BiomeBlueprints	OverDrive/BiomeBlueprints	f75da1c012798158619e35516ea574d352f7243f7a3195acdcb209d3d28014e1	64 pieces, 9 prefabs, 4.0x6.0x6.5 m, 0 stations, 0 beds, 0 portals	source biome tag: plains; material tier: blackforest. DERIVED from the measurements in `role` -- not a curated judgement	14 terrain rows discarded by Infinity Hammer (#Terrain) -- level the ground by hand, and strip them before the RCON route
hs_swamp_stone_cottage.blueprint	hs_swamp_stone_cottage.blueprint	flavour	module	PLACES_CLEAN	True	derived	64	4.0x6.0x6.5	blackforest(10)	blueprint	Biome Blueprints	none stated	reference	OverDrive/BiomeBlueprints	OverDrive/BiomeBlueprints	680538dc5b04e98df938f7fff83987f14f0a9a2b214d9d1450ef9d1b9f082fbd	64 pieces, 9 prefabs, 4.0x6.0x6.5 m, 0 stations, 0 beds, 0 portals	source biome tag: swamp; material tier: blackforest. DERIVED from the measurements in `role` -- not a curated judgement	14 terrain rows discarded by Infinity Hammer (#Terrain) -- level the ground by hand, and strip them before the RCON route
sample_001.blueprint	sample_001.blueprint	flavour	module	PLACES_CLEAN	True	derived	63	12.0x8.0x5.0	meadows(63)	blueprint	Homestead	GPL-3.0	reference	sighsorry1029/Homestead	sighsorry1029/Homestead	2d5c125e9b15591ed68818f4e18b1e10fdb1fd00d192ac3e3677facf4d8ba4df	63 pieces, 8 prefabs, 12.0x8.0x5.0 m, 0 stations, 0 beds, 0 portals	source biome tag: none; material tier: meadows. DERIVED from the measurements in `role` -- not a curated judgement	
hs_ashlands_henhousevanilla_brigames.blueprint	hs_ashlands_henhousevanilla_brigames.blueprint	flavour	module	PLACES_CLEAN	True	derived	62	4.7x5.9x3.6	ashlands(18)	blueprint	Bri Games	none stated	reference	OverDrive/BiomeBlueprints	OverDrive/BiomeBlueprints	c62f3bafd2b901be6706f204ab55cce5eeba3102a3c8fb7c3aa05e5dd08ff10e	62 pieces, 15 prefabs, 4.7x5.9x3.6 m, 0 stations, 0 beds, 0 portals	source biome tag: ashlands; material tier: ashlands. DERIVED from the measurements in `role` -- not a curated judgement	16 terrain rows discarded by Infinity Hammer (#Terrain) -- level the ground by hand, and strip them before the RCON route
hs_blackforest_house.blueprint	hs_blackforest_house.blueprint	flavour	module	PLACES_CLEAN	True	derived	60	4.0x8.0x5.0	meadows(60)	blueprint	Biome Blueprints	none stated	reference	OverDrive/BiomeBlueprints	OverDrive/BiomeBlueprints	4520578d7ba62313abde8ec5d35f18ae9e7e034f65b3517abfe5719925be6492	60 pieces, 7 prefabs, 4.0x8.0x5.0 m, 0 stations, 0 beds, 0 portals	source biome tag: blackforest; material tier: meadows. DERIVED from the measurements in `role` -- not a curated judgement	16 terrain rows discarded by Infinity Hammer (#Terrain) -- level the ground by hand, and strip them before the RCON route
hs_meadows_house.blueprint	hs_meadows_house.blueprint	flavour	module	PLACES_CLEAN	True	derived	60	4.0x8.0x5.0	meadows(60)	blueprint	Biome Blueprints	none stated	reference	OverDrive/BiomeBlueprints	OverDrive/BiomeBlueprints	7092968b52d0a1a9eb6b96794d4af2490993334a0a763152b6a35e946853392b	60 pieces, 7 prefabs, 4.0x8.0x5.0 m, 0 stations, 0 beds, 0 portals	source biome tag: meadows; material tier: meadows. DERIVED from the measurements in `role` -- not a curated judgement	16 terrain rows discarded by Infinity Hammer (#Terrain) -- level the ground by hand, and strip them before the RCON route
hs_mistlands_house.blueprint	hs_mistlands_house.blueprint	flavour	module	PLACES_CLEAN	True	derived	60	4.0x8.0x5.0	meadows(60)	blueprint	Biome Blueprints	none stated	reference	OverDrive/BiomeBlueprints	OverDrive/BiomeBlueprints	0bad20f5573a80fbb6a97a7181e639695dff454d6f79a6ce29f5229ea3798c93	60 pieces, 7 prefabs, 4.0x8.0x5.0 m, 0 stations, 0 beds, 0 portals	source biome tag: mistlands; material tier: meadows. DERIVED from the measurements in `role` -- not a curated judgement	16 terrain rows discarded by Infinity Hammer (#Terrain) -- level the ground by hand, and strip them before the RCON route
hs_mountain_house.blueprint	hs_mountain_house.blueprint	flavour	module	PLACES_CLEAN	True	derived	60	4.0x8.0x5.0	meadows(60)	blueprint	Biome Blueprints	none stated	reference	OverDrive/BiomeBlueprints	OverDrive/BiomeBlueprints	e1bcf8dfd44a00b1f8516c780b8f4d5a69c735685b6eb3e002f33d5458d7244f	60 pieces, 7 prefabs, 4.0x8.0x5.0 m, 0 stations, 0 beds, 0 portals	source biome tag: mountain; material tier: meadows. DERIVED from the measurements in `role` -- not a curated judgement	16 terrain rows discarded by Infinity Hammer (#Terrain) -- level the ground by hand, and strip them before the RCON route
hs_plains_house.blueprint	hs_plains_house.blueprint	flavour	module	PLACES_CLEAN	True	derived	60	4.0x8.0x5.0	meadows(60)	blueprint	Biome Blueprints	none stated	reference	OverDrive/BiomeBlueprints	OverDrive/BiomeBlueprints	c7d5e51593b8782b9160eb3d3d1e6899866d0d5f689877007b60f48054280b3a	60 pieces, 7 prefabs, 4.0x8.0x5.0 m, 0 stations, 0 beds, 0 portals	source biome tag: plains; material tier: meadows. DERIVED from the measurements in `role` -- not a curated judgement	16 terrain rows discarded by Infinity Hammer (#Terrain) -- level the ground by hand, and strip them before the RCON route
hs_swamp_house.blueprint	hs_swamp_house.blueprint	flavour	module	PLACES_CLEAN	True	derived	60	4.0x8.0x5.0	meadows(60)	blueprint	Biome Blueprints	none stated	reference	OverDrive/BiomeBlueprints	OverDrive/BiomeBlueprints	647c3e34db05a2a7eddfbed4b4005a4692507745441333711deb4347f9086f33	60 pieces, 7 prefabs, 4.0x8.0x5.0 m, 0 stations, 0 beds, 0 portals	source biome tag: swamp; material tier: meadows. DERIVED from the measurements in `role` -- not a curated judgement	16 terrain rows discarded by Infinity Hammer (#Terrain) -- level the ground by hand, and strip them before the RCON route
SettlerRuins_Ashlands1.blueprint	SettlerRuins_Ashlands1.blueprint	flavour	module	PLACES_CLEAN	True	curated	59	22.5x16.3x16.9	meadows(59)	blueprint	SiR RuStY SpOoN	none stated	reference	RustyMods/VikingNPC	RustyMods/VikingNPC	f805eeea70da5554a7b2e0cc3100851d96ef802081b8cbb90baf81d95ba6b7c5	scattered ruins, 23 x 16 m, 59 pieces	Ashlands ruins scatter. top_tier reads meadows because its Ashlands content is world STATICS (Ashlands_*, FernAshlands), not craftable ashwood -- so it costs nothing to place and works as a ruin scatter in any biome	
hs_blackforest_stilt_cottage.blueprint	hs_blackforest_stilt_cottage.blueprint	flavour	module	PLACES_CLEAN	True	derived	54	4.0x6.0x6.0	meadows(54)	blueprint	Biome Blueprints	none stated	reference	OverDrive/BiomeBlueprints	OverDrive/BiomeBlueprints	cea4c17d0d3bb2fab50fcf3e17c2518dae7adcc0bc213b0a6879877cd2a994ee	54 pieces, 8 prefabs, 4.0x6.0x6.0 m, 0 stations, 0 beds, 0 portals	source biome tag: blackforest; material tier: meadows. DERIVED from the measurements in `role` -- not a curated judgement	14 terrain rows discarded by Infinity Hammer (#Terrain) -- level the ground by hand, and strip them before the RCON route
hs_meadows_stilt_cottage.blueprint	hs_meadows_stilt_cottage.blueprint	flavour	module	PLACES_CLEAN	True	derived	54	4.0x6.0x6.0	meadows(54)	blueprint	Biome Blueprints	none stated	reference	OverDrive/BiomeBlueprints	OverDrive/BiomeBlueprints	499882451ad629f689ceb0e91c1d67681b6ab0e5397e082917e9d281d4279cd9	54 pieces, 8 prefabs, 4.0x6.0x6.0 m, 0 stations, 0 beds, 0 portals	source biome tag: meadows; material tier: meadows. DERIVED from the measurements in `role` -- not a curated judgement	14 terrain rows discarded by Infinity Hammer (#Terrain) -- level the ground by hand, and strip them before the RCON route
hs_mistlands_stilt_cottage.blueprint	hs_mistlands_stilt_cottage.blueprint	flavour	module	PLACES_CLEAN	True	derived	54	4.0x6.0x6.0	meadows(54)	blueprint	Biome Blueprints	none stated	reference	OverDrive/BiomeBlueprints	OverDrive/BiomeBlueprints	f727d26feeec20ae4b0e90fc54eb6379c1430e3022ac8556f21ec0bb2b194eff	54 pieces, 8 prefabs, 4.0x6.0x6.0 m, 0 stations, 0 beds, 0 portals	source biome tag: mistlands; material tier: meadows. DERIVED from the measurements in `role` -- not a curated judgement	14 terrain rows discarded by Infinity Hammer (#Terrain) -- level the ground by hand, and strip them before the RCON route
hs_mountain_stilt_cottage.blueprint	hs_mountain_stilt_cottage.blueprint	flavour	module	PLACES_CLEAN	True	derived	54	4.0x6.0x6.0	meadows(54)	blueprint	Biome Blueprints	none stated	reference	OverDrive/BiomeBlueprints	OverDrive/BiomeBlueprints	8d37723e81d524b51563dcea7cbf42740598f0759b1e91d3cef7eb78608c1ebf	54 pieces, 8 prefabs, 4.0x6.0x6.0 m, 0 stations, 0 beds, 0 portals	source biome tag: mountain; material tier: meadows. DERIVED from the measurements in `role` -- not a curated judgement	14 terrain rows discarded by Infinity Hammer (#Terrain) -- level the ground by hand, and strip them before the RCON route
hs_plains_stilt_cottage.blueprint	hs_plains_stilt_cottage.blueprint	flavour	module	PLACES_CLEAN	True	derived	54	4.0x6.0x6.0	meadows(54)	blueprint	Biome Blueprints	none stated	reference	OverDrive/BiomeBlueprints	OverDrive/BiomeBlueprints	c79d453050578ff41a4a502afd35684401724c41aa450edebdd774a667fa00a6	54 pieces, 8 prefabs, 4.0x6.0x6.0 m, 0 stations, 0 beds, 0 portals	source biome tag: plains; material tier: meadows. DERIVED from the measurements in `role` -- not a curated judgement	14 terrain rows discarded by Infinity Hammer (#Terrain) -- level the ground by hand, and strip them before the RCON route
hs_swamp_stilt_cottage.blueprint	hs_swamp_stilt_cottage.blueprint	flavour	module	PLACES_CLEAN	True	derived	54	4.0x6.0x6.0	meadows(54)	blueprint	Biome Blueprints	none stated	reference	OverDrive/BiomeBlueprints	OverDrive/BiomeBlueprints	8210c0f27ea2d53a210d3648baabdf390a9e05e5128a010b836ad7c3c98546d0	54 pieces, 8 prefabs, 4.0x6.0x6.0 m, 0 stations, 0 beds, 0 portals	source biome tag: swamp; material tier: meadows. DERIVED from the measurements in `role` -- not a curated judgement	14 terrain rows discarded by Infinity Hammer (#Terrain) -- level the ground by hand, and strip them before the RCON route
hs_blackforest_cottage.blueprint	hs_blackforest_cottage.blueprint	flavour	module	PLACES_CLEAN	True	derived	48	4.0x6.0x5.0	meadows(48)	blueprint	Biome Blueprints	none stated	reference	OverDrive/BiomeBlueprints	OverDrive/BiomeBlueprints	3bc9404c738dd15c2ace3c9a9032875e3b736e05fd4831bf881612111278b18e	48 pieces, 7 prefabs, 4.0x6.0x5.0 m, 0 stations, 0 beds, 0 portals	source biome tag: blackforest; material tier: meadows. DERIVED from the measurements in `role` -- not a curated judgement	14 terrain rows discarded by Infinity Hammer (#Terrain) -- level the ground by hand, and strip them before the RCON route
hs_meadows_cottage.blueprint	hs_meadows_cottage.blueprint	flavour	module	PLACES_CLEAN	True	derived	48	4.0x6.0x5.0	meadows(48)	blueprint	Biome Blueprints	none stated	reference	OverDrive/BiomeBlueprints	OverDrive/BiomeBlueprints	64c0fc8263989af22c0d1d9dab8200bc7dedac5033b164130ef3483da2c11ea9	48 pieces, 7 prefabs, 4.0x6.0x5.0 m, 0 stations, 0 beds, 0 portals	source biome tag: meadows; material tier: meadows. DERIVED from the measurements in `role` -- not a curated judgement	14 terrain rows discarded by Infinity Hammer (#Terrain) -- level the ground by hand, and strip them before the RCON route
hs_mistlands_cottage.blueprint	hs_mistlands_cottage.blueprint	flavour	module	PLACES_CLEAN	True	derived	48	4.0x6.0x5.0	meadows(48)	blueprint	Biome Blueprints	none stated	reference	OverDrive/BiomeBlueprints	OverDrive/BiomeBlueprints	a255d5f373e6831eed36e03015b376674c2a77b18213dcdec6775294caecc6f7	48 pieces, 7 prefabs, 4.0x6.0x5.0 m, 0 stations, 0 beds, 0 portals	source biome tag: mistlands; material tier: meadows. DERIVED from the measurements in `role` -- not a curated judgement	14 terrain rows discarded by Infinity Hammer (#Terrain) -- level the ground by hand, and strip them before the RCON route
hs_mountain_cottage.blueprint	hs_mountain_cottage.blueprint	flavour	module	PLACES_CLEAN	True	derived	48	4.0x6.0x5.0	meadows(48)	blueprint	Biome Blueprints	none stated	reference	OverDrive/BiomeBlueprints	OverDrive/BiomeBlueprints	3a9145bdabe3a359b9b79a03542e69134bf4b53f66354f32434393ab792f46c0	48 pieces, 7 prefabs, 4.0x6.0x5.0 m, 0 stations, 0 beds, 0 portals	source biome tag: mountain; material tier: meadows. DERIVED from the measurements in `role` -- not a curated judgement	14 terrain rows discarded by Infinity Hammer (#Terrain) -- level the ground by hand, and strip them before the RCON route
hs_plains_cottage.blueprint	hs_plains_cottage.blueprint	flavour	module	PLACES_CLEAN	True	derived	48	4.0x6.0x5.0	meadows(48)	blueprint	Biome Blueprints	none stated	reference	OverDrive/BiomeBlueprints	OverDrive/BiomeBlueprints	edb1ee4cc3f10388d0d117932ce75a4447e44321d91444844041a86569c22081	48 pieces, 7 prefabs, 4.0x6.0x5.0 m, 0 stations, 0 beds, 0 portals	source biome tag: plains; material tier: meadows. DERIVED from the measurements in `role` -- not a curated judgement	14 terrain rows discarded by Infinity Hammer (#Terrain) -- level the ground by hand, and strip them before the RCON route
hs_swamp_cottage.blueprint	hs_swamp_cottage.blueprint	flavour	module	PLACES_CLEAN	True	derived	48	4.0x6.0x5.0	meadows(48)	blueprint	Biome Blueprints	none stated	reference	OverDrive/BiomeBlueprints	OverDrive/BiomeBlueprints	466eca3debc2a1b2f401b4b1dd43d866c41ccbc2452889696a5600838763a906	48 pieces, 7 prefabs, 4.0x6.0x5.0 m, 0 stations, 0 beds, 0 portals	source biome tag: swamp; material tier: meadows. DERIVED from the measurements in `role` -- not a curated judgement	14 terrain rows discarded by Infinity Hammer (#Terrain) -- level the ground by hand, and strip them before the RCON route
hs_blackforest_stilt_hut.blueprint	hs_blackforest_stilt_hut.blueprint	flavour	module	PLACES_CLEAN	True	derived	32	4.0x4.0x4.0	meadows(32)	blueprint	Biome Blueprints	none stated	reference	OverDrive/BiomeBlueprints	OverDrive/BiomeBlueprints	77427b11c02e80bd12fdd41225be9af68f1e212340d2f5c63f0c79503e0b342c	32 pieces, 8 prefabs, 4.0x4.0x4.0 m, 0 stations, 0 beds, 0 portals	source biome tag: blackforest; material tier: meadows. DERIVED from the measurements in `role` -- not a curated judgement	12 terrain rows discarded by Infinity Hammer (#Terrain) -- level the ground by hand, and strip them before the RCON route
hs_meadows_stilt_hut.blueprint	hs_meadows_stilt_hut.blueprint	flavour	module	PLACES_CLEAN	True	derived	32	4.0x4.0x4.0	meadows(32)	blueprint	Biome Blueprints	none stated	reference	OverDrive/BiomeBlueprints	OverDrive/BiomeBlueprints	7fe00e16ce3472e44d1d45d324ab3d41a7e5e957f3fd3c0db6ea7739616582fd	32 pieces, 8 prefabs, 4.0x4.0x4.0 m, 0 stations, 0 beds, 0 portals	source biome tag: meadows; material tier: meadows. DERIVED from the measurements in `role` -- not a curated judgement	12 terrain rows discarded by Infinity Hammer (#Terrain) -- level the ground by hand, and strip them before the RCON route
hs_mistlands_stilt_hut.blueprint	hs_mistlands_stilt_hut.blueprint	flavour	module	PLACES_CLEAN	True	derived	32	4.0x4.0x4.0	meadows(32)	blueprint	Biome Blueprints	none stated	reference	OverDrive/BiomeBlueprints	OverDrive/BiomeBlueprints	404b804f20b66e4799cb5dd8b21ae8a50d5dd06f92fd709f0748982a3ab51685	32 pieces, 8 prefabs, 4.0x4.0x4.0 m, 0 stations, 0 beds, 0 portals	source biome tag: mistlands; material tier: meadows. DERIVED from the measurements in `role` -- not a curated judgement	12 terrain rows discarded by Infinity Hammer (#Terrain) -- level the ground by hand, and strip them before the RCON route
hs_mountain_stilt_hut.blueprint	hs_mountain_stilt_hut.blueprint	flavour	module	PLACES_CLEAN	True	derived	32	4.0x4.0x4.0	meadows(32)	blueprint	Biome Blueprints	none stated	reference	OverDrive/BiomeBlueprints	OverDrive/BiomeBlueprints	3a655c031157a907e2b7a6fb4df0eaf623790867cbc9cdcef3ece830ce59ec70	32 pieces, 8 prefabs, 4.0x4.0x4.0 m, 0 stations, 0 beds, 0 portals	source biome tag: mountain; material tier: meadows. DERIVED from the measurements in `role` -- not a curated judgement	12 terrain rows discarded by Infinity Hammer (#Terrain) -- level the ground by hand, and strip them before the RCON route
hs_plains_stilt_hut.blueprint	hs_plains_stilt_hut.blueprint	flavour	module	PLACES_CLEAN	True	derived	32	4.0x4.0x4.0	meadows(32)	blueprint	Biome Blueprints	none stated	reference	OverDrive/BiomeBlueprints	OverDrive/BiomeBlueprints	017a58ee649bdfc0daf7255f06b8aca136d6eec3f8f43e2d635c50b85281df88	32 pieces, 8 prefabs, 4.0x4.0x4.0 m, 0 stations, 0 beds, 0 portals	source biome tag: plains; material tier: meadows. DERIVED from the measurements in `role` -- not a curated judgement	12 terrain rows discarded by Infinity Hammer (#Terrain) -- level the ground by hand, and strip them before the RCON route
hs_swamp_stilt_hut.blueprint	hs_swamp_stilt_hut.blueprint	flavour	module	PLACES_CLEAN	True	derived	32	4.0x4.0x4.0	meadows(32)	blueprint	Biome Blueprints	none stated	reference	OverDrive/BiomeBlueprints	OverDrive/BiomeBlueprints	db62ab2439a2c2c712c1b3c89be1d050500fe062703d72977709ea5aa89ec8e3	32 pieces, 8 prefabs, 4.0x4.0x4.0 m, 0 stations, 0 beds, 0 portals	source biome tag: swamp; material tier: meadows. DERIVED from the measurements in `role` -- not a curated judgement	12 terrain rows discarded by Infinity Hammer (#Terrain) -- level the ground by hand, and strip them before the RCON route
instairtower_remnant.blueprint	instairtower_remnant.blueprint	flavour	module	PLACES_CLEAN	True	curated	30	6.0x9.5x4.1	blackforest(27)	blueprint	Raimod	AGPL-3.0	reference	RickardAndreasAgren/ValheimBlueprintCruncher	RickardAndreasAgren/ValheimBlueprintCruncher	193bcbbcefd3df622223674610ec77135c5ef08af98bd1edc3c4ca69ef5e5de7	foundation stub only, 30 pieces	the cheapest ruin stamp in the library	
hs_ashlands_madzobuild_couch3.blueprint	hs_ashlands_madzobuild_couch3.blueprint	flavour	module	PLACES_CLEAN	True	derived	30	2.6x3.9x2.0	ashlands(13)	blueprint	Madzobuild	none stated	reference	OverDrive/BiomeBlueprints	OverDrive/BiomeBlueprints	b9a2c2b6bb638858ca0eb48184d0491135aafe7b2825b1909e9e9f2822d8149f	30 pieces, 4 prefabs, 2.6x3.9x2.0 m, 0 stations, 0 beds, 0 portals	source biome tag: ashlands; material tier: ashlands. DERIVED from the measurements in `role` -- not a curated judgement	12 terrain rows discarded by Infinity Hammer (#Terrain) -- level the ground by hand, and strip them before the RCON route
pillartower_remnant.blueprint	pillartower_remnant.blueprint	flavour	module	PLACES_CLEAN	True	curated	29	12.5x7.0x4.5	blackforest(20)	blueprint	Raimod	AGPL-3.0	reference	RickardAndreasAgren/ValheimBlueprintCruncher	RickardAndreasAgren/ValheimBlueprintCruncher	cc6102364d662ca5d982a29bcdbc96e7aeb3811d96034e353fbae31eee3db406	pillar stubs only, 29 pieces	ruins scatter -- smallest stamp in the library	
hs_blackforest_hut.blueprint	hs_blackforest_hut.blueprint	flavour	module	PLACES_CLEAN	True	derived	28	4.0x4.0x3.0	meadows(28)	blueprint	Biome Blueprints	none stated	reference	OverDrive/BiomeBlueprints	OverDrive/BiomeBlueprints	492e78e16feefccf3b58c1503342732aefc68a9f9b891401eb3b9bc06e588f49	28 pieces, 7 prefabs, 4.0x4.0x3.0 m, 0 stations, 0 beds, 0 portals	source biome tag: blackforest; material tier: meadows. DERIVED from the measurements in `role` -- not a curated judgement	12 terrain rows discarded by Infinity Hammer (#Terrain) -- level the ground by hand, and strip them before the RCON route
hs_meadows_hut.blueprint	hs_meadows_hut.blueprint	flavour	module	PLACES_CLEAN	True	derived	28	4.0x4.0x3.0	meadows(28)	blueprint	Biome Blueprints	none stated	reference	OverDrive/BiomeBlueprints	OverDrive/BiomeBlueprints	83385eeee9cb1f66f327eff8100887609f1adaa805b9a86fb4fcc27f67a4943c	28 pieces, 7 prefabs, 4.0x4.0x3.0 m, 0 stations, 0 beds, 0 portals	source biome tag: meadows; material tier: meadows. DERIVED from the measurements in `role` -- not a curated judgement	12 terrain rows discarded by Infinity Hammer (#Terrain) -- level the ground by hand, and strip them before the RCON route
hs_mistlands_hut.blueprint	hs_mistlands_hut.blueprint	flavour	module	PLACES_CLEAN	True	derived	28	4.0x4.0x3.0	meadows(28)	blueprint	Biome Blueprints	none stated	reference	OverDrive/BiomeBlueprints	OverDrive/BiomeBlueprints	5ca738c7327761932729aa4066814d36d476b54c345a65969c7da24e2fe450fb	28 pieces, 7 prefabs, 4.0x4.0x3.0 m, 0 stations, 0 beds, 0 portals	source biome tag: mistlands; material tier: meadows. DERIVED from the measurements in `role` -- not a curated judgement	12 terrain rows discarded by Infinity Hammer (#Terrain) -- level the ground by hand, and strip them before the RCON route
hs_mountain_hut.blueprint	hs_mountain_hut.blueprint	flavour	module	PLACES_CLEAN	True	derived	28	4.0x4.0x3.0	meadows(28)	blueprint	Biome Blueprints	none stated	reference	OverDrive/BiomeBlueprints	OverDrive/BiomeBlueprints	f20d033907179533590519d3ab64a3c2284b3ab1bd04fa9cefff58158f6775cc	28 pieces, 7 prefabs, 4.0x4.0x3.0 m, 0 stations, 0 beds, 0 portals	source biome tag: mountain; material tier: meadows. DERIVED from the measurements in `role` -- not a curated judgement	12 terrain rows discarded by Infinity Hammer (#Terrain) -- level the ground by hand, and strip them before the RCON route
hs_plains_hut.blueprint	hs_plains_hut.blueprint	flavour	module	PLACES_CLEAN	True	derived	28	4.0x4.0x3.0	meadows(28)	blueprint	Biome Blueprints	none stated	reference	OverDrive/BiomeBlueprints	OverDrive/BiomeBlueprints	2c8e9ecdb98a6410e8a4f8d57ec4d91ed00e6353ae7fc176e216f82d01f9ecb3	28 pieces, 7 prefabs, 4.0x4.0x3.0 m, 0 stations, 0 beds, 0 portals	source biome tag: plains; material tier: meadows. DERIVED from the measurements in `role` -- not a curated judgement	12 terrain rows discarded by Infinity Hammer (#Terrain) -- level the ground by hand, and strip them before the RCON route
hs_swamp_hut.blueprint	hs_swamp_hut.blueprint	flavour	module	PLACES_CLEAN	True	derived	28	4.0x4.0x3.0	meadows(28)	blueprint	Biome Blueprints	none stated	reference	OverDrive/BiomeBlueprints	OverDrive/BiomeBlueprints	17001093bf58b78b0684bfc9c64bbb7d1ea0abc728781e9c7af8e7fffd773ddc	28 pieces, 7 prefabs, 4.0x4.0x3.0 m, 0 stations, 0 beds, 0 portals	source biome tag: swamp; material tier: meadows. DERIVED from the measurements in `role` -- not a curated judgement	12 terrain rows discarded by Infinity Hammer (#Terrain) -- level the ground by hand, and strip them before the RCON route
hs_meadows_enchantedforeststump_brigames.blueprint	hs_meadows_enchantedforeststump_brigames.blueprint	flavour	module	PLACES_CLEAN	True	derived	27	5.2x5.7x2.1	meadows(27)	blueprint	Bri Games	none stated	reference	OverDrive/BiomeBlueprints	OverDrive/BiomeBlueprints	964797eb34a86d367dffccbdbba62958598f57fd998f29bc580dae250e0cfcb2	27 pieces, 5 prefabs, 5.2x5.7x2.1 m, 0 stations, 0 beds, 0 portals	source biome tag: meadows; material tier: meadows. DERIVED from the measurements in `role` -- not a curated judgement	16 terrain rows discarded by Infinity Hammer (#Terrain) -- level the ground by hand, and strip them before the RCON route
hs_ashlands_armchair_sidetable_brigames.blueprint	hs_ashlands_armchair_sidetable_brigames.blueprint	flavour	module	PLACES_CLEAN	True	derived	23	1.1x2.5x1.2	ashlands(16)	blueprint	Bri Games	none stated	reference	OverDrive/BiomeBlueprints	OverDrive/BiomeBlueprints	23f59ece69fed682ea2bb77a08241a59be8b54e6d97b2bfd99f65c539ff87615	23 pieces, 8 prefabs, 1.1x2.5x1.2 m, 0 stations, 0 beds, 0 portals	source biome tag: ashlands; material tier: ashlands. DERIVED from the measurements in `role` -- not a curated judgement	12 terrain rows discarded by Infinity Hammer (#Terrain) -- level the ground by hand, and strip them before the RCON route
hs_ashlands_daybed_brigames.blueprint	hs_ashlands_daybed_brigames.blueprint	flavour	module	PLACES_CLEAN	True	derived	19	3.7x3.1x2.2	ashlands(10)	blueprint	Bri Games	none stated	reference	OverDrive/BiomeBlueprints	OverDrive/BiomeBlueprints	be2c5c1f46bd34d3e69eeb82a9b150d6277ceefbaf32abf07318f5982d94b925	19 pieces, 7 prefabs, 3.7x3.1x2.2 m, 0 stations, 0 beds, 0 portals	source biome tag: ashlands; material tier: ashlands. DERIVED from the measurements in `role` -- not a curated judgement	12 terrain rows discarded by Infinity Hammer (#Terrain) -- level the ground by hand, and strip them before the RCON route
hs_ashlands_madzobuild_couch2.blueprint	hs_ashlands_madzobuild_couch2.blueprint	flavour	module	PLACES_CLEAN	True	derived	14	2.0x1.4x2.0	ashlands(7)	blueprint	Madzobuild	none stated	reference	OverDrive/BiomeBlueprints	OverDrive/BiomeBlueprints	ebeb3e0e12eb70482b0186000e5ab67e6598546c72dca846d8589d4ab4a386c3	14 pieces, 4 prefabs, 2.0x1.4x2.0 m, 0 stations, 0 beds, 0 portals	source biome tag: ashlands; material tier: ashlands. DERIVED from the measurements in `role` -- not a curated judgement	12 terrain rows discarded by Infinity Hammer (#Terrain) -- level the ground by hand, and strip them before the RCON route
hs_ashlands_sidetable_book_brigames.blueprint	hs_ashlands_sidetable_book_brigames.blueprint	flavour	module	PLACES_CLEAN	True	derived	13	1.0x1.0x1.2	ashlands(9)	blueprint	Bri Games	none stated	reference	OverDrive/BiomeBlueprints	OverDrive/BiomeBlueprints	f9666121a05e838e0ef7ca7bc75765c6628d001fe370b707ec64f460aeb0db31	13 pieces, 5 prefabs, 1.0x1.0x1.2 m, 0 stations, 0 beds, 0 portals	source biome tag: ashlands; material tier: ashlands. DERIVED from the measurements in `role` -- not a curated judgement	12 terrain rows discarded by Infinity Hammer (#Terrain) -- level the ground by hand, and strip them before the RCON route
hs_ashlands_armchair_brigames.blueprint	hs_ashlands_armchair_brigames.blueprint	flavour	module	PLACES_CLEAN	True	derived	10	0.7x0.7x1.2	ashlands(7)	blueprint	Bri Games	none stated	reference	OverDrive/BiomeBlueprints	OverDrive/BiomeBlueprints	6ce28a5734f2b48f8fdb599e98a07bcf28824535cd6e811295e8672e2970eebf	10 pieces, 3 prefabs, 0.7x0.7x1.2 m, 0 stations, 0 beds, 0 portals	source biome tag: ashlands; material tier: ashlands. DERIVED from the measurements in `role` -- not a curated judgement	12 terrain rows discarded by Infinity Hammer (#Terrain) -- level the ground by hand, and strip them before the RCON route
hs_ashlands_madzobuild_couch1.blueprint	hs_ashlands_madzobuild_couch1.blueprint	flavour	module	PLACES_CLEAN	True	derived	10	0.7x1.3x1.1	ashlands(7)	blueprint	Madzobuild	none stated	reference	OverDrive/BiomeBlueprints	OverDrive/BiomeBlueprints	6d5e9e36705b28f2515a0f82a90ae3891c1c83e74e2f65be3a7b400c2ae4d472	10 pieces, 3 prefabs, 0.7x1.3x1.1 m, 0 stations, 0 beds, 0 portals	source biome tag: ashlands; material tier: ashlands. DERIVED from the measurements in `role` -- not a curated judgement	12 terrain rows discarded by Infinity Hammer (#Terrain) -- level the ground by hand, and strip them before the RCON route
hs_blackforest_madzobuild_woodcouch1.blueprint	hs_blackforest_madzobuild_woodcouch1.blueprint	flavour	module	PLACES_CLEAN	True	derived	10	0.7x1.3x1.1	meadows(10)	blueprint	Madzobuild	none stated	reference	OverDrive/BiomeBlueprints	OverDrive/BiomeBlueprints	5fcae1118232cbebbc101d0f577f076aeed8da5e9a67c5ae509c0c0bcf8e6a9b	10 pieces, 3 prefabs, 0.7x1.3x1.1 m, 0 stations, 0 beds, 0 portals	source biome tag: blackforest; material tier: meadows. DERIVED from the measurements in `role` -- not a curated judgement	12 terrain rows discarded by Infinity Hammer (#Terrain) -- level the ground by hand, and strip them before the RCON route
hs_ashlands_sidetable_brigames.blueprint	hs_ashlands_sidetable_brigames.blueprint	flavour	module	PLACES_CLEAN	True	derived	6	0.7x0.8x1.2	ashlands(4)	blueprint	Bri Games	none stated	reference	OverDrive/BiomeBlueprints	OverDrive/BiomeBlueprints	6b6315c37fceb8011f31a78da0eb487c383a11fab4f4fdd851ce42f5375b6f57	6 pieces, 3 prefabs, 0.7x0.8x1.2 m, 0 stations, 0 beds, 0 portals	source biome tag: ashlands; material tier: ashlands. DERIVED from the measurements in `role` -- not a curated judgement	12 terrain rows discarded by Infinity Hammer (#Terrain) -- level the ground by hand, and strip them before the RCON route
hs_ashlands_barstool_brigames.blueprint	hs_ashlands_barstool_brigames.blueprint	flavour	module	PLACES_CLEAN	True	derived	4	0.6x0.5x1.1	ashlands(2)	blueprint	Bri Games	none stated	reference	OverDrive/BiomeBlueprints	OverDrive/BiomeBlueprints	4e3a1de363553df669aee0d7cb226f7c7dfb71c7c35ff15e3fdce473d2abf9db	4 pieces, 3 prefabs, 0.6x0.5x1.1 m, 0 stations, 0 beds, 0 portals	source biome tag: ashlands; material tier: ashlands. DERIVED from the measurements in `role` -- not a curated judgement	12 terrain rows discarded by Infinity Hammer (#Terrain) -- level the ground by hand, and strip them before the RCON route
hs_ashlands_madzobuild_coffeetable.blueprint	hs_ashlands_madzobuild_coffeetable.blueprint	flavour	module	PLACES_CLEAN	True	derived	4	0.6x0.8x0.5	ashlands(4)	blueprint	Madzobuild	none stated	reference	OverDrive/BiomeBlueprints	OverDrive/BiomeBlueprints	0de7c847036390d74cea27242fb47b9375668b1775ba9a7228eaddf7ecc4dd53	4 pieces, 2 prefabs, 0.6x0.8x0.5 m, 0 stations, 0 beds, 0 portals	source biome tag: ashlands; material tier: ashlands. DERIVED from the measurements in `role` -- not a curated judgement	12 terrain rows discarded by Infinity Hammer (#Terrain) -- level the ground by hand, and strip them before the RCON route
sample_snap.blueprint	sample_snap.blueprint	flavour	module	PLACES_CLEAN	True	derived	4	2.0x0.0x2.0	meadows(4)	blueprint	Homestead	GPL-3.0	reference	sighsorry1029/Homestead	sighsorry1029/Homestead	1deb748026e3463e5a3cd9722d856aa8d69a87cfbb18d37fbfba4c0b541b6882	4 pieces, 1 prefabs, 2.0x0.0x2.0 m, 0 stations, 0 beds, 0 portals	source biome tag: none; material tier: meadows. DERIVED from the measurements in `role` -- not a curated judgement	
sh_firtree_light_black.blueprint	sh_firtree_light_black.blueprint	flavour	module	UNUSABLE	True	curated	2	0.3x0.2x7.5	meadows(2)	blueprint	Oosdevfortyone	none stated	reference	Oosquai/SavheimIV	Oosquai/SavheimIV	81cb215f09d3ed95f5661ab9672026cfc18cc03ac51dba033b1f222b9e35efb1	2-piece coloured fir-tree light	rejected -- mod-only prefab, 50% unresolved	50.0% missing: CL_Raw_Black_small x1
sh_firtree_light_blue.blueprint	sh_firtree_light_blue.blueprint	flavour	module	UNUSABLE	True	curated	2	0.3x0.3x6.9	meadows(2)	blueprint	Oosdevfortyone	none stated	reference	Oosquai/SavheimIV	Oosquai/SavheimIV	5817f5a2b656f7f5f0cdce4684fd4a3c3068006bd6cf048083d9cdfee9bc167a	2-piece coloured fir-tree light	rejected -- mod-only prefab	50.0% missing: CL_Raw_Blue_small x1
sh_firtree_light_green.blueprint	sh_firtree_light_green.blueprint	flavour	module	UNUSABLE	True	curated	2	0.4x0.1x7.4	meadows(2)	blueprint	Oosdevfortyone	none stated	reference	Oosquai/SavheimIV	Oosquai/SavheimIV	595f95ff4cdc2339e6b5be254184ac4c1dcb31afa929c56c160ed6507a1cb810	2-piece coloured fir-tree light	rejected -- mod-only prefab	50.0% missing: CL_Raw_Green_small x1
sh_firtree_light_orange.blueprint	sh_firtree_light_orange.blueprint	flavour	module	UNUSABLE	True	curated	2	0.3x0.3x7.4	meadows(2)	blueprint	Oosdevfortyone	none stated	reference	Oosquai/SavheimIV	Oosquai/SavheimIV	5477e4127231da69140c994b5ffdd6f7bbd7dabea2cb7b764b075752df1f6e67	2-piece coloured fir-tree light	rejected -- mod-only prefab	50.0% missing: CL_Raw_Orange_small x1
sh_firtree_light_purple.blueprint	sh_firtree_light_purple.blueprint	flavour	module	UNUSABLE	True	curated	2	0.3x0.3x7.4	meadows(2)	blueprint	Oosdevfortyone	none stated	reference	Oosquai/SavheimIV	Oosquai/SavheimIV	7dd79e42e1609ab74e3257dc647aad110496129b1e10bfdcd68f86d50341f255	2-piece coloured fir-tree light	rejected -- mod-only prefab	50.0% missing: CL_Raw_Purple_small x1
sh_firtree_light_red.blueprint	sh_firtree_light_red.blueprint	flavour	module	UNUSABLE	True	curated	2	0.3x0.3x7.7	meadows(2)	blueprint	Oosdevfortyone	none stated	reference	Oosquai/SavheimIV	Oosquai/SavheimIV	a568b5fe029a13f77fa274307eafa37a8aa6b7040ce1335cb9bb50d6e2da57d1	2-piece coloured fir-tree light	rejected -- mod-only prefab	50.0% missing: CL_Raw_Red_small x1
sh_firtree_light_yellow.blueprint	sh_firtree_light_yellow.blueprint	flavour	module	UNUSABLE	True	curated	2	0.3x0.2x7.6	meadows(2)	blueprint	Oosdevfortyone	none stated	reference	Oosquai/SavheimIV	Oosquai/SavheimIV	cf5e29d7d7aef2e616047d716868de64c8ffd06bbad60df4ebc47446a28e82df	2-piece coloured fir-tree light	rejected -- mod-only prefab	50.0% missing: CL_Raw_Yellow_small x1
hs_ashlands_neletit_parthenon.blueprint	hs_ashlands_neletit_parthenon.blueprint	flavour	setpiece	PLACES_CLEAN	True	derived	9580	24.0x46.0x17.5	ashlands(8327)	blueprint	Neletit	none stated	reference	OverDrive/BiomeBlueprints	OverDrive/BiomeBlueprints	2713aac8c8b867bf721f9eee486c3077221742fadb8f2f72f1b82a1d40679bcf	9580 pieces, 43 prefabs, 24.0x46.0x17.5 m, 0 stations, 0 beds, 0 portals	source biome tag: ashlands; material tier: ashlands. DERIVED from the measurements in `role` -- not a curated judgement	75 terrain rows discarded by Infinity Hammer (#Terrain) -- level the ground by hand, and strip them before the RCON route
brokkr-the-cathedral__3060609d536b.blueprint	brokkr-the-cathedral.blueprint	flavour	setpiece	PLACES_CLEAN	True	curated	8269	87.2x91.7x61.2	mistlands(626)	blueprint	Oosdevfifty	none stated	reference	Oosquai/SavheimIV	Oosquai/SavheimIV	3060609d536bf8ab73f64ec15103689d8324c122f4b1abde432d50f4684d07b4	cathedral; two divergent copies exist under this name -- SavheimIV 87 x 92 x 61 m, valheim_mod_sync 85 x 86 x 53 m	capital landmark. Both place clean; the SavheimIV copy is the larger of the two	
brokkr-the-cathedral__8127bac49f36.blueprint	brokkr-the-cathedral.blueprint	flavour	setpiece	PLACES_CLEAN	True	curated	8240	85.3x85.6x53.4	mistlands(626)	blueprint	Brokkr	none stated	reference	offsetkeyz/valheim_mod_sync	offsetkeyz/valheim_mod_sync	8127bac49f36600435b33210038f2544b1a0edd790da2b84e222152619b523d7	cathedral; two divergent copies exist under this name -- SavheimIV 87 x 92 x 61 m, valheim_mod_sync 85 x 86 x 53 m	capital landmark. Both place clean; the SavheimIV copy is the larger of the two	
arty-dragontavern.blueprint	arty-dragontavern.blueprint	flavour	setpiece	PLACES_WITH_GAPS	True	curated	6852	42.8x50.6x13.0	swamp(111)	blueprint	Arty	none stated	reference	fleet corpus	fleet corpus	bae11c44b77c4658107550b15eb8eb9947d27108bd8a211183b6e2f10f7311b5	dragon-themed tavern	settlement centre	0.1% missing: Totem3 x5, Totem2 x2; mod-supplied: rk_brazier (TimedTorchesStayLit); ZDO spam: itemstandh x200, sign x188, itemstand x124
hs_ashlands_sheepshank_stoneportalhub.blueprint	hs_ashlands_sheepshank_stoneportalhub.blueprint	flavour	setpiece	PLACES_CLEAN	True	derived	6747	55.9x62.7x12.0	ashlands(2552)	blueprint	Sheepshank	none stated	reference	OverDrive/BiomeBlueprints	OverDrive/BiomeBlueprints	b18a43d26a212fbb6b05fb0084f89f609a5c5e0575bda7a8c9eb15b92458053d	6747 pieces, 56 prefabs, 55.9x62.7x12.0 m, 0 stations, 0 beds, 0 portals	source biome tag: ashlands; material tier: ashlands. DERIVED from the measurements in `role` -- not a curated judgement	178 terrain rows discarded by Infinity Hammer (#Terrain) -- level the ground by hand, and strip them before the RCON route
hs_ashlands_arbby_sherma_6785.blueprint	hs_ashlands_arbby_sherma_6785.blueprint	flavour	setpiece	PLACES_CLEAN	True	derived	5942	43.5x45.8x54.8	ashlands(2081)	blueprint	Cornboy	none stated	reference	OverDrive/BiomeBlueprints	OverDrive/BiomeBlueprints	dae7efc6d67913c92e3c3db74bcfbe6ecf4409588e7c6783e927cd86bca0824c	5942 pieces, 13 prefabs, 43.5x45.8x54.8 m, 0 stations, 0 beds, 0 portals	source biome tag: ashlands; material tier: ashlands. DERIVED from the measurements in `role` -- not a curated judgement	117 terrain rows discarded by Infinity Hammer (#Terrain) -- level the ground by hand, and strip them before the RCON route
magic-tower.blueprint	magic-tower.blueprint	flavour	setpiece	PLACES_CLEAN	True	curated	5895	17.4x17.4x36.8	ashlands(1021)	blueprint	Olivanderr	none stated	reference	fleet corpus	fleet corpus	6f40c2ed25d3e12f99c569a49555379bf17f28eb0a8f3bf50abcca53454f2d5c	wizard tower, 17 x 17 x 37 m	Mistlands landmark	ZDO spam: piece_groundtorch_mist x1853
arty-magetower.blueprint	arty-magetower.blueprint	flavour	setpiece	PLACES_WITH_GAPS	True	curated	4948	36.7x33.4x44.1	mistlands(76)	blueprint	Arty	none stated	reference	fleet corpus	fleet corpus	bd89c8daa098723769d4c66e6eb761a6b069f8b2594c26d9e6ca0c2faf6b79d2	mage tower, 37 x 33 x 44 m	Mistlands landmark	0.36% missing: MarketPlaceNPC x10, Odins_Alchemy_Book x3, opalchemy x2, opcauldron x2, piece_jackopumpkin x1; mod-supplied: piece_augmenter (EpicLoot), rk_brazier (TimedTorchesStayLit), OH_Blue_Mushrooms (OdinsFoodBarrels); ZDO spam: itemstand x558, itemstandh x130
hs_ashlands_admin_veseljko_one_way_maze.blueprint	hs_ashlands_admin_veseljko_one_way_maze.blueprint	flavour	setpiece	PLACES_CLEAN	True	derived	4554	55.1x60.2x13.9	mistlands(2711)	blueprint	Admin Veseljko	none stated	reference	OverDrive/BiomeBlueprints	OverDrive/BiomeBlueprints	0c32337619078d97b0b89823f1fa5b1e8772a6182022193ce71167e8485bd4b5	4554 pieces, 10 prefabs, 55.1x60.2x13.9 m, 0 stations, 0 beds, 0 portals	source biome tag: ashlands; material tier: mistlands. DERIVED from the measurements in `role` -- not a curated judgement	178 terrain rows discarded by Infinity Hammer (#Terrain) -- level the ground by hand, and strip them before the RCON route
hs_ashlands_harbor.blueprint	hs_ashlands_harbor.blueprint	flavour	setpiece	PLACES_CLEAN	True	derived	4381	77.4x64.6x16.5	ashlands(2480)	blueprint	Thysicus	none stated	reference	OverDrive/BiomeBlueprints	OverDrive/BiomeBlueprints	527936734386830d9e6c78424b9d1a3360f7494a7213e3250dae0a35724107da	4381 pieces, 46 prefabs, 77.4x64.6x16.5 m, 0 stations, 0 beds, 0 portals	source biome tag: ashlands; material tier: ashlands. DERIVED from the measurements in `role` -- not a curated judgement	224 terrain rows discarded by Infinity Hammer (#Terrain) -- level the ground by hand, and strip them before the RCON route
hs_ashlands_sheepshank_jorykstombfinal.blueprint	hs_ashlands_sheepshank_jorykstombfinal.blueprint	flavour	setpiece	PLACES_CLEAN	True	derived	4286	42.9x42.1x43.1	ashlands(2092)	blueprint	Sheepshank	none stated	reference	OverDrive/BiomeBlueprints	OverDrive/BiomeBlueprints	39b49564ef314e9f3db9a1df8f3a95ee60df2f3b77b6909862df8f6ce2c28855	4286 pieces, 78 prefabs, 42.9x42.1x43.1 m, 0 stations, 0 beds, 1 portals	source biome tag: ashlands; material tier: ashlands. DERIVED from the measurements in `role` -- not a curated judgement	117 terrain rows discarded by Infinity Hammer (#Terrain) -- level the ground by hand, and strip them before the RCON route
shop.blueprint	shop.blueprint	flavour	setpiece	PLACES_WITH_GAPS	True	curated	4131	51.3x53.8x25.4	ashlands(493)	blueprint	Olivanderr	none stated	reference	fleet corpus	fleet corpus	d0d61ad407d1fa74d52c03cd7eb3b64930b8231bc0278d0f20a6e389473b4978	market hall, 51 x 54 m, 163 itemstands	trader settlement	0.61% missing: h_chain x7, h_window_08 x4, h_window_05 x3, $custompiece_newshelf x2, $custompiece_wallshelf x2, $custompiece_picnicbasket x1; ZDO spam: itemstandh x163
brokkr-the-execution.blueprint	brokkr-the-execution.blueprint	flavour	setpiece	PLACES_CLEAN	True	curated	3873	53.4x49.8x33.5	swamp(104)	blueprint	Oosdevforty	none stated	reference	Oosquai/SavheimIV	Oosquai/SavheimIV	2f5485377c7af2381142b860b4c4630783303b4bfcc8d13daf8666feea081459	execution-yard keep, 53 x 50 x 34 m, 5 stations	grim landmark	
hs_ashlands_badmin_fallen_angel.blueprint	hs_ashlands_badmin_fallen_angel.blueprint	flavour	setpiece	PLACES_CLEAN	True	derived	3221	15.4x26.2x32.8	ashlands(2762)	blueprint	BaDmIn	none stated	reference	OverDrive/BiomeBlueprints	OverDrive/BiomeBlueprints	a66f89ec753684cce20cb812d01316674aa8a08d4714823a98636cfed47deac4	3221 pieces, 16 prefabs, 15.4x26.2x32.8 m, 0 stations, 0 beds, 0 portals	source biome tag: ashlands; material tier: ashlands. DERIVED from the measurements in `role` -- not a curated judgement	44 terrain rows discarded by Infinity Hammer (#Terrain) -- level the ground by hand, and strip them before the RCON route
brokkr-the-sacrifice.blueprint	brokkr-the-sacrifice.blueprint	flavour	setpiece	PLACES_CLEAN	True	curated	3081	78.3x76.8x35.6	mistlands(84)	blueprint	Oosdevforty	none stated	reference	Oosquai/SavheimIV	Oosquai/SavheimIV	3a13518bc5d2d6accbecee6735e2a1c8f31b8dac403e4461d0f6ec875aa42466	temple complex, 78 x 77 x 36 m, 11 stations	Mistlands landmark	
hs_ashlands_badmin_valkyriecorrected.blueprint	hs_ashlands_badmin_valkyriecorrected.blueprint	flavour	setpiece	PLACES_CLEAN	True	derived	3079	29.5x37.1x38.1	ashlands(2666)	blueprint	BaDmIn	none stated	reference	OverDrive/BiomeBlueprints	OverDrive/BiomeBlueprints	c558e7f4236ef2340bb4266b15bef8959fd0345782a92662b4ca60cc0c176db0	3079 pieces, 15 prefabs, 29.5x37.1x38.1 m, 0 stations, 0 beds, 0 portals	source biome tag: ashlands; material tier: ashlands. DERIVED from the measurements in `role` -- not a curated judgement	78 terrain rows discarded by Infinity Hammer (#Terrain) -- level the ground by hand, and strip them before the RCON route
hs_ashlands_eventyr.blueprint	hs_ashlands_eventyr.blueprint	flavour	setpiece	PLACES_CLEAN	True	derived	2695	47.8x36.0x20.6	ashlands(627)	blueprint	叶奈法	none stated	reference	OverDrive/BiomeBlueprints	OverDrive/BiomeBlueprints	1d5a81e32859d911d9af20c96e40279d1b007ed3ba30d6aab552efbf2716b642	2695 pieces, 36 prefabs, 47.8x36.0x20.6 m, 0 stations, 0 beds, 2 portals	source biome tag: ashlands; material tier: ashlands. DERIVED from the measurements in `role` -- not a curated judgement	99 terrain rows discarded by Infinity Hammer (#Terrain) -- level the ground by hand, and strip them before the RCON route
PuP_mag-tower.blueprint	PuP_mag-tower.blueprint	flavour	setpiece	PLACES_CLEAN	True	curated	2461	24.4x20.9x35.5	ashlands(12)	blueprint	PuP	none stated	reference	fleet corpus	fleet corpus	eae8b106ed2bb2cb2aa7fbc7aa8ec551e5ad81e82445bd9ae298875b751f2925	mage tower, 24 x 21 x 36 m	Mistlands landmark	
hs_ashlands_lotusandlily.blueprint	hs_ashlands_lotusandlily.blueprint	flavour	setpiece	PLACES_CLEAN	True	derived	2390	40.7x40.8x21.4	ashlands(1740)	blueprint	Ivor The Smol	none stated	reference	OverDrive/BiomeBlueprints	OverDrive/BiomeBlueprints	b3676fee5fa16885f399f13205b1b136cac5cbb1ee39f152cf886f8d8ff1dc19	2390 pieces, 5 prefabs, 40.7x40.8x21.4 m, 0 stations, 0 beds, 0 portals	source biome tag: ashlands; material tier: ashlands. DERIVED from the measurements in `role` -- not a curated judgement	100 terrain rows discarded by Infinity Hammer (#Terrain) -- level the ground by hand, and strip them before the RCON route
hs_ashlands_church_of_restless.blueprint	hs_ashlands_church_of_restless.blueprint	flavour	setpiece	PLACES_CLEAN	True	derived	2213	35.7x29.7x43.1	ashlands(925)	blueprint	Ivor The Smol	none stated	reference	OverDrive/BiomeBlueprints	OverDrive/BiomeBlueprints	7cffbce915c62b781a4b8e734bb7b35519823920f7c50e48712b5b6069e486c2	2213 pieces, 65 prefabs, 35.7x29.7x43.1 m, 0 stations, 0 beds, 1 portals	source biome tag: ashlands; material tier: ashlands. DERIVED from the measurements in `role` -- not a curated judgement	72 terrain rows discarded by Infinity Hammer (#Terrain) -- level the ground by hand, and strip them before the RCON route
hs_ashlands_badmin_freyja.blueprint	hs_ashlands_badmin_freyja.blueprint	flavour	setpiece	PLACES_CLEAN	True	derived	2136	20.7x13.5x29.2	ashlands(1182)	blueprint	BaDmIn	none stated	reference	OverDrive/BiomeBlueprints	OverDrive/BiomeBlueprints	36eee0887b1cfdd6cf0b8c323c51094109cb26116cdda4e2d4f7f72b44d3f430	2136 pieces, 20 prefabs, 20.7x13.5x29.2 m, 0 stations, 0 beds, 0 portals	source biome tag: ashlands; material tier: ashlands. DERIVED from the measurements in `role` -- not a curated judgement	38 terrain rows discarded by Infinity Hammer (#Terrain) -- level the ground by hand, and strip them before the RCON route
hs_ashlands_the_architect_leifcotraders.blueprint	hs_ashlands_the_architect_leifcotraders.blueprint	flavour	setpiece	PLACES_CLEAN	True	derived	2046	22.5x22.6x20.0	ashlands(1537)	blueprint	The Architect	none stated	reference	OverDrive/BiomeBlueprints	OverDrive/BiomeBlueprints	5f3aa48545031cd0eb9b992f62c6d55740eb9ed01aef905e2fa6f51b464ab840	2046 pieces, 55 prefabs, 22.5x22.6x20.0 m, 0 stations, 0 beds, 0 portals	source biome tag: ashlands; material tier: ashlands. DERIVED from the measurements in `role` -- not a curated judgement	49 terrain rows discarded by Infinity Hammer (#Terrain) -- level the ground by hand, and strip them before the RCON route
hs_ashlands_giant_cake_on_stand.blueprint	hs_ashlands_giant_cake_on_stand.blueprint	flavour	setpiece	PLACES_CLEAN	True	derived	2016	24.2x24.1x37.4	ashlands(817)	blueprint	Ivor The Smol	none stated	reference	OverDrive/BiomeBlueprints	OverDrive/BiomeBlueprints	ece429fada9d755d546e20676616188524e3d435ea8cc0e115230d61f10cb4e7	2016 pieces, 17 prefabs, 24.2x24.1x37.4 m, 0 stations, 0 beds, 0 portals	source biome tag: ashlands; material tier: ashlands. DERIVED from the measurements in `role` -- not a curated judgement	60 terrain rows discarded by Infinity Hammer (#Terrain) -- level the ground by hand, and strip them before the RCON route
hs_ashlands_ugm_stavechurch.blueprint	hs_ashlands_ugm_stavechurch.blueprint	flavour	setpiece	PLACES_CLEAN	True	derived	2009	53.7x25.6x42.4	ashlands(614)	blueprint	Builder	none stated	reference	OverDrive/BiomeBlueprints	OverDrive/BiomeBlueprints	4daf0d9bc00f98fe0bb5e9d41b94356b3734f76cf182664b7e15361d765462dc	2009 pieces, 62 prefabs, 53.7x25.6x42.4 m, 0 stations, 0 beds, 0 portals	source biome tag: ashlands; material tier: ashlands. DERIVED from the measurements in `role` -- not a curated judgement	94 terrain rows discarded by Infinity Hammer (#Terrain) -- level the ground by hand, and strip them before the RCON route
loki_ruins2.blueprint	loki_ruins2.blueprint	flavour	setpiece	PLACES_WITH_GAPS	True	curated	1994	33.2x44.7x35.6	mistlands(77)	blueprint	Oosdevfortyone	none stated	reference	Oosquai/SavheimIV	Oosquai/SavheimIV	900f47e4e09f1d2bd16855bc6d668c9bb7e8cb76280132093e6e6fc64eb90fd3	ruin complex, 33 x 45 x 36 m, 1994 pieces	Mistlands ruins landmark	0.35% missing: CL_Raw_Black x3, CL_Raw_Blue x2, CL_Raw_White x2
hs_ashlands_badmin_cake_of_valhalla.blueprint	hs_ashlands_badmin_cake_of_valhalla.blueprint	flavour	setpiece	PLACES_CLEAN	True	derived	1898	9.4x9.7x23.2	ashlands(1854)	blueprint	BaDmIn	none stated	reference	OverDrive/BiomeBlueprints	OverDrive/BiomeBlueprints	25cc10f545f1c918a6c4c25da04240cc37878aba88c0f1ac4a89228647d4ba22	1898 pieces, 11 prefabs, 9.4x9.7x23.2 m, 0 stations, 0 beds, 0 portals	source biome tag: ashlands; material tier: ashlands. DERIVED from the measurements in `role` -- not a curated judgement	21 terrain rows discarded by Infinity Hammer (#Terrain) -- level the ground by hand, and strip them before the RCON route
hs_ashlands_cm_thug_floating_base.blueprint	hs_ashlands_cm_thug_floating_base.blueprint	flavour	setpiece	PLACES_CLEAN	True	derived	1837	19.0x34.0x15.0	ashlands(1355)	blueprint	Cm Thug	none stated	reference	OverDrive/BiomeBlueprints	OverDrive/BiomeBlueprints	48e5434c1088aab159a811cf310f2c10c73cb67ca2c50ce930bdbd01605740ac	1837 pieces, 25 prefabs, 19.0x34.0x15.0 m, 0 stations, 0 beds, 0 portals	source biome tag: ashlands; material tier: ashlands. DERIVED from the measurements in `role` -- not a curated judgement	61 terrain rows discarded by Infinity Hammer (#Terrain) -- level the ground by hand, and strip them before the RCON route
hs_ashlands_lacko_almightyhammer.blueprint	hs_ashlands_lacko_almightyhammer.blueprint	flavour	setpiece	PLACES_CLEAN	True	derived	1794	44.9x44.0x16.4	ashlands(406)	blueprint	Lacko-	none stated	reference	OverDrive/BiomeBlueprints	OverDrive/BiomeBlueprints	7e50eb92951e410d68e5b73a82dd3f462e44363d0130bb0f69477c199b079fdc	1794 pieces, 33 prefabs, 44.9x44.0x16.4 m, 0 stations, 0 beds, 0 portals	source biome tag: ashlands; material tier: ashlands. DERIVED from the measurements in `role` -- not a curated judgement	117 terrain rows discarded by Infinity Hammer (#Terrain) -- level the ground by hand, and strip them before the RCON route
loki_ruins1.blueprint	loki_ruins1.blueprint	flavour	setpiece	PLACES_WITH_GAPS	True	curated	1693	37.6x34.6x30.4	mistlands(112)	blueprint	Oosdevforty	none stated	reference	Oosquai/SavheimIV	Oosquai/SavheimIV	5ae006c6360d91bcde56a8b5c93281061c72fdb16b82c1d6f427bcd34530456c	ruin complex, 38 x 35 x 30 m, 1693 pieces	Mistlands ruins landmark	0.18% missing: CL_Raw_Orange x2, CL_Raw_Black x1
hs_ashlands_badmin_lox.blueprint	hs_ashlands_badmin_lox.blueprint	flavour	setpiece	PLACES_CLEAN	True	derived	1550	26.2x23.3x28.7	ashlands(656)	blueprint	BaDmIn	none stated	reference	OverDrive/BiomeBlueprints	OverDrive/BiomeBlueprints	ddb4f37f6e5df9a1d0617e7adb222fbaede282d9fa816ce7c0caaf6d4d4e3a63	1550 pieces, 13 prefabs, 26.2x23.3x28.7 m, 0 stations, 0 beds, 0 portals	source biome tag: ashlands; material tier: ashlands. DERIVED from the measurements in `role` -- not a curated judgement	54 terrain rows discarded by Infinity Hammer (#Terrain) -- level the ground by hand, and strip them before the RCON route
hs_meadows_einherjar_ringfort.blueprint	hs_meadows_einherjar_ringfort.blueprint	flavour	setpiece	PLACES_CLEAN	True	derived	1482	107.7x107.8x5.2	blackforest(824)	blueprint	Einherjar	none stated	reference	OverDrive/BiomeBlueprints	OverDrive/BiomeBlueprints	4e2e95e4f1812a3560f00e91189c5c6e608c778e7c912d65639e43c50b1bc1b8	1482 pieces, 12 prefabs, 107.7x107.8x5.2 m, 0 stations, 0 beds, 0 portals	source biome tag: meadows; material tier: blackforest. DERIVED from the measurements in `role` -- not a curated judgement	140 terrain rows discarded by Infinity Hammer (#Terrain) -- level the ground by hand, and strip them before the RCON route
hs_ashlands_sheepshank_feathercapetower.blueprint	hs_ashlands_sheepshank_feathercapetower.blueprint	flavour	setpiece	PLACES_CLEAN	True	derived	1467	14.5x14.5x58.8	ashlands(115)	blueprint	Sheepshank	none stated	reference	OverDrive/BiomeBlueprints	OverDrive/BiomeBlueprints	00a066e5aed52121544cbfbd010d147f51f0447e0110784cb4b41775e2271068	1467 pieces, 48 prefabs, 14.5x14.5x58.8 m, 0 stations, 0 beds, 2 portals	source biome tag: ashlands; material tier: ashlands. DERIVED from the measurements in `role` -- not a curated judgement	32 terrain rows discarded by Infinity Hammer (#Terrain) -- level the ground by hand, and strip them before the RCON route
hs_ashlands_belltower.blueprint	hs_ashlands_belltower.blueprint	flavour	setpiece	PLACES_CLEAN	True	derived	1381	10.7x10.2x22.0	ashlands(884)	blueprint	Bri Games	none stated	reference	OverDrive/BiomeBlueprints	OverDrive/BiomeBlueprints	9c170e2805da668d175cc78798062d8ca0e03e7286c61d6f0a0a26a291d1bf75	1381 pieces, 37 prefabs, 10.7x10.2x22.0 m, 0 stations, 0 beds, 0 portals	source biome tag: ashlands; material tier: ashlands. DERIVED from the measurements in `role` -- not a curated judgement	25 terrain rows discarded by Infinity Hammer (#Terrain) -- level the ground by hand, and strip them before the RCON route
hs_ashlands_sheepshank_burningtreev3.blueprint	hs_ashlands_sheepshank_burningtreev3.blueprint	flavour	setpiece	PLACES_CLEAN	True	derived	1218	22.3x25.1x14.1	ashlands(108)	blueprint	Sheepshank	none stated	reference	OverDrive/BiomeBlueprints	OverDrive/BiomeBlueprints	f9f4ef8de92ac87cf9e91d9444f4cdca1ecfd7f2e78f4b514389c5823d0b42c9	1218 pieces, 44 prefabs, 22.3x25.1x14.1 m, 0 stations, 0 beds, 0 portals	source biome tag: ashlands; material tier: ashlands. DERIVED from the measurements in `role` -- not a curated judgement	54 terrain rows discarded by Infinity Hammer (#Terrain) -- level the ground by hand, and strip them before the RCON route
hs_ashlands_lacko_paintedversion1.blueprint	hs_ashlands_lacko_paintedversion1.blueprint	flavour	setpiece	PLACES_CLEAN	True	derived	1203	15.1x23.4x13.0	ashlands(149)	blueprint	Lacko-	none stated	reference	OverDrive/BiomeBlueprints	OverDrive/BiomeBlueprints	d13244383ae06a6dfc134e73bac29ffd2f01d8d936ff8e479e2eab8da167bf4f	1203 pieces, 12 prefabs, 15.1x23.4x13.0 m, 0 stations, 0 beds, 0 portals	source biome tag: ashlands; material tier: ashlands. DERIVED from the measurements in `role` -- not a curated judgement	40 terrain rows discarded by Infinity Hammer (#Terrain) -- level the ground by hand, and strip them before the RCON route
hs_ashlands_badmin_archer.blueprint	hs_ashlands_badmin_archer.blueprint	flavour	setpiece	PLACES_CLEAN	True	derived	1184	14.6x6.0x21.0	ashlands(24)	blueprint	BaDmIn	none stated	reference	OverDrive/BiomeBlueprints	OverDrive/BiomeBlueprints	38f83f8e736e7b89899ce68ada353059348aca4ca10571b1233b997c072df08d	1184 pieces, 12 prefabs, 14.6x6.0x21.0 m, 0 stations, 0 beds, 0 portals	source biome tag: ashlands; material tier: ashlands. DERIVED from the measurements in `role` -- not a curated judgement	22 terrain rows discarded by Infinity Hammer (#Terrain) -- level the ground by hand, and strip them before the RCON route
hs_ashlands_the_architect_aesirtemple.blueprint	hs_ashlands_the_architect_aesirtemple.blueprint	flavour	setpiece	PLACES_CLEAN	True	derived	1165	22.6x33.0x18.0	ashlands(846)	blueprint	The Architect	none stated	reference	OverDrive/BiomeBlueprints	OverDrive/BiomeBlueprints	f1d4192035af455827c7c5903af3b200c56684d1c8643807a8949e5aa4b8b46e	1165 pieces, 32 prefabs, 22.6x33.0x18.0 m, 0 stations, 0 beds, 0 portals	source biome tag: ashlands; material tier: ashlands. DERIVED from the measurements in `role` -- not a curated judgement	61 terrain rows discarded by Infinity Hammer (#Terrain) -- level the ground by hand, and strip them before the RCON route
hs_meadows_admin_veseljko_ancient_ruined_city_v3.blueprint	hs_meadows_admin_veseljko_ancient_ruined_city_v3.blueprint	flavour	setpiece	PLACES_CLEAN	True	derived	1139	95.0x92.2x8.1	blackforest(1005)	blueprint	Admin Veseljko	none stated	reference	OverDrive/BiomeBlueprints	OverDrive/BiomeBlueprints	69e481ff8dba3be02ea55862918228aa45d2b4c4b05d593fc2f3e9041264a2f6	1139 pieces, 9 prefabs, 95.0x92.2x8.1 m, 0 stations, 0 beds, 0 portals	source biome tag: meadows; material tier: blackforest. DERIVED from the measurements in `role` -- not a curated judgement	359 terrain rows discarded by Infinity Hammer (#Terrain) -- level the ground by hand, and strip them before the RCON route
hs_ashlands_sheepshank_birdseyetower.blueprint	hs_ashlands_sheepshank_birdseyetower.blueprint	flavour	setpiece	PLACES_CLEAN	True	derived	1098	19.8x22.3x23.5	ashlands(117)	blueprint	Sheepshank	none stated	reference	OverDrive/BiomeBlueprints	OverDrive/BiomeBlueprints	35c5ccbf310ce7527bffbc296574d8ddc4757c4c635abb5327416b32c13ab208	1098 pieces, 74 prefabs, 19.8x22.3x23.5 m, 0 stations, 0 beds, 2 portals	source biome tag: ashlands; material tier: ashlands. DERIVED from the measurements in `role` -- not a curated judgement	47 terrain rows discarded by Infinity Hammer (#Terrain) -- level the ground by hand, and strip them before the RCON route
hs_blackforest_crimsonchaostownhall.blueprint	hs_blackforest_crimsonchaostownhall.blueprint	flavour	setpiece	PLACES_CLEAN	True	derived	1058	24.4x26.9x11.5	meadows(1058)	blueprint	Vinion Odin	none stated	reference	OverDrive/BiomeBlueprints	OverDrive/BiomeBlueprints	ede89b6a04ea2f02835609023d2feb4b313b328bbdf5008b71b87996f745b9f8	1058 pieces, 37 prefabs, 24.4x26.9x11.5 m, 0 stations, 0 beds, 0 portals	source biome tag: blackforest; material tier: meadows. DERIVED from the measurements in `role` -- not a curated judgement	60 terrain rows discarded by Infinity Hammer (#Terrain) -- level the ground by hand, and strip them before the RCON route
POISWAMPCASTLERUINS.blueprint	POISWAMPCASTLERUINS.blueprint	flavour	setpiece	PLACES_CLEAN	True	curated	1036	45.2x44.8x15.3	mistlands(3)	blueprint	Oosdevforty	none stated	reference	Oosquai/SavheimIV	Oosquai/SavheimIV	65abad3e460e03c41de154cc188186a47ec0a5200f826e00b4fea587d3eb8343	ruined swamp castle, 45 x 45 x 15 m, 1036 pieces	Swamp ruins landmark -- PLACES_CLEAN	
hs_meadows_admin_veseljko_drakepeak_ruins_v2.blueprint	hs_meadows_admin_veseljko_drakepeak_ruins_v2.blueprint	flavour	setpiece	PLACES_CLEAN	True	derived	1025	32.9x32.6x16.0	swamp(84)	blueprint	Admin Veseljko	none stated	reference	OverDrive/BiomeBlueprints	OverDrive/BiomeBlueprints	2220906652f954da35a94cdca89f527fcc3291e127af57d21c342e42fa41e8b8	1025 pieces, 18 prefabs, 32.9x32.6x16.0 m, 0 stations, 0 beds, 0 portals	source biome tag: meadows; material tier: swamp. DERIVED from the measurements in `role` -- not a curated judgement	77 terrain rows discarded by Infinity Hammer (#Terrain) -- level the ground by hand, and strip them before the RCON route
MeadowSettlerTown2.blueprint	MeadowSettlerTown2.blueprint	flavour	setpiece	PLACES_CLEAN	True	curated	997	30.6x29.5x11.0	meadows(997)	blueprint	SiR RuStY SpOoN	none stated	reference	RustyMods/VikingNPC	RustyMods/VikingNPC	8412154a8ccaad290db75f35f79bf82249c1e794b7fca94c5d4484d1dffd0cf7	denser settler village, 31 x 30 m, 997 pieces	Meadows hamlet	8 terrain rows discarded by Infinity Hammer (#Terrain) -- level the ground by hand, and strip them before the RCON route
PuP_Bone-dragon.blueprint	PuP_Bone-dragon.blueprint	flavour	setpiece	PLACES_CLEAN	True	curated	926	107.6x109.2x113.8	mistlands(19)	blueprint	PuP	none stated	reference	fleet corpus	fleet corpus	3472de9f2e94d8aabcb94e656b5c3aa5cb6cb3361fd2206fbf9fb4811233ba20	skeletal dragon landmark built from rock and rib fractures	Mistlands or Ashlands skyline landmark	
ruins_0_and_0_1_and_0_2_and_0_3.blueprint	ruins_0_and_0_1_and_0_2_and_0_3.blueprint	flavour	setpiece	PLACES_WITH_GAPS	True	curated	910	31.1x31.2x34.9	mistlands(1)	blueprint	Oosdevforty	none stated	reference	Oosquai/SavheimIV	Oosquai/SavheimIV	16ffda3dba3154c99ad9ced2d5548faef46e0025da36db72861f8826c50dfce3	the whole ruins family as one group, 910 pieces	ruins cluster	0.44% missing: CL_Raw_Green x2, CL_Raw_Black x1, CL_Raw_Yellow x1
hs_ashlands_silent_citizen_storage_compact.blueprint	hs_ashlands_silent_citizen_storage_compact.blueprint	flavour	setpiece	PLACES_CLEAN	True	derived	893	19.8x19.8x13.0	ashlands(289)	blueprint	Silent Citizen	none stated	reference	OverDrive/BiomeBlueprints	OverDrive/BiomeBlueprints	cd625bdb0e7e2a6b2000567e29a7c288334db0b81ce560cacce9bbf49cf17275	893 pieces, 52 prefabs, 19.8x19.8x13.0 m, 0 stations, 0 beds, 0 portals	source biome tag: ashlands; material tier: ashlands. DERIVED from the measurements in `role` -- not a curated judgement	45 terrain rows discarded by Infinity Hammer (#Terrain) -- level the ground by hand, and strip them before the RCON route
hs_ashlands_euphyschurch.blueprint	hs_ashlands_euphyschurch.blueprint	flavour	setpiece	PLACES_CLEAN	True	derived	887	27.2x27.2x25.0	ashlands(759)	blueprint	Testiphy	none stated	reference	OverDrive/BiomeBlueprints	OverDrive/BiomeBlueprints	554cafe3c4e78abfc0ff292612cc5893cffaa40d3bfe63486dccce9832607546	887 pieces, 45 prefabs, 27.2x27.2x25.0 m, 0 stations, 0 beds, 0 portals	source biome tag: ashlands; material tier: ashlands. DERIVED from the measurements in `role` -- not a curated judgement	60 terrain rows discarded by Infinity Hammer (#Terrain) -- level the ground by hand, and strip them before the RCON route
hs_ashlands_the_architect_dvergrbrothersbank_v2.blueprint	hs_ashlands_the_architect_dvergrbrothersbank_v2.blueprint	flavour	setpiece	PLACES_CLEAN	True	derived	868	21.5x21.0x12.0	ashlands(459)	blueprint	The Architect	none stated	reference	OverDrive/BiomeBlueprints	OverDrive/BiomeBlueprints	e487ca34ed9fbec5b06ef3d94f62daa9a95eee5fd7a1230dda46b3531802ea12	868 pieces, 39 prefabs, 21.5x21.0x12.0 m, 0 stations, 0 beds, 0 portals	source biome tag: ashlands; material tier: ashlands. DERIVED from the measurements in `role` -- not a curated judgement	45 terrain rows discarded by Infinity Hammer (#Terrain) -- level the ground by hand, and strip them before the RCON route
ruins_0_and_0_2_and_0_3.blueprint	ruins_0_and_0_2_and_0_3.blueprint	flavour	setpiece	PLACES_WITH_GAPS	True	curated	821	28.8x31.3x34.9	blackforest(679)	blueprint	Oosdevforty	none stated	reference	Oosquai/SavheimIV	Oosquai/SavheimIV	6350c5c8cb75e0c33214286d9789101bc63970151c306533a2b5bc3845cc3a71	tower ruin plus two small ruins, 821 pieces	ruins cluster	0.24% missing: CL_Raw_Green x2
Meadow_Ruins.blueprint	Meadow_Ruins.blueprint	flavour	setpiece	PLACES_WITH_GAPS	True	curated	755	34.0x38.3x23.3	mistlands(658)	blueprint	Oosdevforty	none stated	reference	Oosquai/SavheimIV	Oosquai/SavheimIV	5dbd9f1273667817ed9c336d2ae0b221ccb2f483bac126832f37359c87991693	meadow ruin field, 34 x 38 x 23 m, 755 pieces, 18 prefabs	Meadows ruins landmark	0.13% missing: CL_Raw_Black x1
ruins_0_and_0_2.blueprint	ruins_0_and_0_2.blueprint	flavour	setpiece	PLACES_WITH_GAPS	True	curated	681	22.8x28.1x34.9	blackforest(550)	blueprint	Oosdevforty	none stated	reference	Oosquai/SavheimIV	Oosquai/SavheimIV	76942561f15385f49b423bca3dbe12ad48debfa8675ac537b00dc63d64f1274c	tower ruin plus one small ruin, 681 pieces	ruins cluster	0.29% missing: CL_Raw_Green x2
hs_mistlands_thrad_storehouse.blueprint	hs_mistlands_thrad_storehouse.blueprint	flavour	setpiece	PLACES_CLEAN	True	derived	671	18.5x12.0x12.0	ashlands(4)	blueprint	Sirna	none stated	reference	OverDrive/BiomeBlueprints	OverDrive/BiomeBlueprints	355fefd423d1f72a1e0bc1ac78f39bf6bed7b256798e50d67d9a1e1074d1db8b	671 pieces, 25 prefabs, 18.5x12.0x12.0 m, 0 stations, 0 beds, 0 portals	source biome tag: mistlands; material tier: ashlands. DERIVED from the measurements in `role` -- not a curated judgement	33 terrain rows discarded by Infinity Hammer (#Terrain) -- level the ground by hand, and strip them before the RCON route
hs_meadows_madzobuild_modernstarterhouse.blueprint	hs_meadows_madzobuild_modernstarterhouse.blueprint	flavour	setpiece	PLACES_CLEAN	True	derived	612	19.1x19.1x8.0	meadows(612)	blueprint	Madzobuild	none stated	reference	OverDrive/BiomeBlueprints	OverDrive/BiomeBlueprints	557efb39834f49f670059da3d2efeb8eb2b3d1a66ba0793941d93cb61c07b034	612 pieces, 10 prefabs, 19.1x19.1x8.0 m, 0 stations, 0 beds, 0 portals	source biome tag: meadows; material tier: meadows. DERIVED from the measurements in `role` -- not a curated judgement	45 terrain rows discarded by Infinity Hammer (#Terrain) -- level the ground by hand, and strip them before the RCON route
altar.blueprint	altar.blueprint	flavour	setpiece	PLACES_CLEAN	True	curated	527	20.5x20.1x15.3	swamp(8)	blueprint	Olivanderr	none stated	reference	fleet corpus	fleet corpus	538e12f329836c0a90066481d53a5d60fde0263d47d735c49e63e581eb8acd47	open-air altar / assembly bowl, 21 x 20 m, 88 seats	festival ground, any biome	
MeadowSettlerTown1.blueprint	MeadowSettlerTown1.blueprint	flavour	setpiece	PLACES_CLEAN	True	curated	387	46.6x52.8x6.0	meadows(387)	blueprint	SiR RuStY SpOoN	none stated	reference	RustyMods/VikingNPC	RustyMods/VikingNPC	b901f3dee8d47a571fe637b8dac58098efa7c3d07e23afe0fd157dda8eebc80d	whole settler village, 47 x 53 m, 387 pieces	Meadows -- a populated-looking hamlet in one stamp	49 terrain rows discarded by Infinity Hammer (#Terrain) -- level the ground by hand, and strip them before the RCON route
hs_ashlands_bridge_2.blueprint	hs_ashlands_bridge_2.blueprint	flavour	setpiece	PLACES_CLEAN	True	derived	359	44.1x22.7x6.2	ashlands(41)	blueprint	BerserkTBuilDeR	none stated	reference	OverDrive/BiomeBlueprints	OverDrive/BiomeBlueprints	5f9c4e1c250e352c688e299acf0376b83c3a33bac2ae3c4041b9a8725364343a	359 pieces, 16 prefabs, 44.1x22.7x6.2 m, 0 stations, 0 beds, 0 portals	source biome tag: ashlands; material tier: ashlands. DERIVED from the measurements in `role` -- not a curated judgement	75 terrain rows discarded by Infinity Hammer (#Terrain) -- level the ground by hand, and strip them before the RCON route
floatingisland_atgeir.blueprint	floatingisland_atgeir.blueprint	flavour	setpiece	UNUSABLE	True	curated	341	38.9x41.1x96.6	mistlands(1)	blueprint	Oosdevfortysix	none stated	reference	Oosquai/SavheimIV	Oosquai/SavheimIV	0c30e9dbb00962067470802ce8bfc06cf255c2beb69cc0d4ea86cd674731a0fa	floating island, atgeir variant	rejected -- 2.64% unresolved	2.64% missing: CL_Raw_Blue x4, CL_Raw_Orange x2, CL_Raw_Black x1, RS_Barrel_2 x1, RS_Book_5 x1; mod-supplied: IG_Skull_1 (OdinArchitect)
floatingisland_axe.blueprint	floatingisland_axe.blueprint	flavour	setpiece	UNUSABLE	True	curated	341	38.9x41.1x96.6	mistlands(1)	blueprint	Oosdevfortysix	none stated	reference	Oosquai/SavheimIV	Oosquai/SavheimIV	48464458d41ae34910cff4c04e091510a925e7b435ceebdb3cffab6712f27054	floating island, axe variant	rejected -- 2.64% unresolved	2.64% missing: CL_Raw_Blue x4, CL_Raw_Orange x2, CL_Raw_Black x1, RS_Barrel_2 x1, RS_Book_5 x1; mod-supplied: IG_Skull_1 (OdinArchitect)
floatingisland_battleaxe.blueprint	floatingisland_battleaxe.blueprint	flavour	setpiece	UNUSABLE	True	curated	341	38.9x41.1x96.6	mistlands(1)	blueprint	Oosdevfortysix	none stated	reference	Oosquai/SavheimIV	Oosquai/SavheimIV	1d6e299252e6e9e2bbd785b96a15f7eaa04ad887e104d9b8701aaa30eb1d9645	floating island, battleaxe variant	rejected -- 2.64% unresolved	2.64% missing: CL_Raw_Blue x4, CL_Raw_Orange x2, CL_Raw_Black x1, RS_Barrel_2 x1, RS_Book_5 x1; mod-supplied: IG_Skull_1 (OdinArchitect)
floatingisland_greatsword.blueprint	floatingisland_greatsword.blueprint	flavour	setpiece	UNUSABLE	True	curated	341	38.9x41.1x96.6	mistlands(1)	blueprint	Oosdevfortysix	none stated	reference	Oosquai/SavheimIV	Oosquai/SavheimIV	1ced667739e883b8c1145c018a4735578f71c70a6a4a64aa971336fa18303904	floating island, greatsword variant	rejected -- 2.64% unresolved	2.64% missing: CL_Raw_Blue x4, CL_Raw_Orange x2, CL_Raw_Black x1, RS_Barrel_2 x1, RS_Book_5 x1; mod-supplied: IG_Skull_1 (OdinArchitect)
floatingisland_knife.blueprint	floatingisland_knife.blueprint	flavour	setpiece	UNUSABLE	True	curated	341	38.9x41.1x96.6	mistlands(1)	blueprint	Oosdevfortysix	none stated	reference	Oosquai/SavheimIV	Oosquai/SavheimIV	b3da186930e8f1e209241454172111e1b575a8291e717f2923d2df74bc90563c	floating island, knife variant	rejected -- 2.64% unresolved	2.64% missing: CL_Raw_Blue x4, CL_Raw_Orange x2, CL_Raw_Black x1, RS_Barrel_2 x1, RS_Book_5 x1; mod-supplied: IG_Skull_1 (OdinArchitect)
floatingisland_mace.blueprint	floatingisland_mace.blueprint	flavour	setpiece	UNUSABLE	True	curated	341	38.9x41.1x96.6	mistlands(1)	blueprint	Oosdevfortysix	none stated	reference	Oosquai/SavheimIV	Oosquai/SavheimIV	6524ff4f51148c72e0f7e77aacd4b68293452e19fc05c812b4e992705f574ec0	floating island, mace variant	rejected -- 2.64% unresolved	2.64% missing: CL_Raw_Blue x4, CL_Raw_Orange x2, CL_Raw_Black x1, RS_Barrel_2 x1, RS_Book_5 x1; mod-supplied: IG_Skull_1 (OdinArchitect)
floatingisland_sledge.blueprint	floatingisland_sledge.blueprint	flavour	setpiece	UNUSABLE	True	curated	341	38.9x41.1x96.6	mistlands(1)	blueprint	Oosdevfortysix	none stated	reference	Oosquai/SavheimIV	Oosquai/SavheimIV	8939ad5943ff9967529488c87ed6f7f55294dce06867d7d05272c181d01d1c92	floating island, sledge variant	rejected -- 2.64% unresolved	2.64% missing: CL_Raw_Blue x4, CL_Raw_Orange x2, CL_Raw_Black x1, RS_Barrel_2 x1, RS_Book_5 x1; mod-supplied: IG_Skull_1 (OdinArchitect)
floatingisland_staff.blueprint	floatingisland_staff.blueprint	flavour	setpiece	UNUSABLE	True	curated	341	38.9x41.1x96.6	mistlands(1)	blueprint	Oosdevfortysix	none stated	reference	Oosquai/SavheimIV	Oosquai/SavheimIV	f697d02bd64c3850dfd6c2471f3d15c50ed602c658db56f73eb6e9965acdc759	floating island, staff variant	rejected -- 2.64% unresolved	2.64% missing: CL_Raw_Blue x4, CL_Raw_Orange x2, CL_Raw_Black x1, RS_Barrel_2 x1, RS_Book_5 x1; mod-supplied: IG_Skull_1 (OdinArchitect)
floatingisland_sword.blueprint	floatingisland_sword.blueprint	flavour	setpiece	UNUSABLE	True	curated	341	38.9x41.1x96.6	mistlands(1)	blueprint	Oosdevfortysix	none stated	reference	Oosquai/SavheimIV	Oosquai/SavheimIV	285dc13a8d06a763e3fd6d1dbf0bf8961b6ead84b0ccdd807413148b849d03ca	floating island, sword variant	rejected -- 2.64% unresolved	2.64% missing: CL_Raw_Blue x4, CL_Raw_Orange x2, CL_Raw_Black x1, RS_Barrel_2 x1, RS_Book_5 x1; mod-supplied: IG_Skull_1 (OdinArchitect)
floatingisland.blueprint	floatingisland.blueprint	flavour	setpiece	UNUSABLE	True	curated	340	37.0x40.5x96.6	mistlands(1)	blueprint	Oosdevforty	none stated	reference	Oosquai/SavheimIV	Oosquai/SavheimIV	cd0355ac96f684bdb7d68353f96e8f80883c70e729ac523faae4a198c2de21a1	floating island, 37 x 41 x 97 m	rejected -- 2.65% of pieces unresolved	2.65% missing: CL_Raw_Blue x4, CL_Raw_Orange x2, CL_Raw_Black x1, RS_Barrel_2 x1, RS_Book_5 x1; mod-supplied: IG_Skull_1 (OdinArchitect)
PuP_tavern.blueprint	PuP_tavern.blueprint	flavour	empty	EMPTY	False	curated	0	0.0x0.0x0.0	meadows(0)	blueprint		none stated	reference	fleet corpus	fleet corpus		0-byte truncated download	-	
SerpentShip.blueprint	SerpentShip.blueprint	flavour	empty	EMPTY	False	curated	0	0.0x0.0x0.0	meadows(0)	blueprint		none stated	reference	fleet corpus	fleet corpus		0-byte -- serpent ship sculpture	-	
SerpentShip_Empty.blueprint	SerpentShip_Empty.blueprint	flavour	empty	EMPTY	False	curated	0	0.0x0.0x0.0	meadows(0)	blueprint		none stated	reference	fleet corpus	fleet corpus		0-byte -- serpent ship sculpture, hollow	-	
serpent.blueprint	serpent.blueprint	flavour	empty	EMPTY	False	curated	0	0.0x0.0x0.0	meadows(0)	blueprint		none stated	reference	fleet corpus	fleet corpus		0-byte -- serpent sculpture	-	
god-3.blueprint	god-3.blueprint	outpost	module	PLACES_CLEAN	True	curated	1518	16.2x16.5x18.5	mistlands(16)	blueprint	God	none stated	reference	fleet corpus	fleet corpus	468705130f4c8e3b9f9d3f64afb1dd00fa5dfb4992653dfb0e973b4af23f9b7f	stone tower barracks, 16 x 17 x 19 m, 4 beds	forward rest stop with beds	
god-22.blueprint	god-22.blueprint	outpost	module	PLACES_CLEAN	True	curated	836	12.0x12.0x23.0	swamp(74)	blueprint	God	none stated	reference	fleet corpus	fleet corpus	d0a10377feb5cda703495de669b40fa5b795f3016a2eaf66cae6a4fe8ec5020c	stone watchtower, wider variant, 12 x 12 x 23 m	Black Forest / Swamp watch line	
god-2.blueprint	god-2.blueprint	outpost	module	PLACES_CLEAN	True	curated	702	9.4x9.7x21.5	swamp(74)	blueprint	God	none stated	reference	fleet corpus	fleet corpus	b2b84fc6d0d3a6c72784ec0c1fb6ed76602c492c5ea25b3165fe66af3a32028a	stone watchtower, 9 x 10 x 22 m	Black Forest / Swamp watch line	
PlainsRaiderTower1.blueprint	PlainsRaiderTower1.blueprint	outpost	module	PLACES_CLEAN	True	curated	584	20.4x24.9x22.8	mistlands(1)	blueprint	SiR RuStY SpOoN	none stated	reference	RustyMods/VikingNPC	RustyMods/VikingNPC	4b5624e832c88b04844c38eb041aca9b478085845ec0cadb582a4b40747d1d17	raider watchtower, 20 x 25 x 23 m, 584 pieces	Plains watch line	4 terrain rows discarded by Infinity Hammer (#Terrain) -- level the ground by hand, and strip them before the RCON route
aodi-skardvakt-the-black-tower.blueprint	aodi-skardvakt-the-black-tower.blueprint	outpost	module	PLACES_CLEAN	True	curated	358	9.3x9.3x10.5	mistlands(355)	blueprint	Aodi	none stated	reference	fleet corpus	fleet corpus	20403b117dab7c7aff16ece97963ee3ed53da7ccfd14eeec891b918c34fc580e	black-marble watchtower, 9 x 9 x 11 m, bonfire on top	Mistlands watch line; signal-fire chain	8 terrain rows discarded by Infinity Hammer (#Terrain) -- level the ground by hand, and strip them before the RCON route
instairtower_rebuilt.blueprint	instairtower_rebuilt.blueprint	outpost	module	PLACES_CLEAN	True	curated	255	11.5x9.5x12.0	blackforest(81)	blueprint	Raimod	AGPL-3.0	reference	RickardAndreasAgren/ValheimBlueprintCruncher	RickardAndreasAgren/ValheimBlueprintCruncher	42b63ace11bfc8082faf683cd8facbc66fdc41da4e2ded769dbfad665f83429c	the same tower, patched and reinforced	Black Forest watch line, 'repaired' variant	
instairtower.blueprint	instairtower.blueprint	outpost	module	PLACES_CLEAN	True	curated	243	9.7x10.0x11.1	blackforest(137)	blueprint	Raimod	AGPL-3.0	reference	RickardAndreasAgren/ValheimBlueprintCruncher	RickardAndreasAgren/ValheimBlueprintCruncher	dc1f18e8920a412c3a1e14c8c27f2f59f2b8fa30671d3b9b1739062c2cb9d4a4	watchtower with internal stair, 10 x 10 x 11 m	Black Forest watch line	
outposttower.blueprint	outposttower.blueprint	outpost	module	PLACES_CLEAN	True	curated	212	11.2x10.5x10.0	blackforest(94)	blueprint	Raimod	AGPL-3.0	reference	RickardAndreasAgren/ValheimBlueprintCruncher	RickardAndreasAgren/ValheimBlueprintCruncher	f7a37df0bf022cbb565f6366d84257a80aa0ff751b097f1ee7cc028f6503b2e8	square outpost watchtower, 11 x 11 x 10 m, 212 pieces	Black Forest / Swamp watch line	
pillartower.blueprint	pillartower.blueprint	outpost	module	PLACES_CLEAN	True	curated	199	13.0x8.0x10.0	blackforest(60)	blueprint	Raimod	AGPL-3.0	reference	RickardAndreasAgren/ValheimBlueprintCruncher	RickardAndreasAgren/ValheimBlueprintCruncher	26875f2396dcd40ea8ffc1d2f3635dd88dbb0e52685c3deb7f6ceeac1ed7aec9	pillar-and-platform lookout, 13 x 8 x 10 m, 199 pieces	coastal or ridge lookout	
wagon-camp.blueprint	wagon-camp.blueprint	outpost	module	PLACES_CLEAN	True	curated	160	14.3x10.0x5.3	mistlands(22)	blueprint	Cooties	none stated	reference	fleet corpus	fleet corpus	a3affe60acfffa35a745b313a51f6e1b10ecd65d3e2cd7040353392a294e7547	trader wagon camp, 14 x 10 x 5 m, bed + crates	roadside rest stop -- already selected pre-kall	
PiNoKi_SmallHut.blueprint	PiNoKi_SmallHut.blueprint	outpost	module	PLACES_CLEAN	True	curated	48	9.7x8.6x3.0	meadows(48)	blueprint	PiNoKi	MIT	committed	constXife/bygd	constXife/bygd	de78f253530fbf10ebc88f92f557187ab2dd234e3982d73cc28d2a976a0b085a	one-room gabled hut, 10 x 9 x 3 m, 48 pieces, 8 prefabs	Meadows / Black Forest. The smallest habitable stamp in the whole library and the only redistributable one -- ideal as a courier shelter or rest stop, twenty times over	
Ultimate_OutPost.blueprint	Ultimate_OutPost.blueprint	outpost	setpiece	PLACES_CLEAN	True	curated	1820	52.7x49.0x13.8	mistlands(36)	blueprint	Randominis	none stated	reference	fleet corpus	fleet corpus	2f984f3b649bcac1ee3e83cd704791b5080aefd9b57ac3c3d0c20be739bad33c	walled outpost, 53 x 49 m, 54 stations, 450 wall pieces	Deep North sandbox -- already selected	
salty-dick-tower-test.blueprint	salty-dick-tower-test.blueprint	outpost	empty	EMPTY	False	curated	0	0.0x0.0x0.0	meadows(0)	blueprint		none stated	reference	fleet corpus	fleet corpus		0-byte -- tower	-	
hs_blackforest_sheepshank_karve5manluge.blueprint	hs_blackforest_sheepshank_karve5manluge.blueprint	portal	module	PLACES_CLEAN	True	derived	573	17.6x27.5x36.0	blackforest(81)	blueprint	Sheepshank	none stated	reference	OverDrive/BiomeBlueprints	OverDrive/BiomeBlueprints	29c63e28b18853202e7939040fbb0a527eba825efedcb071113ad685f5f82299	573 pieces, 24 prefabs, 17.6x27.5x36.0 m, 3 stations, 0 beds, 3 portals	source biome tag: blackforest; material tier: blackforest. DERIVED from the measurements in `role` -- not a curated judgement	46 terrain rows discarded by Infinity Hammer (#Terrain) -- level the ground by hand, and strip them before the RCON route
Hong_Marble_Telepyramid_(Shielded).blueprint	Hong_Marble_Telepyramid_(Shielded).blueprint	portal	module	PLACES_CLEAN	True	curated	398	19.8x19.8x15.0	ashlands(20)	blueprint	Hong	none stated	reference	offsetkeyz/valheim_mod_sync	offsetkeyz/valheim_mod_sync	6c226c2558b316b983450e0a346ccd19946d980124230f1d824771836cb87c61	the same pyramid with a ward, 398 pieces	roadside portal shrine, protected variant	
Hong_Marble_Telepyramid.blueprint	Hong_Marble_Telepyramid.blueprint	portal	module	PLACES_CLEAN	True	curated	396	19.8x19.8x15.0	ashlands(20)	blueprint	Hong	none stated	reference	offsetkeyz/valheim_mod_sync	offsetkeyz/valheim_mod_sync	7e0f7dbfb7a0d3a821a7ea726b1e88c400852a3dac1246dc1bf70f41c3369b17	marble telepyramid, 20 x 20 x 15 m, 1 portal, 396 pieces	THE roadside portal shrine pattern -- one portal, small footprint, stamp everywhere	
hs_swamp_vrolok_caba_a_2.blueprint	hs_swamp_vrolok_caba_a_2.blueprint	portal	module	PLACES_CLEAN	True	derived	343	20.3x30.8x6.5	meadows(343)	blueprint	Vrolok	none stated	reference	OverDrive/BiomeBlueprints	OverDrive/BiomeBlueprints	44d3d966d2277494e3026f4ae3a75a3cb70322d4f3f33c3803ea5edba87ff79c	343 pieces, 49 prefabs, 20.3x30.8x6.5 m, 20 stations, 1 beds, 4 portals	source biome tag: swamp; material tier: meadows. DERIVED from the measurements in `role` -- not a curated judgement	59 terrain rows discarded by Infinity Hammer (#Terrain) -- level the ground by hand, and strip them before the RCON route
hs_plains_builder_portalhouse.blueprint	hs_plains_builder_portalhouse.blueprint	portal	module	PLACES_CLEAN	True	derived	203	14.1x13.9x7.1	blackforest(50)	blueprint	Builder	none stated	reference	OverDrive/BiomeBlueprints	OverDrive/BiomeBlueprints	52aa6dbf0ebb5b90418869803d59e385afc8bb99c0a6a220d5d4288b5cf3b97f	203 pieces, 14 prefabs, 14.1x13.9x7.1 m, 0 stations, 0 beds, 14 portals	source biome tag: plains; material tier: blackforest. DERIVED from the measurements in `role` -- not a curated judgement	32 terrain rows discarded by Infinity Hammer (#Terrain) -- level the ground by hand, and strip them before the RCON route
Portal14.vbuild	Portal14.vbuild	portal	module	PLACES_CLEAN	True	curated	161	3.6x5.3x5.1	blackforest(54)	vbuild		none stated	reference	fleet corpus	fleet corpus	c34a06144a4967bffd849802111a5528211faf240f4b2b462bc1494a64e45f9a	stone arch gateway with stair, 4 x 5 m	hillside road, Black Forest+	
Portal13.vbuild	Portal13.vbuild	portal	module	PLACES_CLEAN	True	curated	133	3.9x6.5x7.2	blackforest(26)	vbuild		none stated	reference	fleet corpus	fleet corpus	30a255fa85b2083d50b9787d9d118361f4ba0e01995c486349e9865ca4852528	timber-and-stone gate house, 4 x 7 m	portal shack pattern -- already selected pre-kall	
Portal11.vbuild	Portal11.vbuild	portal	module	PLACES_CLEAN	True	curated	111	3.0x4.0x3.4	blackforest(35)	vbuild		none stated	reference	fleet corpus	fleet corpus	00097089275fc2054d6cf23d31ec3bbbbf1e48c75f5a2d9c4a6c5974971b7982	timber gateway arch, 3 x 3 m, no portal piece included	any road junction; drop a portal_wood inside	
Portal15.vbuild	Portal15.vbuild	portal	module	PLACES_CLEAN	True	curated	107	4.0x3.6x6.6	blackforest(72)	vbuild		none stated	reference	fleet corpus	fleet corpus	1ac260b2cb5971a93d9ebc80555c1fff3e1329296f0a24fc4b72e814eb0c4d2a	double stone arch shrine, 4 x 7 m	runestone-style roadside shrine	
hs_ashlands_arkitek_grausten_tri_portal.blueprint	hs_ashlands_arkitek_grausten_tri_portal.blueprint	portal	module	PLACES_CLEAN	True	derived	75	12.0x5.0x5.8	ashlands(62)	blueprint	Arkitek	none stated	reference	OverDrive/BiomeBlueprints	OverDrive/BiomeBlueprints	87ef9433b73b9262d746da5aa25b7b258b88de7524bd950bb138f5eba223e43d	75 pieces, 12 prefabs, 12.0x5.0x5.8 m, 0 stations, 0 beds, 3 portals	source biome tag: ashlands; material tier: ashlands. DERIVED from the measurements in `role` -- not a curated judgement	20 terrain rows discarded by Infinity Hammer (#Terrain) -- level the ground by hand, and strip them before the RCON route
Portal12.vbuild	Portal12.vbuild	portal	module	PLACES_CLEAN	True	curated	66	2.0x4.0x5.0	blackforest(48)	vbuild		none stated	reference	fleet corpus	fleet corpus	4de7deda6a07b1332eb4083e1977225f2318873f831da72d132ade352b665206	stone gateway arch, 2 x 5 m, itemstand plinth	roadside shrine; Black Forest stone tier	
hs_ashlands_sheepshank_towerflat.blueprint	hs_ashlands_sheepshank_towerflat.blueprint	portal	setpiece	PLACES_CLEAN	True	derived	17596	26.4x37.2x125.1	ashlands(9631)	blueprint	Sheepshank	none stated	reference	OverDrive/BiomeBlueprints	OverDrive/BiomeBlueprints	98b92ea4553d2ae4da4aac338fbc671c7b5d9cd083872b2406dfb0be4db5bbb3	17596 pieces, 337 prefabs, 26.4x37.2x125.1 m, 70 stations, 1 beds, 10 portals	source biome tag: ashlands; material tier: ashlands. DERIVED from the measurements in `role` -- not a curated judgement	76 terrain rows discarded by Infinity Hammer (#Terrain) -- level the ground by hand, and strip them before the RCON route
hs_ashlands_dana_towersdestiny.blueprint	hs_ashlands_dana_towersdestiny.blueprint	portal	setpiece	PLACES_CLEAN	True	derived	13491	77.9x90.0x63.3	ashlands(332)	blueprint	Dana	none stated	reference	OverDrive/BiomeBlueprints	OverDrive/BiomeBlueprints	16ffa1fccd70987e91e396bf3a496e6983114bbc8cde310132560f63b85b97cc	13491 pieces, 155 prefabs, 77.9x90.0x63.3 m, 42 stations, 15 beds, 11 portals	source biome tag: ashlands; material tier: ashlands. DERIVED from the measurements in `role` -- not a curated judgement	288 terrain rows discarded by Infinity Hammer (#Terrain) -- level the ground by hand, and strip them before the RCON route
hs_ashlands_sheepshank_villageskilodgecenter.blueprint	hs_ashlands_sheepshank_villageskilodgecenter.blueprint	portal	setpiece	PLACES_CLEAN	True	derived	13311	94.6x73.2x53.3	mistlands(1386)	blueprint	Sheepshank	none stated	reference	OverDrive/BiomeBlueprints	OverDrive/BiomeBlueprints	ad1d3232e793951e20ed30650a924a897d7df4620a69d6d13c622cfcfecca907	13311 pieces, 166 prefabs, 94.6x73.2x53.3 m, 93 stations, 12 beds, 9 portals	source biome tag: ashlands; material tier: mistlands. DERIVED from the measurements in `role` -- not a curated judgement	302 terrain rows discarded by Infinity Hammer (#Terrain) -- level the ground by hand, and strip them before the RCON route
hs_mistlands_enterpriseihv6.blueprint	hs_mistlands_enterpriseihv6.blueprint	portal	setpiece	PLACES_CLEAN	True	derived	10387	42.8x42.3x84.2	mistlands(195)	blueprint	Dana	none stated	reference	OverDrive/BiomeBlueprints	OverDrive/BiomeBlueprints	c0268d9fc63b08911c8ea64fd194d79712e1fae3fe4e852ccceeaa3540abfa84	10387 pieces, 131 prefabs, 42.8x42.3x84.2 m, 45 stations, 15 beds, 86 portals	source biome tag: mistlands; material tier: mistlands. DERIVED from the measurements in `role` -- not a curated judgement	117 terrain rows discarded by Infinity Hammer (#Terrain) -- level the ground by hand, and strip them before the RCON route
hs_ashlands_sheepshank_petalstronghold.blueprint	hs_ashlands_sheepshank_petalstronghold.blueprint	portal	setpiece	PLACES_CLEAN	True	derived	7112	63.0x60.7x18.2	ashlands(1110)	blueprint	Sheepshank	none stated	reference	OverDrive/BiomeBlueprints	OverDrive/BiomeBlueprints	562ef6f27ab3a9961d049d31cb2f01b193d16d813fe03a078da86698db9abda1	7112 pieces, 209 prefabs, 63.0x60.7x18.2 m, 65 stations, 7 beds, 3 portals	source biome tag: ashlands; material tier: ashlands. DERIVED from the measurements in `role` -- not a curated judgement	192 terrain rows discarded by Infinity Hammer (#Terrain) -- level the ground by hand, and strip them before the RCON route
hs_ashlands_lady_silvergrey_oceanflame.blueprint	hs_ashlands_lady_silvergrey_oceanflame.blueprint	portal	setpiece	PLACES_CLEAN	True	derived	6291	51.5x48.3x102.9	ashlands(3471)	blueprint	Lady Silvergrey	none stated	reference	OverDrive/BiomeBlueprints	OverDrive/BiomeBlueprints	2f78e610310d31ba79e5ff497416f22156236642a0b227617111076fcdb83587	6291 pieces, 46 prefabs, 51.5x48.3x102.9 m, 0 stations, 0 beds, 46 portals	source biome tag: ashlands; material tier: ashlands. DERIVED from the measurements in `role` -- not a curated judgement	140 terrain rows discarded by Infinity Hammer (#Terrain) -- level the ground by hand, and strip them before the RCON route
hs_ashlands_checkered_castle_with_lamps.blueprint	hs_ashlands_checkered_castle_with_lamps.blueprint	portal	setpiece	PLACES_CLEAN	True	derived	5795	61.7x76.6x29.9	ashlands(703)	blueprint	Talathar	none stated	reference	OverDrive/BiomeBlueprints	OverDrive/BiomeBlueprints	e32b1273c5625c809f0c9e143282466540ceaa1311ea482bcc488f25417e3c82	5795 pieces, 174 prefabs, 61.7x76.6x29.9 m, 38 stations, 2 beds, 15 portals	source biome tag: ashlands; material tier: ashlands. DERIVED from the measurements in `role` -- not a curated judgement	222 terrain rows discarded by Infinity Hammer (#Terrain) -- level the ground by hand, and strip them before the RCON route
hs_ashlands_neletit_portalhubtower.blueprint	hs_ashlands_neletit_portalhubtower.blueprint	portal	setpiece	PLACES_CLEAN	True	derived	5565	34.6x33.1x33.6	ashlands(2937)	blueprint	Neletit	none stated	reference	OverDrive/BiomeBlueprints	OverDrive/BiomeBlueprints	830e025878072bb3ab9ba313390afc385a1d0b4813eebf72ab51d5c034082fbe	5565 pieces, 48 prefabs, 34.6x33.1x33.6 m, 0 stations, 0 beds, 15 portals	source biome tag: ashlands; material tier: ashlands. DERIVED from the measurements in `role` -- not a curated judgement	79 terrain rows discarded by Infinity Hammer (#Terrain) -- level the ground by hand, and strip them before the RCON route
hs_swamp_michel_portals_tower.blueprint	hs_swamp_michel_portals_tower.blueprint	portal	setpiece	PLACES_CLEAN	True	derived	4989	20.1x23.1x42.0	swamp(420)	blueprint	Michel	none stated	reference	OverDrive/BiomeBlueprints	OverDrive/BiomeBlueprints	08bfd9b09d58ee74762879ce8e765cae37789ee1e65d0b99c19d3868575adbd0	4989 pieces, 18 prefabs, 20.1x23.1x42.0 m, 0 stations, 0 beds, 159 portals	source biome tag: swamp; material tier: swamp. DERIVED from the measurements in `role` -- not a curated judgement	47 terrain rows discarded by Infinity Hammer (#Terrain) -- level the ground by hand, and strip them before the RCON route
hs_ashlands_thrad_portal_nexus.blueprint	hs_ashlands_thrad_portal_nexus.blueprint	portal	setpiece	PLACES_CLEAN	True	derived	4744	38.2x42.2x19.0	ashlands(2204)	blueprint	Sirna	none stated	reference	OverDrive/BiomeBlueprints	OverDrive/BiomeBlueprints	7819844f7f6e0f4b475cc5132e7926e4b8d6e5b0be5c8f624efb69d7ac96e5db	4744 pieces, 57 prefabs, 38.2x42.2x19.0 m, 3 stations, 0 beds, 17 portals	source biome tag: ashlands; material tier: ashlands. DERIVED from the measurements in `role` -- not a curated judgement	106 terrain rows discarded by Infinity Hammer (#Terrain) -- level the ground by hand, and strip them before the RCON route
hs_ashlands_sheepshank_militarybarracks.blueprint	hs_ashlands_sheepshank_militarybarracks.blueprint	portal	setpiece	PLACES_CLEAN	True	derived	4738	42.4x70.4x25.5	ashlands(483)	blueprint	Sheepshank	none stated	reference	OverDrive/BiomeBlueprints	OverDrive/BiomeBlueprints	e9666d70dac5af1253c3731fd19960edd1eb03b0261ce3de138dcde926d8548f	4738 pieces, 145 prefabs, 42.4x70.4x25.5 m, 36 stations, 0 beds, 3 portals	source biome tag: ashlands; material tier: ashlands. DERIVED from the measurements in `role` -- not a curated judgement	163 terrain rows discarded by Infinity Hammer (#Terrain) -- level the ground by hand, and strip them before the RCON route
hs_ashlands_ugm_portalhub.blueprint	hs_ashlands_ugm_portalhub.blueprint	portal	setpiece	PLACES_CLEAN	True	derived	4319	46.3x46.3x15.9	ashlands(1135)	blueprint	Builder	none stated	reference	OverDrive/BiomeBlueprints	OverDrive/BiomeBlueprints	1f01645e174af563b0f992f06b0a5ec4e83201b1f2c4d83c3106cc72f5167dd9	4319 pieces, 56 prefabs, 46.3x46.3x15.9 m, 0 stations, 0 beds, 32 portals	source biome tag: ashlands; material tier: ashlands. DERIVED from the measurements in `role` -- not a curated judgement	121 terrain rows discarded by Infinity Hammer (#Terrain) -- level the ground by hand, and strip them before the RCON route
hs_plains_sneglehus_1_1.blueprint	hs_plains_sneglehus_1_1.blueprint	portal	setpiece	PLACES_CLEAN	True	derived	4305	51.3x51.4x22.3	mistlands(76)	blueprint	Mördar Erik	none stated	reference	OverDrive/BiomeBlueprints	OverDrive/BiomeBlueprints	77a5d1dcb18c10af4edfe66f40aa1cb0913b1f68b84c5d51deb6b008bf178309	4305 pieces, 97 prefabs, 51.3x51.4x22.3 m, 38 stations, 6 beds, 18 portals	source biome tag: plains; material tier: mistlands. DERIVED from the measurements in `role` -- not a curated judgement	140 terrain rows discarded by Infinity Hammer (#Terrain) -- level the ground by hand, and strip them before the RCON route
hs_ashlands_softpea_medievalbay.blueprint	hs_ashlands_softpea_medievalbay.blueprint	portal	setpiece	PLACES_CLEAN	True	derived	4213	42.1x30.9x40.0	ashlands(1795)	blueprint	Softpea	none stated	reference	OverDrive/BiomeBlueprints	OverDrive/BiomeBlueprints	f7529128ed6226189923bdbad9be6b0e24edd237ae5a686a6513d5bd7371177b	4213 pieces, 135 prefabs, 42.1x30.9x40.0 m, 41 stations, 2 beds, 10 portals	source biome tag: ashlands; material tier: ashlands. DERIVED from the measurements in `role` -- not a curated judgement	95 terrain rows discarded by Infinity Hammer (#Terrain) -- level the ground by hand, and strip them before the RCON route
hs_mistlands_eric_bloodaxe_prefab_large_fort.blueprint	hs_mistlands_eric_bloodaxe_prefab_large_fort.blueprint	portal	setpiece	PLACES_CLEAN	True	derived	4105	65.9x104.0x22.5	ashlands(15)	blueprint	Eric Bloodaxe	none stated	reference	OverDrive/BiomeBlueprints	OverDrive/BiomeBlueprints	1a50a0cf65fe7b713c8d09fec17668faef221546d170c388aa0931967def5aa0	4105 pieces, 89 prefabs, 65.9x104.0x22.5 m, 32 stations, 1 beds, 13 portals	source biome tag: mistlands; material tier: ashlands. DERIVED from the measurements in `role` -- not a curated judgement	292 terrain rows discarded by Infinity Hammer (#Terrain) -- level the ground by hand, and strip them before the RCON route
hs_ashlands_sheepshank_thomashofredux.blueprint	hs_ashlands_sheepshank_thomashofredux.blueprint	portal	setpiece	PLACES_CLEAN	True	derived	3904	53.7x32.6x32.0	ashlands(132)	blueprint	Sheepshank	none stated	reference	OverDrive/BiomeBlueprints	OverDrive/BiomeBlueprints	6ed2a30360202f9e6597ced114024a9977e85d9114ea2e58398a4fae595a20c0	3904 pieces, 83 prefabs, 53.7x32.6x32.0 m, 4 stations, 0 beds, 5 portals	source biome tag: ashlands; material tier: ashlands. DERIVED from the measurements in `role` -- not a curated judgement	106 terrain rows discarded by Infinity Hammer (#Terrain) -- level the ground by hand, and strip them before the RCON route
hs_ashlands_dana_libraryfinal.blueprint	hs_ashlands_dana_libraryfinal.blueprint	portal	setpiece	PLACES_CLEAN	True	derived	3829	42.0x28.2x30.5	ashlands(131)	blueprint	Dana	none stated	reference	OverDrive/BiomeBlueprints	OverDrive/BiomeBlueprints	dc846200f68ece51972aa7c431ea1b124e9e10268b7d47ad19ff82f49edeb5b6	3829 pieces, 91 prefabs, 42.0x28.2x30.5 m, 13 stations, 0 beds, 5 portals	source biome tag: ashlands; material tier: ashlands. DERIVED from the measurements in `role` -- not a curated judgement	86 terrain rows discarded by Infinity Hammer (#Terrain) -- level the ground by hand, and strip them before the RCON route
hs_ashlands_sheepshank_therefineryv2.blueprint	hs_ashlands_sheepshank_therefineryv2.blueprint	portal	setpiece	PLACES_CLEAN	True	derived	3823	52.7x52.4x22.5	ashlands(102)	blueprint	Sheepshank	none stated	reference	OverDrive/BiomeBlueprints	OverDrive/BiomeBlueprints	980c97211188a9035837c851cdfb955ced95f3a9af11a7ce180e367b05c84a35	3823 pieces, 133 prefabs, 52.7x52.4x22.5 m, 43 stations, 2 beds, 16 portals	source biome tag: ashlands; material tier: ashlands. DERIVED from the measurements in `role` -- not a curated judgement	144 terrain rows discarded by Infinity Hammer (#Terrain) -- level the ground by hand, and strip them before the RCON route
hs_ashlands_sheepshank_the_canary_house.blueprint	hs_ashlands_sheepshank_the_canary_house.blueprint	portal	setpiece	PLACES_CLEAN	True	derived	3764	52.0x53.1x17.2	ashlands(298)	blueprint	Sheepshank	none stated	reference	OverDrive/BiomeBlueprints	OverDrive/BiomeBlueprints	360b474a7b902ebc784034c51c5194e460c4c5101ef23b50891da50ce993093d	3764 pieces, 129 prefabs, 52.0x53.1x17.2 m, 41 stations, 8 beds, 5 portals	source biome tag: ashlands; material tier: ashlands. DERIVED from the measurements in `role` -- not a curated judgement	142 terrain rows discarded by Infinity Hammer (#Terrain) -- level the ground by hand, and strip them before the RCON route
hs_ashlands_sheepshank_fishtrapbistrofinal.blueprint	hs_ashlands_sheepshank_fishtrapbistrofinal.blueprint	portal	setpiece	PLACES_CLEAN	True	derived	3668	43.8x52.6x19.6	ashlands(172)	blueprint	Sheepshank	none stated	reference	OverDrive/BiomeBlueprints	OverDrive/BiomeBlueprints	144369dc3dae7aab2146955587535d50ba9e91620c07ec9228ce2e898c2f77ad	3668 pieces, 123 prefabs, 43.8x52.6x19.6 m, 26 stations, 0 beds, 3 portals	source biome tag: ashlands; material tier: ashlands. DERIVED from the measurements in `role` -- not a curated judgement	130 terrain rows discarded by Infinity Hammer (#Terrain) -- level the ground by hand, and strip them before the RCON route
hs_ashlands_mistrock_peak.blueprint	hs_ashlands_mistrock_peak.blueprint	portal	setpiece	PLACES_CLEAN	True	derived	3617	54.5x45.4x104.0	ashlands(589)	blueprint	Monkey	none stated	reference	OverDrive/BiomeBlueprints	OverDrive/BiomeBlueprints	915c9d6d9d2c26935de029d1b45f89eedfb1f0e250e3aa6741c04c31298655c6	3617 pieces, 124 prefabs, 54.5x45.4x104.0 m, 45 stations, 0 beds, 4 portals	source biome tag: ashlands; material tier: ashlands. DERIVED from the measurements in `role` -- not a curated judgement	139 terrain rows discarded by Infinity Hammer (#Terrain) -- level the ground by hand, and strip them before the RCON route
hs_ashlands_boggyexp_lavitating_portalhub.blueprint	hs_ashlands_boggyexp_lavitating_portalhub.blueprint	portal	setpiece	PLACES_CLEAN	True	derived	3564	34.7x38.6x21.8	ashlands(3037)	blueprint	BoggyExp	none stated	reference	OverDrive/BiomeBlueprints	OverDrive/BiomeBlueprints	dcc2384b22ee4ee1d3caa48cc49202a815b95cc445caa12385d2e1ec6f76e4f6	3564 pieces, 33 prefabs, 34.7x38.6x21.8 m, 0 stations, 0 beds, 7 portals	source biome tag: ashlands; material tier: ashlands. DERIVED from the measurements in `role` -- not a curated judgement	88 terrain rows discarded by Infinity Hammer (#Terrain) -- level the ground by hand, and strip them before the RCON route
hs_plains_sheepshank_mangohall.blueprint	hs_plains_sheepshank_mangohall.blueprint	portal	setpiece	PLACES_CLEAN	True	derived	3503	37.3x43.1x28.5	mistlands(71)	blueprint	Sheepshank	none stated	reference	OverDrive/BiomeBlueprints	OverDrive/BiomeBlueprints	d88757ae755eba0ee91995afdb80e2456a0697d9e7b207afe39b54894c48b852	3503 pieces, 95 prefabs, 37.3x43.1x28.5 m, 19 stations, 0 beds, 3 portals	source biome tag: plains; material tier: mistlands. DERIVED from the measurements in `role` -- not a curated judgement	106 terrain rows discarded by Infinity Hammer (#Terrain) -- level the ground by hand, and strip them before the RCON route
hs_mistlands_sheepshank_wizardtower.blueprint	hs_mistlands_sheepshank_wizardtower.blueprint	portal	setpiece	PLACES_CLEAN	True	derived	3425	89.1x22.6x54.1	mistlands(357)	blueprint	Sheepshank	none stated	reference	OverDrive/BiomeBlueprints	OverDrive/BiomeBlueprints	162915e4eb6ba2f678c7b6b1c904d09204fc166613d8d762ddf354c134e94f3c	3425 pieces, 128 prefabs, 89.1x22.6x54.1 m, 28 stations, 1 beds, 10 portals	source biome tag: mistlands; material tier: mistlands. DERIVED from the measurements in `role` -- not a curated judgement	126 terrain rows discarded by Infinity Hammer (#Terrain) -- level the ground by hand, and strip them before the RCON route
you-died-ocean-base.blueprint	you-died-ocean-base.blueprint	portal	setpiece	PLACES_CLEAN	True	curated	3400	60.4x64.9x26.0	ashlands(1386)	blueprint	YoU DiEd	none stated	reference	fleet corpus	fleet corpus	fb603c0858df33ab42f1757caf2a52bee414896661a45ffd74f841982b979ede	ocean platform with 14 portals	portal hub -- teleportall is ON, so this is unusually valuable here	
hs_mistlands_henkolymp.blueprint	hs_mistlands_henkolymp.blueprint	portal	setpiece	PLACES_CLEAN	True	derived	3285	93.2x93.7x13.0	mistlands(1734)	blueprint	Henk Debrook	none stated	reference	OverDrive/BiomeBlueprints	OverDrive/BiomeBlueprints	0fafab07472df971a672aacc12fc56b8252f2eeaa01206baac4596b2ec0274d1	3285 pieces, 51 prefabs, 93.2x93.7x13.0 m, 0 stations, 0 beds, 15 portals	source biome tag: mistlands; material tier: mistlands. DERIVED from the measurements in `role` -- not a curated judgement	357 terrain rows discarded by Infinity Hammer (#Terrain) -- level the ground by hand, and strip them before the RCON route
hs_ashlands_pvp_arena.blueprint	hs_ashlands_pvp_arena.blueprint	portal	setpiece	PLACES_CLEAN	True	derived	3115	56.5x57.1x14.0	ashlands(2257)	blueprint	Monkey	none stated	reference	OverDrive/BiomeBlueprints	OverDrive/BiomeBlueprints	baf96f6cd30908a4ff2054325e1399cb8286ecdab98814563083a6be3e92aefe	3115 pieces, 88 prefabs, 56.5x57.1x14.0 m, 4 stations, 0 beds, 5 portals	source biome tag: ashlands; material tier: ashlands. DERIVED from the measurements in `role` -- not a curated judgement	165 terrain rows discarded by Infinity Hammer (#Terrain) -- level the ground by hand, and strip them before the RCON route
hs_swamp_sheepshank_danamermhomefinal.blueprint	hs_swamp_sheepshank_danamermhomefinal.blueprint	portal	setpiece	PLACES_CLEAN	True	derived	3009	43.3x43.9x17.5	mistlands(16)	blueprint	Sheepshank	none stated	reference	OverDrive/BiomeBlueprints	OverDrive/BiomeBlueprints	8ac7b46d1d6802957bf3b5c13cb2cf6daca4813cda6f3637771af577851370ff	3009 pieces, 101 prefabs, 43.3x43.9x17.5 m, 28 stations, 8 beds, 5 portals	source biome tag: swamp; material tier: mistlands. DERIVED from the measurements in `role` -- not a curated judgement	117 terrain rows discarded by Infinity Hammer (#Terrain) -- level the ground by hand, and strip them before the RCON route
hs_ashlands_sheepshank_fluffydanatownhomes.blueprint	hs_ashlands_sheepshank_fluffydanatownhomes.blueprint	portal	setpiece	PLACES_CLEAN	True	derived	2936	30.5x26.1x18.5	ashlands(339)	blueprint	Sheepshank	none stated	reference	OverDrive/BiomeBlueprints	OverDrive/BiomeBlueprints	c36ea4b07769dfd7807668c5a2fa01b2d2bbfb20ec1929387261b8bf7155bbe6	2936 pieces, 128 prefabs, 30.5x26.1x18.5 m, 51 stations, 2 beds, 3 portals	source biome tag: ashlands; material tier: ashlands. DERIVED from the measurements in `role` -- not a curated judgement	68 terrain rows discarded by Infinity Hammer (#Terrain) -- level the ground by hand, and strip them before the RCON route
hs_plains_sheepshank_skeggoxmanor.blueprint	hs_plains_sheepshank_skeggoxmanor.blueprint	portal	setpiece	PLACES_CLEAN	True	derived	2857	47.1x47.1x14.0	mistlands(16)	blueprint	Sheepshank	none stated	reference	OverDrive/BiomeBlueprints	OverDrive/BiomeBlueprints	d1523eef9685018fd4ebb78d9869c4b3c6cabca56a760ce3da53d09ff98b3253	2857 pieces, 91 prefabs, 47.1x47.1x14.0 m, 19 stations, 3 beds, 4 portals	source biome tag: plains; material tier: mistlands. DERIVED from the measurements in `role` -- not a curated judgement	121 terrain rows discarded by Infinity Hammer (#Terrain) -- level the ground by hand, and strip them before the RCON route
hs_ashlands_sheepshank_rizzosretreatfinal.blueprint	hs_ashlands_sheepshank_rizzosretreatfinal.blueprint	portal	setpiece	PLACES_CLEAN	True	derived	2322	48.9x44.9x17.7	ashlands(252)	blueprint	Sheepshank	none stated	reference	OverDrive/BiomeBlueprints	OverDrive/BiomeBlueprints	a072a97d4ffef03d763e012172ce4e2fdf33aea52dfc43e3802239083bc53cea	2322 pieces, 138 prefabs, 48.9x44.9x17.7 m, 21 stations, 0 beds, 3 portals	source biome tag: ashlands; material tier: ashlands. DERIVED from the measurements in `role` -- not a curated judgement	128 terrain rows discarded by Infinity Hammer (#Terrain) -- level the ground by hand, and strip them before the RCON route
hs_ashlands_sheepshank_badgerforgefinal.blueprint	hs_ashlands_sheepshank_badgerforgefinal.blueprint	portal	setpiece	PLACES_CLEAN	True	derived	2247	27.1x36.4x16.0	ashlands(624)	blueprint	Sheepshank	none stated	reference	OverDrive/BiomeBlueprints	OverDrive/BiomeBlueprints	335edbe6cb3af5ee2a11ba5bd705932d996ec80101cf2db445014cd0e023d8fc	2247 pieces, 106 prefabs, 27.1x36.4x16.0 m, 25 stations, 0 beds, 4 portals	source biome tag: ashlands; material tier: ashlands. DERIVED from the measurements in `role` -- not a curated judgement	76 terrain rows discarded by Infinity Hammer (#Terrain) -- level the ground by hand, and strip them before the RCON route
hs_ashlands_sheepshank_myfirsthome.blueprint	hs_ashlands_sheepshank_myfirsthome.blueprint	portal	setpiece	PLACES_CLEAN	True	derived	2144	35.6x28.4x19.0	ashlands(220)	blueprint	Sheepshank	none stated	reference	OverDrive/BiomeBlueprints	OverDrive/BiomeBlueprints	84bb30aa032bebce5fe8efd22e792e9e6f626ef02f3fa800a086659e4bbdfc2b	2144 pieces, 119 prefabs, 35.6x28.4x19.0 m, 19 stations, 1 beds, 5 portals	source biome tag: ashlands; material tier: ashlands. DERIVED from the measurements in `role` -- not a curated judgement	72 terrain rows discarded by Infinity Hammer (#Terrain) -- level the ground by hand, and strip them before the RCON route
hs_blackforest_modestypooh_portalhub.blueprint	hs_blackforest_modestypooh_portalhub.blueprint	portal	setpiece	PLACES_CLEAN	True	derived	2026	39.2x39.2x9.6	mistlands(31)	blueprint	Modestypooh	none stated	reference	OverDrive/BiomeBlueprints	OverDrive/BiomeBlueprints	b67d369d63dd0db061f1a7ed5943330a8afe9294d2fce632057b743d4050781e	2026 pieces, 20 prefabs, 39.2x39.2x9.6 m, 4 stations, 0 beds, 30 portals	source biome tag: blackforest; material tier: mistlands. DERIVED from the measurements in `role` -- not a curated judgement	96 terrain rows discarded by Infinity Hammer (#Terrain) -- level the ground by hand, and strip them before the RCON route
hs_ashlands_l_le_de_bronze.blueprint	hs_ashlands_l_le_de_bronze.blueprint	portal	setpiece	PLACES_CLEAN	True	derived	1978	59.5x49.5x24.0	plains(1)	blueprint	LoKi	none stated	reference	OverDrive/BiomeBlueprints	OverDrive/BiomeBlueprints	14c5dd78697391b8398ae880593756870f922fc728271905e26a2e26fa33bf6d	1978 pieces, 90 prefabs, 59.5x49.5x24.0 m, 40 stations, 4 beds, 7 portals	source biome tag: ashlands; material tier: plains. DERIVED from the measurements in `role` -- not a curated judgement	154 terrain rows discarded by Infinity Hammer (#Terrain) -- level the ground by hand, and strip them before the RCON route
hs_plains_arthur_hall_of_portals.blueprint	hs_plains_arthur_hall_of_portals.blueprint	portal	setpiece	PLACES_CLEAN	True	derived	1932	39.8x27.7x18.2	swamp(38)	blueprint	Arthur	none stated	reference	OverDrive/BiomeBlueprints	OverDrive/BiomeBlueprints	df398b1479a781700deab50d9febe03d4a6da4d7bdbc06dd4e367acdb71b0c14	1932 pieces, 33 prefabs, 39.8x27.7x18.2 m, 3 stations, 0 beds, 15 portals	source biome tag: plains; material tier: swamp. DERIVED from the measurements in `role` -- not a curated judgement	76 terrain rows discarded by Infinity Hammer (#Terrain) -- level the ground by hand, and strip them before the RCON route
hs_mistlands_henkodrom.blueprint	hs_mistlands_henkodrom.blueprint	portal	setpiece	PLACES_CLEAN	True	derived	1649	44.4x60.0x15.0	mistlands(713)	blueprint	Henk Debrook	none stated	reference	OverDrive/BiomeBlueprints	OverDrive/BiomeBlueprints	3f24b1990f962deec0d9cc96ae19aae0db549d6c25eb1ebcf1c5b5a8f192ee26	1649 pieces, 51 prefabs, 44.4x60.0x15.0 m, 0 stations, 0 beds, 3 portals	source biome tag: mistlands; material tier: mistlands. DERIVED from the measurements in `role` -- not a curated judgement	141 terrain rows discarded by Infinity Hammer (#Terrain) -- level the ground by hand, and strip them before the RCON route
hs_blackforest_abzulute_caba_a_demons.blueprint	hs_blackforest_abzulute_caba_a_demons.blueprint	portal	setpiece	PLACES_CLEAN	True	derived	1609	53.4x62.4x12.8	meadows(1609)	blueprint	Abzulute	none stated	reference	OverDrive/BiomeBlueprints	OverDrive/BiomeBlueprints	bff330b3d16591d5f13de1cccc5f4ccdb1d066a856325e42fedf8f5a095859e2	1609 pieces, 53 prefabs, 53.4x62.4x12.8 m, 29 stations, 6 beds, 4 portals	source biome tag: blackforest; material tier: meadows. DERIVED from the measurements in `role` -- not a curated judgement	166 terrain rows discarded by Infinity Hammer (#Terrain) -- level the ground by hand, and strip them before the RCON route
hs_ashlands_20999_valheimian.blueprint	hs_ashlands_20999_valheimian.blueprint	portal	setpiece	PLACES_CLEAN	True	derived	1244	16.3x22.0x15.0	ashlands(584)	blueprint	Архитектор	none stated	reference	OverDrive/BiomeBlueprints	OverDrive/BiomeBlueprints	c0f28a1c3d1d4200868d96600ed36f762225f08a2672ad00acc4e9dd6fdbed9a	1244 pieces, 128 prefabs, 16.3x22.0x15.0 m, 37 stations, 1 beds, 4 portals	source biome tag: ashlands; material tier: ashlands. DERIVED from the measurements in `role` -- not a curated judgement	40 terrain rows discarded by Infinity Hammer (#Terrain) -- level the ground by hand, and strip them before the RCON route
hs_ashlands_feuersbrunst_henk.blueprint	hs_ashlands_feuersbrunst_henk.blueprint	portal	setpiece	PLACES_CLEAN	True	derived	1221	42.8x40.4x12.8	ashlands(34)	blueprint	Henk Vakker	none stated	reference	OverDrive/BiomeBlueprints	OverDrive/BiomeBlueprints	3faa20df3ddf77572cbf911047f9f0d6300dc1f033263f90c947b9c44d8db9c3	1221 pieces, 43 prefabs, 42.8x40.4x12.8 m, 0 stations, 0 beds, 4 portals	source biome tag: ashlands; material tier: ashlands. DERIVED from the measurements in `role` -- not a curated judgement	108 terrain rows discarded by Infinity Hammer (#Terrain) -- level the ground by hand, and strip them before the RCON route
salty-dick-portal-hub-final.blueprint	salty-dick-portal-hub-final.blueprint	portal	setpiece	PLACES_CLEAN	True	curated	1043	28.2x28.1x15.0	mistlands(20)	blueprint	Salty Dick	none stated	reference	offsetkeyz/valheim_mod_sync	offsetkeyz/valheim_mod_sync	7afcc658f10ee7333152ddec9c625499e909fe5081da61fe9800f553ae642af3	portal hub, 28 x 28 x 15 m, 8 portals, 1043 pieces	central portal hub. teleportall is ON here, so a hub is worth far more than in vanilla	
hs_ashlands_portalhub_dome.blueprint	hs_ashlands_portalhub_dome.blueprint	portal	setpiece	PLACES_CLEAN	True	derived	909	21.3x20.3x12.2	ashlands(216)	blueprint	Thysicus	none stated	reference	OverDrive/BiomeBlueprints	OverDrive/BiomeBlueprints	b498715029b3fc5b01d83b5bfd4e00497a6eebb727561a29440e480ae27108d0	909 pieces, 22 prefabs, 21.3x20.3x12.2 m, 0 stations, 0 beds, 14 portals	source biome tag: ashlands; material tier: ashlands. DERIVED from the measurements in `role` -- not a curated judgement	45 terrain rows discarded by Infinity Hammer (#Terrain) -- level the ground by hand, and strip them before the RCON route
hs_ashlands_builder_babe_portal_hub.blueprint	hs_ashlands_builder_babe_portal_hub.blueprint	portal	setpiece	PLACES_CLEAN	True	derived	905	30.3x29.3x8.0	mistlands(717)	blueprint	Builder Babe	none stated	reference	OverDrive/BiomeBlueprints	OverDrive/BiomeBlueprints	1206e0f16981d43ce5b04a2ffbea08c75649f2a5a1b9b7b2075c901431f0cef4	905 pieces, 10 prefabs, 30.3x29.3x8.0 m, 0 stations, 0 beds, 11 portals	source biome tag: ashlands; material tier: mistlands. DERIVED from the measurements in `role` -- not a curated judgement	70 terrain rows discarded by Infinity Hammer (#Terrain) -- level the ground by hand, and strip them before the RCON route
nurr-portalpyramid02.blueprint	nurr-portalpyramid02.blueprint	portal	setpiece	PLACES_CLEAN	True	curated	796	32.5x32.5x21.0	mistlands(751)	blueprint	Nurr	none stated	reference	offsetkeyz/valheim_mod_sync	offsetkeyz/valheim_mod_sync	11ac09baa9ccf5e66cea9e9a49d89279509bd3fde1d08ca898afa2b552b55aac	portal pyramid, 33 x 33 x 21 m, 8 portals, 796 pieces	secondary portal hub	
hs_plains_admin_veseljko_storage_hub_v1.blueprint	hs_plains_admin_veseljko_storage_hub_v1.blueprint	portal	setpiece	PLACES_CLEAN	True	derived	691	16.1x16.1x8.0	blackforest(276)	blueprint	Admin Veseljko	none stated	reference	OverDrive/BiomeBlueprints	OverDrive/BiomeBlueprints	755041b283ff0531e9b7a30db8dd2d986b136f95e32927d1b8befb490edeebe8	691 pieces, 30 prefabs, 16.1x16.1x8.0 m, 0 stations, 0 beds, 7 portals	source biome tag: plains; material tier: blackforest. DERIVED from the measurements in `role` -- not a curated judgement	36 terrain rows discarded by Infinity Hammer (#Terrain) -- level the ground by hand, and strip them before the RCON route
halvar-master-refinery.blueprint	halvar-master-refinery.blueprint	production	module	PLACES_CLEAN	True	curated	917	22.3x23.9x10.6	mistlands(14)	blueprint	Halvar	none stated	reference	fleet corpus	fleet corpus	a9c75a2d4b20ef99d5329c6e744bc4fd0662c55cc904d940b5b0d2a9a3248024	smelting and refinery yard, 22 x 24 m, 20 stations	ore country -- Black Forest copper or Mountain silver	
hs_ashlands_thrad_smithy.blueprint	hs_ashlands_thrad_smithy.blueprint	production	module	PLACES_CLEAN	True	derived	567	17.6x21.2x8.2	ashlands(10)	blueprint	Sirna	none stated	reference	OverDrive/BiomeBlueprints	OverDrive/BiomeBlueprints	30c31adf2adaa35e5353bafc4b247d16affdfc8566fb067a867c722bd6bba462	567 pieces, 59 prefabs, 17.6x21.2x8.2 m, 15 stations, 0 beds, 0 portals	source biome tag: ashlands; material tier: ashlands. DERIVED from the measurements in `role` -- not a curated judgement	40 terrain rows discarded by Infinity Hammer (#Terrain) -- level the ground by hand, and strip them before the RCON route
hs_ashlands_compact_endgame_base1.blueprint	hs_ashlands_compact_endgame_base1.blueprint	production	module	PLACES_CLEAN	True	derived	537	20.9x23.7x11.7	ashlands(113)	blueprint	Monkey	none stated	reference	OverDrive/BiomeBlueprints	OverDrive/BiomeBlueprints	a9670aeedf7b836e27e34e28718f6536f969f3a448ee16931ae84db130659c44	537 pieces, 94 prefabs, 20.9x23.7x11.7 m, 43 stations, 0 beds, 0 portals	source biome tag: ashlands; material tier: ashlands. DERIVED from the measurements in `role` -- not a curated judgement	47 terrain rows discarded by Infinity Hammer (#Terrain) -- level the ground by hand, and strip them before the RCON route
hs_ashlands_admin_veseljko_cooking_hut.blueprint	hs_ashlands_admin_veseljko_cooking_hut.blueprint	production	module	PLACES_CLEAN	True	derived	505	21.3x21.3x11.0	ashlands(39)	blueprint	Admin Veseljko	none stated	reference	OverDrive/BiomeBlueprints	OverDrive/BiomeBlueprints	bf76a5958d3e3125d332daf3a82451cc223eb38d85811c3d2ed6c34b8557fa61	505 pieces, 43 prefabs, 21.3x21.3x11.0 m, 18 stations, 0 beds, 0 portals	source biome tag: ashlands; material tier: ashlands. DERIVED from the measurements in `role` -- not a curated judgement	45 terrain rows discarded by Infinity Hammer (#Terrain) -- level the ground by hand, and strip them before the RCON route
hs_mistlands_thrad_workshop.blueprint	hs_mistlands_thrad_workshop.blueprint	production	module	PLACES_CLEAN	True	derived	493	17.5x10.9x11.3	mistlands(36)	blueprint	Sirna	none stated	reference	OverDrive/BiomeBlueprints	OverDrive/BiomeBlueprints	998ab8f4a8af8f8ea2f24f22229055a80596961a381289e7244070db98e28008	493 pieces, 52 prefabs, 17.5x10.9x11.3 m, 9 stations, 0 beds, 0 portals	source biome tag: mistlands; material tier: mistlands. DERIVED from the measurements in `role` -- not a curated judgement	30 terrain rows discarded by Infinity Hammer (#Terrain) -- level the ground by hand, and strip them before the RCON route
hs_ashlands_the_forge_2.blueprint	hs_ashlands_the_forge_2.blueprint	production	module	PLACES_CLEAN	True	derived	462	23.1x14.1x12.0	ashlands(57)	blueprint	Ise LeGaCy	none stated	reference	OverDrive/BiomeBlueprints	OverDrive/BiomeBlueprints	a3c9944867488d9cea5f3118e6d9d5d0c64b152f6875aed9f452f273ea625fb0	462 pieces, 50 prefabs, 23.1x14.1x12.0 m, 18 stations, 0 beds, 0 portals	source biome tag: ashlands; material tier: ashlands. DERIVED from the measurements in `role` -- not a curated judgement	40 terrain rows discarded by Infinity Hammer (#Terrain) -- level the ground by hand, and strip them before the RCON route
hs_ashlands_babe_cozinha_completa.blueprint	hs_ashlands_babe_cozinha_completa.blueprint	production	module	PLACES_CLEAN	True	derived	456	15.4x15.9x9.0	plains(2)	blueprint	Babe	none stated	reference	OverDrive/BiomeBlueprints	OverDrive/BiomeBlueprints	8042fd0964636d318ec3a95b6b50045d0bcadc3f72823ac62b7a0ca4da5fdf71	456 pieces, 49 prefabs, 15.4x15.9x9.0 m, 14 stations, 0 beds, 0 portals	source biome tag: ashlands; material tier: plains. DERIVED from the measurements in `role` -- not a curated judgement	32 terrain rows discarded by Infinity Hammer (#Terrain) -- level the ground by hand, and strip them before the RCON route
hs_swamp_babe_estacao_de_trabalho.blueprint	hs_swamp_babe_estacao_de_trabalho.blueprint	production	module	PLACES_CLEAN	True	derived	384	14.8x19.4x7.5	blackforest(12)	blueprint	Babe	none stated	reference	OverDrive/BiomeBlueprints	OverDrive/BiomeBlueprints	81096e2a224284dfd0ae874f1260608f8cb5dff98678550aea3b62c026161063	384 pieces, 34 prefabs, 14.8x19.4x7.5 m, 11 stations, 0 beds, 0 portals	source biome tag: swamp; material tier: blackforest. DERIVED from the measurements in `role` -- not a curated judgement	38 terrain rows discarded by Infinity Hammer (#Terrain) -- level the ground by hand, and strip them before the RCON route
PuP_forge1.blueprint	PuP_forge1.blueprint	production	module	PLACES_CLEAN	True	curated	343	18.5x13.4x15.0	ashlands(2)	blueprint	PuP	none stated	reference	fleet corpus	fleet corpus	02d12b1445127bdcfd9783936e4ef8c547d8d303e7b055aacd13f91f66ea1022	roofed forge and workshop shed, 19 x 13 m, 10 stations	workshop annex bolted onto any existing base	
hs_plains_dumbel_small_work.blueprint	hs_plains_dumbel_small_work.blueprint	production	module	PLACES_CLEAN	True	derived	312	18.8x15.4x7.0	blackforest(70)	blueprint	Dumbel	none stated	reference	OverDrive/BiomeBlueprints	OverDrive/BiomeBlueprints	cf631ee391c9a15029968405def6f49e150ee508c52060bd902d64c2aed17fc8	312 pieces, 48 prefabs, 18.8x15.4x7.0 m, 22 stations, 0 beds, 0 portals	source biome tag: plains; material tier: blackforest. DERIVED from the measurements in `role` -- not a curated judgement	38 terrain rows discarded by Infinity Hammer (#Terrain) -- level the ground by hand, and strip them before the RCON route
hs_ashlands_meathousevanilla_brigames.blueprint	hs_ashlands_meathousevanilla_brigames.blueprint	production	module	PLACES_CLEAN	True	derived	265	10.1x12.1x9.0	ashlands(36)	blueprint	Bri Games	none stated	reference	OverDrive/BiomeBlueprints	OverDrive/BiomeBlueprints	def5643d66eb9dab9e0d6802a9ebb28f86fcaddfb31dd271b40106defb7d1700	265 pieces, 20 prefabs, 10.1x12.1x9.0 m, 19 stations, 0 beds, 0 portals	source biome tag: ashlands; material tier: ashlands. DERIVED from the measurements in `role` -- not a curated judgement	28 terrain rows discarded by Infinity Hammer (#Terrain) -- level the ground by hand, and strip them before the RCON route
hs_blackforest_mister_small_kitchen_startgame.blueprint	hs_blackforest_mister_small_kitchen_startgame.blueprint	production	module	PLACES_CLEAN	True	derived	263	10.0x11.4x6.0	meadows(263)	blueprint	Mister	none stated	reference	OverDrive/BiomeBlueprints	OverDrive/BiomeBlueprints	81fab47c3b693cfc3438aaa0fa98dd7ab59b3d00f05433183d9c0b22e3e047ec	263 pieces, 47 prefabs, 10.0x11.4x6.0 m, 3 stations, 0 beds, 0 portals	source biome tag: blackforest; material tier: meadows. DERIVED from the measurements in `role` -- not a curated judgement	23 terrain rows discarded by Infinity Hammer (#Terrain) -- level the ground by hand, and strip them before the RCON route
hs_ashlands_adelaide.blueprint	hs_ashlands_adelaide.blueprint	production	module	PLACES_CLEAN	True	derived	184	7.5x7.1x6.2	mistlands(11)	blueprint	MaCaron	none stated	reference	OverDrive/BiomeBlueprints	OverDrive/BiomeBlueprints	7c1b565aa01beef33037b7242051488e318fa60568664f15fd199ca471d31856	184 pieces, 48 prefabs, 7.5x7.1x6.2 m, 10 stations, 0 beds, 0 portals	source biome tag: ashlands; material tier: mistlands. DERIVED from the measurements in `role` -- not a curated judgement	21 terrain rows discarded by Infinity Hammer (#Terrain) -- level the ground by hand, and strip them before the RCON route
hs_meadows_the_neck_nook.blueprint	hs_meadows_the_neck_nook.blueprint	production	module	PLACES_CLEAN	True	derived	183	8.5x8.6x6.8	meadows(183)	blueprint	Daft God	none stated	reference	OverDrive/BiomeBlueprints	OverDrive/BiomeBlueprints	865053dd210c98fb3a6e48dcfe5b2bdffa9345d6242d3d85add2d44687cb4cf8	183 pieces, 23 prefabs, 8.5x8.6x6.8 m, 5 stations, 0 beds, 0 portals	source biome tag: meadows; material tier: meadows. DERIVED from the measurements in `role` -- not a curated judgement	21 terrain rows discarded by Infinity Hammer (#Terrain) -- level the ground by hand, and strip them before the RCON route
hs_meadows_the_flint_flat.blueprint	hs_meadows_the_flint_flat.blueprint	production	module	PLACES_CLEAN	True	derived	176	9.2x10.4x5.0	meadows(176)	blueprint	Daft God	none stated	reference	OverDrive/BiomeBlueprints	OverDrive/BiomeBlueprints	488ec5f18db8bc9e7e72c02dec5ed868fe063def775c408296987cfc1c0184a9	176 pieces, 21 prefabs, 9.2x10.4x5.0 m, 6 stations, 0 beds, 0 portals	source biome tag: meadows; material tier: meadows. DERIVED from the measurements in `role` -- not a curated judgement	23 terrain rows discarded by Infinity Hammer (#Terrain) -- level the ground by hand, and strip them before the RCON route
hs_meadows_aodi_the_hive_1_0.blueprint	hs_meadows_aodi_the_hive_1_0.blueprint	production	module	PLACES_CLEAN	True	derived	126	8.4x8.5x4.7	meadows(126)	blueprint	Aodi	none stated	reference	OverDrive/BiomeBlueprints	OverDrive/BiomeBlueprints	0240fc19daa8f09e69033c5f93321075fc66c8b930a368d66b0d2d81a0678e7c	126 pieces, 13 prefabs, 8.4x8.5x4.7 m, 15 stations, 0 beds, 0 portals	source biome tag: meadows; material tier: meadows. DERIVED from the measurements in `role` -- not a curated judgement	21 terrain rows discarded by Infinity Hammer (#Terrain) -- level the ground by hand, and strip them before the RCON route
hs_plains_vrolok_stone_refuge_2.blueprint	hs_plains_vrolok_stone_refuge_2.blueprint	production	module	PLACES_CLEAN	True	derived	89	8.0x9.3x6.0	swamp(1)	blueprint	Vrolok	none stated	reference	OverDrive/BiomeBlueprints	OverDrive/BiomeBlueprints	3be79a24f3e864cd7f424546cb54f3cb4b8184d463137c51dabdc5ede1a55add	89 pieces, 19 prefabs, 8.0x9.3x6.0 m, 6 stations, 0 beds, 1 portals	source biome tag: plains; material tier: swamp. DERIVED from the measurements in `role` -- not a curated judgement	21 terrain rows discarded by Infinity Hammer (#Terrain) -- level the ground by hand, and strip them before the RCON route
hs_meadows_hive_tower.blueprint	hs_meadows_hive_tower.blueprint	production	module	PLACES_CLEAN	True	derived	75	4.5x5.2x4.7	meadows(75)	blueprint	Modestypooh	none stated	reference	OverDrive/BiomeBlueprints	OverDrive/BiomeBlueprints	e77d9f6b6a75fcfb3dffd27fa13f5ea6662bd04919d0d1aef961ac13550ffe9b	75 pieces, 3 prefabs, 4.5x5.2x4.7 m, 7 stations, 0 beds, 0 portals	source biome tag: meadows; material tier: meadows. DERIVED from the measurements in `role` -- not a curated judgement	16 terrain rows discarded by Infinity Hammer (#Terrain) -- level the ground by hand, and strip them before the RCON route
hs_meadows_busy_bee_beehive.blueprint	hs_meadows_busy_bee_beehive.blueprint	production	module	PLACES_CLEAN	True	derived	70	3.2x10.0x9.2	meadows(70)	blueprint	Modestypooh	none stated	reference	OverDrive/BiomeBlueprints	OverDrive/BiomeBlueprints	7177f61680a1aef63d7b4af82a51b62fafc0574838d06c8d814e6faf6965c531	70 pieces, 5 prefabs, 3.2x10.0x9.2 m, 6 stations, 0 beds, 0 portals	source biome tag: meadows; material tier: meadows. DERIVED from the measurements in `role` -- not a curated judgement	18 terrain rows discarded by Infinity Hammer (#Terrain) -- level the ground by hand, and strip them before the RCON route
hs_blackforest_aodi_quickrest_1_0a.blueprint	hs_blackforest_aodi_quickrest_1_0a.blueprint	production	module	PLACES_CLEAN	True	derived	69	4.2x4.5x3.0	meadows(69)	blueprint	Aodi	none stated	reference	OverDrive/BiomeBlueprints	OverDrive/BiomeBlueprints	bc70068664eddee4c2f416ca8d662b9683a219a118f20369d8578115070a0749	69 pieces, 21 prefabs, 4.2x4.5x3.0 m, 3 stations, 0 beds, 0 portals	source biome tag: blackforest; material tier: meadows. DERIVED from the measurements in `role` -- not a curated judgement	16 terrain rows discarded by Infinity Hammer (#Terrain) -- level the ground by hand, and strip them before the RCON route
hs_ashlands_mini_sap_extractor.blueprint	hs_ashlands_mini_sap_extractor.blueprint	production	module	PLACES_CLEAN	True	derived	47	5.0x4.2x1.0	ashlands(8)	blueprint	Monkey	none stated	reference	OverDrive/BiomeBlueprints	OverDrive/BiomeBlueprints	c580ff2d588fae0465e9f523d5bc35685d2466587f507a44a52046c216822dc5	47 pieces, 8 prefabs, 5.0x4.2x1.0 m, 3 stations, 0 beds, 0 portals	source biome tag: ashlands; material tier: ashlands. DERIVED from the measurements in `role` -- not a curated judgement	16 terrain rows discarded by Infinity Hammer (#Terrain) -- level the ground by hand, and strip them before the RCON route
hs_ashlands_neletit_mansion.blueprint	hs_ashlands_neletit_mansion.blueprint	production	setpiece	PLACES_CLEAN	True	derived	39487	115.7x87.9x40.6	ashlands(22085)	blueprint	Neletit	none stated	reference	OverDrive/BiomeBlueprints	OverDrive/BiomeBlueprints	e32bf2cfa81260f8d158391a3d458251f090b414a7dd1e9bf388cc7d7fc806a6	39487 pieces, 151 prefabs, 115.7x87.9x40.6 m, 21 stations, 0 beds, 0 portals	source biome tag: ashlands; material tier: ashlands. DERIVED from the measurements in `role` -- not a curated judgement	118 terrain rows discarded by Infinity Hammer (#Terrain) -- level the ground by hand, and strip them before the RCON route
hs_ashlands_ragnar_openwarehouse.blueprint	hs_ashlands_ragnar_openwarehouse.blueprint	production	setpiece	PLACES_CLEAN	True	derived	8599	55.0x53.0x11.5	ashlands(5268)	blueprint	Ragnar	none stated	reference	OverDrive/BiomeBlueprints	OverDrive/BiomeBlueprints	602520cc806a4cd4713b1dc45c4de9e2c6cfb0985df1d7cb061b32e637910d92	8599 pieces, 77 prefabs, 55.0x53.0x11.5 m, 35 stations, 0 beds, 0 portals	source biome tag: ashlands; material tier: ashlands. DERIVED from the measurements in `role` -- not a curated judgement	154 terrain rows discarded by Infinity Hammer (#Terrain) -- level the ground by hand, and strip them before the RCON route
hs_ashlands_ragnar_warehouse.blueprint	hs_ashlands_ragnar_warehouse.blueprint	production	setpiece	PLACES_CLEAN	True	derived	7939	69.2x69.2x8.4	ashlands(4675)	blueprint	Ragnar	none stated	reference	OverDrive/BiomeBlueprints	OverDrive/BiomeBlueprints	ca7879018e615748ea3ba5723c48219e1ea220c59057290830abc85ceb3d4656	7939 pieces, 79 prefabs, 69.2x69.2x8.4 m, 35 stations, 0 beds, 1 portals	source biome tag: ashlands; material tier: ashlands. DERIVED from the measurements in `role` -- not a curated judgement	221 terrain rows discarded by Infinity Hammer (#Terrain) -- level the ground by hand, and strip them before the RCON route
hs_ashlands_sheepshank_kaer_mor_boarv2.blueprint	hs_ashlands_sheepshank_kaer_mor_boarv2.blueprint	production	setpiece	PLACES_CLEAN	True	derived	6707	66.5x62.8x27.5	ashlands(364)	blueprint	Sheepshank	none stated	reference	OverDrive/BiomeBlueprints	OverDrive/BiomeBlueprints	3ca71e2430470dabe2ef7647db9a5d1c6c1c676195b3a9ac9dab7ee5869628dc	6707 pieces, 173 prefabs, 66.5x62.8x27.5 m, 41 stations, 0 beds, 1 portals	source biome tag: ashlands; material tier: ashlands. DERIVED from the measurements in `role` -- not a curated judgement	206 terrain rows discarded by Infinity Hammer (#Terrain) -- level the ground by hand, and strip them before the RCON route
hs_mountain_feasthallfinal.blueprint	hs_mountain_feasthallfinal.blueprint	production	setpiece	PLACES_CLEAN	True	derived	6671	37.3x40.5x19.2	ashlands(1)	blueprint	Ivor The Smol	none stated	reference	OverDrive/BiomeBlueprints	OverDrive/BiomeBlueprints	aa39de5482ec957beb8efe9e2d5cf075f2cce55158354df7018b4086d8acf9b9	6671 pieces, 124 prefabs, 37.3x40.5x19.2 m, 20 stations, 0 beds, 0 portals	source biome tag: mountain; material tier: ashlands. DERIVED from the measurements in `role` -- not a curated judgement	98 terrain rows discarded by Infinity Hammer (#Terrain) -- level the ground by hand, and strip them before the RCON route
hs_ashlands_mansion_vanilla.blueprint	hs_ashlands_mansion_vanilla.blueprint	production	setpiece	PLACES_CLEAN	True	derived	6556	57.3x35.7x21.2	ashlands(571)	blueprint	Thysicus	none stated	reference	OverDrive/BiomeBlueprints	OverDrive/BiomeBlueprints	ea290e696a4f07324c4339968358ec1510867481e52ecd9568e9ca82e87097b6	6556 pieces, 68 prefabs, 57.3x35.7x21.2 m, 3 stations, 0 beds, 0 portals	source biome tag: ashlands; material tier: ashlands. DERIVED from the measurements in `role` -- not a curated judgement	115 terrain rows discarded by Infinity Hammer (#Terrain) -- level the ground by hand, and strip them before the RCON route
hs_ashlands_astrid_sinjesdo_viking_dumpling_paradise.blueprint	hs_ashlands_astrid_sinjesdo_viking_dumpling_paradise.blueprint	production	setpiece	PLACES_CLEAN	True	derived	6164	86.6x75.4x21.7	ashlands(2198)	blueprint	Astrid Sinjesdo	none stated	reference	OverDrive/BiomeBlueprints	OverDrive/BiomeBlueprints	c61d65e6bc9ca276f8e2c3f8be521568fc700d4d0ebd87f01575822dedf22fc2	6164 pieces, 172 prefabs, 86.6x75.4x21.7 m, 32 stations, 0 beds, 1 portals	source biome tag: ashlands; material tier: ashlands. DERIVED from the measurements in `role` -- not a curated judgement	284 terrain rows discarded by Infinity Hammer (#Terrain) -- level the ground by hand, and strip them before the RCON route
hs_ashlands_the_architect_runestonetownhomestriplex.blueprint	hs_ashlands_the_architect_runestonetownhomestriplex.blueprint	production	setpiece	PLACES_CLEAN	True	derived	4986	22.1x27.9x20.0	ashlands(4151)	blueprint	The Architect	none stated	reference	OverDrive/BiomeBlueprints	OverDrive/BiomeBlueprints	660ee0304e25da040580344d945c4cf4236e8eab23c296efca8e2dbc8b3a97e8	4986 pieces, 103 prefabs, 22.1x27.9x20.0 m, 30 stations, 0 beds, 0 portals	source biome tag: ashlands; material tier: ashlands. DERIVED from the measurements in `role` -- not a curated judgement	54 terrain rows discarded by Infinity Hammer (#Terrain) -- level the ground by hand, and strip them before the RCON route
hs_ashlands_cts_wolfrunlodge.blueprint	hs_ashlands_cts_wolfrunlodge.blueprint	production	setpiece	PLACES_CLEAN	True	derived	4926	39.3x36.0x19.6	ashlands(25)	blueprint	Cooties	none stated	reference	OverDrive/BiomeBlueprints	OverDrive/BiomeBlueprints	e525c87ef6c6c66d061c0c7df161f778510dd9f088af3931bdf3e75f41dbe81e	4926 pieces, 105 prefabs, 39.3x36.0x19.6 m, 19 stations, 0 beds, 0 portals	source biome tag: ashlands; material tier: ashlands. DERIVED from the measurements in `role` -- not a curated judgement	88 terrain rows discarded by Infinity Hammer (#Terrain) -- level the ground by hand, and strip them before the RCON route
brokkr-the-churn.blueprint	brokkr-the-churn.blueprint	production	setpiece	PLACES_CLEAN	True	curated	4655	71.2x71.5x33.9	swamp(8)	blueprint	Oosdevforty	none stated	reference	Oosquai/SavheimIV	Oosquai/SavheimIV	d8cb83d3de21f8ef1efd164ef2ef3811f071a7865ad264a6ffe2530d814f1070	industrial keep, 71 x 72 x 34 m, 11 stations	Swamp production centre	
hs_ashlands_lavaforge.blueprint	hs_ashlands_lavaforge.blueprint	production	setpiece	PLACES_CLEAN	True	derived	4398	56.0x23.8x28.6	ashlands(2119)	blueprint	Olivanderr	none stated	reference	OverDrive/BiomeBlueprints	OverDrive/BiomeBlueprints	6c5fae4eb202ea5b7a43730a7090ab03eee95422f0b75a988b6fc3446a6958cb	4398 pieces, 91 prefabs, 56.0x23.8x28.6 m, 26 stations, 0 beds, 0 portals	source biome tag: ashlands; material tier: ashlands. DERIVED from the measurements in `role` -- not a curated judgement	89 terrain rows discarded by Infinity Hammer (#Terrain) -- level the ground by hand, and strip them before the RCON route
hs_ashlands_wissman_yngolkeep.blueprint	hs_ashlands_wissman_yngolkeep.blueprint	production	setpiece	PLACES_CLEAN	True	derived	4388	50.4x48.0x45.0	ashlands(1967)	blueprint	Wissman	none stated	reference	OverDrive/BiomeBlueprints	OverDrive/BiomeBlueprints	364efcc07a38f15fbbe52dab86602341130cc35c8359038bffb7f73cda4bc9fc	4388 pieces, 160 prefabs, 50.4x48.0x45.0 m, 25 stations, 0 beds, 0 portals	source biome tag: ashlands; material tier: ashlands. DERIVED from the measurements in `role` -- not a curated judgement	130 terrain rows discarded by Infinity Hammer (#Terrain) -- level the ground by hand, and strip them before the RCON route
hs_ashlands_the_architect_grand_loki_theater.blueprint	hs_ashlands_the_architect_grand_loki_theater.blueprint	production	setpiece	PLACES_CLEAN	True	derived	4345	29.0x40.5x29.0	ashlands(3398)	blueprint	The Architect	none stated	reference	OverDrive/BiomeBlueprints	OverDrive/BiomeBlueprints	39b6c3c03a55379298a459fe1656d4ecc8967fdddb7cff03dd429d5decf4ab4b	4345 pieces, 73 prefabs, 29.0x40.5x29.0 m, 3 stations, 0 beds, 0 portals	source biome tag: ashlands; material tier: ashlands. DERIVED from the measurements in `role` -- not a curated judgement	80 terrain rows discarded by Infinity Hammer (#Terrain) -- level the ground by hand, and strip them before the RCON route
hs_ashlands_admin_veseljko_the_silent_enclave.blueprint	hs_ashlands_admin_veseljko_the_silent_enclave.blueprint	production	setpiece	PLACES_CLEAN	True	derived	4035	53.0x62.5x32.0	ashlands(42)	blueprint	Admin Veseljko	none stated	reference	OverDrive/BiomeBlueprints	OverDrive/BiomeBlueprints	3603e4c3f4f28d9c2ec44a9011504e0c69b9edc2d0c69fee64e3df862db8e14d	4035 pieces, 96 prefabs, 53.0x62.5x32.0 m, 36 stations, 0 beds, 0 portals	source biome tag: ashlands; material tier: ashlands. DERIVED from the measurements in `role` -- not a curated judgement	166 terrain rows discarded by Infinity Hammer (#Terrain) -- level the ground by hand, and strip them before the RCON route
hs_ashlands_wissman_straunvaig.blueprint	hs_ashlands_wissman_straunvaig.blueprint	production	setpiece	PLACES_CLEAN	True	derived	3664	67.8x53.2x29.2	ashlands(240)	blueprint	Wissman	none stated	reference	OverDrive/BiomeBlueprints	OverDrive/BiomeBlueprints	d9aa367efda21084c426131b6a801ca235bccde941e780e5f0a1e14b2c21e530	3664 pieces, 156 prefabs, 67.8x53.2x29.2 m, 25 stations, 0 beds, 1 portals	source biome tag: ashlands; material tier: ashlands. DERIVED from the measurements in `role` -- not a curated judgement	178 terrain rows discarded by Infinity Hammer (#Terrain) -- level the ground by hand, and strip them before the RCON route
hs_ashlands_wissman_jarvidr_church_full.blueprint	hs_ashlands_wissman_jarvidr_church_full.blueprint	production	setpiece	PLACES_CLEAN	True	derived	3193	43.6x63.8x33.5	ashlands(1597)	blueprint	Wissman	none stated	reference	OverDrive/BiomeBlueprints	OverDrive/BiomeBlueprints	3f1e386d030a36c4dcba4436435f660184bccc944b1957ea9ef1a14caf2e7c33	3193 pieces, 74 prefabs, 43.6x63.8x33.5 m, 6 stations, 0 beds, 0 portals	source biome tag: ashlands; material tier: ashlands. DERIVED from the measurements in `role` -- not a curated judgement	150 terrain rows discarded by Infinity Hammer (#Terrain) -- level the ground by hand, and strip them before the RCON route
forge (copy 1).blueprint	forge (copy 1).blueprint	production	setpiece	PLACES_CLEAN	True	curated	2968	31.1x26.2x21.0	ashlands(1140)	blueprint	Olivanderr	none stated	reference	fleet corpus	fleet corpus	9e535f87511097bd8ee4c2d9747cedb84c74a152caf47244bbb0c8298d9aa852	byte-identical duplicate of forge.blueprint	-	
forge.blueprint	forge.blueprint	production	setpiece	PLACES_CLEAN	True	curated	2968	31.1x26.2x21.0	ashlands(1140)	blueprint	Olivanderr	none stated	reference	fleet corpus	fleet corpus	9e535f87511097bd8ee4c2d9747cedb84c74a152caf47244bbb0c8298d9aa852	walled forge yard, 31 x 26 m, 18 stations	ore-country smelting yard	
hs_ashlands_house.blueprint	hs_ashlands_house.blueprint	production	setpiece	PLACES_CLEAN	True	derived	2966	23.9x36.7x17.0	ashlands(172)	blueprint	Thysicus	none stated	reference	OverDrive/BiomeBlueprints	OverDrive/BiomeBlueprints	72cfaa723372144ce64d333a922cae605bd40d78ba162828a251470e7e79d3f0	2966 pieces, 102 prefabs, 23.9x36.7x17.0 m, 10 stations, 0 beds, 0 portals	source biome tag: ashlands; material tier: ashlands. DERIVED from the measurements in `role` -- not a curated judgement	68 terrain rows discarded by Infinity Hammer (#Terrain) -- level the ground by hand, and strip them before the RCON route
hs_ashlands_cozycabin.blueprint	hs_ashlands_cozycabin.blueprint	production	setpiece	PLACES_CLEAN	True	derived	2797	30.4x19.1x14.0	ashlands(696)	blueprint	Olivanderr	none stated	reference	OverDrive/BiomeBlueprints	OverDrive/BiomeBlueprints	7d44c4aaad48ed0bdcd7ce4538e75db8a5d7d74e5fcf4581369166b9fb46c1f4	2797 pieces, 108 prefabs, 30.4x19.1x14.0 m, 19 stations, 0 beds, 0 portals	source biome tag: ashlands; material tier: ashlands. DERIVED from the measurements in `role` -- not a curated judgement	59 terrain rows discarded by Infinity Hammer (#Terrain) -- level the ground by hand, and strip them before the RCON route
hs_ashlands_rapunzel_twr.blueprint	hs_ashlands_rapunzel_twr.blueprint	production	setpiece	PLACES_CLEAN	True	derived	2623	22.2x20.3x65.0	ashlands(995)	blueprint	Cornboy	none stated	reference	OverDrive/BiomeBlueprints	OverDrive/BiomeBlueprints	13d0f9018bdd06c981f2f1cd7bdebdaec0d52588702dd8038c1cc043786f0d5e	2623 pieces, 83 prefabs, 22.2x20.3x65.0 m, 12 stations, 0 beds, 2 portals	source biome tag: ashlands; material tier: ashlands. DERIVED from the measurements in `role` -- not a curated judgement	47 terrain rows discarded by Infinity Hammer (#Terrain) -- level the ground by hand, and strip them before the RCON route
hs_ashlands_the_architect_rime_flamereforeged.blueprint	hs_ashlands_the_architect_rime_flamereforeged.blueprint	production	setpiece	PLACES_CLEAN	True	derived	2272	33.1x23.2x21.0	ashlands(1745)	blueprint	The Architect	none stated	reference	OverDrive/BiomeBlueprints	OverDrive/BiomeBlueprints	891e90f81e3c83c8a92e8deff77026f9f4774c6e09308f955ae657e5bd716ba1	2272 pieces, 93 prefabs, 33.1x23.2x21.0 m, 7 stations, 0 beds, 0 portals	source biome tag: ashlands; material tier: ashlands. DERIVED from the measurements in `role` -- not a curated judgement	61 terrain rows discarded by Infinity Hammer (#Terrain) -- level the ground by hand, and strip them before the RCON route
hs_ashlands_sheepshank_theburrow.blueprint	hs_ashlands_sheepshank_theburrow.blueprint	production	setpiece	PLACES_CLEAN	True	derived	2001	17.7x17.7x31.0	ashlands(609)	blueprint	Sheepshank	none stated	reference	OverDrive/BiomeBlueprints	OverDrive/BiomeBlueprints	ec57c808ec8729e42198c40ba730cff13e29c22bd60c52ae1c7e7869ce422e90	2001 pieces, 167 prefabs, 17.7x17.7x31.0 m, 26 stations, 0 beds, 1 portals	source biome tag: ashlands; material tier: ashlands. DERIVED from the measurements in `role` -- not a curated judgement	36 terrain rows discarded by Infinity Hammer (#Terrain) -- level the ground by hand, and strip them before the RCON route
hs_ashlands_pubvanilla.blueprint	hs_ashlands_pubvanilla.blueprint	production	setpiece	PLACES_CLEAN	True	derived	1971	21.5x30.8x20.8	ashlands(792)	blueprint	Bri Games	none stated	reference	OverDrive/BiomeBlueprints	OverDrive/BiomeBlueprints	44e0a6575c263041438212d5cea327499754abb31aee9b271177529b23018948	1971 pieces, 103 prefabs, 21.5x30.8x20.8 m, 3 stations, 0 beds, 2 portals	source biome tag: ashlands; material tier: ashlands. DERIVED from the measurements in `role` -- not a curated judgement	59 terrain rows discarded by Infinity Hammer (#Terrain) -- level the ground by hand, and strip them before the RCON route
hs_ashlands_pub.blueprint	hs_ashlands_pub.blueprint	production	setpiece	PLACES_CLEAN	True	derived	1970	21.5x30.5x20.8	ashlands(792)	blueprint	Bri Games	none stated	reference	OverDrive/BiomeBlueprints	OverDrive/BiomeBlueprints	b5089cfb5cbc5cf6ca298bfcb6d9a5e1a7254a7d5b6273a63af415ddedae0f6b	1970 pieces, 103 prefabs, 21.5x30.5x20.8 m, 3 stations, 0 beds, 2 portals	source biome tag: ashlands; material tier: ashlands. DERIVED from the measurements in `role` -- not a curated judgement	59 terrain rows discarded by Infinity Hammer (#Terrain) -- level the ground by hand, and strip them before the RCON route
hs_mistlands_thrad_two_towers.blueprint	hs_mistlands_thrad_two_towers.blueprint	production	setpiece	PLACES_CLEAN	True	derived	1902	30.3x30.6x19.5	ashlands(10)	blueprint	Sirna	none stated	reference	OverDrive/BiomeBlueprints	OverDrive/BiomeBlueprints	fe655786b794cf6e04ac1f7ad7dbca8e81d1cbef099e7f1a3c9fd002c93761f2	1902 pieces, 60 prefabs, 30.3x30.6x19.5 m, 5 stations, 0 beds, 1 portals	source biome tag: mistlands; material tier: ashlands. DERIVED from the measurements in `role` -- not a curated judgement	77 terrain rows discarded by Infinity Hammer (#Terrain) -- level the ground by hand, and strip them before the RCON route
hs_ashlands_swampytreehouse.blueprint	hs_ashlands_swampytreehouse.blueprint	production	setpiece	PLACES_CLEAN	True	derived	1792	24.7x23.3x29.5	ashlands(1115)	blueprint	Bhima	none stated	reference	OverDrive/BiomeBlueprints	OverDrive/BiomeBlueprints	4effd633e01f5e5f204176a56b37e66d0a55d011011b37376f35685248c6b180	1792 pieces, 130 prefabs, 24.7x23.3x29.5 m, 22 stations, 0 beds, 0 portals	source biome tag: ashlands; material tier: ashlands. DERIVED from the measurements in `role` -- not a curated judgement	54 terrain rows discarded by Infinity Hammer (#Terrain) -- level the ground by hand, and strip them before the RCON route
hs_ashlands_wissman_beacon.blueprint	hs_ashlands_wissman_beacon.blueprint	production	setpiece	PLACES_CLEAN	True	derived	1611	36.4x30.3x30.8	ashlands(877)	blueprint	Wissman	none stated	reference	OverDrive/BiomeBlueprints	OverDrive/BiomeBlueprints	5da300353973bf5c3612ee0bd48cd32567fbf2d928295d1261596523f9f5de7f	1611 pieces, 108 prefabs, 36.4x30.3x30.8 m, 6 stations, 0 beds, 0 portals	source biome tag: ashlands; material tier: ashlands. DERIVED from the measurements in `role` -- not a curated judgement	86 terrain rows discarded by Infinity Hammer (#Terrain) -- level the ground by hand, and strip them before the RCON route
hs_ashlands_sheepshank_wolfgdgdbreederfinal.blueprint	hs_ashlands_sheepshank_wolfgdgdbreederfinal.blueprint	production	setpiece	PLACES_CLEAN	True	derived	1557	24.0x29.1x22.5	ashlands(91)	blueprint	Sheepshank	none stated	reference	OverDrive/BiomeBlueprints	OverDrive/BiomeBlueprints	a576d345a6212ac065eb05a52ea497f4add7ffde15e468b77970dbdb7555dc7d	1557 pieces, 69 prefabs, 24.0x29.1x22.5 m, 11 stations, 0 beds, 1 portals	source biome tag: ashlands; material tier: ashlands. DERIVED from the measurements in `role` -- not a curated judgement	62 terrain rows discarded by Infinity Hammer (#Terrain) -- level the ground by hand, and strip them before the RCON route
hs_plains_builder_blacksmith.blueprint	hs_plains_builder_blacksmith.blueprint	production	setpiece	PLACES_CLEAN	True	derived	1445	30.1x31.7x30.7	mistlands(6)	blueprint	Builder	none stated	reference	OverDrive/BiomeBlueprints	OverDrive/BiomeBlueprints	445201878eb2ae8ade8a4658de39c1059d679defb4e4256814d418397889641c	1445 pieces, 63 prefabs, 30.1x31.7x30.7 m, 17 stations, 0 beds, 0 portals	source biome tag: plains; material tier: mistlands. DERIVED from the measurements in `role` -- not a curated judgement	77 terrain rows discarded by Infinity Hammer (#Terrain) -- level the ground by hand, and strip them before the RCON route
hs_plains_creative_house.blueprint	hs_plains_creative_house.blueprint	production	setpiece	PLACES_CLEAN	True	derived	1150	18.0x30.0x12.0	swamp(47)	blueprint	Creative	none stated	reference	OverDrive/BiomeBlueprints	OverDrive/BiomeBlueprints	488ab0b2a9bd45437ea8c87527938434a3842e7b690f4701567bf2dfba0929e9	1150 pieces, 35 prefabs, 18.0x30.0x12.0 m, 7 stations, 0 beds, 0 portals	source biome tag: plains; material tier: swamp. DERIVED from the measurements in `role` -- not a curated judgement	48 terrain rows discarded by Infinity Hammer (#Terrain) -- level the ground by hand, and strip them before the RCON route
hs_ashlands_sheepshank_innandbistrov2.blueprint	hs_ashlands_sheepshank_innandbistrov2.blueprint	production	setpiece	PLACES_CLEAN	True	derived	1149	25.3x42.4x14.0	ashlands(55)	blueprint	Sheepshank	none stated	reference	OverDrive/BiomeBlueprints	OverDrive/BiomeBlueprints	894cac86cf8eef65ab21ca0c00e2d33d7fae404ce882583bb865af7c90f3cc13	1149 pieces, 85 prefabs, 25.3x42.4x14.0 m, 8 stations, 0 beds, 0 portals	source biome tag: ashlands; material tier: ashlands. DERIVED from the measurements in `role` -- not a curated judgement	84 terrain rows discarded by Infinity Hammer (#Terrain) -- level the ground by hand, and strip them before the RCON route
hs_ashlands_sheepshank_hagrids_hut.blueprint	hs_ashlands_sheepshank_hagrids_hut.blueprint	production	setpiece	PLACES_CLEAN	True	derived	1144	14.4x17.2x21.5	ashlands(474)	blueprint	Sheepshank	none stated	reference	OverDrive/BiomeBlueprints	OverDrive/BiomeBlueprints	766c4af56a20bdef634d56807d8fae9ab82c3eecc2441271334c7836991caf77	1144 pieces, 106 prefabs, 14.4x17.2x21.5 m, 13 stations, 0 beds, 0 portals	source biome tag: ashlands; material tier: ashlands. DERIVED from the measurements in `role` -- not a curated judgement	34 terrain rows discarded by Infinity Hammer (#Terrain) -- level the ground by hand, and strip them before the RCON route
hs_ashlands_monkeystoragehouse.blueprint	hs_ashlands_monkeystoragehouse.blueprint	production	setpiece	PLACES_CLEAN	True	derived	1067	20.9x22.7x9.0	ashlands(264)	blueprint	Monkey	none stated	reference	OverDrive/BiomeBlueprints	OverDrive/BiomeBlueprints	2a7865258f7f0bdd2424101c3375228280485cef8ce3aa500ad91b153f91021c	1067 pieces, 51 prefabs, 20.9x22.7x9.0 m, 17 stations, 0 beds, 0 portals	source biome tag: ashlands; material tier: ashlands. DERIVED from the measurements in `role` -- not a curated judgement	47 terrain rows discarded by Infinity Hammer (#Terrain) -- level the ground by hand, and strip them before the RCON route
hs_ashlands_sanctifiedtower.blueprint	hs_ashlands_sanctifiedtower.blueprint	production	setpiece	PLACES_CLEAN	True	derived	1059	10.1x10.1x16.0	ashlands(513)	blueprint	Bri Games	none stated	reference	OverDrive/BiomeBlueprints	OverDrive/BiomeBlueprints	596fc4b4ffea3c79a97e5051697c2fde15da7f4fd174c752f1883f72e97671f5	1059 pieces, 50 prefabs, 10.1x10.1x16.0 m, 7 stations, 0 beds, 0 portals	source biome tag: ashlands; material tier: ashlands. DERIVED from the measurements in `role` -- not a curated judgement	25 terrain rows discarded by Infinity Hammer (#Terrain) -- level the ground by hand, and strip them before the RCON route
hs_ashlands_mister_black_forest_base.blueprint	hs_ashlands_mister_black_forest_base.blueprint	production	setpiece	PLACES_CLEAN	True	derived	987	17.7x25.2x8.0	ashlands(2)	blueprint	Mister	none stated	reference	OverDrive/BiomeBlueprints	OverDrive/BiomeBlueprints	27fd4d662c04d088938a2378ec5d96bd862880e6717cf078c6b2600ad0873fb7	987 pieces, 70 prefabs, 17.7x25.2x8.0 m, 7 stations, 0 beds, 0 portals	source biome tag: ashlands; material tier: ashlands. DERIVED from the measurements in `role` -- not a curated judgement	46 terrain rows discarded by Infinity Hammer (#Terrain) -- level the ground by hand, and strip them before the RCON route
hs_ashlands_minicastlevanilla.blueprint	hs_ashlands_minicastlevanilla.blueprint	production	setpiece	PLACES_CLEAN	True	derived	980	13.0x13.1x15.5	ashlands(522)	blueprint	Bri Games	none stated	reference	OverDrive/BiomeBlueprints	OverDrive/BiomeBlueprints	9def2345119d4138bfd9e43cf8879845d2b8cc2180dbdca6e6788ed3e552341c	980 pieces, 70 prefabs, 13.0x13.1x15.5 m, 11 stations, 0 beds, 0 portals	source biome tag: ashlands; material tier: ashlands. DERIVED from the measurements in `role` -- not a curated judgement	32 terrain rows discarded by Infinity Hammer (#Terrain) -- level the ground by hand, and strip them before the RCON route
hs_plains_20037_valheimian.blueprint	hs_plains_20037_valheimian.blueprint	production	setpiece	PLACES_CLEAN	True	derived	968	20.3x21.1x16.5	blackforest(115)	blueprint	ЮрЕц	none stated	reference	OverDrive/BiomeBlueprints	OverDrive/BiomeBlueprints	36fe079e01d6cda0fda9beb658add1c102f0833a56075afea58daffa5d372c05	968 pieces, 16 prefabs, 20.3x21.1x16.5 m, 47 stations, 0 beds, 0 portals	source biome tag: plains; material tier: blackforest. DERIVED from the measurements in `role` -- not a curated judgement	45 terrain rows discarded by Infinity Hammer (#Terrain) -- level the ground by hand, and strip them before the RCON route
hs_swamp_halvar_master_refinery.blueprint	hs_swamp_halvar_master_refinery.blueprint	production	setpiece	PLACES_CLEAN	True	derived	917	22.3x23.9x10.6	mistlands(14)	blueprint	Halvar	none stated	reference	OverDrive/BiomeBlueprints	OverDrive/BiomeBlueprints	157a843fb2721d839b4f830039b28eba532d8809ab0cc46eb7c22469ae535987	917 pieces, 51 prefabs, 22.3x23.9x10.6 m, 20 stations, 0 beds, 0 portals	source biome tag: swamp; material tier: mistlands. DERIVED from the measurements in `role` -- not a curated judgement	49 terrain rows discarded by Infinity Hammer (#Terrain) -- level the ground by hand, and strip them before the RCON route
hs_ashlands_thrad_forge.blueprint	hs_ashlands_thrad_forge.blueprint	production	setpiece	PLACES_CLEAN	True	derived	807	17.5x15.4x16.8	ashlands(20)	blueprint	Sirna	none stated	reference	OverDrive/BiomeBlueprints	OverDrive/BiomeBlueprints	2b999f6f5f8af8b9d52e456f1685efdfb671f352959d10b85039d523e5484c72	807 pieces, 64 prefabs, 17.5x15.4x16.8 m, 15 stations, 0 beds, 0 portals	source biome tag: ashlands; material tier: ashlands. DERIVED from the measurements in `role` -- not a curated judgement	34 terrain rows discarded by Infinity Hammer (#Terrain) -- level the ground by hand, and strip them before the RCON route
hs_ashlands_odin_compactforge.blueprint	hs_ashlands_odin_compactforge.blueprint	production	setpiece	PLACES_CLEAN	True	derived	764	20.9x23.1x13.0	ashlands(243)	blueprint	Odin	none stated	reference	OverDrive/BiomeBlueprints	OverDrive/BiomeBlueprints	365dcc6c6f3b0864d5429e469f5397a708b1212ae88f7db1ffe61be391e4d957	764 pieces, 50 prefabs, 20.9x23.1x13.0 m, 20 stations, 0 beds, 0 portals	source biome tag: ashlands; material tier: ashlands. DERIVED from the measurements in `role` -- not a curated judgement	47 terrain rows discarded by Infinity Hammer (#Terrain) -- level the ground by hand, and strip them before the RCON route
hs_plains_ragnar_smelter.blueprint	hs_plains_ragnar_smelter.blueprint	production	setpiece	PLACES_CLEAN	True	derived	695	34.2x23.3x9.5	mistlands(16)	blueprint	Ragnar	none stated	reference	OverDrive/BiomeBlueprints	OverDrive/BiomeBlueprints	399a50edbfe2d4a0a0586be3edfc7516f2c9478d636e8aec498f85e0c3a845c9	695 pieces, 20 prefabs, 34.2x23.3x9.5 m, 6 stations, 0 beds, 0 portals	source biome tag: plains; material tier: mistlands. DERIVED from the measurements in `role` -- not a curated judgement	63 terrain rows discarded by Infinity Hammer (#Terrain) -- level the ground by hand, and strip them before the RCON route
hs_plains_builder_tavern_001.blueprint	hs_plains_builder_tavern_001.blueprint	production	setpiece	PLACES_CLEAN	True	derived	660	21.5x23.9x11.0	blackforest(393)	blueprint	Builder	none stated	reference	OverDrive/BiomeBlueprints	OverDrive/BiomeBlueprints	4465924840b80ff09d3b507ab70fb8f508372907684340a27a2fddfb69d86b19	660 pieces, 51 prefabs, 21.5x23.9x11.0 m, 11 stations, 0 beds, 0 portals	source biome tag: plains; material tier: blackforest. DERIVED from the measurements in `role` -- not a curated judgement	47 terrain rows discarded by Infinity Hammer (#Terrain) -- level the ground by hand, and strip them before the RCON route
hs_ashlands_minicastleworkshop.blueprint	hs_ashlands_minicastleworkshop.blueprint	production	setpiece	PLACES_CLEAN	True	derived	601	17.6x18.1x8.5	ashlands(306)	blueprint	Bhima	none stated	reference	OverDrive/BiomeBlueprints	OverDrive/BiomeBlueprints	7557e47216a374b873ebf5e9714a411878dd049f74d714c3d8a92f579e0c5971	601 pieces, 71 prefabs, 17.6x18.1x8.5 m, 20 stations, 0 beds, 0 portals	source biome tag: ashlands; material tier: ashlands. DERIVED from the measurements in `role` -- not a curated judgement	40 terrain rows discarded by Infinity Hammer (#Terrain) -- level the ground by hand, and strip them before the RCON route
hs_ashlands_shipyard2.blueprint	hs_ashlands_shipyard2.blueprint	production	setpiece	PLACES_CLEAN	True	derived	510	39.1x41.0x8.1	ashlands(86)	blueprint	BerserkTBuilDeR	none stated	reference	OverDrive/BiomeBlueprints	OverDrive/BiomeBlueprints	6b68a355d0c6370e89ff7dd4d1f65d47e28f6905c37c62cf44a52dd2bdacfd4c	510 pieces, 47 prefabs, 39.1x41.0x8.1 m, 20 stations, 0 beds, 0 portals	source biome tag: ashlands; material tier: ashlands. DERIVED from the measurements in `role` -- not a curated judgement	98 terrain rows discarded by Infinity Hammer (#Terrain) -- level the ground by hand, and strip them before the RCON route
PuP_stable.blueprint	PuP_stable.blueprint	production	empty	EMPTY	False	curated	0	0.0x0.0x0.0	meadows(0)	blueprint		none stated	reference	fleet corpus	fleet corpus		0-byte -- would have been the corpus's only stable	-	
ragnar-warehouse.blueprint	ragnar-warehouse.blueprint	production	empty	EMPTY	False	curated	0	0.0x0.0x0.0	meadows(0)	blueprint		none stated	reference	fleet corpus	fleet corpus		0-byte -- warehouse	-	
