file	origin	licence	redistributable	category	kind	verdict	pieces	distinct_prefabs	footprint	top_tier	missing_pct	portals	stations	ih_discarded_rows	creator	role	fit
terrain-blueprint-contract.blueprint	JereKuusela/valheim-infinity_hammer	Unlicense (public domain)	yes	fixture	module	PLACES_CLEAN	2	1	4.0x0.0x0.0	meadows	0.0	0	0	0	Infinity Hammer	2 wood_floor pieces plus a #TerrainHeight and #TerrainPaint grid	not for the world -- it is the upstream contract for the terrain sections, and the reference this library's parser is checked against
terrain-future-section.blueprint	JereKuusela/valheim-infinity_hammer	Unlicense (public domain)	yes	fixture	module	PLACES_CLEAN	1	1	0.0x0.0x0.0	meadows	0.0	0	0	2	Infinity Hammer	deliberately contains unknown sections #FuturePieceData / #FutureTerrainData	not for the world -- its #Description is the authoritative statement that 'Unknown sections must not inherit the preceding parser state', which is what settles the #Terrain question. Scores UNUSABLE on purpose: `future_payload` is not a prefab, because it is never meant to be read as one
terrain-rotated-center.blueprint	JereKuusela/valheim-infinity_hammer	Unlicense (public domain)	yes	fixture	module	PLACES_CLEAN	2	2	3.0x4.0x1.0	meadows	0.0	0	0	0	Infinity Hammer	2 pieces with #Center:wood_floor and a rotated origin	not for the world -- pins the recentre-around-a-named-piece behaviour
PiNoKi_Longhouse.blueprint	constXife/bygd	MIT	yes	base	module	PLACES_CLEAN	182	16	15.6x11.4x6.1	meadows	0.0	0	0	0	PiNoKi	small longhouse, 16 x 11 x 6 m, 182 pieces	Meadows / Black Forest village filler; pure tier-1 materials
PiNoKi_SmallHut.blueprint	constXife/bygd	MIT	yes	outpost	module	PLACES_CLEAN	48	8	9.7x8.6x3.0	meadows	0.0	0	0	0	PiNoKi	one-room gabled hut, 10 x 9 x 3 m, 48 pieces, 8 prefabs	Meadows / Black Forest. The smallest habitable stamp in the whole library and the only redistributable one -- ideal as a courier shelter or rest stop, twenty times over
foresthold.blueprint	RickardAndreasAgren/ValheimBlueprintCruncher	AGPL-3.0	incompatible	defence	module	PLACES_CLEAN	585	32	18.0x12.0x13.0	blackforest	0.0	0	0	0	Raimod	small walled hold, 18 x 12 x 13 m, 585 pieces	Black Forest road choke point / gatehouse
foresthold_deserted.blueprint	RickardAndreasAgren/ValheimBlueprintCruncher	AGPL-3.0	incompatible	defence	module	PLACES_CLEAN	515	27	18.0x12.0x13.0	blackforest	0.0	0	0	0	Raimod	the same hold, stripped and empty, 515 pieces	abandoned hold; fine as a claimable objective
foresthold_remnant.blueprint	RickardAndreasAgren/ValheimBlueprintCruncher	AGPL-3.0	incompatible	flavour	module	PLACES_CLEAN	86	6	17.3x10.0x8.5	blackforest	0.0	0	0	0	Raimod	wall stub only, 86 pieces	ruins scatter
foresthold_ruins.blueprint	RickardAndreasAgren/ValheimBlueprintCruncher	AGPL-3.0	incompatible	flavour	module	PLACES_CLEAN	285	24	16.5x12.0x12.5	blackforest	0.0	0	0	0	Raimod	the same hold as a ruin, 285 pieces	ruins landmark
instairtower.blueprint	RickardAndreasAgren/ValheimBlueprintCruncher	AGPL-3.0	incompatible	outpost	module	PLACES_CLEAN	243	17	9.7x10.0x11.1	blackforest	0.0	0	0	0	Raimod	watchtower with internal stair, 10 x 10 x 11 m	Black Forest watch line
instairtower_damaged.blueprint	RickardAndreasAgren/ValheimBlueprintCruncher	AGPL-3.0	incompatible	flavour	module	PLACES_CLEAN	165	15	9.5x9.5x11.0	blackforest	0.0	0	0	0	Raimod	the same tower, battle-damaged	roadside decay; abandoned-outpost storytelling
instairtower_rebuilt.blueprint	RickardAndreasAgren/ValheimBlueprintCruncher	AGPL-3.0	incompatible	outpost	module	PLACES_CLEAN	255	28	11.5x9.5x12.0	blackforest	0.0	0	0	0	Raimod	the same tower, patched and reinforced	Black Forest watch line, 'repaired' variant
instairtower_remnant.blueprint	RickardAndreasAgren/ValheimBlueprintCruncher	AGPL-3.0	incompatible	flavour	module	PLACES_CLEAN	30	6	6.0x9.5x4.1	blackforest	0.0	0	0	0	Raimod	foundation stub only, 30 pieces	the cheapest ruin stamp in the library
instairtower_reruined.blueprint	RickardAndreasAgren/ValheimBlueprintCruncher	AGPL-3.0	incompatible	flavour	module	PLACES_CLEAN	87	18	9.5x9.0x9.0	blackforest	0.0	0	0	0	Raimod	the same ruin, further collapsed, 87 pieces	ruins scatter, Black Forest
instairtower_ruin.blueprint	RickardAndreasAgren/ValheimBlueprintCruncher	AGPL-3.0	incompatible	flavour	module	PLACES_CLEAN	96	8	9.0x9.0x10.0	blackforest	0.0	0	0	0	Raimod	the same tower as a ruin, 96 pieces	ruins scatter, Black Forest
outposttower.blueprint	RickardAndreasAgren/ValheimBlueprintCruncher	AGPL-3.0	incompatible	outpost	module	PLACES_CLEAN	212	23	11.2x10.5x10.0	blackforest	0.0	0	0	0	Raimod	square outpost watchtower, 11 x 11 x 10 m, 212 pieces	Black Forest / Swamp watch line
outposttower_burnt.blueprint	RickardAndreasAgren/ValheimBlueprintCruncher	AGPL-3.0	incompatible	flavour	module	PLACES_CLEAN	114	6	11.8x11.8x5.5	blackforest	0.0	0	0	0	Raimod	the same tower, burnt out, 114 pieces	raided-outpost storytelling
outposttower_remnant.blueprint	RickardAndreasAgren/ValheimBlueprintCruncher	AGPL-3.0	incompatible	flavour	module	PLACES_CLEAN	73	7	10.5x9.0x5.5	blackforest	0.0	0	0	0	Raimod	footprint stub only, 73 pieces	ruins scatter
outposttower_ruins.blueprint	RickardAndreasAgren/ValheimBlueprintCruncher	AGPL-3.0	incompatible	flavour	module	PLACES_CLEAN	115	18	11.0x10.5x10.0	blackforest	0.0	0	0	0	Raimod	the same tower as a ruin, 115 pieces	ruins scatter
pillartower.blueprint	RickardAndreasAgren/ValheimBlueprintCruncher	AGPL-3.0	incompatible	outpost	module	PLACES_CLEAN	199	25	13.0x8.0x10.0	blackforest	0.0	0	0	0	Raimod	pillar-and-platform lookout, 13 x 8 x 10 m, 199 pieces	coastal or ridge lookout
pillartower_remnant.blueprint	RickardAndreasAgren/ValheimBlueprintCruncher	AGPL-3.0	incompatible	flavour	module	PLACES_CLEAN	29	7	12.5x7.0x4.5	blackforest	0.0	0	0	0	Raimod	pillar stubs only, 29 pieces	ruins scatter -- smallest stamp in the library
pillartower_ruins.blueprint	RickardAndreasAgren/ValheimBlueprintCruncher	AGPL-3.0	incompatible	flavour	module	PLACES_CLEAN	111	19	13.0x8.0x10.0	blackforest	0.0	0	0	0	Raimod	the same lookout as a ruin, 111 pieces	ruins scatter
twotwohouse.blueprint	RickardAndreasAgren/ValheimBlueprintCruncher	AGPL-3.0	incompatible	base	module	PLACES_CLEAN	273	19	12.8x14.1x7.1	meadows	0.0	0	0	0	Raimod	two-by-two cottage, 13 x 14 x 7 m, 273 pieces	Meadows village filler; pure tier-1
twotwohouse_remnant.blueprint	RickardAndreasAgren/ValheimBlueprintCruncher	AGPL-3.0	incompatible	flavour	module	PLACES_CLEAN	70	11	8.0x14.0x3.0	meadows	0.0	0	0	0	Raimod	floor plate only, 70 pieces	ruins scatter
twotwohouse_ruins.blueprint	RickardAndreasAgren/ValheimBlueprintCruncher	AGPL-3.0	incompatible	flavour	module	PLACES_CLEAN	148	12	9.4x14.1x4.1	meadows	0.0	0	0	0	Raimod	the same cottage as a ruin, 148 pieces	ruins scatter
twotwohouse_stormed.blueprint	RickardAndreasAgren/ValheimBlueprintCruncher	AGPL-3.0	incompatible	flavour	module	PLACES_CLEAN	205	13	11.5x14.1x4.1	meadows	0.0	0	0	0	Raimod	the same cottage, roof torn off, 205 pieces	raided-village storytelling
BlackForestRaiderTown1.blueprint	RustyMods/VikingNPC	none stated	no	defence	setpiece	PLACES_CLEAN	903	43	80.4x80.4x11.3	blackforest	0.0	0	5	187	SiR RuStY SpOoN	raider camp, 80 x 80 m, 903 pieces	Black Forest hostile camp
MeadowRaiderTown1.blueprint	RustyMods/VikingNPC	none stated	no	defence	setpiece	PLACES_CLEAN	906	44	75.1x77.3x37.9	blackforest	0.0	0	2	73	SiR RuStY SpOoN	raider camp, 75 x 77 m, 906 pieces	Meadows hostile camp
MeadowSettlerTown1.blueprint	RustyMods/VikingNPC	none stated	no	flavour	setpiece	PLACES_CLEAN	387	28	46.6x52.8x6.0	meadows	0.0	0	0	49	SiR RuStY SpOoN	whole settler village, 47 x 53 m, 387 pieces	Meadows -- a populated-looking hamlet in one stamp
MeadowSettlerTown2.blueprint	RustyMods/VikingNPC	none stated	no	flavour	setpiece	PLACES_CLEAN	997	26	30.6x29.5x11.0	meadows	0.0	0	0	8	SiR RuStY SpOoN	denser settler village, 31 x 30 m, 997 pieces	Meadows hamlet
MistlandRaiderTown1.blueprint	RustyMods/VikingNPC	none stated	no	defence	setpiece	PLACES_CLEAN	527	65	41.4x51.3x14.1	mistlands	0.0	0	8	43	SiR RuStY SpOoN	raider camp, 41 x 51 m, 527 pieces, 65 prefabs	Mistlands hostile camp
MountainRaiderTown1.blueprint	RustyMods/VikingNPC	none stated	no	defence	setpiece	PLACES_CLEAN	1018	32	63.4x64.6x19.5	blackforest	0.0	0	0	6	SiR RuStY SpOoN	raider camp, 63 x 65 m, 1018 pieces	Mountain hostile camp
PlainsRaiderTower1.blueprint	RustyMods/VikingNPC	none stated	no	outpost	module	PLACES_CLEAN	584	22	20.4x24.9x22.8	mistlands	0.0	0	0	4	SiR RuStY SpOoN	raider watchtower, 20 x 25 x 23 m, 584 pieces	Plains watch line
PlainsRaiderTown1.blueprint	RustyMods/VikingNPC	none stated	no	defence	setpiece	PLACES_CLEAN	1591	60	78.7x89.1x12.5	swamp	0.0	0	0	93	SiR RuStY SpOoN	raider camp, 79 x 89 m, 1591 pieces	Plains hostile camp
RuinedTower.blueprint	RustyMods/VikingNPC	none stated	no	flavour	module	PLACES_CLEAN	122	9	8.8x9.0x11.5	blackforest	0.0	0	0	0	SiR RuStY SpOoN	ruined tower, 9 x 9 x 12 m, 122 pieces, 9 prefabs	Black Forest ruins scatter -- excellent repeat stamp
SettlerRuins_Ashlands1.blueprint	RustyMods/VikingNPC	none stated	no	flavour	module	PLACES_CLEAN	59	12	22.5x16.3x16.9	meadows	0.0	0	0	0	SiR RuStY SpOoN	scattered ruins, 23 x 16 m, 59 pieces	Ashlands ruins scatter. top_tier reads meadows because its Ashlands content is world STATICS (Ashlands_*, FernAshlands), not craftable ashwood -- so it costs nothing to place and works as a ruin scatter in any biome
swamptown1.blueprint	RustyMods/VikingNPC	none stated	no	defence	setpiece	PLACES_CLEAN	733	42	55.2x53.2x15.5	meadows	0.0	0	1	0	GoRe-AdMiN	raider camp on stilts, 55 x 53 m, 733 pieces	Swamp hostile camp
Meadow_Ruins.blueprint	Oosquai/SavheimIV	none stated	no	flavour	setpiece	PLACES_WITH_GAPS	755	18	34.0x38.3x23.3	mistlands	0.13	0	0	0	Oosdevforty	meadow ruin field, 34 x 38 x 23 m, 755 pieces, 18 prefabs	Meadows ruins landmark
POISWAMPCASTLERUINS.blueprint	Oosquai/SavheimIV	none stated	no	flavour	setpiece	PLACES_CLEAN	1036	23	45.2x44.8x15.3	mistlands	0.0	0	0	0	Oosdevforty	ruined swamp castle, 45 x 45 x 15 m, 1036 pieces	Swamp ruins landmark -- PLACES_CLEAN
boom-christianruins1.blueprint	Oosquai/SavheimIV	none stated	no	flavour	module	PLACES_WITH_GAPS	359	17	23.5x24.0x8.3	swamp	0.28	0	0	0	Oosdevforty	ruined chapel, 24 x 24 x 8 m, 359 pieces	ruins landmark
brokkr-broken-bridge-1-short.blueprint	Oosquai/SavheimIV	none stated	no	bridge	module	PLACES_CLEAN	1418	12	46.5x45.9x20.0	blackforest	0.0	0	0	0	Brokkr	the same design at 47 m, 1418 pieces	Black Forest river crossing
brokkr-broken-bridge-1.blueprint	Oosquai/SavheimIV	none stated	no	bridge	setpiece	PLACES_CLEAN	2883	11	86.9x87.1x20.2	blackforest	0.0	0	0	0	Brokkr	broken bridge design 1, 87 m span, 2883 pieces, 11 prefabs	Black Forest gorge; 'ancient ruined crossing' look
brokkr-broken-bridge-2-short.blueprint	Oosquai/SavheimIV	none stated	no	bridge	module	PLACES_WITH_GAPS	1407	18	13.9x57.1x16.5	swamp	0.0	0	1	0	Oosdevforty	the same design at 57 m, 1407 pieces	Swamp crossing
brokkr-broken-bridge-2.blueprint	Oosquai/SavheimIV	none stated	no	bridge	setpiece	PLACES_WITH_GAPS	2468	16	45.0x94.1x17.6	swamp	0.08	0	0	0	Oosdevforty	broken bridge design 2, 94 m span, 2468 pieces	Swamp crossing
brokkr-broken-bridge-3-short.blueprint	Oosquai/SavheimIV	none stated	no	bridge	module	PLACES_CLEAN	1212	13	49.3x41.7x11.5	blackforest	0.0	0	0	0	Brokkr	the same design at 49 m, 1212 pieces	Black Forest crossing
brokkr-broken-bridge-3.blueprint	Oosquai/SavheimIV	none stated	no	bridge	setpiece	PLACES_CLEAN	1973	13	72.1x72.8x12.3	blackforest	0.0	0	0	0	Brokkr	broken bridge design 3, 73 m span, 1973 pieces	Black Forest crossing
brokkr-fort-torment-final-cut-sh.blueprint	Oosquai/SavheimIV	none stated	no	defence	setpiece	PLACES_CLEAN	8139	44	173.6x175.2x54.5	ashlands	0.0	0	0	0	Oosdevforty	fort, 174 x 175 x 55 m, 8139 pieces	Ashlands stronghold -- very large
brokkr-the-belmont.blueprint	Oosquai/SavheimIV	none stated	no	base	setpiece	PLACES_WITH_GAPS	4901	58	65.3x68.9x38.1	swamp	0.02	0	8	0	Oosdevforty	castle, 65 x 69 x 38 m, 4901 pieces, 8 stations	Swamp / Mountain showpiece
brokkr-the-cathedral.blueprint	Oosquai/SavheimIV	none stated	no	flavour	setpiece	PLACES_CLEAN	8269	57	87.2x91.7x61.2	mistlands	0.0	0	0	0	Oosdevfifty	cathedral; two divergent copies exist under this name -- SavheimIV 87 x 92 x 61 m, valheim_mod_sync 85 x 86 x 53 m	capital landmark. Both place clean; the SavheimIV copy is the larger of the two
brokkr-the-churn.blueprint	Oosquai/SavheimIV	none stated	no	production	setpiece	PLACES_CLEAN	4655	44	71.2x71.5x33.9	swamp	0.0	0	11	0	Oosdevforty	industrial keep, 71 x 72 x 34 m, 11 stations	Swamp production centre
brokkr-the-execution.blueprint	Oosquai/SavheimIV	none stated	no	flavour	setpiece	PLACES_CLEAN	3873	61	53.4x49.8x33.5	swamp	0.0	0	5	0	Oosdevforty	execution-yard keep, 53 x 50 x 34 m, 5 stations	grim landmark
brokkr-the-flabellum.blueprint	Oosquai/SavheimIV	none stated	no	base	setpiece	PLACES_CLEAN	5490	59	59.6x37.8x65.5	mistlands	0.0	0	13	0	Oosdevforty	tall keep, 60 x 38 x 66 m, 13 stations	Mistlands showpiece
brokkr-the-misery.blueprint	Oosquai/SavheimIV	none stated	no	base	setpiece	PLACES_CLEAN	5108	68	95.1x112.8x31.2	swamp	0.0	0	18	0	Oosdevforty	sprawling keep, 95 x 113 x 31 m, 18 stations	Swamp showpiece
brokkr-the-sacrifice.blueprint	Oosquai/SavheimIV	none stated	no	flavour	setpiece	PLACES_CLEAN	3081	73	78.3x76.8x35.6	mistlands	0.0	0	11	0	Oosdevforty	temple complex, 78 x 77 x 36 m, 11 stations	Mistlands landmark
floatingisland.blueprint	Oosquai/SavheimIV	none stated	no	flavour	setpiece	UNUSABLE	340	28	37.0x40.5x96.6	mistlands	2.65	0	0	0	Oosdevforty	floating island, 37 x 41 x 97 m	rejected -- 2.65% of pieces unresolved
floatingisland_atgeir.blueprint	Oosquai/SavheimIV	none stated	no	flavour	setpiece	UNUSABLE	341	28	38.9x41.1x96.6	mistlands	2.64	0	0	0	Oosdevfortysix	floating island, atgeir variant	rejected -- 2.64% unresolved
floatingisland_axe.blueprint	Oosquai/SavheimIV	none stated	no	flavour	setpiece	UNUSABLE	341	28	38.9x41.1x96.6	mistlands	2.64	0	0	0	Oosdevfortysix	floating island, axe variant	rejected -- 2.64% unresolved
floatingisland_battleaxe.blueprint	Oosquai/SavheimIV	none stated	no	flavour	setpiece	UNUSABLE	341	28	38.9x41.1x96.6	mistlands	2.64	0	0	0	Oosdevfortysix	floating island, battleaxe variant	rejected -- 2.64% unresolved
floatingisland_greatsword.blueprint	Oosquai/SavheimIV	none stated	no	flavour	setpiece	UNUSABLE	341	28	38.9x41.1x96.6	mistlands	2.64	0	0	0	Oosdevfortysix	floating island, greatsword variant	rejected -- 2.64% unresolved
floatingisland_knife.blueprint	Oosquai/SavheimIV	none stated	no	flavour	setpiece	UNUSABLE	341	28	38.9x41.1x96.6	mistlands	2.64	0	0	0	Oosdevfortysix	floating island, knife variant	rejected -- 2.64% unresolved
floatingisland_mace.blueprint	Oosquai/SavheimIV	none stated	no	flavour	setpiece	UNUSABLE	341	28	38.9x41.1x96.6	mistlands	2.64	0	0	0	Oosdevfortysix	floating island, mace variant	rejected -- 2.64% unresolved
floatingisland_sledge.blueprint	Oosquai/SavheimIV	none stated	no	flavour	setpiece	UNUSABLE	341	28	38.9x41.1x96.6	mistlands	2.64	0	0	0	Oosdevfortysix	floating island, sledge variant	rejected -- 2.64% unresolved
floatingisland_staff.blueprint	Oosquai/SavheimIV	none stated	no	flavour	setpiece	UNUSABLE	341	28	38.9x41.1x96.6	mistlands	2.64	0	0	0	Oosdevfortysix	floating island, staff variant	rejected -- 2.64% unresolved
floatingisland_sword.blueprint	Oosquai/SavheimIV	none stated	no	flavour	setpiece	UNUSABLE	341	28	38.9x41.1x96.6	mistlands	2.64	0	0	0	Oosdevfortysix	floating island, sword variant	rejected -- 2.64% unresolved
loki_ruins1.blueprint	Oosquai/SavheimIV	none stated	no	flavour	setpiece	PLACES_WITH_GAPS	1693	40	37.6x34.6x30.4	mistlands	0.18	0	0	0	Oosdevforty	ruin complex, 38 x 35 x 30 m, 1693 pieces	Mistlands ruins landmark
loki_ruins2.blueprint	Oosquai/SavheimIV	none stated	no	flavour	setpiece	PLACES_WITH_GAPS	1994	18	33.2x44.7x35.6	mistlands	0.35	0	0	0	Oosdevfortyone	ruin complex, 33 x 45 x 36 m, 1994 pieces	Mistlands ruins landmark
ruins_0.blueprint	Oosquai/SavheimIV	none stated	no	flavour	module	PLACES_WITH_GAPS	549	7	12.7x17.8x34.9	blackforest	0.36	0	0	0	Oosdevforty	tower ruin, 13 x 18 x 35 m, 549 pieces, 7 prefabs	Black Forest ruins landmark
ruins_0_1.blueprint	Oosquai/SavheimIV	none stated	no	flavour	module	PLACES_WITH_GAPS	85	4	9.4x9.4x11.1	mistlands	1.18	0	0	0	Oosdevforty	small ruin, 9 x 9 x 11 m, 85 pieces	ruins scatter
ruins_0_1_and_0_2_and_0_3.blueprint	Oosquai/SavheimIV	none stated	no	flavour	module	PLACES_WITH_GAPS	360	8	25.1x19.3x11.5	mistlands	0.28	0	0	0	Oosdevforty	the three small ruins as one group, 360 pieces	ruins cluster
ruins_0_2.blueprint	Oosquai/SavheimIV	none stated	no	flavour	module	PLACES_CLEAN	132	3	9.8x9.9x10.2	blackforest	0.0	0	0	0	Oosdevforty	small ruin, 10 x 10 x 10 m, 132 pieces, 3 prefabs	ruins scatter -- PLACES_CLEAN, ideal repeat stamp
ruins_0_3.blueprint	Oosquai/SavheimIV	none stated	no	flavour	module	PLACES_CLEAN	140	3	12.3x10.1x9.1	blackforest	0.0	0	0	0	Oosdevforty	small ruin, 12 x 10 x 9 m, 140 pieces, 3 prefabs	ruins scatter -- PLACES_CLEAN, ideal repeat stamp
ruins_0_and_0_1_and_0_2_and_0_3.blueprint	Oosquai/SavheimIV	none stated	no	flavour	setpiece	PLACES_WITH_GAPS	910	13	31.1x31.2x34.9	mistlands	0.44	0	0	0	Oosdevforty	the whole ruins family as one group, 910 pieces	ruins cluster
ruins_0_and_0_2.blueprint	Oosquai/SavheimIV	none stated	no	flavour	setpiece	PLACES_WITH_GAPS	681	7	22.8x28.1x34.9	blackforest	0.29	0	0	0	Oosdevforty	tower ruin plus one small ruin, 681 pieces	ruins cluster
ruins_0_and_0_2_and_0_3.blueprint	Oosquai/SavheimIV	none stated	no	flavour	setpiece	PLACES_WITH_GAPS	821	7	28.8x31.3x34.9	blackforest	0.24	0	0	0	Oosdevforty	tower ruin plus two small ruins, 821 pieces	ruins cluster
sh_firtree_light_black.blueprint	Oosquai/SavheimIV	none stated	no	flavour	module	UNUSABLE	2	2	0.3x0.2x7.5	meadows	50.0	0	0	0	Oosdevfortyone	2-piece coloured fir-tree light	rejected -- mod-only prefab, 50% unresolved
sh_firtree_light_blue.blueprint	Oosquai/SavheimIV	none stated	no	flavour	module	UNUSABLE	2	2	0.3x0.3x6.9	meadows	50.0	0	0	0	Oosdevfortyone	2-piece coloured fir-tree light	rejected -- mod-only prefab
sh_firtree_light_green.blueprint	Oosquai/SavheimIV	none stated	no	flavour	module	UNUSABLE	2	2	0.4x0.1x7.4	meadows	50.0	0	0	0	Oosdevfortyone	2-piece coloured fir-tree light	rejected -- mod-only prefab
sh_firtree_light_orange.blueprint	Oosquai/SavheimIV	none stated	no	flavour	module	UNUSABLE	2	2	0.3x0.3x7.4	meadows	50.0	0	0	0	Oosdevfortyone	2-piece coloured fir-tree light	rejected -- mod-only prefab
sh_firtree_light_purple.blueprint	Oosquai/SavheimIV	none stated	no	flavour	module	UNUSABLE	2	2	0.3x0.3x7.4	meadows	50.0	0	0	0	Oosdevfortyone	2-piece coloured fir-tree light	rejected -- mod-only prefab
sh_firtree_light_red.blueprint	Oosquai/SavheimIV	none stated	no	flavour	module	UNUSABLE	2	2	0.3x0.3x7.7	meadows	50.0	0	0	0	Oosdevfortyone	2-piece coloured fir-tree light	rejected -- mod-only prefab
sh_firtree_light_yellow.blueprint	Oosquai/SavheimIV	none stated	no	flavour	module	UNUSABLE	2	2	0.3x0.2x7.6	meadows	50.0	0	0	0	Oosdevfortyone	2-piece coloured fir-tree light	rejected -- mod-only prefab
Hong_Marble_Telepyramid.blueprint	offsetkeyz/valheim_mod_sync	none stated	no	portal	module	PLACES_CLEAN	396	21	19.8x19.8x15.0	ashlands	0.0	0	1	0	Hong	marble telepyramid, 20 x 20 x 15 m, 1 portal, 396 pieces	THE roadside portal shrine pattern -- one portal, small footprint, stamp everywhere
Hong_Marble_Telepyramid_(Shielded).blueprint	offsetkeyz/valheim_mod_sync	none stated	no	portal	module	PLACES_CLEAN	398	23	19.8x19.8x15.0	ashlands	0.0	0	1	0	Hong	the same pyramid with a ward, 398 pieces	roadside portal shrine, protected variant
brokkr-the-cathedral.blueprint	offsetkeyz/valheim_mod_sync	none stated	no	flavour	setpiece	PLACES_CLEAN	8240	50	85.3x85.6x53.4	mistlands	0.0	1	0	0	Brokkr	cathedral; two divergent copies exist under this name -- SavheimIV 87 x 92 x 61 m, valheim_mod_sync 85 x 86 x 53 m	capital landmark. Both place clean; the SavheimIV copy is the larger of the two
nurr-portalpyramid02.blueprint	offsetkeyz/valheim_mod_sync	none stated	no	portal	setpiece	PLACES_CLEAN	796	17	32.5x32.5x21.0	mistlands	0.0	8	0	0	Nurr	portal pyramid, 33 x 33 x 21 m, 8 portals, 796 pieces	secondary portal hub
salty-dick-bridge-curved-final.blueprint	offsetkeyz/valheim_mod_sync	none stated	no	bridge	module	PLACES_CLEAN	1242	5	33.5x64.3x24.9	mistlands	0.0	0	0	0	Salty Dick	curved bridge, 34 x 64 x 25 m, 1242 pieces, only 5 prefabs	Mistlands-tier crossing; the curve suits a road bending round terrain
salty-dick-cottage-final.blueprint	offsetkeyz/valheim_mod_sync	none stated	no	base	module	PLACES_CLEAN	877	47	25.7x23.1x16.0	mistlands	0.0	0	6	0	Salty Dick	cottage, 26 x 23 x 16 m, 877 pieces	BYTE-IDENTICAL to the fleet corpus copy -- this is the recovery source
salty-dick-portal-hub-final.blueprint	offsetkeyz/valheim_mod_sync	none stated	no	portal	setpiece	PLACES_CLEAN	1043	20	28.2x28.1x15.0	mistlands	0.0	8	0	0	Salty Dick	portal hub, 28 x 28 x 15 m, 8 portals, 1043 pieces	central portal hub. teleportall is ON here, so a hub is worth far more than in vanilla
Пипкин_full_castle.blueprint	offsetkeyz/valheim_mod_sync	none stated	no	base	setpiece	PLACES_CLEAN	32361	101	191.8x532.1x212.6	ashlands	0.0	0	0	0	Пипкин	castle, 192 x 532 x 213 m, 32361 pieces	reference only -- a 532 m footprint is not siteable
Пипкин_small_castle.blueprint	offsetkeyz/valheim_mod_sync	none stated	no	base	setpiece	PLACES_CLEAN	17628	78	87.1x74.6x97.3	ashlands	0.0	0	0	0	Пипкин	castle, 87 x 75 x 97 m, 17628 pieces	reference only
hs_ashlands_20999_valheimian.blueprint	OverDrive/BiomeBlueprints	none stated	no	portal	setpiece	PLACES_CLEAN	1244	128	16.3x22.0x15.0	ashlands	0.0	4	37	40	Архитектор	1244 pieces, 128 prefabs, 16.3x22.0x15.0 m, 37 stations, 1 beds, 4 portals	source biome tag: ashlands; material tier: ashlands. DERIVED from the measurements in `role` -- not a curated judgement
hs_ashlands_adelaide.blueprint	OverDrive/BiomeBlueprints	none stated	no	production	module	PLACES_CLEAN	184	48	7.5x7.1x6.2	mistlands	0.0	0	10	21	MaCaron	184 pieces, 48 prefabs, 7.5x7.1x6.2 m, 10 stations, 0 beds, 0 portals	source biome tag: ashlands; material tier: mistlands. DERIVED from the measurements in `role` -- not a curated judgement
hs_ashlands_admin_veseljko_cooking_hut.blueprint	OverDrive/BiomeBlueprints	none stated	no	production	module	PLACES_CLEAN	505	43	21.3x21.3x11.0	ashlands	0.0	0	18	45	Admin Veseljko	505 pieces, 43 prefabs, 21.3x21.3x11.0 m, 18 stations, 0 beds, 0 portals	source biome tag: ashlands; material tier: ashlands. DERIVED from the measurements in `role` -- not a curated judgement
hs_ashlands_admin_veseljko_one_way_maze.blueprint	OverDrive/BiomeBlueprints	none stated	no	flavour	setpiece	PLACES_CLEAN	4554	10	55.1x60.2x13.9	mistlands	0.0	0	0	178	Admin Veseljko	4554 pieces, 10 prefabs, 55.1x60.2x13.9 m, 0 stations, 0 beds, 0 portals	source biome tag: ashlands; material tier: mistlands. DERIVED from the measurements in `role` -- not a curated judgement
hs_ashlands_admin_veseljko_the_silent_enclave.blueprint	OverDrive/BiomeBlueprints	none stated	no	production	setpiece	PLACES_CLEAN	4035	96	53.0x62.5x32.0	ashlands	0.0	0	36	166	Admin Veseljko	4035 pieces, 96 prefabs, 53.0x62.5x32.0 m, 36 stations, 0 beds, 0 portals	source biome tag: ashlands; material tier: ashlands. DERIVED from the measurements in `role` -- not a curated judgement
hs_ashlands_arbby_sherma_6785.blueprint	OverDrive/BiomeBlueprints	none stated	no	flavour	setpiece	PLACES_CLEAN	5942	13	43.5x45.8x54.8	ashlands	0.0	0	0	117	Cornboy	5942 pieces, 13 prefabs, 43.5x45.8x54.8 m, 0 stations, 0 beds, 0 portals	source biome tag: ashlands; material tier: ashlands. DERIVED from the measurements in `role` -- not a curated judgement
hs_ashlands_arkitek_grausten_tri_portal.blueprint	OverDrive/BiomeBlueprints	none stated	no	portal	module	PLACES_CLEAN	75	12	12.0x5.0x5.8	ashlands	0.0	3	0	20	Arkitek	75 pieces, 12 prefabs, 12.0x5.0x5.8 m, 0 stations, 0 beds, 3 portals	source biome tag: ashlands; material tier: ashlands. DERIVED from the measurements in `role` -- not a curated judgement
hs_ashlands_armchair_brigames.blueprint	OverDrive/BiomeBlueprints	none stated	no	flavour	module	PLACES_CLEAN	10	3	0.7x0.7x1.2	ashlands	0.0	0	0	12	Bri Games	10 pieces, 3 prefabs, 0.7x0.7x1.2 m, 0 stations, 0 beds, 0 portals	source biome tag: ashlands; material tier: ashlands. DERIVED from the measurements in `role` -- not a curated judgement
hs_ashlands_armchair_sidetable_brigames.blueprint	OverDrive/BiomeBlueprints	none stated	no	flavour	module	PLACES_CLEAN	23	8	1.1x2.5x1.2	ashlands	0.0	0	0	12	Bri Games	23 pieces, 8 prefabs, 1.1x2.5x1.2 m, 0 stations, 0 beds, 0 portals	source biome tag: ashlands; material tier: ashlands. DERIVED from the measurements in `role` -- not a curated judgement
hs_ashlands_astrid_sinjesdo_viking_dumpling_paradise.blueprint	OverDrive/BiomeBlueprints	none stated	no	production	setpiece	PLACES_CLEAN	6164	172	86.6x75.4x21.7	ashlands	0.0	1	32	284	Astrid Sinjesdo	6164 pieces, 172 prefabs, 86.6x75.4x21.7 m, 32 stations, 0 beds, 1 portals	source biome tag: ashlands; material tier: ashlands. DERIVED from the measurements in `role` -- not a curated judgement
hs_ashlands_babe_cozinha_completa.blueprint	OverDrive/BiomeBlueprints	none stated	no	production	module	PLACES_CLEAN	456	49	15.4x15.9x9.0	plains	0.0	0	14	32	Babe	456 pieces, 49 prefabs, 15.4x15.9x9.0 m, 14 stations, 0 beds, 0 portals	source biome tag: ashlands; material tier: plains. DERIVED from the measurements in `role` -- not a curated judgement
hs_ashlands_badmin_archer.blueprint	OverDrive/BiomeBlueprints	none stated	no	flavour	setpiece	PLACES_CLEAN	1184	12	14.6x6.0x21.0	ashlands	0.0	0	0	22	BaDmIn	1184 pieces, 12 prefabs, 14.6x6.0x21.0 m, 0 stations, 0 beds, 0 portals	source biome tag: ashlands; material tier: ashlands. DERIVED from the measurements in `role` -- not a curated judgement
hs_ashlands_badmin_cake_of_valhalla.blueprint	OverDrive/BiomeBlueprints	none stated	no	flavour	setpiece	PLACES_CLEAN	1898	11	9.4x9.7x23.2	ashlands	0.0	0	0	21	BaDmIn	1898 pieces, 11 prefabs, 9.4x9.7x23.2 m, 0 stations, 0 beds, 0 portals	source biome tag: ashlands; material tier: ashlands. DERIVED from the measurements in `role` -- not a curated judgement
hs_ashlands_badmin_eaglebird.blueprint	OverDrive/BiomeBlueprints	none stated	no	flavour	module	PLACES_CLEAN	576	17	14.4x13.6x13.1	ashlands	0.0	0	0	32	BaDmIn	576 pieces, 17 prefabs, 14.4x13.6x13.1 m, 0 stations, 0 beds, 0 portals	source biome tag: ashlands; material tier: ashlands. DERIVED from the measurements in `role` -- not a curated judgement
hs_ashlands_badmin_fallen_angel.blueprint	OverDrive/BiomeBlueprints	none stated	no	flavour	setpiece	PLACES_CLEAN	3221	16	15.4x26.2x32.8	ashlands	0.0	0	0	44	BaDmIn	3221 pieces, 16 prefabs, 15.4x26.2x32.8 m, 0 stations, 0 beds, 0 portals	source biome tag: ashlands; material tier: ashlands. DERIVED from the measurements in `role` -- not a curated judgement
hs_ashlands_badmin_freyja.blueprint	OverDrive/BiomeBlueprints	none stated	no	flavour	setpiece	PLACES_CLEAN	2136	20	20.7x13.5x29.2	ashlands	0.0	0	0	38	BaDmIn	2136 pieces, 20 prefabs, 20.7x13.5x29.2 m, 0 stations, 0 beds, 0 portals	source biome tag: ashlands; material tier: ashlands. DERIVED from the measurements in `role` -- not a curated judgement
hs_ashlands_badmin_lox.blueprint	OverDrive/BiomeBlueprints	none stated	no	flavour	setpiece	PLACES_CLEAN	1550	13	26.2x23.3x28.7	ashlands	0.0	0	0	54	BaDmIn	1550 pieces, 13 prefabs, 26.2x23.3x28.7 m, 0 stations, 0 beds, 0 portals	source biome tag: ashlands; material tier: ashlands. DERIVED from the measurements in `role` -- not a curated judgement
hs_ashlands_badmin_valkyriecorrected.blueprint	OverDrive/BiomeBlueprints	none stated	no	flavour	setpiece	PLACES_CLEAN	3079	15	29.5x37.1x38.1	ashlands	0.0	0	0	78	BaDmIn	3079 pieces, 15 prefabs, 29.5x37.1x38.1 m, 0 stations, 0 beds, 0 portals	source biome tag: ashlands; material tier: ashlands. DERIVED from the measurements in `role` -- not a curated judgement
hs_ashlands_bakedgoodsstall.blueprint	OverDrive/BiomeBlueprints	none stated	no	flavour	module	PLACES_CLEAN	159	35	6.1x6.2x4.8	ashlands	0.0	0	0	21	Bri Games	159 pieces, 35 prefabs, 6.1x6.2x4.8 m, 0 stations, 0 beds, 0 portals	source biome tag: ashlands; material tier: ashlands. DERIVED from the measurements in `role` -- not a curated judgement
hs_ashlands_barstool_brigames.blueprint	OverDrive/BiomeBlueprints	none stated	no	flavour	module	PLACES_CLEAN	4	3	0.6x0.5x1.1	ashlands	0.0	0	0	12	Bri Games	4 pieces, 3 prefabs, 0.6x0.5x1.1 m, 0 stations, 0 beds, 0 portals	source biome tag: ashlands; material tier: ashlands. DERIVED from the measurements in `role` -- not a curated judgement
hs_ashlands_belltower.blueprint	OverDrive/BiomeBlueprints	none stated	no	flavour	setpiece	PLACES_CLEAN	1381	37	10.7x10.2x22.0	ashlands	0.0	0	0	25	Bri Games	1381 pieces, 37 prefabs, 10.7x10.2x22.0 m, 0 stations, 0 beds, 0 portals	source biome tag: ashlands; material tier: ashlands. DERIVED from the measurements in `role` -- not a curated judgement
hs_ashlands_blueprints_mint_s_ash_tower.blueprint	OverDrive/BiomeBlueprints	none stated	no	base	setpiece	PLACES_CLEAN	1538	114	24.4x25.6x31.0	ashlands	0.0	0	31	60	Blueprints	1538 pieces, 114 prefabs, 24.4x25.6x31.0 m, 31 stations, 1 beds, 0 portals	source biome tag: ashlands; material tier: ashlands. DERIVED from the measurements in `role` -- not a curated judgement
hs_ashlands_boggyexp_lavitating_portalhub.blueprint	OverDrive/BiomeBlueprints	none stated	no	portal	setpiece	PLACES_CLEAN	3564	33	34.7x38.6x21.8	ashlands	0.0	7	0	88	BoggyExp	3564 pieces, 33 prefabs, 34.7x38.6x21.8 m, 0 stations, 0 beds, 7 portals	source biome tag: ashlands; material tier: ashlands. DERIVED from the measurements in `role` -- not a curated judgement
hs_ashlands_bridge_2.blueprint	OverDrive/BiomeBlueprints	none stated	no	flavour	setpiece	PLACES_CLEAN	359	16	44.1x22.7x6.2	ashlands	0.0	0	0	75	BerserkTBuilDeR	359 pieces, 16 prefabs, 44.1x22.7x6.2 m, 0 stations, 0 beds, 0 portals	source biome tag: ashlands; material tier: ashlands. DERIVED from the measurements in `role` -- not a curated judgement
hs_ashlands_builder_babe_portal_hub.blueprint	OverDrive/BiomeBlueprints	none stated	no	portal	setpiece	PLACES_CLEAN	905	10	30.3x29.3x8.0	mistlands	0.0	11	0	70	Builder Babe	905 pieces, 10 prefabs, 30.3x29.3x8.0 m, 0 stations, 0 beds, 11 portals	source biome tag: ashlands; material tier: mistlands. DERIVED from the measurements in `role` -- not a curated judgement
hs_ashlands_bullseyestall.blueprint	OverDrive/BiomeBlueprints	none stated	no	flavour	module	PLACES_CLEAN	115	30	4.8x5.3x4.8	ashlands	0.0	0	0	16	Bri Games	115 pieces, 30 prefabs, 4.8x5.3x4.8 m, 0 stations, 0 beds, 0 portals	source biome tag: ashlands; material tier: ashlands. DERIVED from the measurements in `role` -- not a curated judgement
hs_ashlands_castle_blackmarble.blueprint	OverDrive/BiomeBlueprints	none stated	no	base	setpiece	PLACES_CLEAN	8036	99	56.6x78.0x30.2	ashlands	0.0	0	8	217	Ivor The Smol	8036 pieces, 99 prefabs, 56.6x78.0x30.2 m, 8 stations, 2 beds, 0 portals	source biome tag: ashlands; material tier: ashlands. DERIVED from the measurements in `role` -- not a curated judgement
hs_ashlands_checkered_castle_with_lamps.blueprint	OverDrive/BiomeBlueprints	none stated	no	portal	setpiece	PLACES_CLEAN	5795	174	61.7x76.6x29.9	ashlands	0.0	15	38	222	Talathar	5795 pieces, 174 prefabs, 61.7x76.6x29.9 m, 38 stations, 2 beds, 15 portals	source biome tag: ashlands; material tier: ashlands. DERIVED from the measurements in `role` -- not a curated judgement
hs_ashlands_chessboard.blueprint	OverDrive/BiomeBlueprints	none stated	no	flavour	module	PLACES_CLEAN	337	6	18.0x15.7x1.9	ashlands	0.0	0	0	34	IsE Dawsded	337 pieces, 6 prefabs, 18.0x15.7x1.9 m, 0 stations, 0 beds, 0 portals	source biome tag: ashlands; material tier: ashlands. DERIVED from the measurements in `role` -- not a curated judgement
hs_ashlands_church_of_restless.blueprint	OverDrive/BiomeBlueprints	none stated	no	flavour	setpiece	PLACES_CLEAN	2213	65	35.7x29.7x43.1	ashlands	0.0	1	0	72	Ivor The Smol	2213 pieces, 65 prefabs, 35.7x29.7x43.1 m, 0 stations, 0 beds, 1 portals	source biome tag: ashlands; material tier: ashlands. DERIVED from the measurements in `role` -- not a curated judgement
hs_ashlands_cm_thug_floating_base.blueprint	OverDrive/BiomeBlueprints	none stated	no	flavour	setpiece	PLACES_CLEAN	1837	25	19.0x34.0x15.0	ashlands	0.0	0	0	61	Cm Thug	1837 pieces, 25 prefabs, 19.0x34.0x15.0 m, 0 stations, 0 beds, 0 portals	source biome tag: ashlands; material tier: ashlands. DERIVED from the measurements in `role` -- not a curated judgement
hs_ashlands_cm_thug_outpost.blueprint	OverDrive/BiomeBlueprints	none stated	no	base	setpiece	PLACES_CLEAN	1649	105	37.0x38.6x11.3	ashlands	0.0	0	49	96	Cm Thug	1649 pieces, 105 prefabs, 37.0x38.6x11.3 m, 49 stations, 1 beds, 0 portals	source biome tag: ashlands; material tier: ashlands. DERIVED from the measurements in `role` -- not a curated judgement
hs_ashlands_compact_endgame_base1.blueprint	OverDrive/BiomeBlueprints	none stated	no	production	module	PLACES_CLEAN	537	94	20.9x23.7x11.7	ashlands	0.0	0	43	47	Monkey	537 pieces, 94 prefabs, 20.9x23.7x11.7 m, 43 stations, 0 beds, 0 portals	source biome tag: ashlands; material tier: ashlands. DERIVED from the measurements in `role` -- not a curated judgement
hs_ashlands_constructor_casa_principal.blueprint	OverDrive/BiomeBlueprints	none stated	no	base	setpiece	PLACES_CLEAN	2825	155	21.0x22.5x30.0	ashlands	0.0	2	38	47	Constructor	2825 pieces, 155 prefabs, 21.0x22.5x30.0 m, 38 stations, 1 beds, 2 portals	source biome tag: ashlands; material tier: ashlands. DERIVED from the measurements in `role` -- not a curated judgement
hs_ashlands_cornercouchashlands_brigames.blueprint	OverDrive/BiomeBlueprints	none stated	no	flavour	module	PLACES_CLEAN	82	10	5.2x5.3x2.3	ashlands	0.0	0	0	16	Bri Games	82 pieces, 10 prefabs, 5.2x5.3x2.3 m, 0 stations, 0 beds, 0 portals	source biome tag: ashlands; material tier: ashlands. DERIVED from the measurements in `role` -- not a curated judgement
hs_ashlands_cozycabin.blueprint	OverDrive/BiomeBlueprints	none stated	no	production	setpiece	PLACES_CLEAN	2797	108	30.4x19.1x14.0	ashlands	0.0	0	19	59	Olivanderr	2797 pieces, 108 prefabs, 30.4x19.1x14.0 m, 19 stations, 0 beds, 0 portals	source biome tag: ashlands; material tier: ashlands. DERIVED from the measurements in `role` -- not a curated judgement
hs_ashlands_crookedhouse_brigamesau.blueprint	OverDrive/BiomeBlueprints	none stated	no	base	setpiece	PLACES_CLEAN	3023	117	24.7x38.4x30.1	ashlands	0.0	2	52	76	Bri Games	3023 pieces, 117 prefabs, 24.7x38.4x30.1 m, 52 stations, 7 beds, 2 portals	source biome tag: ashlands; material tier: ashlands. DERIVED from the measurements in `role` -- not a curated judgement
hs_ashlands_cts_wolfrunlodge.blueprint	OverDrive/BiomeBlueprints	none stated	no	production	setpiece	PLACES_CLEAN	4926	105	39.3x36.0x19.6	ashlands	0.0	0	19	88	Cooties	4926 pieces, 105 prefabs, 39.3x36.0x19.6 m, 19 stations, 0 beds, 0 portals	source biome tag: ashlands; material tier: ashlands. DERIVED from the measurements in `role` -- not a curated judgement
hs_ashlands_customspiralstairsgrausten_brigames.blueprint	OverDrive/BiomeBlueprints	none stated	no	flavour	module	PLACES_CLEAN	257	11	8.6x8.2x15.0	ashlands	0.0	0	0	21	Bri Games	257 pieces, 11 prefabs, 8.6x8.2x15.0 m, 0 stations, 0 beds, 0 portals	source biome tag: ashlands; material tier: ashlands. DERIVED from the measurements in `role` -- not a curated judgement
hs_ashlands_dana_libraryfinal.blueprint	OverDrive/BiomeBlueprints	none stated	no	portal	setpiece	PLACES_CLEAN	3829	91	42.0x28.2x30.5	ashlands	0.0	5	13	86	Dana	3829 pieces, 91 prefabs, 42.0x28.2x30.5 m, 13 stations, 0 beds, 5 portals	source biome tag: ashlands; material tier: ashlands. DERIVED from the measurements in `role` -- not a curated judgement
hs_ashlands_dana_towersdestiny.blueprint	OverDrive/BiomeBlueprints	none stated	no	portal	setpiece	PLACES_CLEAN	13491	155	77.9x90.0x63.3	ashlands	0.0	11	42	288	Dana	13491 pieces, 155 prefabs, 77.9x90.0x63.3 m, 42 stations, 15 beds, 11 portals	source biome tag: ashlands; material tier: ashlands. DERIVED from the measurements in `role` -- not a curated judgement
hs_ashlands_daybed_brigames.blueprint	OverDrive/BiomeBlueprints	none stated	no	flavour	module	PLACES_CLEAN	19	7	3.7x3.1x2.2	ashlands	0.0	0	0	12	Bri Games	19 pieces, 7 prefabs, 3.7x3.1x2.2 m, 0 stations, 0 beds, 0 portals	source biome tag: ashlands; material tier: ashlands. DERIVED from the measurements in `role` -- not a curated judgement
hs_ashlands_deardly_deardly_modern_house.blueprint	OverDrive/BiomeBlueprints	none stated	no	base	setpiece	PLACES_CLEAN	1672	118	34.0x23.0x12.0	ashlands	0.0	0	36	61	Deardly	1672 pieces, 118 prefabs, 34.0x23.0x12.0 m, 36 stations, 1 beds, 0 portals	source biome tag: ashlands; material tier: ashlands. DERIVED from the measurements in `role` -- not a curated judgement
hs_ashlands_euphyschurch.blueprint	OverDrive/BiomeBlueprints	none stated	no	flavour	setpiece	PLACES_CLEAN	887	45	27.2x27.2x25.0	ashlands	0.0	0	0	60	Testiphy	887 pieces, 45 prefabs, 27.2x27.2x25.0 m, 0 stations, 0 beds, 0 portals	source biome tag: ashlands; material tier: ashlands. DERIVED from the measurements in `role` -- not a curated judgement
hs_ashlands_eventyr.blueprint	OverDrive/BiomeBlueprints	none stated	no	flavour	setpiece	PLACES_CLEAN	2695	36	47.8x36.0x20.6	ashlands	0.0	2	0	99	叶奈法	2695 pieces, 36 prefabs, 47.8x36.0x20.6 m, 0 stations, 0 beds, 2 portals	source biome tag: ashlands; material tier: ashlands. DERIVED from the measurements in `role` -- not a curated judgement
hs_ashlands_feuersbrunst_henk.blueprint	OverDrive/BiomeBlueprints	none stated	no	portal	setpiece	PLACES_CLEAN	1221	43	42.8x40.4x12.8	ashlands	0.0	4	0	108	Henk Vakker	1221 pieces, 43 prefabs, 42.8x40.4x12.8 m, 0 stations, 0 beds, 4 portals	source biome tag: ashlands; material tier: ashlands. DERIVED from the measurements in `role` -- not a curated judgement
hs_ashlands_fireplace_brigames.blueprint	OverDrive/BiomeBlueprints	none stated	no	flavour	module	PLACES_CLEAN	122	20	4.6x5.3x8.7	ashlands	0.0	0	0	16	Bri Games	122 pieces, 20 prefabs, 4.6x5.3x8.7 m, 0 stations, 0 beds, 0 portals	source biome tag: ashlands; material tier: ashlands. DERIVED from the measurements in `role` -- not a curated judgement
hs_ashlands_flam_travel_cabin_1.blueprint	OverDrive/BiomeBlueprints	none stated	no	base	module	PLACES_CLEAN	146	32	8.8x9.5x7.2	ashlands	0.0	0	1	21	Atticus	146 pieces, 32 prefabs, 8.8x9.5x7.2 m, 1 stations, 0 beds, 0 portals	source biome tag: ashlands; material tier: ashlands. DERIVED from the measurements in `role` -- not a curated judgement
hs_ashlands_freelift_abcabin2.blueprint	OverDrive/BiomeBlueprints	none stated	no	base	setpiece	PLACES_CLEAN	786	77	21.6x20.0x9.5	ashlands	0.0	0	5	45	Freelift	786 pieces, 77 prefabs, 21.6x20.0x9.5 m, 5 stations, 3 beds, 0 portals	source biome tag: ashlands; material tier: ashlands. DERIVED from the measurements in `role` -- not a curated judgement
hs_ashlands_gazebograusten_brigames.blueprint	OverDrive/BiomeBlueprints	none stated	no	flavour	module	PLACES_CLEAN	82	9	5.8x4.8x6.5	ashlands	0.0	0	0	16	Bri Games	82 pieces, 9 prefabs, 5.8x4.8x6.5 m, 0 stations, 0 beds, 0 portals	source biome tag: ashlands; material tier: ashlands. DERIVED from the measurements in `role` -- not a curated judgement
hs_ashlands_giant_cake_on_stand.blueprint	OverDrive/BiomeBlueprints	none stated	no	flavour	setpiece	PLACES_CLEAN	2016	17	24.2x24.1x37.4	ashlands	0.0	0	0	60	Ivor The Smol	2016 pieces, 17 prefabs, 24.2x24.1x37.4 m, 0 stations, 0 beds, 0 portals	source biome tag: ashlands; material tier: ashlands. DERIVED from the measurements in `role` -- not a curated judgement
hs_ashlands_giantchristmastreeonly.blueprint	OverDrive/BiomeBlueprints	none stated	no	flavour	module	PLACES_CLEAN	442	9	7.1x7.1x7.1	ashlands	0.0	0	0	21	Bri Games	442 pieces, 9 prefabs, 7.1x7.1x7.1 m, 0 stations, 0 beds, 0 portals	source biome tag: ashlands; material tier: ashlands. DERIVED from the measurements in `role` -- not a curated judgement
hs_ashlands_giantsnowflakeonly.blueprint	OverDrive/BiomeBlueprints	none stated	no	flavour	module	PLACES_CLEAN	230	6	16.6x16.7x14.1	ashlands	0.0	0	0	36	Bri Games	230 pieces, 6 prefabs, 16.6x16.7x14.1 m, 0 stations, 0 beds, 0 portals	source biome tag: ashlands; material tier: ashlands. DERIVED from the measurements in `role` -- not a curated judgement
hs_ashlands_gorthein_fancy_house_redux.blueprint	OverDrive/BiomeBlueprints	none stated	no	base	setpiece	PLACES_CLEAN	1962	136	36.0x28.0x15.0	ashlands	0.0	2	33	70	Gorthein	1962 pieces, 136 prefabs, 36.0x28.0x15.0 m, 33 stations, 1 beds, 2 portals	source biome tag: ashlands; material tier: ashlands. DERIVED from the measurements in `role` -- not a curated judgement
hs_ashlands_harbor.blueprint	OverDrive/BiomeBlueprints	none stated	no	flavour	setpiece	PLACES_CLEAN	4381	46	77.4x64.6x16.5	ashlands	0.0	0	0	224	Thysicus	4381 pieces, 46 prefabs, 77.4x64.6x16.5 m, 0 stations, 0 beds, 0 portals	source biome tag: ashlands; material tier: ashlands. DERIVED from the measurements in `role` -- not a curated judgement
hs_ashlands_henhousevanilla_brigames.blueprint	OverDrive/BiomeBlueprints	none stated	no	flavour	module	PLACES_CLEAN	62	15	4.7x5.9x3.6	ashlands	0.0	0	0	16	Bri Games	62 pieces, 15 prefabs, 4.7x5.9x3.6 m, 0 stations, 0 beds, 0 portals	source biome tag: ashlands; material tier: ashlands. DERIVED from the measurements in `role` -- not a curated judgement
hs_ashlands_house.blueprint	OverDrive/BiomeBlueprints	none stated	no	production	setpiece	PLACES_CLEAN	2966	102	23.9x36.7x17.0	ashlands	0.0	0	10	68	Thysicus	2966 pieces, 102 prefabs, 23.9x36.7x17.0 m, 10 stations, 0 beds, 0 portals	source biome tag: ashlands; material tier: ashlands. DERIVED from the measurements in `role` -- not a curated judgement
hs_ashlands_l_le_de_bronze.blueprint	OverDrive/BiomeBlueprints	none stated	no	portal	setpiece	PLACES_CLEAN	1978	90	59.5x49.5x24.0	plains	0.0	7	40	154	LoKi	1978 pieces, 90 prefabs, 59.5x49.5x24.0 m, 40 stations, 4 beds, 7 portals	source biome tag: ashlands; material tier: plains. DERIVED from the measurements in `role` -- not a curated judgement
hs_ashlands_lacko_almightyhammer.blueprint	OverDrive/BiomeBlueprints	none stated	no	flavour	setpiece	PLACES_CLEAN	1794	33	44.9x44.0x16.4	ashlands	0.0	0	0	117	Lacko-	1794 pieces, 33 prefabs, 44.9x44.0x16.4 m, 0 stations, 0 beds, 0 portals	source biome tag: ashlands; material tier: ashlands. DERIVED from the measurements in `role` -- not a curated judgement
hs_ashlands_lacko_paintedversion1.blueprint	OverDrive/BiomeBlueprints	none stated	no	flavour	setpiece	PLACES_CLEAN	1203	12	15.1x23.4x13.0	ashlands	0.0	0	0	40	Lacko-	1203 pieces, 12 prefabs, 15.1x23.4x13.0 m, 0 stations, 0 beds, 0 portals	source biome tag: ashlands; material tier: ashlands. DERIVED from the measurements in `role` -- not a curated judgement
hs_ashlands_lacko_pianodecoration_madebylacko.blueprint	OverDrive/BiomeBlueprints	none stated	no	flavour	module	PLACES_CLEAN	94	8	3.4x4.6x2.4	ashlands	0.0	0	0	14	Lacko-	94 pieces, 8 prefabs, 3.4x4.6x2.4 m, 0 stations, 0 beds, 0 portals	source biome tag: ashlands; material tier: ashlands. DERIVED from the measurements in `role` -- not a curated judgement
hs_ashlands_lady_silvergrey_midnighttavern.blueprint	OverDrive/BiomeBlueprints	none stated	no	base	setpiece	PLACES_CLEAN	6797	202	52.1x32.0x18.2	ashlands	0.0	0	36	106	Lady Silvergrey	6797 pieces, 202 prefabs, 52.1x32.0x18.2 m, 36 stations, 4 beds, 0 portals	source biome tag: ashlands; material tier: ashlands. DERIVED from the measurements in `role` -- not a curated judgement
hs_ashlands_lady_silvergrey_oceanflame.blueprint	OverDrive/BiomeBlueprints	none stated	no	portal	setpiece	PLACES_CLEAN	6291	46	51.5x48.3x102.9	ashlands	0.0	46	0	140	Lady Silvergrey	6291 pieces, 46 prefabs, 51.5x48.3x102.9 m, 0 stations, 0 beds, 46 portals	source biome tag: ashlands; material tier: ashlands. DERIVED from the measurements in `role` -- not a curated judgement
hs_ashlands_lavaforge.blueprint	OverDrive/BiomeBlueprints	none stated	no	production	setpiece	PLACES_CLEAN	4398	91	56.0x23.8x28.6	ashlands	0.0	0	26	89	Olivanderr	4398 pieces, 91 prefabs, 56.0x23.8x28.6 m, 26 stations, 0 beds, 0 portals	source biome tag: ashlands; material tier: ashlands. DERIVED from the measurements in `role` -- not a curated judgement
hs_ashlands_lionsprideinn2.blueprint	OverDrive/BiomeBlueprints	none stated	no	base	setpiece	PLACES_CLEAN	7830	136	53.0x28.3x20.1	ashlands	0.0	0	11	96	Balin	7830 pieces, 136 prefabs, 53.0x28.3x20.1 m, 11 stations, 3 beds, 0 portals	source biome tag: ashlands; material tier: ashlands. DERIVED from the measurements in `role` -- not a curated judgement
hs_ashlands_lotusandlily.blueprint	OverDrive/BiomeBlueprints	none stated	no	flavour	setpiece	PLACES_CLEAN	2390	5	40.7x40.8x21.4	ashlands	0.0	0	0	100	Ivor The Smol	2390 pieces, 5 prefabs, 40.7x40.8x21.4 m, 0 stations, 0 beds, 0 portals	source biome tag: ashlands; material tier: ashlands. DERIVED from the measurements in `role` -- not a curated judgement
hs_ashlands_madzobuild_ashlandcamp.blueprint	OverDrive/BiomeBlueprints	none stated	no	base	module	PLACES_CLEAN	266	47	17.0x17.0x7.0	ashlands	0.0	1	4	36	Madzobuild	266 pieces, 47 prefabs, 17.0x17.0x7.0 m, 4 stations, 1 beds, 1 portals	source biome tag: ashlands; material tier: ashlands. DERIVED from the measurements in `role` -- not a curated judgement
hs_ashlands_madzobuild_coffeetable.blueprint	OverDrive/BiomeBlueprints	none stated	no	flavour	module	PLACES_CLEAN	4	2	0.6x0.8x0.5	ashlands	0.0	0	0	12	Madzobuild	4 pieces, 2 prefabs, 0.6x0.8x0.5 m, 0 stations, 0 beds, 0 portals	source biome tag: ashlands; material tier: ashlands. DERIVED from the measurements in `role` -- not a curated judgement
hs_ashlands_madzobuild_couch1.blueprint	OverDrive/BiomeBlueprints	none stated	no	flavour	module	PLACES_CLEAN	10	3	0.7x1.3x1.1	ashlands	0.0	0	0	12	Madzobuild	10 pieces, 3 prefabs, 0.7x1.3x1.1 m, 0 stations, 0 beds, 0 portals	source biome tag: ashlands; material tier: ashlands. DERIVED from the measurements in `role` -- not a curated judgement
hs_ashlands_madzobuild_couch2.blueprint	OverDrive/BiomeBlueprints	none stated	no	flavour	module	PLACES_CLEAN	14	4	2.0x1.4x2.0	ashlands	0.0	0	0	12	Madzobuild	14 pieces, 4 prefabs, 2.0x1.4x2.0 m, 0 stations, 0 beds, 0 portals	source biome tag: ashlands; material tier: ashlands. DERIVED from the measurements in `role` -- not a curated judgement
hs_ashlands_madzobuild_couch3.blueprint	OverDrive/BiomeBlueprints	none stated	no	flavour	module	PLACES_CLEAN	30	4	2.6x3.9x2.0	ashlands	0.0	0	0	12	Madzobuild	30 pieces, 4 prefabs, 2.6x3.9x2.0 m, 0 stations, 0 beds, 0 portals	source biome tag: ashlands; material tier: ashlands. DERIVED from the measurements in `role` -- not a curated judgement
hs_ashlands_magne_athelgard_cathedral.blueprint	OverDrive/BiomeBlueprints	none stated	no	base	setpiece	PLACES_CLEAN	17954	96	61.7x89.9x35.1	ashlands	0.0	0	1	250	Magne	17954 pieces, 96 prefabs, 61.7x89.9x35.1 m, 1 stations, 0 beds, 0 portals	source biome tag: ashlands; material tier: ashlands. DERIVED from the measurements in `role` -- not a curated judgement
hs_ashlands_mansion_vanilla.blueprint	OverDrive/BiomeBlueprints	none stated	no	production	setpiece	PLACES_CLEAN	6556	68	57.3x35.7x21.2	ashlands	0.0	0	3	115	Thysicus	6556 pieces, 68 prefabs, 57.3x35.7x21.2 m, 3 stations, 0 beds, 0 portals	source biome tag: ashlands; material tier: ashlands. DERIVED from the measurements in `role` -- not a curated judgement
hs_ashlands_meathousevanilla_brigames.blueprint	OverDrive/BiomeBlueprints	none stated	no	production	module	PLACES_CLEAN	265	20	10.1x12.1x9.0	ashlands	0.0	0	19	28	Bri Games	265 pieces, 20 prefabs, 10.1x12.1x9.0 m, 19 stations, 0 beds, 0 portals	source biome tag: ashlands; material tier: ashlands. DERIVED from the measurements in `role` -- not a curated judgement
hs_ashlands_mini_sap_extractor.blueprint	OverDrive/BiomeBlueprints	none stated	no	production	module	PLACES_CLEAN	47	8	5.0x4.2x1.0	ashlands	0.0	0	3	16	Monkey	47 pieces, 8 prefabs, 5.0x4.2x1.0 m, 3 stations, 0 beds, 0 portals	source biome tag: ashlands; material tier: ashlands. DERIVED from the measurements in `role` -- not a curated judgement
hs_ashlands_minicastlevanilla.blueprint	OverDrive/BiomeBlueprints	none stated	no	production	setpiece	PLACES_CLEAN	980	70	13.0x13.1x15.5	ashlands	0.0	0	11	32	Bri Games	980 pieces, 70 prefabs, 13.0x13.1x15.5 m, 11 stations, 0 beds, 0 portals	source biome tag: ashlands; material tier: ashlands. DERIVED from the measurements in `role` -- not a curated judgement
hs_ashlands_minicastleworkshop.blueprint	OverDrive/BiomeBlueprints	none stated	no	production	setpiece	PLACES_CLEAN	601	71	17.6x18.1x8.5	ashlands	0.0	0	20	40	Bhima	601 pieces, 71 prefabs, 17.6x18.1x8.5 m, 20 stations, 0 beds, 0 portals	source biome tag: ashlands; material tier: ashlands. DERIVED from the measurements in `role` -- not a curated judgement
hs_ashlands_mister_black_forest_base.blueprint	OverDrive/BiomeBlueprints	none stated	no	production	setpiece	PLACES_CLEAN	987	70	17.7x25.2x8.0	ashlands	0.0	0	7	46	Mister	987 pieces, 70 prefabs, 17.7x25.2x8.0 m, 7 stations, 0 beds, 0 portals	source biome tag: ashlands; material tier: ashlands. DERIVED from the measurements in `role` -- not a curated judgement
hs_ashlands_mistrock_peak.blueprint	OverDrive/BiomeBlueprints	none stated	no	portal	setpiece	PLACES_CLEAN	3617	124	54.5x45.4x104.0	ashlands	0.0	4	45	139	Monkey	3617 pieces, 124 prefabs, 54.5x45.4x104.0 m, 45 stations, 0 beds, 4 portals	source biome tag: ashlands; material tier: ashlands. DERIVED from the measurements in `role` -- not a curated judgement
hs_ashlands_misttreehousev2.blueprint	OverDrive/BiomeBlueprints	none stated	no	base	setpiece	PLACES_CLEAN	2371	132	53.4x39.8x102.9	ashlands	0.0	2	31	118	Sheepshank	2371 pieces, 132 prefabs, 53.4x39.8x102.9 m, 31 stations, 3 beds, 2 portals	source biome tag: ashlands; material tier: ashlands. DERIVED from the measurements in `role` -- not a curated judgement
hs_ashlands_monkey_dvergr_tavern.blueprint	OverDrive/BiomeBlueprints	none stated	no	base	setpiece	PLACES_CLEAN	2063	108	25.7x24.9x23.3	ashlands	0.0	0	11	60	Monkey	2063 pieces, 108 prefabs, 25.7x24.9x23.3 m, 11 stations, 1 beds, 0 portals	source biome tag: ashlands; material tier: ashlands. DERIVED from the measurements in `role` -- not a curated judgement
hs_ashlands_monkeystoragehouse.blueprint	OverDrive/BiomeBlueprints	none stated	no	production	setpiece	PLACES_CLEAN	1067	51	20.9x22.7x9.0	ashlands	0.0	0	17	47	Monkey	1067 pieces, 51 prefabs, 20.9x22.7x9.0 m, 17 stations, 0 beds, 0 portals	source biome tag: ashlands; material tier: ashlands. DERIVED from the measurements in `role` -- not a curated judgement
hs_ashlands_moongoddess.blueprint	OverDrive/BiomeBlueprints	none stated	no	base	setpiece	PLACES_CLEAN	2018	15	24.4x8.4x30.3	ashlands	0.0	0	1	36	BaDmIn	2018 pieces, 15 prefabs, 24.4x8.4x30.3 m, 1 stations, 0 beds, 0 portals	source biome tag: ashlands; material tier: ashlands. DERIVED from the measurements in `role` -- not a curated judgement
hs_ashlands_neletit_mansion.blueprint	OverDrive/BiomeBlueprints	none stated	no	production	setpiece	PLACES_CLEAN	39487	151	115.7x87.9x40.6	ashlands	0.0	0	21	118	Neletit	39487 pieces, 151 prefabs, 115.7x87.9x40.6 m, 21 stations, 0 beds, 0 portals	source biome tag: ashlands; material tier: ashlands. DERIVED from the measurements in `role` -- not a curated judgement
hs_ashlands_neletit_parthenon.blueprint	OverDrive/BiomeBlueprints	none stated	no	flavour	setpiece	PLACES_CLEAN	9580	43	24.0x46.0x17.5	ashlands	0.0	0	0	75	Neletit	9580 pieces, 43 prefabs, 24.0x46.0x17.5 m, 0 stations, 0 beds, 0 portals	source biome tag: ashlands; material tier: ashlands. DERIVED from the measurements in `role` -- not a curated judgement
hs_ashlands_neletit_portalhubtower.blueprint	OverDrive/BiomeBlueprints	none stated	no	portal	setpiece	PLACES_CLEAN	5565	48	34.6x33.1x33.6	ashlands	0.0	15	0	79	Neletit	5565 pieces, 48 prefabs, 34.6x33.1x33.6 m, 0 stations, 0 beds, 15 portals	source biome tag: ashlands; material tier: ashlands. DERIVED from the measurements in `role` -- not a curated judgement
hs_ashlands_odin_compactforge.blueprint	OverDrive/BiomeBlueprints	none stated	no	production	setpiece	PLACES_CLEAN	764	50	20.9x23.1x13.0	ashlands	0.0	0	20	47	Odin	764 pieces, 50 prefabs, 20.9x23.1x13.0 m, 20 stations, 0 beds, 0 portals	source biome tag: ashlands; material tier: ashlands. DERIVED from the measurements in `role` -- not a curated judgement
hs_ashlands_portalhub_dome.blueprint	OverDrive/BiomeBlueprints	none stated	no	portal	setpiece	PLACES_CLEAN	909	22	21.3x20.3x12.2	ashlands	0.0	14	0	45	Thysicus	909 pieces, 22 prefabs, 21.3x20.3x12.2 m, 0 stations, 0 beds, 14 portals	source biome tag: ashlands; material tier: ashlands. DERIVED from the measurements in `role` -- not a curated judgement
hs_ashlands_prefab_collection1.blueprint	OverDrive/BiomeBlueprints	none stated	no	base	setpiece	PLACES_CLEAN	1796	116	58.5x50.8x12.1	ashlands	0.0	0	57	154	Monkey	1796 pieces, 116 prefabs, 58.5x50.8x12.1 m, 57 stations, 1 beds, 0 portals	source biome tag: ashlands; material tier: ashlands. DERIVED from the measurements in `role` -- not a curated judgement
hs_ashlands_pub.blueprint	OverDrive/BiomeBlueprints	none stated	no	production	setpiece	PLACES_CLEAN	1970	103	21.5x30.5x20.8	ashlands	0.0	2	3	59	Bri Games	1970 pieces, 103 prefabs, 21.5x30.5x20.8 m, 3 stations, 0 beds, 2 portals	source biome tag: ashlands; material tier: ashlands. DERIVED from the measurements in `role` -- not a curated judgement
hs_ashlands_pubvanilla.blueprint	OverDrive/BiomeBlueprints	none stated	no	production	setpiece	PLACES_CLEAN	1971	103	21.5x30.8x20.8	ashlands	0.0	2	3	59	Bri Games	1971 pieces, 103 prefabs, 21.5x30.8x20.8 m, 3 stations, 0 beds, 2 portals	source biome tag: ashlands; material tier: ashlands. DERIVED from the measurements in `role` -- not a curated judgement
hs_ashlands_pvp_arena.blueprint	OverDrive/BiomeBlueprints	none stated	no	portal	setpiece	PLACES_CLEAN	3115	88	56.5x57.1x14.0	ashlands	0.0	5	4	165	Monkey	3115 pieces, 88 prefabs, 56.5x57.1x14.0 m, 4 stations, 0 beds, 5 portals	source biome tag: ashlands; material tier: ashlands. DERIVED from the measurements in `role` -- not a curated judgement
hs_ashlands_ragnar_henry_s_forge.blueprint	OverDrive/BiomeBlueprints	none stated	no	base	setpiece	PLACES_CLEAN	3412	108	77.9x65.8x18.1	ashlands	0.0	1	44	224	Ragnar	3412 pieces, 108 prefabs, 77.9x65.8x18.1 m, 44 stations, 3 beds, 1 portals	source biome tag: ashlands; material tier: ashlands. DERIVED from the measurements in `role` -- not a curated judgement
hs_ashlands_ragnar_openwarehouse.blueprint	OverDrive/BiomeBlueprints	none stated	no	production	setpiece	PLACES_CLEAN	8599	77	55.0x53.0x11.5	ashlands	0.0	0	35	154	Ragnar	8599 pieces, 77 prefabs, 55.0x53.0x11.5 m, 35 stations, 0 beds, 0 portals	source biome tag: ashlands; material tier: ashlands. DERIVED from the measurements in `role` -- not a curated judgement
hs_ashlands_ragnar_warehouse.blueprint	OverDrive/BiomeBlueprints	none stated	no	production	setpiece	PLACES_CLEAN	7939	79	69.2x69.2x8.4	ashlands	0.0	1	35	221	Ragnar	7939 pieces, 79 prefabs, 69.2x69.2x8.4 m, 35 stations, 0 beds, 1 portals	source biome tag: ashlands; material tier: ashlands. DERIVED from the measurements in `role` -- not a curated judgement
hs_ashlands_rapunzel_twr.blueprint	OverDrive/BiomeBlueprints	none stated	no	production	setpiece	PLACES_CLEAN	2623	83	22.2x20.3x65.0	ashlands	0.0	2	12	47	Cornboy	2623 pieces, 83 prefabs, 22.2x20.3x65.0 m, 12 stations, 0 beds, 2 portals	source biome tag: ashlands; material tier: ashlands. DERIVED from the measurements in `role` -- not a curated judgement
hs_ashlands_salty_d_watermill_cottage_complete_with_terrain_markers.blueprint	OverDrive/BiomeBlueprints	none stated	no	base	setpiece	PLACES_CLEAN	3068	100	39.8x20.4x13.5	ashlands	0.0	0	13	66	Salty D.	3068 pieces, 100 prefabs, 39.8x20.4x13.5 m, 13 stations, 2 beds, 0 portals	source biome tag: ashlands; material tier: ashlands. DERIVED from the measurements in `role` -- not a curated judgement
hs_ashlands_sanctifiedtower.blueprint	OverDrive/BiomeBlueprints	none stated	no	production	setpiece	PLACES_CLEAN	1059	50	10.1x10.1x16.0	ashlands	0.0	0	7	25	Bri Games	1059 pieces, 50 prefabs, 10.1x10.1x16.0 m, 7 stations, 0 beds, 0 portals	source biome tag: ashlands; material tier: ashlands. DERIVED from the measurements in `role` -- not a curated judgement
hs_ashlands_santasleigh.blueprint	OverDrive/BiomeBlueprints	none stated	no	flavour	module	PLACES_CLEAN	214	28	7.7x6.9x4.5	ashlands	0.0	0	0	21	Bri Games	214 pieces, 28 prefabs, 7.7x6.9x4.5 m, 0 stations, 0 beds, 0 portals	source biome tag: ashlands; material tier: ashlands. DERIVED from the measurements in `role` -- not a curated judgement
hs_ashlands_scholarstower.blueprint	OverDrive/BiomeBlueprints	none stated	no	base	setpiece	PLACES_CLEAN	1928	36	10.1x10.6x16.0	ashlands	0.0	0	2	25	Bri Games	1928 pieces, 36 prefabs, 10.1x10.6x16.0 m, 2 stations, 0 beds, 0 portals	source biome tag: ashlands; material tier: ashlands. DERIVED from the measurements in `role` -- not a curated judgement
hs_ashlands_sheepshank_badgerforgefinal.blueprint	OverDrive/BiomeBlueprints	none stated	no	portal	setpiece	PLACES_CLEAN	2247	106	27.1x36.4x16.0	ashlands	0.0	4	25	76	Sheepshank	2247 pieces, 106 prefabs, 27.1x36.4x16.0 m, 25 stations, 0 beds, 4 portals	source biome tag: ashlands; material tier: ashlands. DERIVED from the measurements in `role` -- not a curated judgement
hs_ashlands_sheepshank_birdseyetower.blueprint	OverDrive/BiomeBlueprints	none stated	no	flavour	setpiece	PLACES_CLEAN	1098	74	19.8x22.3x23.5	ashlands	0.0	2	0	47	Sheepshank	1098 pieces, 74 prefabs, 19.8x22.3x23.5 m, 0 stations, 0 beds, 2 portals	source biome tag: ashlands; material tier: ashlands. DERIVED from the measurements in `role` -- not a curated judgement
hs_ashlands_sheepshank_burningtreev3.blueprint	OverDrive/BiomeBlueprints	none stated	no	flavour	setpiece	PLACES_CLEAN	1218	44	22.3x25.1x14.1	ashlands	0.0	0	0	54	Sheepshank	1218 pieces, 44 prefabs, 22.3x25.1x14.1 m, 0 stations, 0 beds, 0 portals	source biome tag: ashlands; material tier: ashlands. DERIVED from the measurements in `role` -- not a curated judgement
hs_ashlands_sheepshank_chickencoop.blueprint	OverDrive/BiomeBlueprints	none stated	no	base	setpiece	PLACES_CLEAN	1572	72	18.2x22.1x18.8	ashlands	0.0	0	1	47	Sheepshank	1572 pieces, 72 prefabs, 18.2x22.1x18.8 m, 1 stations, 0 beds, 0 portals	source biome tag: ashlands; material tier: ashlands. DERIVED from the measurements in `role` -- not a curated judgement
hs_ashlands_sheepshank_feathercapetower.blueprint	OverDrive/BiomeBlueprints	none stated	no	flavour	setpiece	PLACES_CLEAN	1467	48	14.5x14.5x58.8	ashlands	0.0	2	0	32	Sheepshank	1467 pieces, 48 prefabs, 14.5x14.5x58.8 m, 0 stations, 0 beds, 2 portals	source biome tag: ashlands; material tier: ashlands. DERIVED from the measurements in `role` -- not a curated judgement
hs_ashlands_sheepshank_fishtrapbistrofinal.blueprint	OverDrive/BiomeBlueprints	none stated	no	portal	setpiece	PLACES_CLEAN	3668	123	43.8x52.6x19.6	ashlands	0.0	3	26	130	Sheepshank	3668 pieces, 123 prefabs, 43.8x52.6x19.6 m, 26 stations, 0 beds, 3 portals	source biome tag: ashlands; material tier: ashlands. DERIVED from the measurements in `role` -- not a curated judgement
hs_ashlands_sheepshank_fluffydanatownhomes.blueprint	OverDrive/BiomeBlueprints	none stated	no	portal	setpiece	PLACES_CLEAN	2936	128	30.5x26.1x18.5	ashlands	0.0	3	51	68	Sheepshank	2936 pieces, 128 prefabs, 30.5x26.1x18.5 m, 51 stations, 2 beds, 3 portals	source biome tag: ashlands; material tier: ashlands. DERIVED from the measurements in `role` -- not a curated judgement
hs_ashlands_sheepshank_fluffyvillagehousev2.blueprint	OverDrive/BiomeBlueprints	none stated	no	base	setpiece	PLACES_CLEAN	2589	128	33.4x26.7x23.3	ashlands	0.0	2	34	68	Sheepshank	2589 pieces, 128 prefabs, 33.4x26.7x23.3 m, 34 stations, 1 beds, 2 portals	source biome tag: ashlands; material tier: ashlands. DERIVED from the measurements in `role` -- not a curated judgement
hs_ashlands_sheepshank_hagrids_hut.blueprint	OverDrive/BiomeBlueprints	none stated	no	production	setpiece	PLACES_CLEAN	1144	106	14.4x17.2x21.5	ashlands	0.0	0	13	34	Sheepshank	1144 pieces, 106 prefabs, 14.4x17.2x21.5 m, 13 stations, 0 beds, 0 portals	source biome tag: ashlands; material tier: ashlands. DERIVED from the measurements in `role` -- not a curated judgement
hs_ashlands_sheepshank_innandbistrov2.blueprint	OverDrive/BiomeBlueprints	none stated	no	production	setpiece	PLACES_CLEAN	1149	85	25.3x42.4x14.0	ashlands	0.0	0	8	84	Sheepshank	1149 pieces, 85 prefabs, 25.3x42.4x14.0 m, 8 stations, 0 beds, 0 portals	source biome tag: ashlands; material tier: ashlands. DERIVED from the measurements in `role` -- not a curated judgement
hs_ashlands_sheepshank_jorykstombfinal.blueprint	OverDrive/BiomeBlueprints	none stated	no	flavour	setpiece	PLACES_CLEAN	4286	78	42.9x42.1x43.1	ashlands	0.0	1	0	117	Sheepshank	4286 pieces, 78 prefabs, 42.9x42.1x43.1 m, 0 stations, 0 beds, 1 portals	source biome tag: ashlands; material tier: ashlands. DERIVED from the measurements in `role` -- not a curated judgement
hs_ashlands_sheepshank_kaer_mor_boarv2.blueprint	OverDrive/BiomeBlueprints	none stated	no	production	setpiece	PLACES_CLEAN	6707	173	66.5x62.8x27.5	ashlands	0.0	1	41	206	Sheepshank	6707 pieces, 173 prefabs, 66.5x62.8x27.5 m, 41 stations, 0 beds, 1 portals	source biome tag: ashlands; material tier: ashlands. DERIVED from the measurements in `role` -- not a curated judgement
hs_ashlands_sheepshank_militarybarracks.blueprint	OverDrive/BiomeBlueprints	none stated	no	portal	setpiece	PLACES_CLEAN	4738	145	42.4x70.4x25.5	ashlands	0.0	3	36	163	Sheepshank	4738 pieces, 145 prefabs, 42.4x70.4x25.5 m, 36 stations, 0 beds, 3 portals	source biome tag: ashlands; material tier: ashlands. DERIVED from the measurements in `role` -- not a curated judgement
hs_ashlands_sheepshank_myfirsthome.blueprint	OverDrive/BiomeBlueprints	none stated	no	portal	setpiece	PLACES_CLEAN	2144	119	35.6x28.4x19.0	ashlands	0.0	5	19	72	Sheepshank	2144 pieces, 119 prefabs, 35.6x28.4x19.0 m, 19 stations, 1 beds, 5 portals	source biome tag: ashlands; material tier: ashlands. DERIVED from the measurements in `role` -- not a curated judgement
hs_ashlands_sheepshank_notsotinyhome.blueprint	OverDrive/BiomeBlueprints	none stated	no	base	setpiece	PLACES_CLEAN	2289	148	23.4x23.2x25.5	ashlands	0.0	1	35	49	Sheepshank	2289 pieces, 148 prefabs, 23.4x23.2x25.5 m, 35 stations, 5 beds, 1 portals	source biome tag: ashlands; material tier: ashlands. DERIVED from the measurements in `role` -- not a curated judgement
hs_ashlands_sheepshank_petalstronghold.blueprint	OverDrive/BiomeBlueprints	none stated	no	portal	setpiece	PLACES_CLEAN	7112	209	63.0x60.7x18.2	ashlands	0.0	3	65	192	Sheepshank	7112 pieces, 209 prefabs, 63.0x60.7x18.2 m, 65 stations, 7 beds, 3 portals	source biome tag: ashlands; material tier: ashlands. DERIVED from the measurements in `role` -- not a curated judgement
hs_ashlands_sheepshank_rizzosretreatfinal.blueprint	OverDrive/BiomeBlueprints	none stated	no	portal	setpiece	PLACES_CLEAN	2322	138	48.9x44.9x17.7	ashlands	0.0	3	21	128	Sheepshank	2322 pieces, 138 prefabs, 48.9x44.9x17.7 m, 21 stations, 0 beds, 3 portals	source biome tag: ashlands; material tier: ashlands. DERIVED from the measurements in `role` -- not a curated judgement
hs_ashlands_sheepshank_starterhome10.blueprint	OverDrive/BiomeBlueprints	none stated	no	base	setpiece	PLACES_CLEAN	2762	139	39.3x36.2x16.8	ashlands	0.0	2	41	96	Sheepshank	2762 pieces, 139 prefabs, 39.3x36.2x16.8 m, 41 stations, 3 beds, 2 portals	source biome tag: ashlands; material tier: ashlands. DERIVED from the measurements in `role` -- not a curated judgement
hs_ashlands_sheepshank_statuevalhallav2.blueprint	OverDrive/BiomeBlueprints	none stated	no	flavour	module	PLACES_CLEAN	546	29	19.0x19.0x15.6	ashlands	0.0	0	0	45	Sheepshank	546 pieces, 29 prefabs, 19.0x19.0x15.6 m, 0 stations, 0 beds, 0 portals	source biome tag: ashlands; material tier: ashlands. DERIVED from the measurements in `role` -- not a curated judgement
hs_ashlands_sheepshank_stoneportalhub.blueprint	OverDrive/BiomeBlueprints	none stated	no	flavour	setpiece	PLACES_CLEAN	6747	56	55.9x62.7x12.0	ashlands	0.0	0	0	178	Sheepshank	6747 pieces, 56 prefabs, 55.9x62.7x12.0 m, 0 stations, 0 beds, 0 portals	source biome tag: ashlands; material tier: ashlands. DERIVED from the measurements in `role` -- not a curated judgement
hs_ashlands_sheepshank_the_bone_stonage.blueprint	OverDrive/BiomeBlueprints	none stated	no	base	setpiece	PLACES_CLEAN	1365	77	18.0x15.5x16.0	ashlands	0.0	2	0	34	Sheepshank	1365 pieces, 77 prefabs, 18.0x15.5x16.0 m, 0 stations, 1 beds, 2 portals	source biome tag: ashlands; material tier: ashlands. DERIVED from the measurements in `role` -- not a curated judgement
hs_ashlands_sheepshank_the_canary_house.blueprint	OverDrive/BiomeBlueprints	none stated	no	portal	setpiece	PLACES_CLEAN	3764	129	52.0x53.1x17.2	ashlands	0.0	5	41	142	Sheepshank	3764 pieces, 129 prefabs, 52.0x53.1x17.2 m, 41 stations, 8 beds, 5 portals	source biome tag: ashlands; material tier: ashlands. DERIVED from the measurements in `role` -- not a curated judgement
hs_ashlands_sheepshank_theburrow.blueprint	OverDrive/BiomeBlueprints	none stated	no	production	setpiece	PLACES_CLEAN	2001	167	17.7x17.7x31.0	ashlands	0.0	1	26	36	Sheepshank	2001 pieces, 167 prefabs, 17.7x17.7x31.0 m, 26 stations, 0 beds, 1 portals	source biome tag: ashlands; material tier: ashlands. DERIVED from the measurements in `role` -- not a curated judgement
hs_ashlands_sheepshank_therefineryv2.blueprint	OverDrive/BiomeBlueprints	none stated	no	portal	setpiece	PLACES_CLEAN	3823	133	52.7x52.4x22.5	ashlands	0.0	16	43	144	Sheepshank	3823 pieces, 133 prefabs, 52.7x52.4x22.5 m, 43 stations, 2 beds, 16 portals	source biome tag: ashlands; material tier: ashlands. DERIVED from the measurements in `role` -- not a curated judgement
hs_ashlands_sheepshank_thomashofredux.blueprint	OverDrive/BiomeBlueprints	none stated	no	portal	setpiece	PLACES_CLEAN	3904	83	53.7x32.6x32.0	ashlands	0.0	5	4	106	Sheepshank	3904 pieces, 83 prefabs, 53.7x32.6x32.0 m, 4 stations, 0 beds, 5 portals	source biome tag: ashlands; material tier: ashlands. DERIVED from the measurements in `role` -- not a curated judgement
hs_ashlands_sheepshank_towerflat.blueprint	OverDrive/BiomeBlueprints	none stated	no	portal	setpiece	PLACES_CLEAN	17596	337	26.4x37.2x125.1	ashlands	0.0	10	70	76	Sheepshank	17596 pieces, 337 prefabs, 26.4x37.2x125.1 m, 70 stations, 1 beds, 10 portals	source biome tag: ashlands; material tier: ashlands. DERIVED from the measurements in `role` -- not a curated judgement
hs_ashlands_sheepshank_toxins_arena.blueprint	OverDrive/BiomeBlueprints	none stated	no	base	setpiece	PLACES_CLEAN	3233	83	35.4x35.3x19.0	ashlands	0.0	1	3	81	Sheepshank	3233 pieces, 83 prefabs, 35.4x35.3x19.0 m, 3 stations, 8 beds, 1 portals	source biome tag: ashlands; material tier: ashlands. DERIVED from the measurements in `role` -- not a curated judgement
hs_ashlands_sheepshank_villageskilodgecenter.blueprint	OverDrive/BiomeBlueprints	none stated	no	portal	setpiece	PLACES_CLEAN	13311	166	94.6x73.2x53.3	mistlands	0.0	9	93	302	Sheepshank	13311 pieces, 166 prefabs, 94.6x73.2x53.3 m, 93 stations, 12 beds, 9 portals	source biome tag: ashlands; material tier: mistlands. DERIVED from the measurements in `role` -- not a curated judgement
hs_ashlands_sheepshank_wolfgdgdbreederfinal.blueprint	OverDrive/BiomeBlueprints	none stated	no	production	setpiece	PLACES_CLEAN	1557	69	24.0x29.1x22.5	ashlands	0.0	1	11	62	Sheepshank	1557 pieces, 69 prefabs, 24.0x29.1x22.5 m, 11 stations, 0 beds, 1 portals	source biome tag: ashlands; material tier: ashlands. DERIVED from the measurements in `role` -- not a curated judgement
hs_ashlands_shipyard2.blueprint	OverDrive/BiomeBlueprints	none stated	no	production	setpiece	PLACES_CLEAN	510	47	39.1x41.0x8.1	ashlands	0.0	0	20	98	BerserkTBuilDeR	510 pieces, 47 prefabs, 39.1x41.0x8.1 m, 20 stations, 0 beds, 0 portals	source biome tag: ashlands; material tier: ashlands. DERIVED from the measurements in `role` -- not a curated judgement
hs_ashlands_sidetable_book_brigames.blueprint	OverDrive/BiomeBlueprints	none stated	no	flavour	module	PLACES_CLEAN	13	5	1.0x1.0x1.2	ashlands	0.0	0	0	12	Bri Games	13 pieces, 5 prefabs, 1.0x1.0x1.2 m, 0 stations, 0 beds, 0 portals	source biome tag: ashlands; material tier: ashlands. DERIVED from the measurements in `role` -- not a curated judgement
hs_ashlands_sidetable_brigames.blueprint	OverDrive/BiomeBlueprints	none stated	no	flavour	module	PLACES_CLEAN	6	3	0.7x0.8x1.2	ashlands	0.0	0	0	12	Bri Games	6 pieces, 3 prefabs, 0.7x0.8x1.2 m, 0 stations, 0 beds, 0 portals	source biome tag: ashlands; material tier: ashlands. DERIVED from the measurements in `role` -- not a curated judgement
hs_ashlands_silent_citizen_storage_compact.blueprint	OverDrive/BiomeBlueprints	none stated	no	flavour	setpiece	PLACES_CLEAN	893	52	19.8x19.8x13.0	ashlands	0.0	0	0	45	Silent Citizen	893 pieces, 52 prefabs, 19.8x19.8x13.0 m, 0 stations, 0 beds, 0 portals	source biome tag: ashlands; material tier: ashlands. DERIVED from the measurements in `role` -- not a curated judgement
hs_ashlands_softpea_fantasy_castle.blueprint	OverDrive/BiomeBlueprints	none stated	no	base	setpiece	PLACES_CLEAN	5697	122	43.3x56.3x27.0	ashlands	0.0	0	25	139	Softpea	5697 pieces, 122 prefabs, 43.3x56.3x27.0 m, 25 stations, 2 beds, 0 portals	source biome tag: ashlands; material tier: ashlands. DERIVED from the measurements in `role` -- not a curated judgement
hs_ashlands_softpea_medievalbay.blueprint	OverDrive/BiomeBlueprints	none stated	no	portal	setpiece	PLACES_CLEAN	4213	135	42.1x30.9x40.0	ashlands	0.0	10	41	95	Softpea	4213 pieces, 135 prefabs, 42.1x30.9x40.0 m, 41 stations, 2 beds, 10 portals	source biome tag: ashlands; material tier: ashlands. DERIVED from the measurements in `role` -- not a curated judgement
hs_ashlands_softpea_stave_church.blueprint	OverDrive/BiomeBlueprints	none stated	no	base	setpiece	PLACES_CLEAN	1117	84	25.5x25.5x27.0	ashlands	0.0	0	19	60	Softpea	1117 pieces, 84 prefabs, 25.5x25.5x27.0 m, 19 stations, 1 beds, 0 portals	source biome tag: ashlands; material tier: ashlands. DERIVED from the measurements in `role` -- not a curated judgement
hs_ashlands_spatub_brigames.blueprint	OverDrive/BiomeBlueprints	none stated	no	base	module	PLACES_CLEAN	54	12	4.2x4.0x2.0	ashlands	0.0	0	1	16	Bri Games	54 pieces, 12 prefabs, 4.2x4.0x2.0 m, 1 stations, 0 beds, 0 portals	source biome tag: ashlands; material tier: ashlands. DERIVED from the measurements in `role` -- not a curated judgement
hs_ashlands_storehousevanilla_brigames.blueprint	OverDrive/BiomeBlueprints	none stated	no	flavour	module	PLACES_CLEAN	383	33	11.0x10.2x9.0	ashlands	0.0	0	0	25	Bri Games	383 pieces, 33 prefabs, 11.0x10.2x9.0 m, 0 stations, 0 beds, 0 portals	source biome tag: ashlands; material tier: ashlands. DERIVED from the measurements in `role` -- not a curated judgement
hs_ashlands_swampytreehouse.blueprint	OverDrive/BiomeBlueprints	none stated	no	production	setpiece	PLACES_CLEAN	1792	130	24.7x23.3x29.5	ashlands	0.0	0	22	54	Bhima	1792 pieces, 130 prefabs, 24.7x23.3x29.5 m, 22 stations, 0 beds, 0 portals	source biome tag: ashlands; material tier: ashlands. DERIVED from the measurements in `role` -- not a curated judgement
hs_ashlands_sweettoothstall.blueprint	OverDrive/BiomeBlueprints	none stated	no	flavour	module	PLACES_CLEAN	232	35	5.8x5.8x4.8	ashlands	0.0	0	0	16	Bri Games	232 pieces, 35 prefabs, 5.8x5.8x4.8 m, 0 stations, 0 beds, 0 portals	source biome tag: ashlands; material tier: ashlands. DERIVED from the measurements in `role` -- not a curated judgement
hs_ashlands_tallbookcase_brigames.blueprint	OverDrive/BiomeBlueprints	none stated	no	flavour	module	PLACES_CLEAN	197	15	1.8x4.5x9.1	ashlands	0.0	0	0	14	Bri Games	197 pieces, 15 prefabs, 1.8x4.5x9.1 m, 0 stations, 0 beds, 0 portals	source biome tag: ashlands; material tier: ashlands. DERIVED from the measurements in `role` -- not a curated judgement
hs_ashlands_the_architect_aesirtemple.blueprint	OverDrive/BiomeBlueprints	none stated	no	flavour	setpiece	PLACES_CLEAN	1165	32	22.6x33.0x18.0	ashlands	0.0	0	0	61	The Architect	1165 pieces, 32 prefabs, 22.6x33.0x18.0 m, 0 stations, 0 beds, 0 portals	source biome tag: ashlands; material tier: ashlands. DERIVED from the measurements in `role` -- not a curated judgement
hs_ashlands_the_architect_dvergrbrothersbank_v2.blueprint	OverDrive/BiomeBlueprints	none stated	no	flavour	setpiece	PLACES_CLEAN	868	39	21.5x21.0x12.0	ashlands	0.0	0	0	45	The Architect	868 pieces, 39 prefabs, 21.5x21.0x12.0 m, 0 stations, 0 beds, 0 portals	source biome tag: ashlands; material tier: ashlands. DERIVED from the measurements in `role` -- not a curated judgement
hs_ashlands_the_architect_grand_loki_theater.blueprint	OverDrive/BiomeBlueprints	none stated	no	production	setpiece	PLACES_CLEAN	4345	73	29.0x40.5x29.0	ashlands	0.0	0	3	80	The Architect	4345 pieces, 73 prefabs, 29.0x40.5x29.0 m, 3 stations, 0 beds, 0 portals	source biome tag: ashlands; material tier: ashlands. DERIVED from the measurements in `role` -- not a curated judgement
hs_ashlands_the_architect_leifcotraders.blueprint	OverDrive/BiomeBlueprints	none stated	no	flavour	setpiece	PLACES_CLEAN	2046	55	22.5x22.6x20.0	ashlands	0.0	0	0	49	The Architect	2046 pieces, 55 prefabs, 22.5x22.6x20.0 m, 0 stations, 0 beds, 0 portals	source biome tag: ashlands; material tier: ashlands. DERIVED from the measurements in `role` -- not a curated judgement
hs_ashlands_the_architect_rime_flamereforeged.blueprint	OverDrive/BiomeBlueprints	none stated	no	production	setpiece	PLACES_CLEAN	2272	93	33.1x23.2x21.0	ashlands	0.0	0	7	61	The Architect	2272 pieces, 93 prefabs, 33.1x23.2x21.0 m, 7 stations, 0 beds, 0 portals	source biome tag: ashlands; material tier: ashlands. DERIVED from the measurements in `role` -- not a curated judgement
hs_ashlands_the_architect_runestonetownhomestriplex.blueprint	OverDrive/BiomeBlueprints	none stated	no	production	setpiece	PLACES_CLEAN	4986	103	22.1x27.9x20.0	ashlands	0.0	0	30	54	The Architect	4986 pieces, 103 prefabs, 22.1x27.9x20.0 m, 30 stations, 0 beds, 0 portals	source biome tag: ashlands; material tier: ashlands. DERIVED from the measurements in `role` -- not a curated judgement
hs_ashlands_the_architect_twinravensbooks_curios_v2.blueprint	OverDrive/BiomeBlueprints	none stated	no	base	setpiece	PLACES_CLEAN	2723	87	21.5x17.2x22.0	ashlands	0.0	0	6	40	The Architect	2723 pieces, 87 prefabs, 21.5x17.2x22.0 m, 6 stations, 1 beds, 0 portals	source biome tag: ashlands; material tier: ashlands. DERIVED from the measurements in `role` -- not a curated judgement
hs_ashlands_the_forge_2.blueprint	OverDrive/BiomeBlueprints	none stated	no	production	module	PLACES_CLEAN	462	50	23.1x14.1x12.0	ashlands	0.0	0	18	40	Ise LeGaCy	462 pieces, 50 prefabs, 23.1x14.1x12.0 m, 18 stations, 0 beds, 0 portals	source biome tag: ashlands; material tier: ashlands. DERIVED from the measurements in `role` -- not a curated judgement
hs_ashlands_thrad_forge.blueprint	OverDrive/BiomeBlueprints	none stated	no	production	setpiece	PLACES_CLEAN	807	64	17.5x15.4x16.8	ashlands	0.0	0	15	34	Sirna	807 pieces, 64 prefabs, 17.5x15.4x16.8 m, 15 stations, 0 beds, 0 portals	source biome tag: ashlands; material tier: ashlands. DERIVED from the measurements in `role` -- not a curated judgement
hs_ashlands_thrad_portal_nexus.blueprint	OverDrive/BiomeBlueprints	none stated	no	portal	setpiece	PLACES_CLEAN	4744	57	38.2x42.2x19.0	ashlands	0.0	17	3	106	Sirna	4744 pieces, 57 prefabs, 38.2x42.2x19.0 m, 3 stations, 0 beds, 17 portals	source biome tag: ashlands; material tier: ashlands. DERIVED from the measurements in `role` -- not a curated judgement
hs_ashlands_thrad_smithy.blueprint	OverDrive/BiomeBlueprints	none stated	no	production	module	PLACES_CLEAN	567	59	17.6x21.2x8.2	ashlands	0.0	0	15	40	Sirna	567 pieces, 59 prefabs, 17.6x21.2x8.2 m, 15 stations, 0 beds, 0 portals	source biome tag: ashlands; material tier: ashlands. DERIVED from the measurements in `role` -- not a curated judgement
hs_ashlands_ugm_portalhub.blueprint	OverDrive/BiomeBlueprints	none stated	no	portal	setpiece	PLACES_CLEAN	4319	56	46.3x46.3x15.9	ashlands	0.0	32	0	121	Builder	4319 pieces, 56 prefabs, 46.3x46.3x15.9 m, 0 stations, 0 beds, 32 portals	source biome tag: ashlands; material tier: ashlands. DERIVED from the measurements in `role` -- not a curated judgement
hs_ashlands_ugm_seabasefor4.blueprint	OverDrive/BiomeBlueprints	none stated	no	base	setpiece	PLACES_CLEAN	3252	133	26.2x24.0x14.1	ashlands	0.0	0	48	60	Builder	3252 pieces, 133 prefabs, 26.2x24.0x14.1 m, 48 stations, 4 beds, 0 portals	source biome tag: ashlands; material tier: ashlands. DERIVED from the measurements in `role` -- not a curated judgement
hs_ashlands_ugm_starheim_atst_leanedforward.blueprint	OverDrive/BiomeBlueprints	none stated	no	flavour	module	PLACES_CLEAN	161	18	6.1x9.2x14.9	ashlands	0.0	0	0	21	Builder	161 pieces, 18 prefabs, 6.1x9.2x14.9 m, 0 stations, 0 beds, 0 portals	source biome tag: ashlands; material tier: ashlands. DERIVED from the measurements in `role` -- not a curated judgement
hs_ashlands_ugm_stavechurch.blueprint	OverDrive/BiomeBlueprints	none stated	no	flavour	setpiece	PLACES_CLEAN	2009	62	53.7x25.6x42.4	ashlands	0.0	0	0	94	Builder	2009 pieces, 62 prefabs, 53.7x25.6x42.4 m, 0 stations, 0 beds, 0 portals	source biome tag: ashlands; material tier: ashlands. DERIVED from the measurements in `role` -- not a curated judgement
hs_ashlands_ulf_the_builder_pyramid_base_final.blueprint	OverDrive/BiomeBlueprints	none stated	no	base	setpiece	PLACES_CLEAN	6188	114	59.4x59.4x34.1	ashlands	0.0	1	53	169	Ulf The Builder	6188 pieces, 114 prefabs, 59.4x59.4x34.1 m, 53 stations, 1 beds, 1 portals	source biome tag: ashlands; material tier: ashlands. DERIVED from the measurements in `role` -- not a curated judgement
hs_ashlands_wissman_beacon.blueprint	OverDrive/BiomeBlueprints	none stated	no	production	setpiece	PLACES_CLEAN	1611	108	36.4x30.3x30.8	ashlands	0.0	0	6	86	Wissman	1611 pieces, 108 prefabs, 36.4x30.3x30.8 m, 6 stations, 0 beds, 0 portals	source biome tag: ashlands; material tier: ashlands. DERIVED from the measurements in `role` -- not a curated judgement
hs_ashlands_wissman_dunvegan_tavern.blueprint	OverDrive/BiomeBlueprints	none stated	no	base	setpiece	PLACES_CLEAN	2410	159	67.3x60.0x24.5	ashlands	0.0	1	14	193	Wissman	2410 pieces, 159 prefabs, 67.3x60.0x24.5 m, 14 stations, 1 beds, 1 portals	source biome tag: ashlands; material tier: ashlands. DERIVED from the measurements in `role` -- not a curated judgement
hs_ashlands_wissman_godwayshrine.blueprint	OverDrive/BiomeBlueprints	none stated	no	flavour	module	PLACES_CLEAN	394	16	10.6x11.0x9.5	ashlands	0.0	0	0	25	Wissman	394 pieces, 16 prefabs, 10.6x11.0x9.5 m, 0 stations, 0 beds, 0 portals	source biome tag: ashlands; material tier: ashlands. DERIVED from the measurements in `role` -- not a curated judgement
hs_ashlands_wissman_jarvidr_church_full.blueprint	OverDrive/BiomeBlueprints	none stated	no	production	setpiece	PLACES_CLEAN	3193	74	43.6x63.8x33.5	ashlands	0.0	0	6	150	Wissman	3193 pieces, 74 prefabs, 43.6x63.8x33.5 m, 6 stations, 0 beds, 0 portals	source biome tag: ashlands; material tier: ashlands. DERIVED from the measurements in `role` -- not a curated judgement
hs_ashlands_wissman_sondergaard.blueprint	OverDrive/BiomeBlueprints	none stated	no	base	setpiece	PLACES_CLEAN	2618	61	66.8x52.6x65.0	ashlands	0.0	1	0	178	Wissman	2618 pieces, 61 prefabs, 66.8x52.6x65.0 m, 0 stations, 4 beds, 1 portals	source biome tag: ashlands; material tier: ashlands. DERIVED from the measurements in `role` -- not a curated judgement
hs_ashlands_wissman_straunvaig.blueprint	OverDrive/BiomeBlueprints	none stated	no	production	setpiece	PLACES_CLEAN	3664	156	67.8x53.2x29.2	ashlands	0.0	1	25	178	Wissman	3664 pieces, 156 prefabs, 67.8x53.2x29.2 m, 25 stations, 0 beds, 1 portals	source biome tag: ashlands; material tier: ashlands. DERIVED from the measurements in `role` -- not a curated judgement
hs_ashlands_wissman_yngolkeep.blueprint	OverDrive/BiomeBlueprints	none stated	no	production	setpiece	PLACES_CLEAN	4388	160	50.4x48.0x45.0	ashlands	0.0	0	25	130	Wissman	4388 pieces, 160 prefabs, 50.4x48.0x45.0 m, 25 stations, 0 beds, 0 portals	source biome tag: ashlands; material tier: ashlands. DERIVED from the measurements in `role` -- not a curated judgement
hs_blackforest_abzulute_caba_a_demons.blueprint	OverDrive/BiomeBlueprints	none stated	no	portal	setpiece	PLACES_CLEAN	1609	53	53.4x62.4x12.8	meadows	0.0	4	29	166	Abzulute	1609 pieces, 53 prefabs, 53.4x62.4x12.8 m, 29 stations, 6 beds, 4 portals	source biome tag: blackforest; material tier: meadows. DERIVED from the measurements in `role` -- not a curated judgement
hs_blackforest_amund_lilhouse.blueprint	OverDrive/BiomeBlueprints	none stated	no	base	setpiece	PLACES_CLEAN	1063	52	27.5x31.6x15.1	blackforest	0.0	1	7	68	Amund	1063 pieces, 52 prefabs, 27.5x31.6x15.1 m, 7 stations, 1 beds, 1 portals	source biome tag: blackforest; material tier: blackforest. DERIVED from the measurements in `role` -- not a curated judgement
hs_blackforest_aodi_quickrest_1_0a.blueprint	OverDrive/BiomeBlueprints	none stated	no	production	module	PLACES_CLEAN	69	21	4.2x4.5x3.0	meadows	0.0	0	3	16	Aodi	69 pieces, 21 prefabs, 4.2x4.5x3.0 m, 3 stations, 0 beds, 0 portals	source biome tag: blackforest; material tier: meadows. DERIVED from the measurements in `role` -- not a curated judgement
hs_blackforest_aodi_quickrest_sleep_module.blueprint	OverDrive/BiomeBlueprints	none stated	no	base	module	PLACES_CLEAN	118	25	4.3x6.2x4.2	meadows	0.0	0	1	18	Aodi	118 pieces, 25 prefabs, 4.3x6.2x4.2 m, 1 stations, 1 beds, 0 portals	source biome tag: blackforest; material tier: meadows. DERIVED from the measurements in `role` -- not a curated judgement
hs_blackforest_balgruff_prefab_small_fort.blueprint	OverDrive/BiomeBlueprints	none stated	no	base	setpiece	PLACES_CLEAN	2179	53	49.0x84.8x8.8	swamp	0.0	1	32	212	Balgruff	2179 pieces, 53 prefabs, 49.0x84.8x8.8 m, 32 stations, 2 beds, 1 portals	source biome tag: blackforest; material tier: swamp. DERIVED from the measurements in `role` -- not a curated judgement
hs_blackforest_brigames_snowflake.blueprint	OverDrive/BiomeBlueprints	none stated	no	flavour	module	PLACES_CLEAN	239	8	11.5x11.5x9.7	swamp	0.0	0	0	25	Bri Games	239 pieces, 8 prefabs, 11.5x11.5x9.7 m, 0 stations, 0 beds, 0 portals	source biome tag: blackforest; material tier: swamp. DERIVED from the measurements in `role` -- not a curated judgement
hs_blackforest_cabin_bf_cozy_carrot.blueprint	OverDrive/BiomeBlueprints	none stated	no	base	setpiece	PLACES_CLEAN	3298	51	15.8x12.4x21.4	ashlands	0.0	0	7	32	Ivor The Smol	3298 pieces, 51 prefabs, 15.8x12.4x21.4 m, 7 stations, 2 beds, 0 portals	source biome tag: blackforest; material tier: ashlands. DERIVED from the measurements in `role` -- not a curated judgement
hs_blackforest_chessboard.blueprint	OverDrive/BiomeBlueprints	none stated	no	flavour	module	PLACES_CLEAN	64	1	2.0x1.9x0.0	meadows	0.0	0	0	12	Panagist	64 pieces, 1 prefabs, 2.0x1.9x0.0 m, 0 stations, 0 beds, 0 portals	source biome tag: blackforest; material tier: meadows. DERIVED from the measurements in `role` -- not a curated judgement
hs_blackforest_cornercouchdecorative_brigames.blueprint	OverDrive/BiomeBlueprints	none stated	no	flavour	module	PLACES_CLEAN	78	6	5.3x3.8x1.3	meadows	0.0	0	0	14	Bri Games	78 pieces, 6 prefabs, 5.3x3.8x1.3 m, 0 stations, 0 beds, 0 portals	source biome tag: blackforest; material tier: meadows. DERIVED from the measurements in `role` -- not a curated judgement
hs_blackforest_cottage.blueprint	OverDrive/BiomeBlueprints	none stated	no	flavour	module	PLACES_CLEAN	48	7	4.0x6.0x5.0	meadows	0.0	0	0	14	Biome Blueprints	48 pieces, 7 prefabs, 4.0x6.0x5.0 m, 0 stations, 0 beds, 0 portals	source biome tag: blackforest; material tier: meadows. DERIVED from the measurements in `role` -- not a curated judgement
hs_blackforest_creative_black_forest_mansion.blueprint	OverDrive/BiomeBlueprints	none stated	no	base	setpiece	PLACES_CLEAN	680	45	26.0x23.0x9.8	meadows	0.0	0	9	54	CrEaTiVe	680 pieces, 45 prefabs, 26.0x23.0x9.8 m, 9 stations, 1 beds, 0 portals	source biome tag: blackforest; material tier: meadows. DERIVED from the measurements in `role` -- not a curated judgement
hs_blackforest_crimsonchaostownhall.blueprint	OverDrive/BiomeBlueprints	none stated	no	flavour	setpiece	PLACES_CLEAN	1058	37	24.4x26.9x11.5	meadows	0.0	0	0	60	Vinion Odin	1058 pieces, 37 prefabs, 24.4x26.9x11.5 m, 0 stations, 0 beds, 0 portals	source biome tag: blackforest; material tier: meadows. DERIVED from the measurements in `role` -- not a curated judgement
hs_blackforest_dream_house_template.blueprint	OverDrive/BiomeBlueprints	none stated	no	base	setpiece	PLACES_CLEAN	1015	24	31.1x31.1x11.0	swamp	0.0	0	3	77	Blue Chew	1015 pieces, 24 prefabs, 31.1x31.1x11.0 m, 3 stations, 1 beds, 0 portals	source biome tag: blackforest; material tier: swamp. DERIVED from the measurements in `role` -- not a curated judgement
hs_blackforest_enchantedforeststumpcombo_brigames.blueprint	OverDrive/BiomeBlueprints	none stated	no	flavour	module	PLACES_CLEAN	65	7	8.7x11.1x11.3	mistlands	0.0	0	0	23	Bri Games	65 pieces, 7 prefabs, 8.7x11.1x11.3 m, 0 stations, 0 beds, 0 portals	source biome tag: blackforest; material tier: mistlands. DERIVED from the measurements in `role` -- not a curated judgement
hs_blackforest_great_hall.blueprint	OverDrive/BiomeBlueprints	none stated	no	flavour	module	PLACES_CLEAN	132	7	8.0x12.0x6.0	meadows	0.0	0	0	23	Biome Blueprints	132 pieces, 7 prefabs, 8.0x12.0x6.0 m, 0 stations, 0 beds, 0 portals	source biome tag: blackforest; material tier: meadows. DERIVED from the measurements in `role` -- not a curated judgement
hs_blackforest_house.blueprint	OverDrive/BiomeBlueprints	none stated	no	flavour	module	PLACES_CLEAN	60	7	4.0x8.0x5.0	meadows	0.0	0	0	16	Biome Blueprints	60 pieces, 7 prefabs, 4.0x8.0x5.0 m, 0 stations, 0 beds, 0 portals	source biome tag: blackforest; material tier: meadows. DERIVED from the measurements in `role` -- not a curated judgement
hs_blackforest_hut.blueprint	OverDrive/BiomeBlueprints	none stated	no	flavour	module	PLACES_CLEAN	28	7	4.0x4.0x3.0	meadows	0.0	0	0	12	Biome Blueprints	28 pieces, 7 prefabs, 4.0x4.0x3.0 m, 0 stations, 0 beds, 0 portals	source biome tag: blackforest; material tier: meadows. DERIVED from the measurements in `role` -- not a curated judgement
hs_blackforest_kin_01_woodhouse.blueprint	OverDrive/BiomeBlueprints	none stated	no	base	module	PLACES_CLEAN	216	28	11.5x7.5x6.8	meadows	0.0	0	4	23	kinesthesia	216 pieces, 28 prefabs, 11.5x7.5x6.8 m, 4 stations, 1 beds, 0 portals	source biome tag: blackforest; material tier: meadows. DERIVED from the measurements in `role` -- not a curated judgement
hs_blackforest_kitchenbench_brigames.blueprint	OverDrive/BiomeBlueprints	none stated	no	base	module	PLACES_CLEAN	110	8	5.0x5.6x2.1	meadows	0.0	0	2	16	Bri Games	110 pieces, 8 prefabs, 5.0x5.6x2.1 m, 2 stations, 0 beds, 0 portals	source biome tag: blackforest; material tier: meadows. DERIVED from the measurements in `role` -- not a curated judgement
hs_blackforest_kitchensink_brigames.blueprint	OverDrive/BiomeBlueprints	none stated	no	base	module	PLACES_CLEAN	52	9	1.7x3.3x1.4	meadows	0.0	0	1	12	Bri Games	52 pieces, 9 prefabs, 1.7x3.3x1.4 m, 1 stations, 0 beds, 0 portals	source biome tag: blackforest; material tier: meadows. DERIVED from the measurements in `role` -- not a curated judgement
hs_blackforest_kitchenstorage2_brigames.blueprint	OverDrive/BiomeBlueprints	none stated	no	flavour	module	PLACES_CLEAN	93	7	2.2x2.0x2.6	blackforest	0.0	0	0	12	Bri Games	93 pieces, 7 prefabs, 2.2x2.0x2.6 m, 0 stations, 0 beds, 0 portals	source biome tag: blackforest; material tier: blackforest. DERIVED from the measurements in `role` -- not a curated judgement
hs_blackforest_kitchenstorage_brigames.blueprint	OverDrive/BiomeBlueprints	none stated	no	flavour	module	PLACES_CLEAN	123	8	2.2x2.1x2.5	blackforest	0.0	0	0	12	Bri Games	123 pieces, 8 prefabs, 2.2x2.1x2.5 m, 0 stations, 0 beds, 0 portals	source biome tag: blackforest; material tier: blackforest. DERIVED from the measurements in `role` -- not a curated judgement
hs_blackforest_longhouse.blueprint	OverDrive/BiomeBlueprints	none stated	no	flavour	module	PLACES_CLEAN	108	7	4.0x16.0x5.0	meadows	0.0	0	0	20	Biome Blueprints	108 pieces, 7 prefabs, 4.0x16.0x5.0 m, 0 stations, 0 beds, 0 portals	source biome tag: blackforest; material tier: meadows. DERIVED from the measurements in `role` -- not a curated judgement
hs_blackforest_lotusflower_brigames.blueprint	OverDrive/BiomeBlueprints	none stated	no	flavour	module	PLACES_CLEAN	92	6	8.8x8.9x8.7	meadows	0.0	0	0	21	Bri Games	92 pieces, 6 prefabs, 8.8x8.9x8.7 m, 0 stations, 0 beds, 0 portals	source biome tag: blackforest; material tier: meadows. DERIVED from the measurements in `role` -- not a curated judgement
hs_blackforest_madzobuild_woodcouch1.blueprint	OverDrive/BiomeBlueprints	none stated	no	flavour	module	PLACES_CLEAN	10	3	0.7x1.3x1.1	meadows	0.0	0	0	12	Madzobuild	10 pieces, 3 prefabs, 0.7x1.3x1.1 m, 0 stations, 0 beds, 0 portals	source biome tag: blackforest; material tier: meadows. DERIVED from the measurements in `role` -- not a curated judgement
hs_blackforest_manor.blueprint	OverDrive/BiomeBlueprints	none stated	no	flavour	module	PLACES_CLEAN	96	7	8.0x8.0x6.0	meadows	0.0	0	0	21	Biome Blueprints	96 pieces, 7 prefabs, 8.0x8.0x6.0 m, 0 stations, 0 beds, 0 portals	source biome tag: blackforest; material tier: meadows. DERIVED from the measurements in `role` -- not a curated judgement
hs_blackforest_mister_basestart_simple.blueprint	OverDrive/BiomeBlueprints	none stated	no	base	module	PLACES_CLEAN	270	39	16.3x15.0x6.0	meadows	0.0	0	12	34	Mister	270 pieces, 39 prefabs, 16.3x15.0x6.0 m, 12 stations, 1 beds, 0 portals	source biome tag: blackforest; material tier: meadows. DERIVED from the measurements in `role` -- not a curated judgement
hs_blackforest_mister_small_kitchen_startgame.blueprint	OverDrive/BiomeBlueprints	none stated	no	production	module	PLACES_CLEAN	263	47	10.0x11.4x6.0	meadows	0.0	0	3	23	Mister	263 pieces, 47 prefabs, 10.0x11.4x6.0 m, 3 stations, 0 beds, 0 portals	source biome tag: blackforest; material tier: meadows. DERIVED from the measurements in `role` -- not a curated judgement
hs_blackforest_modestypooh_portalhub.blueprint	OverDrive/BiomeBlueprints	none stated	no	portal	setpiece	PLACES_CLEAN	2026	20	39.2x39.2x9.6	mistlands	0.0	30	4	96	Modestypooh	2026 pieces, 20 prefabs, 39.2x39.2x9.6 m, 4 stations, 0 beds, 30 portals	source biome tag: blackforest; material tier: mistlands. DERIVED from the measurements in `role` -- not a curated judgement
hs_blackforest_sheepshank_karve5manluge.blueprint	OverDrive/BiomeBlueprints	none stated	no	portal	module	PLACES_CLEAN	573	24	17.6x27.5x36.0	blackforest	0.0	3	3	46	Sheepshank	573 pieces, 24 prefabs, 17.6x27.5x36.0 m, 3 stations, 0 beds, 3 portals	source biome tag: blackforest; material tier: blackforest. DERIVED from the measurements in `role` -- not a curated judgement
hs_blackforest_sheepshank_meadows_home.blueprint	OverDrive/BiomeBlueprints	none stated	no	base	setpiece	PLACES_CLEAN	1448	76	34.3x33.7x12.2	swamp	0.0	0	20	79	Sheepshank	1448 pieces, 76 prefabs, 34.3x33.7x12.2 m, 20 stations, 4 beds, 0 portals	source biome tag: blackforest; material tier: swamp. DERIVED from the measurements in `role` -- not a curated judgement
hs_blackforest_silly_pie_octagon_starter_base.blueprint	OverDrive/BiomeBlueprints	none stated	no	base	setpiece	PLACES_CLEAN	972	49	27.4x51.8x11.0	meadows	0.0	0	12	92	Silly Pie	972 pieces, 49 prefabs, 27.4x51.8x11.0 m, 12 stations, 1 beds, 0 portals	source biome tag: blackforest; material tier: meadows. DERIVED from the measurements in `role` -- not a curated judgement
hs_blackforest_stilt_cottage.blueprint	OverDrive/BiomeBlueprints	none stated	no	flavour	module	PLACES_CLEAN	54	8	4.0x6.0x6.0	meadows	0.0	0	0	14	Biome Blueprints	54 pieces, 8 prefabs, 4.0x6.0x6.0 m, 0 stations, 0 beds, 0 portals	source biome tag: blackforest; material tier: meadows. DERIVED from the measurements in `role` -- not a curated judgement
hs_blackforest_stilt_house.blueprint	OverDrive/BiomeBlueprints	none stated	no	flavour	module	PLACES_CLEAN	68	8	4.0x8.0x6.0	meadows	0.0	0	0	16	Biome Blueprints	68 pieces, 8 prefabs, 4.0x8.0x6.0 m, 0 stations, 0 beds, 0 portals	source biome tag: blackforest; material tier: meadows. DERIVED from the measurements in `role` -- not a curated judgement
hs_blackforest_stilt_hut.blueprint	OverDrive/BiomeBlueprints	none stated	no	flavour	module	PLACES_CLEAN	32	8	4.0x4.0x4.0	meadows	0.0	0	0	12	Biome Blueprints	32 pieces, 8 prefabs, 4.0x4.0x4.0 m, 0 stations, 0 beds, 0 portals	source biome tag: blackforest; material tier: meadows. DERIVED from the measurements in `role` -- not a curated judgement
hs_blackforest_stone_cottage.blueprint	OverDrive/BiomeBlueprints	none stated	no	flavour	module	PLACES_CLEAN	64	9	4.0x6.0x6.5	blackforest	0.0	0	0	14	Biome Blueprints	64 pieces, 9 prefabs, 4.0x6.0x6.5 m, 0 stations, 0 beds, 0 portals	source biome tag: blackforest; material tier: blackforest. DERIVED from the measurements in `role` -- not a curated judgement
hs_blackforest_stone_house.blueprint	OverDrive/BiomeBlueprints	none stated	no	flavour	module	PLACES_CLEAN	80	9	4.0x8.0x6.5	blackforest	0.0	0	0	16	Biome Blueprints	80 pieces, 9 prefabs, 4.0x8.0x6.5 m, 0 stations, 0 beds, 0 portals	source biome tag: blackforest; material tier: blackforest. DERIVED from the measurements in `role` -- not a curated judgement
hs_blackforest_stone_manor.blueprint	OverDrive/BiomeBlueprints	none stated	no	flavour	module	PLACES_CLEAN	152	9	8.0x10.0x7.5	blackforest	0.0	0	0	21	Biome Blueprints	152 pieces, 9 prefabs, 8.0x10.0x7.5 m, 0 stations, 0 beds, 0 portals	source biome tag: blackforest; material tier: blackforest. DERIVED from the measurements in `role` -- not a curated judgement
hs_blackforest_tester_duo_black_forest_home.blueprint	OverDrive/BiomeBlueprints	none stated	no	base	module	PLACES_CLEAN	586	52	20.6x29.8x11.0	meadows	0.0	1	22	54	Tester	586 pieces, 52 prefabs, 20.6x29.8x11.0 m, 22 stations, 2 beds, 1 portals	source biome tag: blackforest; material tier: meadows. DERIVED from the measurements in `role` -- not a curated judgement
hs_blackforest_tester_meadows_log_cabin.blueprint	OverDrive/BiomeBlueprints	none stated	no	base	module	PLACES_CLEAN	207	20	8.0x16.8x8.2	meadows	0.0	1	11	28	Tester	207 pieces, 20 prefabs, 8.0x16.8x8.2 m, 11 stations, 2 beds, 1 portals	source biome tag: blackforest; material tier: meadows. DERIVED from the measurements in `role` -- not a curated judgement
hs_blackforest_villa.blueprint	OverDrive/BiomeBlueprints	none stated	no	flavour	module	PLACES_CLEAN	178	7	12.0x10.0x9.0	meadows	0.0	0	0	23	Biome Blueprints	178 pieces, 7 prefabs, 12.0x10.0x9.0 m, 0 stations, 0 beds, 0 portals	source biome tag: blackforest; material tier: meadows. DERIVED from the measurements in `role` -- not a curated judgement
hs_blackforest_wissman_hymir.blueprint	OverDrive/BiomeBlueprints	none stated	no	base	setpiece	PLACES_CLEAN	2670	100	72.6x57.5x28.9	ashlands	0.0	1	24	204	Wissman	2670 pieces, 100 prefabs, 72.6x57.5x28.9 m, 24 stations, 1 beds, 1 portals	source biome tag: blackforest; material tier: ashlands. DERIVED from the measurements in `role` -- not a curated judgement
hs_blackforest_xxx_starthome.blueprint	OverDrive/BiomeBlueprints	none stated	no	base	module	PLACES_CLEAN	466	50	22.0x14.2x7.0	meadows	0.0	0	11	38	Xxx	466 pieces, 50 prefabs, 22.0x14.2x7.0 m, 11 stations, 2 beds, 0 portals	source biome tag: blackforest; material tier: meadows. DERIVED from the measurements in `role` -- not a curated judgement
hs_meadows_admin_veseljko_ancient_ruined_city_v3.blueprint	OverDrive/BiomeBlueprints	none stated	no	flavour	setpiece	PLACES_CLEAN	1139	9	95.0x92.2x8.1	blackforest	0.0	0	0	359	Admin Veseljko	1139 pieces, 9 prefabs, 95.0x92.2x8.1 m, 0 stations, 0 beds, 0 portals	source biome tag: meadows; material tier: blackforest. DERIVED from the measurements in `role` -- not a curated judgement
hs_meadows_admin_veseljko_drakepeak_ruins_v2.blueprint	OverDrive/BiomeBlueprints	none stated	no	flavour	setpiece	PLACES_CLEAN	1025	18	32.9x32.6x16.0	swamp	0.0	0	0	77	Admin Veseljko	1025 pieces, 18 prefabs, 32.9x32.6x16.0 m, 0 stations, 0 beds, 0 portals	source biome tag: meadows; material tier: swamp. DERIVED from the measurements in `role` -- not a curated judgement
hs_meadows_aodi_the_hive_1_0.blueprint	OverDrive/BiomeBlueprints	none stated	no	production	module	PLACES_CLEAN	126	13	8.4x8.5x4.7	meadows	0.0	0	15	21	Aodi	126 pieces, 13 prefabs, 8.4x8.5x4.7 m, 15 stations, 0 beds, 0 portals	source biome tag: meadows; material tier: meadows. DERIVED from the measurements in `role` -- not a curated judgement
hs_meadows_arkitek_repair_shack.blueprint	OverDrive/BiomeBlueprints	none stated	no	base	module	PLACES_CLEAN	50	14	3.0x4.0x4.0	meadows	0.0	0	1	12	Arkitek	50 pieces, 14 prefabs, 3.0x4.0x4.0 m, 1 stations, 0 beds, 0 portals	source biome tag: meadows; material tier: meadows. DERIVED from the measurements in `role` -- not a curated judgement
hs_meadows_artio_pergola_crossroad.blueprint	OverDrive/BiomeBlueprints	none stated	no	flavour	module	PLACES_CLEAN	200	10	6.0x6.0x5.0	meadows	0.0	0	0	16	Artio	200 pieces, 10 prefabs, 6.0x6.0x5.0 m, 0 stations, 0 beds, 0 portals	source biome tag: meadows; material tier: meadows. DERIVED from the measurements in `role` -- not a curated judgement
hs_meadows_boar_breeder.blueprint	OverDrive/BiomeBlueprints	none stated	no	flavour	module	PLACES_CLEAN	394	24	14.2x17.0x16.0	blackforest	0.0	0	0	34	Modestypooh	394 pieces, 24 prefabs, 14.2x17.0x16.0 m, 0 stations, 0 beds, 0 portals	source biome tag: meadows; material tier: blackforest. DERIVED from the measurements in `role` -- not a curated judgement
hs_meadows_busy_bee_beehive.blueprint	OverDrive/BiomeBlueprints	none stated	no	production	module	PLACES_CLEAN	70	5	3.2x10.0x9.2	meadows	0.0	0	6	18	Modestypooh	70 pieces, 5 prefabs, 3.2x10.0x9.2 m, 6 stations, 0 beds, 0 portals	source biome tag: meadows; material tier: meadows. DERIVED from the measurements in `role` -- not a curated judgement
hs_meadows_cottage.blueprint	OverDrive/BiomeBlueprints	none stated	no	flavour	module	PLACES_CLEAN	48	7	4.0x6.0x5.0	meadows	0.0	0	0	14	Biome Blueprints	48 pieces, 7 prefabs, 4.0x6.0x5.0 m, 0 stations, 0 beds, 0 portals	source biome tag: meadows; material tier: meadows. DERIVED from the measurements in `role` -- not a curated judgement
hs_meadows_customspiralstairs_brigames.blueprint	OverDrive/BiomeBlueprints	none stated	no	flavour	module	PLACES_CLEAN	84	3	3.9x4.5x5.0	meadows	0.0	0	0	14	Bri Games	84 pieces, 3 prefabs, 3.9x4.5x5.0 m, 0 stations, 0 beds, 0 portals	source biome tag: meadows; material tier: meadows. DERIVED from the measurements in `role` -- not a curated judgement
hs_meadows_einherjar_ringfort.blueprint	OverDrive/BiomeBlueprints	none stated	no	flavour	setpiece	PLACES_CLEAN	1482	12	107.7x107.8x5.2	blackforest	0.0	0	0	140	Einherjar	1482 pieces, 12 prefabs, 107.7x107.8x5.2 m, 0 stations, 0 beds, 0 portals	source biome tag: meadows; material tier: blackforest. DERIVED from the measurements in `role` -- not a curated judgement
hs_meadows_enchantedforeststump_brigames.blueprint	OverDrive/BiomeBlueprints	none stated	no	flavour	module	PLACES_CLEAN	27	5	5.2x5.7x2.1	meadows	0.0	0	0	16	Bri Games	27 pieces, 5 prefabs, 5.2x5.7x2.1 m, 0 stations, 0 beds, 0 portals	source biome tag: meadows; material tier: meadows. DERIVED from the measurements in `role` -- not a curated judgement
hs_meadows_great_hall.blueprint	OverDrive/BiomeBlueprints	none stated	no	flavour	module	PLACES_CLEAN	132	7	8.0x12.0x6.0	meadows	0.0	0	0	23	Biome Blueprints	132 pieces, 7 prefabs, 8.0x12.0x6.0 m, 0 stations, 0 beds, 0 portals	source biome tag: meadows; material tier: meadows. DERIVED from the measurements in `role` -- not a curated judgement
hs_meadows_hive_tower.blueprint	OverDrive/BiomeBlueprints	none stated	no	production	module	PLACES_CLEAN	75	3	4.5x5.2x4.7	meadows	0.0	0	7	16	Modestypooh	75 pieces, 3 prefabs, 4.5x5.2x4.7 m, 7 stations, 0 beds, 0 portals	source biome tag: meadows; material tier: meadows. DERIVED from the measurements in `role` -- not a curated judgement
hs_meadows_hobbit_repairhut.blueprint	OverDrive/BiomeBlueprints	none stated	no	base	module	PLACES_CLEAN	62	14	8.0x5.2x3.8	meadows	0.0	0	1	18	Modestypooh	62 pieces, 14 prefabs, 8.0x5.2x3.8 m, 1 stations, 0 beds, 0 portals	source biome tag: meadows; material tier: meadows. DERIVED from the measurements in `role` -- not a curated judgement
hs_meadows_house.blueprint	OverDrive/BiomeBlueprints	none stated	no	flavour	module	PLACES_CLEAN	60	7	4.0x8.0x5.0	meadows	0.0	0	0	16	Biome Blueprints	60 pieces, 7 prefabs, 4.0x8.0x5.0 m, 0 stations, 0 beds, 0 portals	source biome tag: meadows; material tier: meadows. DERIVED from the measurements in `role` -- not a curated judgement
hs_meadows_hut.blueprint	OverDrive/BiomeBlueprints	none stated	no	flavour	module	PLACES_CLEAN	28	7	4.0x4.0x3.0	meadows	0.0	0	0	12	Biome Blueprints	28 pieces, 7 prefabs, 4.0x4.0x3.0 m, 0 stations, 0 beds, 0 portals	source biome tag: meadows; material tier: meadows. DERIVED from the measurements in `role` -- not a curated judgement
hs_meadows_kambucha_starter_house.blueprint	OverDrive/BiomeBlueprints	none stated	no	base	setpiece	PLACES_CLEAN	715	32	28.2x22.1x12.0	meadows	0.0	0	5	56	Kambucha	715 pieces, 32 prefabs, 28.2x22.1x12.0 m, 5 stations, 1 beds, 0 portals	source biome tag: meadows; material tier: meadows. DERIVED from the measurements in `role` -- not a curated judgement
hs_meadows_longhouse.blueprint	OverDrive/BiomeBlueprints	none stated	no	flavour	module	PLACES_CLEAN	108	7	4.0x16.0x5.0	meadows	0.0	0	0	20	Biome Blueprints	108 pieces, 7 prefabs, 4.0x16.0x5.0 m, 0 stations, 0 beds, 0 portals	source biome tag: meadows; material tier: meadows. DERIVED from the measurements in `role` -- not a curated judgement
hs_meadows_mad_madstarterhouse.blueprint	OverDrive/BiomeBlueprints	none stated	no	flavour	module	PLACES_CLEAN	217	18	14.1x14.1x8.0	meadows	0.0	0	0	32	Mad	217 pieces, 18 prefabs, 14.1x14.1x8.0 m, 0 stations, 0 beds, 0 portals	source biome tag: meadows; material tier: meadows. DERIVED from the measurements in `role` -- not a curated judgement
hs_meadows_madzobuild_modernstarterhouse.blueprint	OverDrive/BiomeBlueprints	none stated	no	flavour	setpiece	PLACES_CLEAN	612	10	19.1x19.1x8.0	meadows	0.0	0	0	45	Madzobuild	612 pieces, 10 prefabs, 19.1x19.1x8.0 m, 0 stations, 0 beds, 0 portals	source biome tag: meadows; material tier: meadows. DERIVED from the measurements in `role` -- not a curated judgement
hs_meadows_manor.blueprint	OverDrive/BiomeBlueprints	none stated	no	flavour	module	PLACES_CLEAN	96	7	8.0x8.0x6.0	meadows	0.0	0	0	21	Biome Blueprints	96 pieces, 7 prefabs, 8.0x8.0x6.0 m, 0 stations, 0 beds, 0 portals	source biome tag: meadows; material tier: meadows. DERIVED from the measurements in `role` -- not a curated judgement
hs_meadows_modestypooh_igloo.blueprint	OverDrive/BiomeBlueprints	none stated	no	flavour	module	PLACES_CLEAN	151	2	8.9x9.7x4.7	blackforest	0.0	0	0	21	Pooh Test	151 pieces, 2 prefabs, 8.9x9.7x4.7 m, 0 stations, 0 beds, 0 portals	source biome tag: meadows; material tier: blackforest. DERIVED from the measurements in `role` -- not a curated judgement
hs_meadows_starterhouse.blueprint	OverDrive/BiomeBlueprints	none stated	no	flavour	module	PLACES_CLEAN	221	23	10.2x8.7x13.0	swamp	0.0	0	0	23	BerserkTBuilDeR	221 pieces, 23 prefabs, 10.2x8.7x13.0 m, 0 stations, 0 beds, 0 portals	source biome tag: meadows; material tier: swamp. DERIVED from the measurements in `role` -- not a curated judgement
hs_meadows_stilt_cottage.blueprint	OverDrive/BiomeBlueprints	none stated	no	flavour	module	PLACES_CLEAN	54	8	4.0x6.0x6.0	meadows	0.0	0	0	14	Biome Blueprints	54 pieces, 8 prefabs, 4.0x6.0x6.0 m, 0 stations, 0 beds, 0 portals	source biome tag: meadows; material tier: meadows. DERIVED from the measurements in `role` -- not a curated judgement
hs_meadows_stilt_house.blueprint	OverDrive/BiomeBlueprints	none stated	no	flavour	module	PLACES_CLEAN	68	8	4.0x8.0x6.0	meadows	0.0	0	0	16	Biome Blueprints	68 pieces, 8 prefabs, 4.0x8.0x6.0 m, 0 stations, 0 beds, 0 portals	source biome tag: meadows; material tier: meadows. DERIVED from the measurements in `role` -- not a curated judgement
hs_meadows_stilt_hut.blueprint	OverDrive/BiomeBlueprints	none stated	no	flavour	module	PLACES_CLEAN	32	8	4.0x4.0x4.0	meadows	0.0	0	0	12	Biome Blueprints	32 pieces, 8 prefabs, 4.0x4.0x4.0 m, 0 stations, 0 beds, 0 portals	source biome tag: meadows; material tier: meadows. DERIVED from the measurements in `role` -- not a curated judgement
hs_meadows_stone_cottage.blueprint	OverDrive/BiomeBlueprints	none stated	no	flavour	module	PLACES_CLEAN	64	9	4.0x6.0x6.5	blackforest	0.0	0	0	14	Biome Blueprints	64 pieces, 9 prefabs, 4.0x6.0x6.5 m, 0 stations, 0 beds, 0 portals	source biome tag: meadows; material tier: blackforest. DERIVED from the measurements in `role` -- not a curated judgement
hs_meadows_stone_house.blueprint	OverDrive/BiomeBlueprints	none stated	no	flavour	module	PLACES_CLEAN	80	9	4.0x8.0x6.5	blackforest	0.0	0	0	16	Biome Blueprints	80 pieces, 9 prefabs, 4.0x8.0x6.5 m, 0 stations, 0 beds, 0 portals	source biome tag: meadows; material tier: blackforest. DERIVED from the measurements in `role` -- not a curated judgement
hs_meadows_stone_manor.blueprint	OverDrive/BiomeBlueprints	none stated	no	flavour	module	PLACES_CLEAN	152	9	8.0x10.0x7.5	blackforest	0.0	0	0	21	Biome Blueprints	152 pieces, 9 prefabs, 8.0x10.0x7.5 m, 0 stations, 0 beds, 0 portals	source biome tag: meadows; material tier: blackforest. DERIVED from the measurements in `role` -- not a curated judgement
hs_meadows_suspicious_turnip1.blueprint	OverDrive/BiomeBlueprints	none stated	no	base	setpiece	PLACES_CLEAN	1869	13	16.9x16.8x20.2	swamp	0.0	0	3	36	Monkey	1869 pieces, 13 prefabs, 16.9x16.8x20.2 m, 3 stations, 1 beds, 0 portals	source biome tag: meadows; material tier: swamp. DERIVED from the measurements in `role` -- not a curated judgement
hs_meadows_teakeycee_mudcastle.blueprint	OverDrive/BiomeBlueprints	none stated	no	base	setpiece	PLACES_CLEAN	2857	33	55.6x52.0x17.0	blackforest	0.0	0	0	154	Teakeycee	2857 pieces, 33 prefabs, 55.6x52.0x17.0 m, 0 stations, 4 beds, 0 portals	source biome tag: meadows; material tier: blackforest. DERIVED from the measurements in `role` -- not a curated judgement
hs_meadows_the_flint_flat.blueprint	OverDrive/BiomeBlueprints	none stated	no	production	module	PLACES_CLEAN	176	21	9.2x10.4x5.0	meadows	0.0	0	6	23	Daft God	176 pieces, 21 prefabs, 9.2x10.4x5.0 m, 6 stations, 0 beds, 0 portals	source biome tag: meadows; material tier: meadows. DERIVED from the measurements in `role` -- not a curated judgement
hs_meadows_the_neck_nook.blueprint	OverDrive/BiomeBlueprints	none stated	no	production	module	PLACES_CLEAN	183	23	8.5x8.6x6.8	meadows	0.0	0	5	21	Daft God	183 pieces, 23 prefabs, 8.5x8.6x6.8 m, 5 stations, 0 beds, 0 portals	source biome tag: meadows; material tier: meadows. DERIVED from the measurements in `role` -- not a curated judgement
hs_meadows_villa.blueprint	OverDrive/BiomeBlueprints	none stated	no	flavour	module	PLACES_CLEAN	178	7	12.0x10.0x9.0	meadows	0.0	0	0	23	Biome Blueprints	178 pieces, 7 prefabs, 12.0x10.0x9.0 m, 0 stations, 0 beds, 0 portals	source biome tag: meadows; material tier: meadows. DERIVED from the measurements in `role` -- not a curated judgement
hs_mistlands_aodi_skardvakt_the_black_tower.blueprint	OverDrive/BiomeBlueprints	none stated	no	flavour	module	PLACES_CLEAN	358	7	9.3x9.3x10.5	mistlands	0.0	0	0	21	Aodi	358 pieces, 7 prefabs, 9.3x9.3x10.5 m, 0 stations, 0 beds, 0 portals	source biome tag: mistlands; material tier: mistlands. DERIVED from the measurements in `role` -- not a curated judgement
hs_mistlands_arthur_manor_elver.blueprint	OverDrive/BiomeBlueprints	none stated	no	base	setpiece	PLACES_CLEAN	2802	92	34.3x23.1x22.7	mistlands	0.0	0	1	63	Arthur	2802 pieces, 92 prefabs, 34.3x23.1x22.7 m, 1 stations, 1 beds, 0 portals	source biome tag: mistlands; material tier: mistlands. DERIVED from the measurements in `role` -- not a curated judgement
hs_mistlands_black_marble_pillars_parts.blueprint	OverDrive/BiomeBlueprints	none stated	no	flavour	module	PLACES_CLEAN	264	13	21.1x24.4x4.5	mistlands	0.0	0	0	52	Ise LeGaCy	264 pieces, 13 prefabs, 21.1x24.4x4.5 m, 0 stations, 0 beds, 0 portals	source biome tag: mistlands; material tier: mistlands. DERIVED from the measurements in `role` -- not a curated judgement
hs_mistlands_blackmarble_fortress_med.blueprint	OverDrive/BiomeBlueprints	none stated	no	base	setpiece	PLACES_CLEAN	1838	58	40.0x40.0x15.4	ashlands	0.0	0	9	96	Monkey	1838 pieces, 58 prefabs, 40.0x40.0x15.4 m, 9 stations, 1 beds, 0 portals	source biome tag: mistlands; material tier: ashlands. DERIVED from the measurements in `role` -- not a curated judgement
hs_mistlands_cottage.blueprint	OverDrive/BiomeBlueprints	none stated	no	flavour	module	PLACES_CLEAN	48	7	4.0x6.0x5.0	meadows	0.0	0	0	14	Biome Blueprints	48 pieces, 7 prefabs, 4.0x6.0x5.0 m, 0 stations, 0 beds, 0 portals	source biome tag: mistlands; material tier: meadows. DERIVED from the measurements in `role` -- not a curated judgement
hs_mistlands_enterpriseihv6.blueprint	OverDrive/BiomeBlueprints	none stated	no	portal	setpiece	PLACES_CLEAN	10387	131	42.8x42.3x84.2	mistlands	0.0	86	45	117	Dana	10387 pieces, 131 prefabs, 42.8x42.3x84.2 m, 45 stations, 15 beds, 86 portals	source biome tag: mistlands; material tier: mistlands. DERIVED from the measurements in `role` -- not a curated judgement
hs_mistlands_eric_bloodaxe_prefab_large_fort.blueprint	OverDrive/BiomeBlueprints	none stated	no	portal	setpiece	PLACES_CLEAN	4105	89	65.9x104.0x22.5	ashlands	0.0	13	32	292	Eric Bloodaxe	4105 pieces, 89 prefabs, 65.9x104.0x22.5 m, 32 stations, 1 beds, 13 portals	source biome tag: mistlands; material tier: ashlands. DERIVED from the measurements in `role` -- not a curated judgement
hs_mistlands_great_hall.blueprint	OverDrive/BiomeBlueprints	none stated	no	flavour	module	PLACES_CLEAN	132	7	8.0x12.0x6.0	meadows	0.0	0	0	23	Biome Blueprints	132 pieces, 7 prefabs, 8.0x12.0x6.0 m, 0 stations, 0 beds, 0 portals	source biome tag: mistlands; material tier: meadows. DERIVED from the measurements in `role` -- not a curated judgement
hs_mistlands_henkodrom.blueprint	OverDrive/BiomeBlueprints	none stated	no	portal	setpiece	PLACES_CLEAN	1649	51	44.4x60.0x15.0	mistlands	0.0	3	0	141	Henk Debrook	1649 pieces, 51 prefabs, 44.4x60.0x15.0 m, 0 stations, 0 beds, 3 portals	source biome tag: mistlands; material tier: mistlands. DERIVED from the measurements in `role` -- not a curated judgement
hs_mistlands_henkolymp.blueprint	OverDrive/BiomeBlueprints	none stated	no	portal	setpiece	PLACES_CLEAN	3285	51	93.2x93.7x13.0	mistlands	0.0	15	0	357	Henk Debrook	3285 pieces, 51 prefabs, 93.2x93.7x13.0 m, 0 stations, 0 beds, 15 portals	source biome tag: mistlands; material tier: mistlands. DERIVED from the measurements in `role` -- not a curated judgement
hs_mistlands_house.blueprint	OverDrive/BiomeBlueprints	none stated	no	flavour	module	PLACES_CLEAN	60	7	4.0x8.0x5.0	meadows	0.0	0	0	16	Biome Blueprints	60 pieces, 7 prefabs, 4.0x8.0x5.0 m, 0 stations, 0 beds, 0 portals	source biome tag: mistlands; material tier: meadows. DERIVED from the measurements in `role` -- not a curated judgement
hs_mistlands_hut.blueprint	OverDrive/BiomeBlueprints	none stated	no	flavour	module	PLACES_CLEAN	28	7	4.0x4.0x3.0	meadows	0.0	0	0	12	Biome Blueprints	28 pieces, 7 prefabs, 4.0x4.0x3.0 m, 0 stations, 0 beds, 0 portals	source biome tag: mistlands; material tier: meadows. DERIVED from the measurements in `role` -- not a curated judgement
hs_mistlands_longhouse.blueprint	OverDrive/BiomeBlueprints	none stated	no	flavour	module	PLACES_CLEAN	108	7	4.0x16.0x5.0	meadows	0.0	0	0	20	Biome Blueprints	108 pieces, 7 prefabs, 4.0x16.0x5.0 m, 0 stations, 0 beds, 0 portals	source biome tag: mistlands; material tier: meadows. DERIVED from the measurements in `role` -- not a curated judgement
hs_mistlands_madzobuild_blackeitrrefinery.blueprint	OverDrive/BiomeBlueprints	none stated	no	base	module	PLACES_CLEAN	244	10	10.0x8.0x7.6	mistlands	0.0	0	1	23	Madzobuild	244 pieces, 10 prefabs, 10.0x8.0x7.6 m, 1 stations, 0 beds, 0 portals	source biome tag: mistlands; material tier: mistlands. DERIVED from the measurements in `role` -- not a curated judgement
hs_mistlands_madzobuild_madhouse.blueprint	OverDrive/BiomeBlueprints	none stated	no	base	setpiece	PLACES_CLEAN	1412	74	27.3x34.2x10.9	blackforest	0.0	1	31	70	Madzobuild	1412 pieces, 74 prefabs, 27.3x34.2x10.9 m, 31 stations, 2 beds, 1 portals	source biome tag: mistlands; material tier: blackforest. DERIVED from the measurements in `role` -- not a curated judgement
hs_mistlands_madzobuild_simpleeitrrefinery.blueprint	OverDrive/BiomeBlueprints	none stated	no	base	module	PLACES_CLEAN	59	11	8.4x5.3x4.5	mistlands	0.0	0	1	18	Madzobuild	59 pieces, 11 prefabs, 8.4x5.3x4.5 m, 1 stations, 0 beds, 0 portals	source biome tag: mistlands; material tier: mistlands. DERIVED from the measurements in `role` -- not a curated judgement
hs_mistlands_manor.blueprint	OverDrive/BiomeBlueprints	none stated	no	flavour	module	PLACES_CLEAN	96	7	8.0x8.0x6.0	meadows	0.0	0	0	21	Biome Blueprints	96 pieces, 7 prefabs, 8.0x8.0x6.0 m, 0 stations, 0 beds, 0 portals	source biome tag: mistlands; material tier: meadows. DERIVED from the measurements in `role` -- not a curated judgement
hs_mistlands_sheepshank_lighthouse.blueprint	OverDrive/BiomeBlueprints	none stated	no	base	setpiece	PLACES_CLEAN	2241	81	39.7x31.8x37.4	mistlands	0.0	2	14	86	Sheepshank	2241 pieces, 81 prefabs, 39.7x31.8x37.4 m, 14 stations, 1 beds, 2 portals	source biome tag: mistlands; material tier: mistlands. DERIVED from the measurements in `role` -- not a curated judgement
hs_mistlands_sheepshank_longboatlugev2.blueprint	OverDrive/BiomeBlueprints	none stated	no	base	module	PLACES_CLEAN	293	31	26.9x25.5x14.8	mistlands	0.0	1	1	60	Sheepshank	293 pieces, 31 prefabs, 26.9x25.5x14.8 m, 1 stations, 0 beds, 1 portals	source biome tag: mistlands; material tier: mistlands. DERIVED from the measurements in `role` -- not a curated judgement
hs_mistlands_sheepshank_trophytowerv2.blueprint	OverDrive/BiomeBlueprints	none stated	no	base	setpiece	PLACES_CLEAN	3577	52	24.9x24.8x25.0	mistlands	0.0	1	1	60	Sheepshank	3577 pieces, 52 prefabs, 24.9x24.8x25.0 m, 1 stations, 0 beds, 1 portals	source biome tag: mistlands; material tier: mistlands. DERIVED from the measurements in `role` -- not a curated judgement
hs_mistlands_sheepshank_wizardtower.blueprint	OverDrive/BiomeBlueprints	none stated	no	portal	setpiece	PLACES_CLEAN	3425	128	89.1x22.6x54.1	mistlands	0.0	10	28	126	Sheepshank	3425 pieces, 128 prefabs, 89.1x22.6x54.1 m, 28 stations, 1 beds, 10 portals	source biome tag: mistlands; material tier: mistlands. DERIVED from the measurements in `role` -- not a curated judgement
hs_mistlands_sorcererstower.blueprint	OverDrive/BiomeBlueprints	none stated	no	base	setpiece	PLACES_CLEAN	1413	106	17.4x20.8x22.8	mistlands	0.0	0	22	40	Bri Games	1413 pieces, 106 prefabs, 17.4x20.8x22.8 m, 22 stations, 1 beds, 0 portals	source biome tag: mistlands; material tier: mistlands. DERIVED from the measurements in `role` -- not a curated judgement
hs_mistlands_stilt_cottage.blueprint	OverDrive/BiomeBlueprints	none stated	no	flavour	module	PLACES_CLEAN	54	8	4.0x6.0x6.0	meadows	0.0	0	0	14	Biome Blueprints	54 pieces, 8 prefabs, 4.0x6.0x6.0 m, 0 stations, 0 beds, 0 portals	source biome tag: mistlands; material tier: meadows. DERIVED from the measurements in `role` -- not a curated judgement
hs_mistlands_stilt_house.blueprint	OverDrive/BiomeBlueprints	none stated	no	flavour	module	PLACES_CLEAN	68	8	4.0x8.0x6.0	meadows	0.0	0	0	16	Biome Blueprints	68 pieces, 8 prefabs, 4.0x8.0x6.0 m, 0 stations, 0 beds, 0 portals	source biome tag: mistlands; material tier: meadows. DERIVED from the measurements in `role` -- not a curated judgement
hs_mistlands_stilt_hut.blueprint	OverDrive/BiomeBlueprints	none stated	no	flavour	module	PLACES_CLEAN	32	8	4.0x4.0x4.0	meadows	0.0	0	0	12	Biome Blueprints	32 pieces, 8 prefabs, 4.0x4.0x4.0 m, 0 stations, 0 beds, 0 portals	source biome tag: mistlands; material tier: meadows. DERIVED from the measurements in `role` -- not a curated judgement
hs_mistlands_stone_cottage.blueprint	OverDrive/BiomeBlueprints	none stated	no	flavour	module	PLACES_CLEAN	64	9	4.0x6.0x6.5	blackforest	0.0	0	0	14	Biome Blueprints	64 pieces, 9 prefabs, 4.0x6.0x6.5 m, 0 stations, 0 beds, 0 portals	source biome tag: mistlands; material tier: blackforest. DERIVED from the measurements in `role` -- not a curated judgement
hs_mistlands_stone_house.blueprint	OverDrive/BiomeBlueprints	none stated	no	flavour	module	PLACES_CLEAN	80	9	4.0x8.0x6.5	blackforest	0.0	0	0	16	Biome Blueprints	80 pieces, 9 prefabs, 4.0x8.0x6.5 m, 0 stations, 0 beds, 0 portals	source biome tag: mistlands; material tier: blackforest. DERIVED from the measurements in `role` -- not a curated judgement
hs_mistlands_stone_manor.blueprint	OverDrive/BiomeBlueprints	none stated	no	flavour	module	PLACES_CLEAN	152	9	8.0x10.0x7.5	blackforest	0.0	0	0	21	Biome Blueprints	152 pieces, 9 prefabs, 8.0x10.0x7.5 m, 0 stations, 0 beds, 0 portals	source biome tag: mistlands; material tier: blackforest. DERIVED from the measurements in `role` -- not a curated judgement
hs_mistlands_thrad_storehouse.blueprint	OverDrive/BiomeBlueprints	none stated	no	flavour	setpiece	PLACES_CLEAN	671	25	18.5x12.0x12.0	ashlands	0.0	0	0	33	Sirna	671 pieces, 25 prefabs, 18.5x12.0x12.0 m, 0 stations, 0 beds, 0 portals	source biome tag: mistlands; material tier: ashlands. DERIVED from the measurements in `role` -- not a curated judgement
hs_mistlands_thrad_two_towers.blueprint	OverDrive/BiomeBlueprints	none stated	no	production	setpiece	PLACES_CLEAN	1902	60	30.3x30.6x19.5	ashlands	0.0	1	5	77	Sirna	1902 pieces, 60 prefabs, 30.3x30.6x19.5 m, 5 stations, 0 beds, 1 portals	source biome tag: mistlands; material tier: ashlands. DERIVED from the measurements in `role` -- not a curated judgement
hs_mistlands_thrad_workshop.blueprint	OverDrive/BiomeBlueprints	none stated	no	production	module	PLACES_CLEAN	493	52	17.5x10.9x11.3	mistlands	0.0	0	9	30	Sirna	493 pieces, 52 prefabs, 17.5x10.9x11.3 m, 9 stations, 0 beds, 0 portals	source biome tag: mistlands; material tier: mistlands. DERIVED from the measurements in `role` -- not a curated judgement
hs_mistlands_villa.blueprint	OverDrive/BiomeBlueprints	none stated	no	flavour	module	PLACES_CLEAN	178	7	12.0x10.0x9.0	meadows	0.0	0	0	23	Biome Blueprints	178 pieces, 7 prefabs, 12.0x10.0x9.0 m, 0 stations, 0 beds, 0 portals	source biome tag: mistlands; material tier: meadows. DERIVED from the measurements in `role` -- not a curated judgement
hs_mistlands_wizards_tower_rings.blueprint	OverDrive/BiomeBlueprints	none stated	no	flavour	module	PLACES_CLEAN	160	4	22.0x30.0x1.0	mistlands	0.0	0	0	61	Ise LeGaCy	160 pieces, 4 prefabs, 22.0x30.0x1.0 m, 0 stations, 0 beds, 0 portals	source biome tag: mistlands; material tier: mistlands. DERIVED from the measurements in `role` -- not a curated judgement
hs_mountain_abzul_modern_house.blueprint	OverDrive/BiomeBlueprints	none stated	no	base	setpiece	PLACES_CLEAN	1401	55	14.0x21.0x18.0	mistlands	0.0	0	2	38	Abzul	1401 pieces, 55 prefabs, 14.0x21.0x18.0 m, 2 stations, 1 beds, 0 portals	source biome tag: mountain; material tier: mistlands. DERIVED from the measurements in `role` -- not a curated judgement
hs_mountain_cottage.blueprint	OverDrive/BiomeBlueprints	none stated	no	flavour	module	PLACES_CLEAN	48	7	4.0x6.0x5.0	meadows	0.0	0	0	14	Biome Blueprints	48 pieces, 7 prefabs, 4.0x6.0x5.0 m, 0 stations, 0 beds, 0 portals	source biome tag: mountain; material tier: meadows. DERIVED from the measurements in `role` -- not a curated judgement
hs_mountain_feasthallfinal.blueprint	OverDrive/BiomeBlueprints	none stated	no	production	setpiece	PLACES_CLEAN	6671	124	37.3x40.5x19.2	ashlands	0.0	0	20	98	Ivor The Smol	6671 pieces, 124 prefabs, 37.3x40.5x19.2 m, 20 stations, 0 beds, 0 portals	source biome tag: mountain; material tier: ashlands. DERIVED from the measurements in `role` -- not a curated judgement
hs_mountain_great_hall.blueprint	OverDrive/BiomeBlueprints	none stated	no	flavour	module	PLACES_CLEAN	132	7	8.0x12.0x6.0	meadows	0.0	0	0	23	Biome Blueprints	132 pieces, 7 prefabs, 8.0x12.0x6.0 m, 0 stations, 0 beds, 0 portals	source biome tag: mountain; material tier: meadows. DERIVED from the measurements in `role` -- not a curated judgement
hs_mountain_halvar_epic_starting_house.blueprint	OverDrive/BiomeBlueprints	none stated	no	base	setpiece	PLACES_CLEAN	1875	98	55.6x39.7x20.0	mistlands	0.0	0	23	126	Halvar	1875 pieces, 98 prefabs, 55.6x39.7x20.0 m, 23 stations, 3 beds, 0 portals	source biome tag: mountain; material tier: mistlands. DERIVED from the measurements in `role` -- not a curated judgement
hs_mountain_house.blueprint	OverDrive/BiomeBlueprints	none stated	no	flavour	module	PLACES_CLEAN	60	7	4.0x8.0x5.0	meadows	0.0	0	0	16	Biome Blueprints	60 pieces, 7 prefabs, 4.0x8.0x5.0 m, 0 stations, 0 beds, 0 portals	source biome tag: mountain; material tier: meadows. DERIVED from the measurements in `role` -- not a curated judgement
hs_mountain_hut.blueprint	OverDrive/BiomeBlueprints	none stated	no	flavour	module	PLACES_CLEAN	28	7	4.0x4.0x3.0	meadows	0.0	0	0	12	Biome Blueprints	28 pieces, 7 prefabs, 4.0x4.0x3.0 m, 0 stations, 0 beds, 0 portals	source biome tag: mountain; material tier: meadows. DERIVED from the measurements in `role` -- not a curated judgement
hs_mountain_longhouse.blueprint	OverDrive/BiomeBlueprints	none stated	no	flavour	module	PLACES_CLEAN	108	7	4.0x16.0x5.0	meadows	0.0	0	0	20	Biome Blueprints	108 pieces, 7 prefabs, 4.0x16.0x5.0 m, 0 stations, 0 beds, 0 portals	source biome tag: mountain; material tier: meadows. DERIVED from the measurements in `role` -- not a curated judgement
hs_mountain_manor.blueprint	OverDrive/BiomeBlueprints	none stated	no	flavour	module	PLACES_CLEAN	96	7	8.0x8.0x6.0	meadows	0.0	0	0	21	Biome Blueprints	96 pieces, 7 prefabs, 8.0x8.0x6.0 m, 0 stations, 0 beds, 0 portals	source biome tag: mountain; material tier: meadows. DERIVED from the measurements in `role` -- not a curated judgement
hs_mountain_stilt_cottage.blueprint	OverDrive/BiomeBlueprints	none stated	no	flavour	module	PLACES_CLEAN	54	8	4.0x6.0x6.0	meadows	0.0	0	0	14	Biome Blueprints	54 pieces, 8 prefabs, 4.0x6.0x6.0 m, 0 stations, 0 beds, 0 portals	source biome tag: mountain; material tier: meadows. DERIVED from the measurements in `role` -- not a curated judgement
hs_mountain_stilt_house.blueprint	OverDrive/BiomeBlueprints	none stated	no	flavour	module	PLACES_CLEAN	68	8	4.0x8.0x6.0	meadows	0.0	0	0	16	Biome Blueprints	68 pieces, 8 prefabs, 4.0x8.0x6.0 m, 0 stations, 0 beds, 0 portals	source biome tag: mountain; material tier: meadows. DERIVED from the measurements in `role` -- not a curated judgement
hs_mountain_stilt_hut.blueprint	OverDrive/BiomeBlueprints	none stated	no	flavour	module	PLACES_CLEAN	32	8	4.0x4.0x4.0	meadows	0.0	0	0	12	Biome Blueprints	32 pieces, 8 prefabs, 4.0x4.0x4.0 m, 0 stations, 0 beds, 0 portals	source biome tag: mountain; material tier: meadows. DERIVED from the measurements in `role` -- not a curated judgement
hs_mountain_stone_cottage.blueprint	OverDrive/BiomeBlueprints	none stated	no	flavour	module	PLACES_CLEAN	64	9	4.0x6.0x6.5	blackforest	0.0	0	0	14	Biome Blueprints	64 pieces, 9 prefabs, 4.0x6.0x6.5 m, 0 stations, 0 beds, 0 portals	source biome tag: mountain; material tier: blackforest. DERIVED from the measurements in `role` -- not a curated judgement
hs_mountain_stone_house.blueprint	OverDrive/BiomeBlueprints	none stated	no	flavour	module	PLACES_CLEAN	80	9	4.0x8.0x6.5	blackforest	0.0	0	0	16	Biome Blueprints	80 pieces, 9 prefabs, 4.0x8.0x6.5 m, 0 stations, 0 beds, 0 portals	source biome tag: mountain; material tier: blackforest. DERIVED from the measurements in `role` -- not a curated judgement
hs_mountain_stone_manor.blueprint	OverDrive/BiomeBlueprints	none stated	no	flavour	module	PLACES_CLEAN	152	9	8.0x10.0x7.5	blackforest	0.0	0	0	21	Biome Blueprints	152 pieces, 9 prefabs, 8.0x10.0x7.5 m, 0 stations, 0 beds, 0 portals	source biome tag: mountain; material tier: blackforest. DERIVED from the measurements in `role` -- not a curated judgement
hs_mountain_villa.blueprint	OverDrive/BiomeBlueprints	none stated	no	flavour	module	PLACES_CLEAN	178	7	12.0x10.0x9.0	meadows	0.0	0	0	23	Biome Blueprints	178 pieces, 7 prefabs, 12.0x10.0x9.0 m, 0 stations, 0 beds, 0 portals	source biome tag: mountain; material tier: meadows. DERIVED from the measurements in `role` -- not a curated judgement
hs_plains_20037_valheimian.blueprint	OverDrive/BiomeBlueprints	none stated	no	production	setpiece	PLACES_CLEAN	968	16	20.3x21.1x16.5	blackforest	0.0	0	47	45	ЮрЕц	968 pieces, 16 prefabs, 20.3x21.1x16.5 m, 47 stations, 0 beds, 0 portals	source biome tag: plains; material tier: blackforest. DERIVED from the measurements in `role` -- not a curated judgement
hs_plains_abzul_common_hall.blueprint	OverDrive/BiomeBlueprints	none stated	no	base	setpiece	PLACES_CLEAN	2291	69	29.4x32.8x26.2	mistlands	0.0	0	1	70	Abzul	2291 pieces, 69 prefabs, 29.4x32.8x26.2 m, 1 stations, 1 beds, 0 portals	source biome tag: plains; material tier: mistlands. DERIVED from the measurements in `role` -- not a curated judgement
hs_plains_abzul_storage.blueprint	OverDrive/BiomeBlueprints	none stated	no	flavour	module	PLACES_CLEAN	294	15	12.5x10.1x6.0	blackforest	0.0	0	0	28	Abzul	294 pieces, 15 prefabs, 12.5x10.1x6.0 m, 0 stations, 0 beds, 0 portals	source biome tag: plains; material tier: blackforest. DERIVED from the measurements in `role` -- not a curated judgement
hs_plains_admin_veseljko_smokehouse.blueprint	OverDrive/BiomeBlueprints	none stated	no	base	module	PLACES_CLEAN	491	80	20.5x21.1x9.0	swamp	0.0	0	22	45	Admin Veseljko	491 pieces, 80 prefabs, 20.5x21.1x9.0 m, 22 stations, 6 beds, 0 portals	source biome tag: plains; material tier: swamp. DERIVED from the measurements in `role` -- not a curated judgement
hs_plains_admin_veseljko_storage_hub_v1.blueprint	OverDrive/BiomeBlueprints	none stated	no	portal	setpiece	PLACES_CLEAN	691	30	16.1x16.1x8.0	blackforest	0.0	7	0	36	Admin Veseljko	691 pieces, 30 prefabs, 16.1x16.1x8.0 m, 0 stations, 0 beds, 7 portals	source biome tag: plains; material tier: blackforest. DERIVED from the measurements in `role` -- not a curated judgement
hs_plains_arthur_hall_of_portals.blueprint	OverDrive/BiomeBlueprints	none stated	no	portal	setpiece	PLACES_CLEAN	1932	33	39.8x27.7x18.2	swamp	0.0	15	3	76	Arthur	1932 pieces, 33 prefabs, 39.8x27.7x18.2 m, 3 stations, 0 beds, 15 portals	source biome tag: plains; material tier: swamp. DERIVED from the measurements in `role` -- not a curated judgement
hs_plains_black_bv_build2.blueprint	OverDrive/BiomeBlueprints	none stated	no	flavour	module	PLACES_CLEAN	217	20	14.6x17.2x10.0	blackforest	0.0	0	0	34	Black	217 pieces, 20 prefabs, 14.6x17.2x10.0 m, 0 stations, 0 beds, 0 portals	source biome tag: plains; material tier: blackforest. DERIVED from the measurements in `role` -- not a curated judgement
hs_plains_builder_blacksmith.blueprint	OverDrive/BiomeBlueprints	none stated	no	production	setpiece	PLACES_CLEAN	1445	63	30.1x31.7x30.7	mistlands	0.0	0	17	77	Builder	1445 pieces, 63 prefabs, 30.1x31.7x30.7 m, 17 stations, 0 beds, 0 portals	source biome tag: plains; material tier: mistlands. DERIVED from the measurements in `role` -- not a curated judgement
hs_plains_builder_portalhouse.blueprint	OverDrive/BiomeBlueprints	none stated	no	portal	module	PLACES_CLEAN	203	14	14.1x13.9x7.1	blackforest	0.0	14	0	32	Builder	203 pieces, 14 prefabs, 14.1x13.9x7.1 m, 0 stations, 0 beds, 14 portals	source biome tag: plains; material tier: blackforest. DERIVED from the measurements in `role` -- not a curated judgement
hs_plains_builder_tavern_001.blueprint	OverDrive/BiomeBlueprints	none stated	no	production	setpiece	PLACES_CLEAN	660	51	21.5x23.9x11.0	blackforest	0.0	0	11	47	Builder	660 pieces, 51 prefabs, 21.5x23.9x11.0 m, 11 stations, 0 beds, 0 portals	source biome tag: plains; material tier: blackforest. DERIVED from the measurements in `role` -- not a curated judgement
hs_plains_cottage.blueprint	OverDrive/BiomeBlueprints	none stated	no	flavour	module	PLACES_CLEAN	48	7	4.0x6.0x5.0	meadows	0.0	0	0	14	Biome Blueprints	48 pieces, 7 prefabs, 4.0x6.0x5.0 m, 0 stations, 0 beds, 0 portals	source biome tag: plains; material tier: meadows. DERIVED from the measurements in `role` -- not a curated judgement
hs_plains_creative_house.blueprint	OverDrive/BiomeBlueprints	none stated	no	production	setpiece	PLACES_CLEAN	1150	35	18.0x30.0x12.0	swamp	0.0	0	7	48	Creative	1150 pieces, 35 prefabs, 18.0x30.0x12.0 m, 7 stations, 0 beds, 0 portals	source biome tag: plains; material tier: swamp. DERIVED from the measurements in `role` -- not a curated judgement
hs_plains_dad_tavern.blueprint	OverDrive/BiomeBlueprints	none stated	no	base	setpiece	PLACES_CLEAN	3641	71	40.7x45.3x17.2	mistlands	0.0	1	3	108	Test	3641 pieces, 71 prefabs, 40.7x45.3x17.2 m, 3 stations, 2 beds, 1 portals	source biome tag: plains; material tier: mistlands. DERIVED from the measurements in `role` -- not a curated judgement
hs_plains_dumbel_small_work.blueprint	OverDrive/BiomeBlueprints	none stated	no	production	module	PLACES_CLEAN	312	48	18.8x15.4x7.0	blackforest	0.0	0	22	38	Dumbel	312 pieces, 48 prefabs, 18.8x15.4x7.0 m, 22 stations, 0 beds, 0 portals	source biome tag: plains; material tier: blackforest. DERIVED from the measurements in `role` -- not a curated judgement
hs_plains_gorthein_dupont_house.blueprint	OverDrive/BiomeBlueprints	none stated	no	base	setpiece	PLACES_CLEAN	2250	103	54.0x62.2x14.8	mistlands	0.0	0	33	178	Gorthein	2250 pieces, 103 prefabs, 54.0x62.2x14.8 m, 33 stations, 3 beds, 0 portals	source biome tag: plains; material tier: mistlands. DERIVED from the measurements in `role` -- not a curated judgement
hs_plains_great_hall.blueprint	OverDrive/BiomeBlueprints	none stated	no	flavour	module	PLACES_CLEAN	132	7	8.0x12.0x6.0	meadows	0.0	0	0	23	Biome Blueprints	132 pieces, 7 prefabs, 8.0x12.0x6.0 m, 0 stations, 0 beds, 0 portals	source biome tag: plains; material tier: meadows. DERIVED from the measurements in `role` -- not a curated judgement
hs_plains_gunbunny_blacksmith_house.blueprint	OverDrive/BiomeBlueprints	none stated	no	base	setpiece	PLACES_CLEAN	1023	55	28.5x21.0x14.0	swamp	0.0	0	12	54	GunBunny	1023 pieces, 55 prefabs, 28.5x21.0x14.0 m, 12 stations, 1 beds, 0 portals	source biome tag: plains; material tier: swamp. DERIVED from the measurements in `role` -- not a curated judgement
hs_plains_halvar_cluckingham_palace.blueprint	OverDrive/BiomeBlueprints	none stated	no	flavour	module	PLACES_CLEAN	273	29	10.0x7.0x11.0	swamp	0.0	0	0	23	Halvar	273 pieces, 29 prefabs, 10.0x7.0x11.0 m, 0 stations, 0 beds, 0 portals	source biome tag: plains; material tier: swamp. DERIVED from the measurements in `role` -- not a curated judgement
hs_plains_house.blueprint	OverDrive/BiomeBlueprints	none stated	no	flavour	module	PLACES_CLEAN	60	7	4.0x8.0x5.0	meadows	0.0	0	0	16	Biome Blueprints	60 pieces, 7 prefabs, 4.0x8.0x5.0 m, 0 stations, 0 beds, 0 portals	source biome tag: plains; material tier: meadows. DERIVED from the measurements in `role` -- not a curated judgement
hs_plains_hut.blueprint	OverDrive/BiomeBlueprints	none stated	no	flavour	module	PLACES_CLEAN	28	7	4.0x4.0x3.0	meadows	0.0	0	0	12	Biome Blueprints	28 pieces, 7 prefabs, 4.0x4.0x3.0 m, 0 stations, 0 beds, 0 portals	source biome tag: plains; material tier: meadows. DERIVED from the measurements in `role` -- not a curated judgement
hs_plains_longhouse.blueprint	OverDrive/BiomeBlueprints	none stated	no	flavour	module	PLACES_CLEAN	108	7	4.0x16.0x5.0	meadows	0.0	0	0	20	Biome Blueprints	108 pieces, 7 prefabs, 4.0x16.0x5.0 m, 0 stations, 0 beds, 0 portals	source biome tag: plains; material tier: meadows. DERIVED from the measurements in `role` -- not a curated judgement
hs_plains_manor.blueprint	OverDrive/BiomeBlueprints	none stated	no	flavour	module	PLACES_CLEAN	96	7	8.0x8.0x6.0	meadows	0.0	0	0	21	Biome Blueprints	96 pieces, 7 prefabs, 8.0x8.0x6.0 m, 0 stations, 0 beds, 0 portals	source biome tag: plains; material tier: meadows. DERIVED from the measurements in `role` -- not a curated judgement
hs_plains_mister_meia_casa.blueprint	OverDrive/BiomeBlueprints	none stated	no	base	setpiece	PLACES_CLEAN	760	43	18.9x17.2x10.5	blackforest	0.0	0	13	40	Mister	760 pieces, 43 prefabs, 18.9x17.2x10.5 m, 13 stations, 2 beds, 0 portals	source biome tag: plains; material tier: blackforest. DERIVED from the measurements in `role` -- not a curated judgement
hs_plains_ragnar_smelter.blueprint	OverDrive/BiomeBlueprints	none stated	no	production	setpiece	PLACES_CLEAN	695	20	34.2x23.3x9.5	mistlands	0.0	0	6	63	Ragnar	695 pieces, 20 prefabs, 34.2x23.3x9.5 m, 6 stations, 0 beds, 0 portals	source biome tag: plains; material tier: mistlands. DERIVED from the measurements in `role` -- not a curated judgement
hs_plains_sheepshank_basichouse.blueprint	OverDrive/BiomeBlueprints	none stated	no	base	setpiece	PLACES_CLEAN	2528	79	38.4x23.7x16.0	mistlands	0.0	0	24	68	Sheepshank	2528 pieces, 79 prefabs, 38.4x23.7x16.0 m, 24 stations, 6 beds, 0 portals	source biome tag: plains; material tier: mistlands. DERIVED from the measurements in `role` -- not a curated judgement
hs_plains_sheepshank_mangohall.blueprint	OverDrive/BiomeBlueprints	none stated	no	portal	setpiece	PLACES_CLEAN	3503	95	37.3x43.1x28.5	mistlands	0.0	3	19	106	Sheepshank	3503 pieces, 95 prefabs, 37.3x43.1x28.5 m, 19 stations, 0 beds, 3 portals	source biome tag: plains; material tier: mistlands. DERIVED from the measurements in `role` -- not a curated judgement
hs_plains_sheepshank_nickmansion.blueprint	OverDrive/BiomeBlueprints	none stated	no	base	setpiece	PLACES_CLEAN	3542	105	50.1x39.8x19.8	mistlands	0.0	0	29	116	Sheepshank	3542 pieces, 105 prefabs, 50.1x39.8x19.8 m, 29 stations, 7 beds, 0 portals	source biome tag: plains; material tier: mistlands. DERIVED from the measurements in `role` -- not a curated judgement
hs_plains_sheepshank_skeggoxmanor.blueprint	OverDrive/BiomeBlueprints	none stated	no	portal	setpiece	PLACES_CLEAN	2857	91	47.1x47.1x14.0	mistlands	0.0	4	19	121	Sheepshank	2857 pieces, 91 prefabs, 47.1x47.1x14.0 m, 19 stations, 3 beds, 4 portals	source biome tag: plains; material tier: mistlands. DERIVED from the measurements in `role` -- not a curated judgement
hs_plains_sneglehus_1_1.blueprint	OverDrive/BiomeBlueprints	none stated	no	portal	setpiece	PLACES_CLEAN	4305	97	51.3x51.4x22.3	mistlands	0.0	18	38	140	Mördar Erik	4305 pieces, 97 prefabs, 51.3x51.4x22.3 m, 38 stations, 6 beds, 18 portals	source biome tag: plains; material tier: mistlands. DERIVED from the measurements in `role` -- not a curated judgement
hs_plains_startinghouse_plainsmodel.blueprint	OverDrive/BiomeBlueprints	none stated	no	base	setpiece	PLACES_CLEAN	868	82	22.0x25.0x14.5	plains	0.0	0	30	52	PiNdO	868 pieces, 82 prefabs, 22.0x25.0x14.5 m, 30 stations, 2 beds, 0 portals	source biome tag: plains; material tier: plains. DERIVED from the measurements in `role` -- not a curated judgement
hs_plains_stilt_cottage.blueprint	OverDrive/BiomeBlueprints	none stated	no	flavour	module	PLACES_CLEAN	54	8	4.0x6.0x6.0	meadows	0.0	0	0	14	Biome Blueprints	54 pieces, 8 prefabs, 4.0x6.0x6.0 m, 0 stations, 0 beds, 0 portals	source biome tag: plains; material tier: meadows. DERIVED from the measurements in `role` -- not a curated judgement
hs_plains_stilt_house.blueprint	OverDrive/BiomeBlueprints	none stated	no	flavour	module	PLACES_CLEAN	68	8	4.0x8.0x6.0	meadows	0.0	0	0	16	Biome Blueprints	68 pieces, 8 prefabs, 4.0x8.0x6.0 m, 0 stations, 0 beds, 0 portals	source biome tag: plains; material tier: meadows. DERIVED from the measurements in `role` -- not a curated judgement
hs_plains_stilt_hut.blueprint	OverDrive/BiomeBlueprints	none stated	no	flavour	module	PLACES_CLEAN	32	8	4.0x4.0x4.0	meadows	0.0	0	0	12	Biome Blueprints	32 pieces, 8 prefabs, 4.0x4.0x4.0 m, 0 stations, 0 beds, 0 portals	source biome tag: plains; material tier: meadows. DERIVED from the measurements in `role` -- not a curated judgement
hs_plains_stone_cottage.blueprint	OverDrive/BiomeBlueprints	none stated	no	flavour	module	PLACES_CLEAN	64	9	4.0x6.0x6.5	blackforest	0.0	0	0	14	Biome Blueprints	64 pieces, 9 prefabs, 4.0x6.0x6.5 m, 0 stations, 0 beds, 0 portals	source biome tag: plains; material tier: blackforest. DERIVED from the measurements in `role` -- not a curated judgement
hs_plains_stone_house.blueprint	OverDrive/BiomeBlueprints	none stated	no	flavour	module	PLACES_CLEAN	80	9	4.0x8.0x6.5	blackforest	0.0	0	0	16	Biome Blueprints	80 pieces, 9 prefabs, 4.0x8.0x6.5 m, 0 stations, 0 beds, 0 portals	source biome tag: plains; material tier: blackforest. DERIVED from the measurements in `role` -- not a curated judgement
hs_plains_stone_manor.blueprint	OverDrive/BiomeBlueprints	none stated	no	flavour	module	PLACES_CLEAN	152	9	8.0x10.0x7.5	blackforest	0.0	0	0	21	Biome Blueprints	152 pieces, 9 prefabs, 8.0x10.0x7.5 m, 0 stations, 0 beds, 0 portals	source biome tag: plains; material tier: blackforest. DERIVED from the measurements in `role` -- not a curated judgement
hs_plains_tester_swamp_to_mountains_bungalow.blueprint	OverDrive/BiomeBlueprints	none stated	no	base	setpiece	PLACES_CLEAN	875	75	30.3x39.5x12.5	plains	0.0	1	45	86	Tester	875 pieces, 75 prefabs, 30.3x39.5x12.5 m, 45 stations, 2 beds, 1 portals	source biome tag: plains; material tier: plains. DERIVED from the measurements in `role` -- not a curated judgement
hs_plains_throneofdecay_brigames.blueprint	OverDrive/BiomeBlueprints	none stated	no	base	setpiece	PLACES_CLEAN	3180	75	60.8x60.7x25.0	mistlands	0.0	0	4	192	Bri The Phoenix	3180 pieces, 75 prefabs, 60.8x60.7x25.0 m, 4 stations, 1 beds, 0 portals	source biome tag: plains; material tier: mistlands. DERIVED from the measurements in `role` -- not a curated judgement
hs_plains_ulf_the_builder_lighthouse.blueprint	OverDrive/BiomeBlueprints	none stated	no	base	setpiece	PLACES_CLEAN	1267	37	14.1x15.1x26.2	swamp	0.0	0	3	32	Ulf The Builder	1267 pieces, 37 prefabs, 14.1x15.1x26.2 m, 3 stations, 1 beds, 0 portals	source biome tag: plains; material tier: swamp. DERIVED from the measurements in `role` -- not a curated judgement
hs_plains_upgrade_house.blueprint	OverDrive/BiomeBlueprints	none stated	no	base	setpiece	PLACES_CLEAN	2603	127	47.9x38.0x17.0	plains	0.0	1	33	108	Годрик	2603 pieces, 127 prefabs, 47.9x38.0x17.0 m, 33 stations, 2 beds, 1 portals	source biome tag: plains; material tier: plains. DERIVED from the measurements in `role` -- not a curated judgement
hs_plains_villa.blueprint	OverDrive/BiomeBlueprints	none stated	no	flavour	module	PLACES_CLEAN	178	7	12.0x10.0x9.0	meadows	0.0	0	0	23	Biome Blueprints	178 pieces, 7 prefabs, 12.0x10.0x9.0 m, 0 stations, 0 beds, 0 portals	source biome tag: plains; material tier: meadows. DERIVED from the measurements in `role` -- not a curated judgement
hs_plains_vrolok_stone_refuge_2.blueprint	OverDrive/BiomeBlueprints	none stated	no	production	module	PLACES_CLEAN	89	19	8.0x9.3x6.0	swamp	0.0	1	6	21	Vrolok	89 pieces, 19 prefabs, 8.0x9.3x6.0 m, 6 stations, 0 beds, 1 portals	source biome tag: plains; material tier: swamp. DERIVED from the measurements in `role` -- not a curated judgement
hs_swamp_babe_estacao_de_trabalho.blueprint	OverDrive/BiomeBlueprints	none stated	no	production	module	PLACES_CLEAN	384	34	14.8x19.4x7.5	blackforest	0.0	0	11	38	Babe	384 pieces, 34 prefabs, 14.8x19.4x7.5 m, 11 stations, 0 beds, 0 portals	source biome tag: swamp; material tier: blackforest. DERIVED from the measurements in `role` -- not a curated judgement
hs_swamp_bridge1_stone.blueprint	OverDrive/BiomeBlueprints	none stated	no	flavour	module	PLACES_CLEAN	114	9	14.1x14.1x2.5	swamp	0.0	0	0	32	BerserkTBuilDeR	114 pieces, 9 prefabs, 14.1x14.1x2.5 m, 0 stations, 0 beds, 0 portals	source biome tag: swamp; material tier: swamp. DERIVED from the measurements in `role` -- not a curated judgement
hs_swamp_cottage.blueprint	OverDrive/BiomeBlueprints	none stated	no	flavour	module	PLACES_CLEAN	48	7	4.0x6.0x5.0	meadows	0.0	0	0	14	Biome Blueprints	48 pieces, 7 prefabs, 4.0x6.0x5.0 m, 0 stations, 0 beds, 0 portals	source biome tag: swamp; material tier: meadows. DERIVED from the measurements in `role` -- not a curated judgement
hs_swamp_great_hall.blueprint	OverDrive/BiomeBlueprints	none stated	no	flavour	module	PLACES_CLEAN	132	7	8.0x12.0x6.0	meadows	0.0	0	0	23	Biome Blueprints	132 pieces, 7 prefabs, 8.0x12.0x6.0 m, 0 stations, 0 beds, 0 portals	source biome tag: swamp; material tier: meadows. DERIVED from the measurements in `role` -- not a curated judgement
hs_swamp_halfnate_viking_house_new.blueprint	OverDrive/BiomeBlueprints	none stated	no	base	setpiece	PLACES_CLEAN	3476	80	27.0x27.6x16.0	swamp	0.0	0	21	60	Halfnate	3476 pieces, 80 prefabs, 27.0x27.6x16.0 m, 21 stations, 4 beds, 0 portals	source biome tag: swamp; material tier: swamp. DERIVED from the measurements in `role` -- not a curated judgement
hs_swamp_halvar_master_refinery.blueprint	OverDrive/BiomeBlueprints	none stated	no	production	setpiece	PLACES_CLEAN	917	51	22.3x23.9x10.6	mistlands	0.0	0	20	49	Halvar	917 pieces, 51 prefabs, 22.3x23.9x10.6 m, 20 stations, 0 beds, 0 portals	source biome tag: swamp; material tier: mistlands. DERIVED from the measurements in `role` -- not a curated judgement
hs_swamp_house.blueprint	OverDrive/BiomeBlueprints	none stated	no	flavour	module	PLACES_CLEAN	60	7	4.0x8.0x5.0	meadows	0.0	0	0	16	Biome Blueprints	60 pieces, 7 prefabs, 4.0x8.0x5.0 m, 0 stations, 0 beds, 0 portals	source biome tag: swamp; material tier: meadows. DERIVED from the measurements in `role` -- not a curated judgement
hs_swamp_hut.blueprint	OverDrive/BiomeBlueprints	none stated	no	flavour	module	PLACES_CLEAN	28	7	4.0x4.0x3.0	meadows	0.0	0	0	12	Biome Blueprints	28 pieces, 7 prefabs, 4.0x4.0x3.0 m, 0 stations, 0 beds, 0 portals	source biome tag: swamp; material tier: meadows. DERIVED from the measurements in `role` -- not a curated judgement
hs_swamp_longhouse.blueprint	OverDrive/BiomeBlueprints	none stated	no	flavour	module	PLACES_CLEAN	108	7	4.0x16.0x5.0	meadows	0.0	0	0	20	Biome Blueprints	108 pieces, 7 prefabs, 4.0x16.0x5.0 m, 0 stations, 0 beds, 0 portals	source biome tag: swamp; material tier: meadows. DERIVED from the measurements in `role` -- not a curated judgement
hs_swamp_manor.blueprint	OverDrive/BiomeBlueprints	none stated	no	flavour	module	PLACES_CLEAN	96	7	8.0x8.0x6.0	meadows	0.0	0	0	21	Biome Blueprints	96 pieces, 7 prefabs, 8.0x8.0x6.0 m, 0 stations, 0 beds, 0 portals	source biome tag: swamp; material tier: meadows. DERIVED from the measurements in `role` -- not a curated judgement
hs_swamp_michel_portals_tower.blueprint	OverDrive/BiomeBlueprints	none stated	no	portal	setpiece	PLACES_CLEAN	4989	18	20.1x23.1x42.0	swamp	0.0	159	0	47	Michel	4989 pieces, 18 prefabs, 20.1x23.1x42.0 m, 0 stations, 0 beds, 159 portals	source biome tag: swamp; material tier: swamp. DERIVED from the measurements in `role` -- not a curated judgement
hs_swamp_sheepshank_danamermhomefinal.blueprint	OverDrive/BiomeBlueprints	none stated	no	portal	setpiece	PLACES_CLEAN	3009	101	43.3x43.9x17.5	mistlands	0.0	5	28	117	Sheepshank	3009 pieces, 101 prefabs, 43.3x43.9x17.5 m, 28 stations, 8 beds, 5 portals	source biome tag: swamp; material tier: mistlands. DERIVED from the measurements in `role` -- not a curated judgement
hs_swamp_stilt_cottage.blueprint	OverDrive/BiomeBlueprints	none stated	no	flavour	module	PLACES_CLEAN	54	8	4.0x6.0x6.0	meadows	0.0	0	0	14	Biome Blueprints	54 pieces, 8 prefabs, 4.0x6.0x6.0 m, 0 stations, 0 beds, 0 portals	source biome tag: swamp; material tier: meadows. DERIVED from the measurements in `role` -- not a curated judgement
hs_swamp_stilt_house.blueprint	OverDrive/BiomeBlueprints	none stated	no	flavour	module	PLACES_CLEAN	68	8	4.0x8.0x6.0	meadows	0.0	0	0	16	Biome Blueprints	68 pieces, 8 prefabs, 4.0x8.0x6.0 m, 0 stations, 0 beds, 0 portals	source biome tag: swamp; material tier: meadows. DERIVED from the measurements in `role` -- not a curated judgement
hs_swamp_stilt_hut.blueprint	OverDrive/BiomeBlueprints	none stated	no	flavour	module	PLACES_CLEAN	32	8	4.0x4.0x4.0	meadows	0.0	0	0	12	Biome Blueprints	32 pieces, 8 prefabs, 4.0x4.0x4.0 m, 0 stations, 0 beds, 0 portals	source biome tag: swamp; material tier: meadows. DERIVED from the measurements in `role` -- not a curated judgement
hs_swamp_stone_cottage.blueprint	OverDrive/BiomeBlueprints	none stated	no	flavour	module	PLACES_CLEAN	64	9	4.0x6.0x6.5	blackforest	0.0	0	0	14	Biome Blueprints	64 pieces, 9 prefabs, 4.0x6.0x6.5 m, 0 stations, 0 beds, 0 portals	source biome tag: swamp; material tier: blackforest. DERIVED from the measurements in `role` -- not a curated judgement
hs_swamp_stone_house.blueprint	OverDrive/BiomeBlueprints	none stated	no	flavour	module	PLACES_CLEAN	80	9	4.0x8.0x6.5	blackforest	0.0	0	0	16	Biome Blueprints	80 pieces, 9 prefabs, 4.0x8.0x6.5 m, 0 stations, 0 beds, 0 portals	source biome tag: swamp; material tier: blackforest. DERIVED from the measurements in `role` -- not a curated judgement
hs_swamp_stone_manor.blueprint	OverDrive/BiomeBlueprints	none stated	no	flavour	module	PLACES_CLEAN	152	9	8.0x10.0x7.5	blackforest	0.0	0	0	21	Biome Blueprints	152 pieces, 9 prefabs, 8.0x10.0x7.5 m, 0 stations, 0 beds, 0 portals	source biome tag: swamp; material tier: blackforest. DERIVED from the measurements in `role` -- not a curated judgement
hs_swamp_villa.blueprint	OverDrive/BiomeBlueprints	none stated	no	flavour	module	PLACES_CLEAN	178	7	12.0x10.0x9.0	meadows	0.0	0	0	23	Biome Blueprints	178 pieces, 7 prefabs, 12.0x10.0x9.0 m, 0 stations, 0 beds, 0 portals	source biome tag: swamp; material tier: meadows. DERIVED from the measurements in `role` -- not a curated judgement
hs_swamp_vrolok_caba_a_2.blueprint	OverDrive/BiomeBlueprints	none stated	no	portal	module	PLACES_CLEAN	343	49	20.3x30.8x6.5	meadows	0.0	4	20	59	Vrolok	343 pieces, 49 prefabs, 20.3x30.8x6.5 m, 20 stations, 1 beds, 4 portals	source biome tag: swamp; material tier: meadows. DERIVED from the measurements in `role` -- not a curated judgement
hs_swamp_xxx_blackforest_house.blueprint	OverDrive/BiomeBlueprints	none stated	no	base	module	PLACES_CLEAN	544	69	15.4x15.6x9.5	meadows	0.0	0	21	32	Xxx	544 pieces, 69 prefabs, 15.4x15.6x9.5 m, 21 stations, 1 beds, 0 portals	source biome tag: swamp; material tier: meadows. DERIVED from the measurements in `role` -- not a curated judgement
Rocket Raccoon_Barracas_Media.blueprint	mcarvall/Midgard-Valheim-Server	none stated	no	flavour	module	PLACES_CLEAN	134	17	10.1x10.1x9.0	meadows	0.0	0	0	0	Rocket Raccoon	134 pieces, 17 prefabs, 10.1x10.1x9.0 m, 0 stations, 0 beds, 0 portals	source biome tag: none; material tier: meadows. DERIVED from the measurements in `role` -- not a curated judgement
Rocket Raccoon_Beliche.blueprint	mcarvall/Midgard-Valheim-Server	none stated	no	base	module	PLACES_WITH_GAPS	6	2	2.3x3.1x1.6	meadows	0.0	0	0	0	Rocket Raccoon	6 pieces, 2 prefabs, 2.3x3.1x1.6 m, 0 stations, 2 beds, 0 portals	source biome tag: none; material tier: meadows. DERIVED from the measurements in `role` -- not a curated judgement
Rocket Raccoon_Casa_de_Campo.blueprint	mcarvall/Midgard-Valheim-Server	none stated	no	base	setpiece	PLACES_WITH_GAPS	489	35	40.8x42.2x12.9	ashlands	0.41	0	5	0	Rocket Raccoon	489 pieces, 35 prefabs, 40.8x42.2x12.9 m, 5 stations, 2 beds, 0 portals	source biome tag: none; material tier: ashlands. DERIVED from the measurements in `role` -- not a curated judgement
Rocket Raccoon_Quick_House.blueprint	mcarvall/Midgard-Valheim-Server	none stated	no	base	module	PLACES_WITH_GAPS	157	20	10.1x10.1x9.0	meadows	0.0	0	2	0	Rocket Raccoon	157 pieces, 20 prefabs, 10.1x10.1x9.0 m, 2 stations, 2 beds, 0 portals	source biome tag: none; material tier: meadows. DERIVED from the measurements in `role` -- not a curated judgement
Relicv_Raven_V2.blueprint	okeanz/LootGoblinsUtils	none stated	no	flavour	module	PLACES_WITH_GAPS	94	12	10.6x8.4x7.5	swamp	1.06	0	0	0	Relicv	94 pieces, 12 prefabs, 10.6x8.4x7.5 m, 0 stations, 0 beds, 0 portals	source biome tag: none; material tier: swamp. DERIVED from the measurements in `role` -- not a curated judgement
sample_001.blueprint	sighsorry1029/Homestead	GPL-3.0	incompatible	flavour	module	PLACES_CLEAN	63	8	12.0x8.0x5.0	meadows	0.0	0	0	0	Homestead	63 pieces, 8 prefabs, 12.0x8.0x5.0 m, 0 stations, 0 beds, 0 portals	source biome tag: none; material tier: meadows. DERIVED from the measurements in `role` -- not a curated judgement
sample_002.blueprint	sighsorry1029/Homestead	GPL-3.0	incompatible	flavour	module	PLACES_CLEAN	132	10	12.0x14.0x6.0	meadows	0.0	0	0	0	Homestead	132 pieces, 10 prefabs, 12.0x14.0x6.0 m, 0 stations, 0 beds, 0 portals	source biome tag: none; material tier: meadows. DERIVED from the measurements in `role` -- not a curated judgement
sample_003.blueprint	sighsorry1029/Homestead	GPL-3.0	incompatible	flavour	module	PLACES_CLEAN	236	17	12.0x16.0x10.0	meadows	0.0	0	0	0	Homestead	236 pieces, 17 prefabs, 12.0x16.0x10.0 m, 0 stations, 0 beds, 0 portals	source biome tag: none; material tier: meadows. DERIVED from the measurements in `role` -- not a curated judgement
sample_snap.blueprint	sighsorry1029/Homestead	GPL-3.0	incompatible	flavour	module	PLACES_CLEAN	4	1	2.0x0.0x2.0	meadows	0.0	0	0	0	Homestead	4 pieces, 1 prefabs, 2.0x0.0x2.0 m, 0 stations, 0 beds, 0 portals	source biome tag: none; material tier: meadows. DERIVED from the measurements in `role` -- not a curated judgement
