name	nview	persistent	distant	ztype	piece	water_piece	no_in_water	ground_only	ground_piece	clip_ground	clip_everything	not_on_wood	not_on_tilting	not_on_floor	no_clipping	allow_alt_ground	comfort	space_req	category	piece_name	wnt	material	health	supports	no_support_wear	no_roof_wear	hit_noise	min_tool_tier	ship	ship_force	ship_disable_level	ship_water_offset	ship_impact_dmg	ship_ashlands_ready	ship_has_sail	floating	float_water_offset	rigidbody	rb_mass	rb_kinematic	container	container_slots
_eventzone_boss_base	1	1	0	0	0	na	na	na	na	na	na	na	na	na	na	na	na	na	na	na	0	na	na	na	na	na	na	na	0	na	na	na	na	na	na	0	na	0	na	na	0	na
_TerrainCompiler	1	1	0	3	0	na	na	na	na	na	na	na	na	na	na	na	na	na	na	na	0	na	na	na	na	na	na	na	0	na	na	na	na	na	na	0	na	0	na	na	0	na
_ZoneCtrl	1	1	0	0	0	na	na	na	na	na	na	na	na	na	na	na	na	na	na	na	0	na	na	na	na	na	na	na	0	na	na	na	na	na	na	0	na	0	na	na	0	na
Abomination	1	1	0	0	0	na	na	na	na	na	na	na	na	na	na	na	na	na	na	na	0	na	na	na	na	na	na	na	0	na	na	na	na	na	na	0	na	1	100	0	0	na
Abomination_attack1	1	1	0	0	0	na	na	na	na	na	na	na	na	na	na	na	na	na	na	na	0	na	na	na	na	na	na	na	0	na	na	na	na	na	na	0	na	1	1.5	0	0	na
Abomination_attack2	1	1	0	0	0	na	na	na	na	na	na	na	na	na	na	na	na	na	na	na	0	na	na	na	na	na	na	na	0	na	na	na	na	na	na	0	na	1	1.5	0	0	na
Abomination_attack3	1	1	0	0	0	na	na	na	na	na	na	na	na	na	na	na	na	na	na	na	0	na	na	na	na	na	na	na	0	na	na	na	na	na	na	0	na	1	1.5	0	0	na
Abomination_ragdoll	1	1	0	0	0	na	na	na	na	na	na	na	na	na	na	na	na	na	na	na	0	na	na	na	na	na	na	na	0	na	na	na	na	na	na	0	na	0	na	na	0	na
Acorn	1	1	0	0	0	na	na	na	na	na	na	na	na	na	na	na	na	na	na	na	0	na	na	na	na	na	na	na	0	na	na	na	na	na	na	0	na	1	1	0	0	na
Amber	1	1	0	0	0	na	na	na	na	na	na	na	na	na	na	na	na	na	na	na	0	na	na	na	na	na	na	na	0	na	na	na	na	na	na	0	na	1	1	0	0	na
AmberPearl	1	1	0	0	0	na	na	na	na	na	na	na	na	na	na	na	na	na	na	na	0	na	na	na	na	na	na	na	0	na	na	na	na	na	na	0	na	1	1	0	0	na
ancient_skull	1	1	0	2	0	na	na	na	na	na	na	na	na	na	na	na	na	na	na	na	0	na	na	na	na	na	na	na	0	na	na	na	na	na	na	0	na	0	na	na	0	na
ancientbarkspear_projectile	1	0	0	0	0	na	na	na	na	na	na	na	na	na	na	na	na	na	na	na	0	na	na	na	na	na	na	na	0	na	na	na	na	na	na	0	na	0	na	na	0	na
AncientCoin	1	1	0	0	0	na	na	na	na	na	na	na	na	na	na	na	na	na	na	na	0	na	na	na	na	na	na	na	0	na	na	na	na	na	na	0	na	1	1	0	0	na
AncientGemstoneBlack	1	1	0	0	0	na	na	na	na	na	na	na	na	na	na	na	na	na	na	na	0	na	na	na	na	na	na	na	0	na	na	na	na	na	na	0	na	1	1	0	0	na
AncientGemstoneGreen	1	1	0	0	0	na	na	na	na	na	na	na	na	na	na	na	na	na	na	na	0	na	na	na	na	na	na	na	0	na	na	na	na	na	na	0	na	1	1	0	0	na
AncientGemstoneOrange	1	1	0	0	0	na	na	na	na	na	na	na	na	na	na	na	na	na	na	na	0	na	na	na	na	na	na	na	0	na	na	na	na	na	na	0	na	1	1	0	0	na
AncientGemstonePurple	1	1	0	0	0	na	na	na	na	na	na	na	na	na	na	na	na	na	na	na	0	na	na	na	na	na	na	na	0	na	na	na	na	na	na	0	na	1	1	0	0	na
AncientSeed	1	1	0	0	0	na	na	na	na	na	na	na	na	na	na	na	na	na	na	na	0	na	na	na	na	na	na	na	0	na	na	na	na	na	na	0	na	1	1	0	0	na
aoe_nova	1	0	0	0	0	na	na	na	na	na	na	na	na	na	na	na	na	na	na	na	0	na	na	na	na	na	na	na	0	na	na	na	na	na	na	0	na	0	na	na	0	na
arbalest_projectile_blackmetal	1	0	0	0	0	na	na	na	na	na	na	na	na	na	na	na	na	na	na	na	0	na	na	na	na	na	na	na	0	na	na	na	na	na	na	0	na	0	na	na	0	na
arbalest_projectile_bloodgold	1	0	0	0	0	na	na	na	na	na	na	na	na	na	na	na	na	na	na	na	0	na	na	na	na	na	na	na	0	na	na	na	na	na	na	0	na	0	na	na	0	na
arbalest_projectile_bone	1	0	0	0	0	na	na	na	na	na	na	na	na	na	na	na	na	na	na	na	0	na	na	na	na	na	na	na	0	na	na	na	na	na	na	0	na	0	na	na	0	na
arbalest_projectile_carapace	1	0	0	0	0	na	na	na	na	na	na	na	na	na	na	na	na	na	na	na	0	na	na	na	na	na	na	na	0	na	na	na	na	na	na	0	na	0	na	na	0	na
arbalest_projectile_charred	1	0	0	0	0	na	na	na	na	na	na	na	na	na	na	na	na	na	na	na	0	na	na	na	na	na	na	na	0	na	na	na	na	na	na	0	na	0	na	na	0	na
arbalest_projectile_iron	1	0	0	0	0	na	na	na	na	na	na	na	na	na	na	na	na	na	na	na	0	na	na	na	na	na	na	na	0	na	na	na	na	na	na	0	na	0	na	na	0	na
ArmorAshlandsMediumChest	1	1	0	0	0	na	na	na	na	na	na	na	na	na	na	na	na	na	na	na	0	na	na	na	na	na	na	na	0	na	na	na	na	na	na	0	na	1	10	0	0	na
ArmorAshlandsMediumlegs	1	1	0	0	0	na	na	na	na	na	na	na	na	na	na	na	na	na	na	na	0	na	na	na	na	na	na	na	0	na	na	na	na	na	na	0	na	1	10	0	0	na
ArmorBerserkerChest	1	1	0	0	0	na	na	na	na	na	na	na	na	na	na	na	na	na	na	na	0	na	na	na	na	na	na	na	0	na	na	na	na	na	na	0	na	1	10	0	0	na
ArmorBerserkerLegs	1	1	0	0	0	na	na	na	na	na	na	na	na	na	na	na	na	na	na	na	0	na	na	na	na	na	na	na	0	na	na	na	na	na	na	0	na	1	10	0	0	na
ArmorBerserkerUndeadChest	1	1	0	0	0	na	na	na	na	na	na	na	na	na	na	na	na	na	na	na	0	na	na	na	na	na	na	na	0	na	na	na	na	na	na	0	na	1	10	0	0	na
ArmorBerserkerUndeadLegs	1	1	0	0	0	na	na	na	na	na	na	na	na	na	na	na	na	na	na	na	0	na	na	na	na	na	na	na	0	na	na	na	na	na	na	0	na	1	10	0	0	na
ArmorBronzeChest	1	1	0	0	0	na	na	na	na	na	na	na	na	na	na	na	na	na	na	na	0	na	na	na	na	na	na	na	0	na	na	na	na	na	na	0	na	1	10	0	0	na
ArmorBronzeLegs	1	1	0	0	0	na	na	na	na	na	na	na	na	na	na	na	na	na	na	na	0	na	na	na	na	na	na	na	0	na	na	na	na	na	na	0	na	1	10	0	0	na
ArmorCarapaceChest	1	1	0	0	0	na	na	na	na	na	na	na	na	na	na	na	na	na	na	na	0	na	na	na	na	na	na	na	0	na	na	na	na	na	na	0	na	1	10	0	0	na
ArmorCarapaceLegs	1	1	0	0	0	na	na	na	na	na	na	na	na	na	na	na	na	na	na	na	0	na	na	na	na	na	na	na	0	na	na	na	na	na	na	0	na	1	10	0	0	na
ArmorDeepNorthHeavyChest	1	1	0	0	0	na	na	na	na	na	na	na	na	na	na	na	na	na	na	na	0	na	na	na	na	na	na	na	0	na	na	na	na	na	na	0	na	1	10	0	0	na
ArmorDeepNorthHeavylegs	1	1	0	0	0	na	na	na	na	na	na	na	na	na	na	na	na	na	na	na	0	na	na	na	na	na	na	na	0	na	na	na	na	na	na	0	na	1	10	0	0	na
ArmorDeepNorthMageChest	1	1	0	0	0	na	na	na	na	na	na	na	na	na	na	na	na	na	na	na	0	na	na	na	na	na	na	na	0	na	na	na	na	na	na	0	na	1	10	0	0	na
ArmorDeepNorthMagelegs	1	1	0	0	0	na	na	na	na	na	na	na	na	na	na	na	na	na	na	na	0	na	na	na	na	na	na	na	0	na	na	na	na	na	na	0	na	1	10	0	0	na
ArmorDeepNorthMediumChest	1	1	0	0	0	na	na	na	na	na	na	na	na	na	na	na	na	na	na	na	0	na	na	na	na	na	na	na	0	na	na	na	na	na	na	0	na	1	10	0	0	na
ArmorDeepNorthMediumlegs	1	1	0	0	0	na	na	na	na	na	na	na	na	na	na	na	na	na	na	na	0	na	na	na	na	na	na	na	0	na	na	na	na	na	na	0	na	1	10	0	0	na
ArmorDress1	1	1	0	0	0	na	na	na	na	na	na	na	na	na	na	na	na	na	na	na	0	na	na	na	na	na	na	na	0	na	na	na	na	na	na	0	na	1	10	0	0	na
ArmorDress10	1	1	0	0	0	na	na	na	na	na	na	na	na	na	na	na	na	na	na	na	0	na	na	na	na	na	na	na	0	na	na	na	na	na	na	0	na	1	10	0	0	na
ArmorDress2	1	1	0	0	0	na	na	na	na	na	na	na	na	na	na	na	na	na	na	na	0	na	na	na	na	na	na	na	0	na	na	na	na	na	na	0	na	1	10	0	0	na
ArmorDress3	1	1	0	0	0	na	na	na	na	na	na	na	na	na	na	na	na	na	na	na	0	na	na	na	na	na	na	na	0	na	na	na	na	na	na	0	na	1	10	0	0	na
ArmorDress4	1	1	0	0	0	na	na	na	na	na	na	na	na	na	na	na	na	na	na	na	0	na	na	na	na	na	na	na	0	na	na	na	na	na	na	0	na	1	10	0	0	na
ArmorDress5	1	1	0	0	0	na	na	na	na	na	na	na	na	na	na	na	na	na	na	na	0	na	na	na	na	na	na	na	0	na	na	na	na	na	na	0	na	1	10	0	0	na
ArmorDress6	1	1	0	0	0	na	na	na	na	na	na	na	na	na	na	na	na	na	na	na	0	na	na	na	na	na	na	na	0	na	na	na	na	na	na	0	na	1	10	0	0	na
ArmorDress7	1	1	0	0	0	na	na	na	na	na	na	na	na	na	na	na	na	na	na	na	0	na	na	na	na	na	na	na	0	na	na	na	na	na	na	0	na	1	10	0	0	na
ArmorDress8	1	1	0	0	0	na	na	na	na	na	na	na	na	na	na	na	na	na	na	na	0	na	na	na	na	na	na	na	0	na	na	na	na	na	na	0	na	1	10	0	0	na
ArmorDress9	1	1	0	0	0	na	na	na	na	na	na	na	na	na	na	na	na	na	na	na	0	na	na	na	na	na	na	na	0	na	na	na	na	na	na	0	na	1	10	0	0	na
ArmorFenringChest	1	1	0	0	0	na	na	na	na	na	na	na	na	na	na	na	na	na	na	na	0	na	na	na	na	na	na	na	0	na	na	na	na	na	na	0	na	1	10	0	0	na
ArmorFenringLegs	1	1	0	0	0	na	na	na	na	na	na	na	na	na	na	na	na	na	na	na	0	na	na	na	na	na	na	na	0	na	na	na	na	na	na	0	na	1	10	0	0	na
ArmorFlametalChest	1	1	0	0	0	na	na	na	na	na	na	na	na	na	na	na	na	na	na	na	0	na	na	na	na	na	na	na	0	na	na	na	na	na	na	0	na	1	10	0	0	na
ArmorFlametalLegs	1	1	0	0	0	na	na	na	na	na	na	na	na	na	na	na	na	na	na	na	0	na	na	na	na	na	na	na	0	na	na	na	na	na	na	0	na	1	10	0	0	na
ArmorGoldHeavyChestUncooked	1	1	0	0	0	na	na	na	na	na	na	na	na	na	na	na	na	na	na	na	0	na	na	na	na	na	na	na	0	na	na	na	na	na	na	0	na	1	1	0	0	na
ArmorGoldHeavyHelmetUncooked	1	1	0	0	0	na	na	na	na	na	na	na	na	na	na	na	na	na	na	na	0	na	na	na	na	na	na	na	0	na	na	na	na	na	na	0	na	1	1	0	0	na
ArmorGoldHeavyLegsUncooked	1	1	0	0	0	na	na	na	na	na	na	na	na	na	na	na	na	na	na	na	0	na	na	na	na	na	na	na	0	na	na	na	na	na	na	0	na	1	1	0	0	na
ArmorGoldMageChestUncooked	1	1	0	0	0	na	na	na	na	na	na	na	na	na	na	na	na	na	na	na	0	na	na	na	na	na	na	na	0	na	na	na	na	na	na	0	na	1	1	0	0	na
ArmorGoldMageHelmetUncooked	1	1	0	0	0	na	na	na	na	na	na	na	na	na	na	na	na	na	na	na	0	na	na	na	na	na	na	na	0	na	na	na	na	na	na	0	na	1	1	0	0	na
ArmorGoldMageLegsUncooked	1	1	0	0	0	na	na	na	na	na	na	na	na	na	na	na	na	na	na	na	0	na	na	na	na	na	na	na	0	na	na	na	na	na	na	0	na	1	1	0	0	na
ArmorGoldMediumChestUncooked	1	1	0	0	0	na	na	na	na	na	na	na	na	na	na	na	na	na	na	na	0	na	na	na	na	na	na	na	0	na	na	na	na	na	na	0	na	1	1	0	0	na
ArmorGoldMediumHelmetUncooked	1	1	0	0	0	na	na	na	na	na	na	na	na	na	na	na	na	na	na	na	0	na	na	na	na	na	na	na	0	na	na	na	na	na	na	0	na	1	1	0	0	na
ArmorGoldMediumLegsUncooked	1	1	0	0	0	na	na	na	na	na	na	na	na	na	na	na	na	na	na	na	0	na	na	na	na	na	na	na	0	na	na	na	na	na	na	0	na	1	1	0	0	na
ArmorHarvester1	1	1	0	0	0	na	na	na	na	na	na	na	na	na	na	na	na	na	na	na	0	na	na	na	na	na	na	na	0	na	na	na	na	na	na	0	na	1	10	0	0	na
ArmorHarvester2	1	1	0	0	0	na	na	na	na	na	na	na	na	na	na	na	na	na	na	na	0	na	na	na	na	na	na	na	0	na	na	na	na	na	na	0	na	1	10	0	0	na
ArmorIronChest	1	1	0	0	0	na	na	na	na	na	na	na	na	na	na	na	na	na	na	na	0	na	na	na	na	na	na	na	0	na	na	na	na	na	na	0	na	1	10	0	0	na
ArmorIronLegs	1	1	0	0	0	na	na	na	na	na	na	na	na	na	na	na	na	na	na	na	0	na	na	na	na	na	na	na	0	na	na	na	na	na	na	0	na	1	10	0	0	na
ArmorLeatherChest	1	1	0	0	0	na	na	na	na	na	na	na	na	na	na	na	na	na	na	na	0	na	na	na	na	na	na	na	0	na	na	na	na	na	na	0	na	1	10	0	0	na
ArmorLeatherLegs	1	1	0	0	0	na	na	na	na	na	na	na	na	na	na	na	na	na	na	na	0	na	na	na	na	na	na	na	0	na	na	na	na	na	na	0	na	1	10	0	0	na
ArmorLoxChest	1	1	0	0	0	na	na	na	na	na	na	na	na	na	na	na	na	na	na	na	0	na	na	na	na	na	na	na	0	na	na	na	na	na	na	0	na	1	10	0	0	na
ArmorLoxLegs	1	1	0	0	0	na	na	na	na	na	na	na	na	na	na	na	na	na	na	na	0	na	na	na	na	na	na	na	0	na	na	na	na	na	na	0	na	1	10	0	0	na
ArmorMageChest	1	1	0	0	0	na	na	na	na	na	na	na	na	na	na	na	na	na	na	na	0	na	na	na	na	na	na	na	0	na	na	na	na	na	na	0	na	1	10	0	0	na
ArmorMageChest_Ashlands	1	1	0	0	0	na	na	na	na	na	na	na	na	na	na	na	na	na	na	na	0	na	na	na	na	na	na	na	0	na	na	na	na	na	na	0	na	1	10	0	0	na
ArmorMageLegs	1	1	0	0	0	na	na	na	na	na	na	na	na	na	na	na	na	na	na	na	0	na	na	na	na	na	na	na	0	na	na	na	na	na	na	0	na	1	10	0	0	na
ArmorMageLegs_Ashlands	1	1	0	0	0	na	na	na	na	na	na	na	na	na	na	na	na	na	na	na	0	na	na	na	na	na	na	na	0	na	na	na	na	na	na	0	na	1	10	0	0	na
ArmorPaddedCuirass	1	1	0	0	0	na	na	na	na	na	na	na	na	na	na	na	na	na	na	na	0	na	na	na	na	na	na	na	0	na	na	na	na	na	na	0	na	1	10	0	0	na
ArmorPaddedGreaves	1	1	0	0	0	na	na	na	na	na	na	na	na	na	na	na	na	na	na	na	0	na	na	na	na	na	na	na	0	na	na	na	na	na	na	0	na	1	10	0	0	na
ArmorRagsChest	1	1	0	0	0	na	na	na	na	na	na	na	na	na	na	na	na	na	na	na	0	na	na	na	na	na	na	na	0	na	na	na	na	na	na	0	na	1	10	0	0	na
ArmorRagsLegs	1	1	0	0	0	na	na	na	na	na	na	na	na	na	na	na	na	na	na	na	0	na	na	na	na	na	na	na	0	na	na	na	na	na	na	0	na	1	10	0	0	na
ArmorRootChest	1	1	0	0	0	na	na	na	na	na	na	na	na	na	na	na	na	na	na	na	0	na	na	na	na	na	na	na	0	na	na	na	na	na	na	0	na	1	10	0	0	na
ArmorRootLegs	1	1	0	0	0	na	na	na	na	na	na	na	na	na	na	na	na	na	na	na	0	na	na	na	na	na	na	na	0	na	na	na	na	na	na	0	na	1	10	0	0	na
ArmorStand	1	1	0	0	1	0	0	0	0	0	0	0	1	0	1	0	1	0	4	$piece_armorstand	1	0	600	0	1	1	0	0	0	na	na	na	na	na	na	0	na	0	na	na	0	na
ArmorStand_Female	1	1	0	0	1	0	0	0	0	0	0	0	1	0	1	0	1	0	4	$piece_armorstand	1	0	50	0	1	1	0	0	0	na	na	na	na	na	na	0	na	0	na	na	0	na
ArmorStand_Male	1	1	0	0	1	0	0	0	0	0	0	0	1	0	1	0	1	0	4	$piece_armorstand_male	1	0	50	1	1	0	0	0	0	na	na	na	na	na	na	0	na	0	na	na	0	na
ArmorTrollLeatherChest	1	1	0	0	0	na	na	na	na	na	na	na	na	na	na	na	na	na	na	na	0	na	na	na	na	na	na	na	0	na	na	na	na	na	na	0	na	1	10	0	0	na
ArmorTrollLeatherLegs	1	1	0	0	0	na	na	na	na	na	na	na	na	na	na	na	na	na	na	na	0	na	na	na	na	na	na	na	0	na	na	na	na	na	na	0	na	1	10	0	0	na
ArmorTunic1	1	1	0	0	0	na	na	na	na	na	na	na	na	na	na	na	na	na	na	na	0	na	na	na	na	na	na	na	0	na	na	na	na	na	na	0	na	1	10	0	0	na
ArmorTunic10	1	1	0	0	0	na	na	na	na	na	na	na	na	na	na	na	na	na	na	na	0	na	na	na	na	na	na	na	0	na	na	na	na	na	na	0	na	1	10	0	0	na
ArmorTunic2	1	1	0	0	0	na	na	na	na	na	na	na	na	na	na	na	na	na	na	na	0	na	na	na	na	na	na	na	0	na	na	na	na	na	na	0	na	1	10	0	0	na
ArmorTunic3	1	1	0	0	0	na	na	na	na	na	na	na	na	na	na	na	na	na	na	na	0	na	na	na	na	na	na	na	0	na	na	na	na	na	na	0	na	1	10	0	0	na
ArmorTunic4	1	1	0	0	0	na	na	na	na	na	na	na	na	na	na	na	na	na	na	na	0	na	na	na	na	na	na	na	0	na	na	na	na	na	na	0	na	1	10	0	0	na
ArmorTunic5	1	1	0	0	0	na	na	na	na	na	na	na	na	na	na	na	na	na	na	na	0	na	na	na	na	na	na	na	0	na	na	na	na	na	na	0	na	1	10	0	0	na
ArmorTunic6	1	1	0	0	0	na	na	na	na	na	na	na	na	na	na	na	na	na	na	na	0	na	na	na	na	na	na	na	0	na	na	na	na	na	na	0	na	1	10	0	0	na
ArmorTunic7	1	1	0	0	0	na	na	na	na	na	na	na	na	na	na	na	na	na	na	na	0	na	na	na	na	na	na	na	0	na	na	na	na	na	na	0	na	1	10	0	0	na
ArmorTunic8	1	1	0	0	0	na	na	na	na	na	na	na	na	na	na	na	na	na	na	na	0	na	na	na	na	na	na	na	0	na	na	na	na	na	na	0	na	1	10	0	0	na
ArmorTunic9	1	1	0	0	0	na	na	na	na	na	na	na	na	na	na	na	na	na	na	na	0	na	na	na	na	na	na	na	0	na	na	na	na	na	na	0	na	1	10	0	0	na
ArmorWolfChest	1	1	0	0	0	na	na	na	na	na	na	na	na	na	na	na	na	na	na	na	0	na	na	na	na	na	na	na	0	na	na	na	na	na	na	0	na	1	10	0	0	na
ArmorWolfLegs	1	1	0	0	0	na	na	na	na	na	na	na	na	na	na	na	na	na	na	na	0	na	na	na	na	na	na	na	0	na	na	na	na	na	na	0	na	1	10	0	0	na
ArrowBloodGold	1	1	0	0	0	na	na	na	na	na	na	na	na	na	na	na	na	na	na	na	0	na	na	na	na	na	na	na	0	na	na	na	na	na	na	0	na	1	1	0	0	na
ArrowBronze	1	1	0	0	0	na	na	na	na	na	na	na	na	na	na	na	na	na	na	na	0	na	na	na	na	na	na	na	0	na	na	na	na	na	na	0	na	1	1	0	0	na
ArrowCarapace	1	1	0	0	0	na	na	na	na	na	na	na	na	na	na	na	na	na	na	na	0	na	na	na	na	na	na	na	0	na	na	na	na	na	na	0	na	1	1	0	0	na
ArrowCharred	1	1	0	0	0	na	na	na	na	na	na	na	na	na	na	na	na	na	na	na	0	na	na	na	na	na	na	na	0	na	na	na	na	na	na	0	na	1	1	0	0	na
ArrowFire	1	1	0	0	0	na	na	na	na	na	na	na	na	na	na	na	na	na	na	na	0	na	na	na	na	na	na	na	0	na	na	na	na	na	na	0	na	1	1	0	0	na
ArrowFlint	1	1	0	0	0	na	na	na	na	na	na	na	na	na	na	na	na	na	na	na	0	na	na	na	na	na	na	na	0	na	na	na	na	na	na	0	na	1	1	0	0	na
ArrowFrost	1	1	0	0	0	na	na	na	na	na	na	na	na	na	na	na	na	na	na	na	0	na	na	na	na	na	na	na	0	na	na	na	na	na	na	0	na	1	1	0	0	na
ArrowIron	1	1	0	0	0	na	na	na	na	na	na	na	na	na	na	na	na	na	na	na	0	na	na	na	na	na	na	na	0	na	na	na	na	na	na	0	na	1	1	0	0	na
ArrowNeedle	1	1	0	0	0	na	na	na	na	na	na	na	na	na	na	na	na	na	na	na	0	na	na	na	na	na	na	na	0	na	na	na	na	na	na	0	na	1	1	0	0	na
ArrowObsidian	1	1	0	0	0	na	na	na	na	na	na	na	na	na	na	na	na	na	na	na	0	na	na	na	na	na	na	na	0	na	na	na	na	na	na	0	na	1	1	0	0	na
ArrowPoison	1	1	0	0	0	na	na	na	na	na	na	na	na	na	na	na	na	na	na	na	0	na	na	na	na	na	na	na	0	na	na	na	na	na	na	0	na	1	1	0	0	na
ArrowSilver	1	1	0	0	0	na	na	na	na	na	na	na	na	na	na	na	na	na	na	na	0	na	na	na	na	na	na	na	0	na	na	na	na	na	na	0	na	1	1	0	0	na
ArrowWood	1	1	0	0	0	na	na	na	na	na	na	na	na	na	na	na	na	na	na	na	0	na	na	na	na	na	na	na	0	na	na	na	na	na	na	0	na	1	1	0	0	na
artisan_ext1	1	1	0	2	1	0	1	0	0	0	0	0	1	0	1	0	0	2	1	$piece_artisan_ext1	1	0	100	0	1	1	0	0	0	na	na	na	na	na	na	0	na	0	na	na	0	na
AshCrow	1	1	0	0	0	na	na	na	na	na	na	na	na	na	na	na	na	na	na	na	0	na	na	na	na	na	na	na	0	na	na	na	na	na	na	0	na	0	na	na	0	na
ashland_pot1_green	1	1	0	2	0	na	na	na	na	na	na	na	na	na	na	na	na	na	na	na	1	0	40	0	1	0	0	0	0	na	na	na	na	na	na	0	na	0	na	na	0	na
ashland_pot1_red	1	1	0	2	0	na	na	na	na	na	na	na	na	na	na	na	na	na	na	na	1	0	40	0	1	0	0	0	0	na	na	na	na	na	na	0	na	0	na	na	0	na
ashland_pot2_green	1	1	0	2	0	na	na	na	na	na	na	na	na	na	na	na	na	na	na	na	1	0	50	0	1	0	0	0	0	na	na	na	na	na	na	0	na	0	na	na	0	na
ashland_pot2_red	1	1	0	2	0	na	na	na	na	na	na	na	na	na	na	na	na	na	na	na	1	0	50	0	1	0	0	0	0	na	na	na	na	na	na	0	na	0	na	na	0	na
ashland_pot3_green	1	1	0	2	0	na	na	na	na	na	na	na	na	na	na	na	na	na	na	na	1	0	30	0	1	0	0	0	0	na	na	na	na	na	na	0	na	0	na	na	0	na
ashland_pot3_red	1	1	0	2	0	na	na	na	na	na	na	na	na	na	na	na	na	na	na	na	1	0	30	0	1	0	0	0	0	na	na	na	na	na	na	0	na	0	na	na	0	na
Ashland_Stair	1	1	0	2	0	na	na	na	na	na	na	na	na	na	na	na	na	na	na	na	1	5	1500	1	1	0	0	0	0	na	na	na	na	na	na	0	na	0	na	na	0	na
Ashland_Steepstair	1	1	0	2	0	na	na	na	na	na	na	na	na	na	na	na	na	na	na	na	1	6	500	1	1	0	0	0	0	na	na	na	na	na	na	0	na	0	na	na	0	na
Ashlands_Altar	1	1	0	2	0	na	na	na	na	na	na	na	na	na	na	na	na	na	na	na	1	6	1000	0	1	0	0	0	0	na	na	na	na	na	na	0	na	0	na	na	0	na
Ashlands_Arch1	1	1	0	2	1	0	0	0	0	0	0	0	0	0	0	0	0	0	3	$piece_stonewall1x1	1	6	2000	1	1	0	0	0	0	na	na	na	na	na	na	0	na	0	na	na	0	na
Ashlands_Arch2	1	1	0	2	1	0	0	0	0	0	0	0	0	0	0	0	0	0	3	$piece_stonewall1x1	1	6	1000	1	1	0	0	0	0	na	na	na	na	na	na	0	na	0	na	na	0	na
Ashlands_Arch2_Broken1	1	1	0	2	0	na	na	na	na	na	na	na	na	na	na	na	na	na	na	na	1	0	666	1	1	0	0	0	0	na	na	na	na	na	na	0	na	0	na	na	0	na
Ashlands_Arch2_Broken2	1	1	0	2	0	na	na	na	na	na	na	na	na	na	na	na	na	na	na	na	1	0	333	1	1	0	0	0	0	na	na	na	na	na	na	0	na	0	na	na	0	na
Ashlands_ArchRoof	1	1	0	2	0	na	na	na	na	na	na	na	na	na	na	na	na	na	na	na	0	na	na	na	na	na	na	na	0	na	na	na	na	na	na	0	na	0	na	na	0	na
Ashlands_ArchRoofDamaged	1	1	0	2	0	na	na	na	na	na	na	na	na	na	na	na	na	na	na	na	1	6	400	1	1	0	0	0	0	na	na	na	na	na	na	0	na	0	na	na	0	na
Ashlands_ArchRoofDamaged_half1	1	1	0	2	0	na	na	na	na	na	na	na	na	na	na	na	na	na	na	na	1	0	1000	1	1	0	0	0	0	na	na	na	na	na	na	0	na	0	na	na	0	na
Ashlands_ArchRoofDamaged_half2	1	1	0	2	0	na	na	na	na	na	na	na	na	na	na	na	na	na	na	na	1	0	1000	1	1	0	0	0	0	na	na	na	na	na	na	0	na	0	na	na	0	na
Ashlands_ArchRoofLong_Damaged	1	1	0	2	0	na	na	na	na	na	na	na	na	na	na	na	na	na	na	na	1	6	1000	1	1	0	0	0	0	na	na	na	na	na	na	0	na	0	na	na	0	na
Ashlands_Boss_Pillar	1	1	0	2	0	na	na	na	na	na	na	na	na	na	na	na	na	na	na	na	1	6	4000	1	1	0	0	0	0	na	na	na	na	na	na	0	na	0	na	na	0	na
Ashlands_Boss_Pillar_Twist_broken1	1	1	0	2	0	na	na	na	na	na	na	na	na	na	na	na	na	na	na	na	1	6	3000	1	1	0	0	0	0	na	na	na	na	na	na	0	na	0	na	na	0	na
Ashlands_Boss_Pillar_Twist_broken2	1	1	0	2	0	na	na	na	na	na	na	na	na	na	na	na	na	na	na	na	1	6	2000	1	1	0	0	0	0	na	na	na	na	na	na	0	na	0	na	na	0	na
Ashlands_Boss_Pillar_Twist_broken3	1	1	0	2	0	na	na	na	na	na	na	na	na	na	na	na	na	na	na	na	1	6	1000	0	1	0	0	0	0	na	na	na	na	na	na	0	na	0	na	na	0	na
Ashlands_Floor	1	1	0	2	0	na	na	na	na	na	na	na	na	na	na	na	na	na	na	na	1	6	333	1	1	0	0	0	0	na	na	na	na	na	na	0	na	0	na	na	0	na
Ashlands_floor_large	1	1	0	2	0	na	na	na	na	na	na	na	na	na	na	na	na	na	na	na	0	na	na	na	na	na	na	na	0	na	na	na	na	na	na	0	na	0	na	na	0	na
Ashlands_floor_large_fractured	1	1	0	2	0	na	na	na	na	na	na	na	na	na	na	na	na	na	na	na	0	na	na	na	na	na	na	na	0	na	na	na	na	na	na	0	na	0	na	na	0	na
Ashlands_Fortress_Floor	1	1	0	2	0	na	na	na	na	na	na	na	na	na	na	na	na	na	na	na	1	5	1500	1	1	0	0	5	0	na	na	na	na	na	na	0	na	0	na	na	0	na
Ashlands_Fortress_Gate	1	1	0	2	0	na	na	na	na	na	na	na	na	na	na	na	na	na	na	na	1	6	6000	1	0	0	0	5	0	na	na	na	na	na	na	0	na	0	na	na	0	na
Ashlands_Fortress_Gate_Door	1	1	0	2	0	na	na	na	na	na	na	na	na	na	na	na	na	na	na	na	1	5	6000	1	1	0	0	5	0	na	na	na	na	na	na	0	na	0	na	na	0	na
Ashlands_Fortress_Wall_Pillar	1	1	0	2	0	na	na	na	na	na	na	na	na	na	na	na	na	na	na	na	0	na	na	na	na	na	na	na	0	na	na	na	na	na	na	0	na	0	na	na	0	na
Ashlands_Fortress_Wall_Pillar_base	1	1	0	2	0	na	na	na	na	na	na	na	na	na	na	na	na	na	na	na	0	na	na	na	na	na	na	na	0	na	na	na	na	na	na	0	na	0	na	na	0	na
Ashlands_Fortress_Wall_Pillar_base_frac	1	1	1	2	0	na	na	na	na	na	na	na	na	na	na	na	na	na	na	na	0	na	na	na	na	na	na	na	0	na	na	na	na	na	na	0	na	0	na	na	0	na
Ashlands_Fortress_Wall_Pillar_frac	1	1	1	2	0	na	na	na	na	na	na	na	na	na	na	na	na	na	na	na	0	na	na	na	na	na	na	na	0	na	na	na	na	na	na	0	na	0	na	na	0	na
Ashlands_Fortress_Wall_PillarTop	1	1	0	2	0	na	na	na	na	na	na	na	na	na	na	na	na	na	na	na	0	na	na	na	na	na	na	na	0	na	na	na	na	na	na	0	na	0	na	na	0	na
Ashlands_Fortress_Wall_PillarTop_frac	1	1	1	2	0	na	na	na	na	na	na	na	na	na	na	na	na	na	na	na	0	na	na	na	na	na	na	na	0	na	na	na	na	na	na	0	na	0	na	na	0	na
Ashlands_Fortress_Wall_PillarTopStone	1	1	0	2	0	na	na	na	na	na	na	na	na	na	na	na	na	na	na	na	0	na	na	na	na	na	na	na	0	na	na	na	na	na	na	0	na	0	na	na	0	na
Ashlands_Fortress_Wall_PillarTopStone_frac	1	1	1	2	0	na	na	na	na	na	na	na	na	na	na	na	na	na	na	na	0	na	na	na	na	na	na	na	0	na	na	na	na	na	na	0	na	0	na	na	0	na
Ashlands_Fortress_Wall_Spikes	1	1	0	2	0	na	na	na	na	na	na	na	na	na	na	na	na	na	na	na	1	2	1500	1	1	0	0	5	0	na	na	na	na	na	na	0	na	0	na	na	0	na
Ashlands_Pillar4	1	1	0	2	0	na	na	na	na	na	na	na	na	na	na	na	na	na	na	na	1	6	1000	1	1	0	0	0	0	na	na	na	na	na	na	0	na	0	na	na	0	na
Ashlands_Pillar4_tip	1	1	0	2	0	na	na	na	na	na	na	na	na	na	na	na	na	na	na	na	1	6	500	1	1	0	0	0	0	na	na	na	na	na	na	0	na	0	na	na	0	na
Ashlands_Pillar4_tip_broken1	1	1	0	2	0	na	na	na	na	na	na	na	na	na	na	na	na	na	na	na	1	0	400	1	1	0	0	0	0	na	na	na	na	na	na	0	na	0	na	na	0	na
Ashlands_Pillar4_tip_broken2	1	1	0	2	0	na	na	na	na	na	na	na	na	na	na	na	na	na	na	na	1	0	200	0	1	0	0	0	0	na	na	na	na	na	na	0	na	0	na	na	0	na
Ashlands_Pillar4_tip2	1	1	0	2	0	na	na	na	na	na	na	na	na	na	na	na	na	na	na	na	1	6	500	1	1	0	0	0	0	na	na	na	na	na	na	0	na	0	na	na	0	na
Ashlands_Pillar4_tip2_broken1	1	1	0	2	0	na	na	na	na	na	na	na	na	na	na	na	na	na	na	na	1	0	400	1	1	0	0	0	0	na	na	na	na	na	na	0	na	0	na	na	0	na
Ashlands_Pillar4_tip2_broken2	1	1	0	2	0	na	na	na	na	na	na	na	na	na	na	na	na	na	na	na	1	0	200	0	1	0	0	0	0	na	na	na	na	na	na	0	na	0	na	na	0	na
Ashlands_Pillar4_tip3	1	1	0	2	0	na	na	na	na	na	na	na	na	na	na	na	na	na	na	na	1	6	1000	1	1	0	0	0	0	na	na	na	na	na	na	0	na	0	na	na	0	na
Ashlands_Pillar4_tip3_broken1	1	1	0	2	0	na	na	na	na	na	na	na	na	na	na	na	na	na	na	na	1	0	600	1	1	0	0	0	0	na	na	na	na	na	na	0	na	0	na	na	0	na
Ashlands_Pillar4_tip3_broken2	1	1	0	2	0	na	na	na	na	na	na	na	na	na	na	na	na	na	na	na	1	0	400	1	1	0	0	0	0	na	na	na	na	na	na	0	na	0	na	na	0	na
Ashlands_Pillar4_tip3_broken3	1	1	0	2	0	na	na	na	na	na	na	na	na	na	na	na	na	na	na	na	1	0	200	0	1	0	0	0	0	na	na	na	na	na	na	0	na	0	na	na	0	na
Ashlands_PillarBase3_double	1	1	0	2	0	na	na	na	na	na	na	na	na	na	na	na	na	na	na	na	1	0	400	1	1	0	0	0	0	na	na	na	na	na	na	0	na	0	na	na	0	na
Ashlands_Ramp	1	1	0	2	0	na	na	na	na	na	na	na	na	na	na	na	na	na	na	na	1	6	1000	1	1	0	0	0	0	na	na	na	na	na	na	0	na	0	na	na	0	na
Ashlands_rock1	1	1	1	2	0	na	na	na	na	na	na	na	na	na	na	na	na	na	na	na	0	na	na	na	na	na	na	na	0	na	na	na	na	na	na	0	na	0	na	na	0	na
Ashlands_rock2	1	1	0	2	0	na	na	na	na	na	na	na	na	na	na	na	na	na	na	na	0	na	na	na	na	na	na	na	0	na	na	na	na	na	na	0	na	0	na	na	0	na
Ashlands_Ruins_Floor_1point5x1point5	1	1	0	2	0	na	na	na	na	na	na	na	na	na	na	na	na	na	na	na	1	6	200	1	1	0	0	0	0	na	na	na	na	na	na	0	na	0	na	na	0	na
Ashlands_Ruins_Floor_1point5x1point5_broken	1	1	0	2	0	na	na	na	na	na	na	na	na	na	na	na	na	na	na	na	1	6	200	1	1	0	0	0	0	na	na	na	na	na	na	0	na	0	na	na	0	na
Ashlands_Ruins_Floor_3x3	1	1	0	2	0	na	na	na	na	na	na	na	na	na	na	na	na	na	na	na	1	5	500	1	1	0	0	0	0	na	na	na	na	na	na	0	na	0	na	na	0	na
Ashlands_Ruins_Floor_3x3_broken1	1	1	0	2	0	na	na	na	na	na	na	na	na	na	na	na	na	na	na	na	1	5	500	1	1	0	0	0	0	na	na	na	na	na	na	0	na	0	na	na	0	na
Ashlands_Ruins_Floor_3x3_broken2	1	1	0	2	0	na	na	na	na	na	na	na	na	na	na	na	na	na	na	na	1	5	1000	1	1	0	0	0	0	na	na	na	na	na	na	0	na	0	na	na	0	na
Ashlands_Ruins_Floor_3x3_broken3	1	1	0	2	0	na	na	na	na	na	na	na	na	na	na	na	na	na	na	na	1	5	500	1	1	0	0	0	0	na	na	na	na	na	na	0	na	0	na	na	0	na
Ashlands_Ruins_Floor_6x6	1	1	0	2	0	na	na	na	na	na	na	na	na	na	na	na	na	na	na	na	1	5	1000	1	1	0	0	0	0	na	na	na	na	na	na	0	na	0	na	na	0	na
Ashlands_Ruins_Floor_6x6_broken1	1	1	0	2	0	na	na	na	na	na	na	na	na	na	na	na	na	na	na	na	1	5	750	1	1	0	0	0	0	na	na	na	na	na	na	0	na	0	na	na	0	na
Ashlands_Ruins_Floor_6x6_broken2	1	1	0	2	0	na	na	na	na	na	na	na	na	na	na	na	na	na	na	na	1	5	750	1	1	0	0	0	0	na	na	na	na	na	na	0	na	0	na	na	0	na
Ashlands_Ruins_Ramp	1	1	0	2	0	na	na	na	na	na	na	na	na	na	na	na	na	na	na	na	1	6	1000	1	1	0	0	0	0	na	na	na	na	na	na	0	na	0	na	na	0	na
Ashlands_Ruins_Ramp_Upsidedown	1	1	0	2	0	na	na	na	na	na	na	na	na	na	na	na	na	na	na	na	1	6	1000	1	1	0	0	0	0	na	na	na	na	na	na	0	na	0	na	na	0	na
Ashlands_Ruins_TopStone	1	1	0	2	0	na	na	na	na	na	na	na	na	na	na	na	na	na	na	na	1	6	300	1	1	0	0	0	0	na	na	na	na	na	na	0	na	0	na	na	0	na
Ashlands_Ruins_twist_ArchBig	1	1	0	2	0	na	na	na	na	na	na	na	na	na	na	na	na	na	na	na	1	6	666	0	1	0	0	0	0	na	na	na	na	na	na	0	na	0	na	na	0	na
Ashlands_Ruins_twist_PillarBase	1	1	0	2	0	na	na	na	na	na	na	na	na	na	na	na	na	na	na	na	1	6	750	1	1	0	0	0	0	na	na	na	na	na	na	0	na	0	na	na	0	na
Ashlands_Ruins_twist_PillarBaseSmall	1	1	0	2	0	na	na	na	na	na	na	na	na	na	na	na	na	na	na	na	1	6	400	1	1	0	0	0	0	na	na	na	na	na	na	0	na	0	na	na	0	na
Ashlands_Ruins_Wall_4x6	1	1	0	2	0	na	na	na	na	na	na	na	na	na	na	na	na	na	na	na	0	na	na	na	na	na	na	na	0	na	na	na	na	na	na	0	na	0	na	na	0	na
Ashlands_Ruins_Wall_Broken3_4x6	1	1	0	2	0	na	na	na	na	na	na	na	na	na	na	na	na	na	na	na	1	6	333	1	1	0	0	0	0	na	na	na	na	na	na	0	na	0	na	na	0	na
Ashlands_Ruins_Wall_Broken4_4x6	1	1	0	2	0	na	na	na	na	na	na	na	na	na	na	na	na	na	na	na	1	6	333	1	1	0	0	0	0	na	na	na	na	na	na	0	na	0	na	na	0	na
Ashlands_Ruins_Wall_Broken5_4x6	1	1	0	2	0	na	na	na	na	na	na	na	na	na	na	na	na	na	na	na	1	6	333	1	1	0	0	0	0	na	na	na	na	na	na	0	na	0	na	na	0	na
Ashlands_Ruins_Wall_Top_wHole	1	1	0	2	0	na	na	na	na	na	na	na	na	na	na	na	na	na	na	na	1	1	1000	1	1	0	0	0	0	na	na	na	na	na	na	0	na	0	na	na	0	na
Ashlands_Ruins_Wall_Window_4x6_broken2	1	1	0	2	0	na	na	na	na	na	na	na	na	na	na	na	na	na	na	na	1	6	500	1	1	0	0	0	0	na	na	na	na	na	na	0	na	0	na	na	0	na
Ashlands_Ruins_Wall_Window_4x6_broken3	1	1	0	2	0	na	na	na	na	na	na	na	na	na	na	na	na	na	na	na	1	6	500	1	1	0	0	0	0	na	na	na	na	na	na	0	na	0	na	na	0	na
Ashlands_Ruins_Wall_Window_4x6_broken4	1	1	0	2	0	na	na	na	na	na	na	na	na	na	na	na	na	na	na	na	1	6	333	1	1	0	0	0	0	na	na	na	na	na	na	0	na	0	na	na	0	na
Ashlands_Ruins_Wall_Window_4x6_broken5	1	1	0	2	0	na	na	na	na	na	na	na	na	na	na	na	na	na	na	na	1	6	333	1	1	0	0	0	0	na	na	na	na	na	na	0	na	0	na	na	0	na
Ashlands_Ruins_Wall_Window_4x6_broken6	1	1	0	2	0	na	na	na	na	na	na	na	na	na	na	na	na	na	na	na	1	6	333	1	1	0	0	0	0	na	na	na	na	na	na	0	na	0	na	na	0	na
Ashlands_Ruins_Wall_Windows_Broken_4x6	1	1	0	2	0	na	na	na	na	na	na	na	na	na	na	na	na	na	na	na	0	na	na	na	na	na	na	na	0	na	na	na	na	na	na	0	na	0	na	na	0	na
Ashlands_StairsBroad	1	1	0	2	0	na	na	na	na	na	na	na	na	na	na	na	na	na	na	na	1	6	1000	1	1	0	0	0	0	na	na	na	na	na	na	0	na	0	na	na	0	na
Ashlands_Wall_2x2	1	1	0	2	0	na	na	na	na	na	na	na	na	na	na	na	na	na	na	na	1	5	1500	1	1	0	0	5	0	na	na	na	na	na	na	0	na	0	na	na	0	na
Ashlands_Wall_2x2_cornerL	1	1	0	2	0	na	na	na	na	na	na	na	na	na	na	na	na	na	na	na	1	5	1500	1	1	0	0	0	0	na	na	na	na	na	na	0	na	0	na	na	0	na
Ashlands_Wall_2x2_cornerL_top	1	1	0	2	0	na	na	na	na	na	na	na	na	na	na	na	na	na	na	na	1	5	1500	1	1	0	0	0	0	na	na	na	na	na	na	0	na	0	na	na	0	na
Ashlands_Wall_2x2_cornerR	1	1	0	2	0	na	na	na	na	na	na	na	na	na	na	na	na	na	na	na	1	5	1500	1	1	0	0	0	0	na	na	na	na	na	na	0	na	0	na	na	0	na
Ashlands_Wall_2x2_cornerR_top	1	1	0	2	0	na	na	na	na	na	na	na	na	na	na	na	na	na	na	na	1	5	1500	1	1	0	0	0	0	na	na	na	na	na	na	0	na	0	na	na	0	na
Ashlands_Wall_2x2_edge	1	1	0	2	0	na	na	na	na	na	na	na	na	na	na	na	na	na	na	na	1	5	1500	1	1	0	0	0	0	na	na	na	na	na	na	0	na	0	na	na	0	na
Ashlands_Wall_2x2_edge_top	1	1	0	2	0	na	na	na	na	na	na	na	na	na	na	na	na	na	na	na	1	5	1500	1	1	0	0	0	0	na	na	na	na	na	na	0	na	0	na	na	0	na
Ashlands_Wall_2x2_edge2	1	1	0	2	0	na	na	na	na	na	na	na	na	na	na	na	na	na	na	na	1	5	1500	1	1	0	0	0	0	na	na	na	na	na	na	0	na	0	na	na	0	na
Ashlands_Wall_2x2_edge2_top	1	1	0	2	0	na	na	na	na	na	na	na	na	na	na	na	na	na	na	na	1	5	1500	1	1	0	0	0	0	na	na	na	na	na	na	0	na	0	na	na	0	na
Ashlands_Wall_2x2_top	1	1	0	2	0	na	na	na	na	na	na	na	na	na	na	na	na	na	na	na	1	5	1500	1	1	0	0	0	0	na	na	na	na	na	na	0	na	0	na	na	0	na
Ashlands_WallBlock	1	1	0	2	0	na	na	na	na	na	na	na	na	na	na	na	na	na	na	na	0	na	na	na	na	na	na	na	0	na	na	na	na	na	na	0	na	0	na	na	0	na
Ashlands_WallBlock_1x2x2	1	1	0	2	1	0	0	0	0	0	0	0	0	0	0	0	0	0	3	$piece_stonewall1x1	1	4	1500	1	1	0	0	0	0	na	na	na	na	na	na	0	na	0	na	na	0	na
Ashlands_WallBlock_base	1	1	0	2	1	0	0	0	0	0	0	0	0	0	0	0	0	0	3	$piece_stonewall1x1	1	4	1500	1	1	0	0	0	0	na	na	na	na	na	na	0	na	0	na	na	0	na
AshlandsBranch1	1	1	0	0	0	na	na	na	na	na	na	na	na	na	na	na	na	na	na	na	0	na	na	na	na	na	na	na	0	na	na	na	na	na	na	0	na	0	na	na	0	na
AshlandsBranch2	1	1	0	0	0	na	na	na	na	na	na	na	na	na	na	na	na	na	na	na	0	na	na	na	na	na	na	na	0	na	na	na	na	na	na	0	na	0	na	na	0	na
AshlandsBranch3	1	1	0	0	0	na	na	na	na	na	na	na	na	na	na	na	na	na	na	na	0	na	na	na	na	na	na	na	0	na	na	na	na	na	na	0	na	0	na	na	0	na
AshlandsBush1	1	1	0	0	0	na	na	na	na	na	na	na	na	na	na	na	na	na	na	na	0	na	na	na	na	na	na	na	0	na	na	na	na	na	na	0	na	0	na	na	0	na
AshlandsBush2	1	1	0	0	0	na	na	na	na	na	na	na	na	na	na	na	na	na	na	na	0	na	na	na	na	na	na	na	0	na	na	na	na	na	na	0	na	0	na	na	0	na
AshlandsTree1	1	1	1	2	0	na	na	na	na	na	na	na	na	na	na	na	na	na	na	na	0	na	na	na	na	na	na	na	0	na	na	na	na	na	na	0	na	0	na	na	0	na
AshlandsTree3	1	1	1	2	0	na	na	na	na	na	na	na	na	na	na	na	na	na	na	na	0	na	na	na	na	na	na	na	0	na	na	na	na	na	na	0	na	0	na	na	0	na
AshlandsTree4	1	1	1	2	0	na	na	na	na	na	na	na	na	na	na	na	na	na	na	na	0	na	na	na	na	na	na	na	0	na	na	na	na	na	na	0	na	0	na	na	0	na
AshlandsTree5	1	1	1	2	0	na	na	na	na	na	na	na	na	na	na	na	na	na	na	na	0	na	na	na	na	na	na	na	0	na	na	na	na	na	na	0	na	0	na	na	0	na
AshlandsTree6	1	1	1	2	0	na	na	na	na	na	na	na	na	na	na	na	na	na	na	na	0	na	na	na	na	na	na	na	0	na	na	na	na	na	na	0	na	0	na	na	0	na
AshlandsTree6_big	1	1	1	2	0	na	na	na	na	na	na	na	na	na	na	na	na	na	na	na	0	na	na	na	na	na	na	na	0	na	na	na	na	na	na	0	na	0	na	na	0	na
AshlandsTreeLog1	1	1	0	0	0	na	na	na	na	na	na	na	na	na	na	na	na	na	na	na	0	na	na	na	na	na	na	na	0	na	na	na	na	na	na	1	0.3	1	100	0	0	na
AshlandsTreeLog2	1	1	0	0	0	na	na	na	na	na	na	na	na	na	na	na	na	na	na	na	0	na	na	na	na	na	na	na	0	na	na	na	na	na	na	1	0.3	1	100	0	0	na
AshlandsTreeLogHalf1	1	1	0	0	0	na	na	na	na	na	na	na	na	na	na	na	na	na	na	na	0	na	na	na	na	na	na	na	0	na	na	na	na	na	na	1	0.3	1	50	0	0	na
AshlandsTreeLogHalf2	1	1	0	0	0	na	na	na	na	na	na	na	na	na	na	na	na	na	na	na	0	na	na	na	na	na	na	na	0	na	na	na	na	na	na	1	0.3	1	50	0	0	na
AshlandsTreeStump1	1	1	0	0	0	na	na	na	na	na	na	na	na	na	na	na	na	na	na	na	0	na	na	na	na	na	na	na	0	na	na	na	na	na	na	0	na	0	na	na	0	na
AshlandsTreeStump2	1	1	0	0	0	na	na	na	na	na	na	na	na	na	na	na	na	na	na	na	0	na	na	na	na	na	na	na	0	na	na	na	na	na	na	0	na	0	na	na	0	na
AshlandsTreeStump3	1	1	0	0	0	na	na	na	na	na	na	na	na	na	na	na	na	na	na	na	0	na	na	na	na	na	na	na	0	na	na	na	na	na	na	0	na	0	na	na	0	na
ashwood_arch_big	1	1	0	2	1	0	0	0	0	0	0	0	0	0	0	0	0	0	2	$piece_ashwoodarch_big	1	0	400	1	1	1	0	0	0	na	na	na	na	na	na	0	na	0	na	na	0	na
ashwood_arch_bottom	1	1	0	2	1	0	0	0	0	0	0	0	0	0	0	0	0	0	2	$piece_ashwoodarch_bottom	1	0	400	1	1	1	0	0	0	na	na	na	na	na	na	0	na	0	na	na	0	na
ashwood_arch_top	1	1	0	2	1	0	0	0	0	0	0	0	0	0	0	0	0	0	2	$piece_ashwoodarch_top	1	0	400	1	1	1	0	0	0	na	na	na	na	na	na	0	na	0	na	na	0	na
ashwood_beam_1m	1	1	0	2	1	0	0	0	0	0	0	0	0	0	0	0	0	0	2	$piece_ashwood_beam_1m	1	0	400	1	1	1	0	0	0	na	na	na	na	na	na	0	na	0	na	na	0	na
ashwood_beam_2m	1	1	0	2	1	0	0	0	0	0	0	0	0	0	0	0	0	0	2	$piece_ashwood_beam_2m	1	0	400	1	1	1	0	0	0	na	na	na	na	na	na	0	na	0	na	na	0	na
ashwood_bed	1	1	0	2	1	0	1	0	0	0	0	0	1	0	1	0	1	0	4	$piece_ashwood_bed	1	0	100	1	1	1	0	0	0	na	na	na	na	na	na	0	na	0	na	na	0	na
ashwood_deco_floor	1	1	0	2	1	0	0	0	0	0	0	0	0	0	0	0	0	0	2	$piece_ashwood_floor_deco	1	0	200	1	1	1	0	0	0	na	na	na	na	na	na	0	na	0	na	na	0	na
ashwood_decowall_2x2	1	1	0	2	1	0	0	0	0	0	0	0	0	0	0	0	0	0	2	$piece_ashwood_decowall	1	0	400	1	1	1	0	0	0	na	na	na	na	na	na	0	na	0	na	na	0	na
ashwood_decowall_divider	1	1	0	2	1	0	0	0	0	0	0	0	0	0	0	0	0	0	2	$piece_ashwood_decowall_divider	1	0	400	1	1	1	0	0	0	na	na	na	na	na	na	0	na	0	na	na	0	na
ashwood_decowall_tree	1	1	0	2	1	0	0	0	0	0	0	0	0	0	0	0	0	0	2	$piece_ashwood_decowall_tree	1	0	400	1	1	1	0	0	0	na	na	na	na	na	na	0	na	0	na	na	0	na
ashwood_door	1	1	0	2	1	0	0	0	0	0	0	0	0	0	0	0	0	0	2	$piece_ashwood_door	1	0	1000	0	1	1	0	0	0	na	na	na	na	na	na	0	na	0	na	na	0	na
ashwood_floor_1x1	1	1	0	2	1	0	0	0	0	0	0	0	0	0	0	0	0	0	2	$piece_ashwood_floor_1x1	1	0	100	1	1	1	0	0	0	na	na	na	na	na	na	0	na	0	na	na	0	na
ashwood_floor_2x2	1	1	0	2	1	0	0	0	0	0	0	0	0	0	0	0	0	0	2	$piece_ashwood_floor_2x2	1	0	200	1	1	1	0	0	0	na	na	na	na	na	na	0	na	0	na	na	0	na
ashwood_halfwall_1x2	1	1	0	2	1	0	0	0	0	0	0	0	0	0	0	0	0	0	2	$piece_ashwood_halfwall	1	0	400	1	1	1	0	0	0	na	na	na	na	na	na	0	na	0	na	na	0	na
ashwood_pole_1m	1	1	0	2	1	0	0	0	0	0	0	0	0	0	0	0	0	0	2	$piece_ashwood_pole_1m	1	0	400	1	1	1	0	0	0	na	na	na	na	na	na	0	na	0	na	na	0	na
ashwood_pole_2m	1	1	0	2	1	0	0	0	0	0	0	0	0	0	0	0	0	0	2	$piece_ashwood_pole_2m	1	0	400	1	1	1	0	0	0	na	na	na	na	na	na	0	na	0	na	na	0	na
ashwood_quarterwall_1x1	1	1	0	2	1	0	0	0	0	0	0	0	0	0	0	0	0	0	2	$piece_ashwood_quarterwall	1	0	400	1	1	1	0	0	0	na	na	na	na	na	na	0	na	0	na	na	0	na
ashwood_stair	1	1	0	2	1	0	0	0	0	0	0	0	0	0	0	0	0	0	2	$piece_ashwoodstair	1	0	400	1	1	1	0	0	0	na	na	na	na	na	na	0	na	0	na	na	0	na
ashwood_wall_2x2	1	1	0	2	1	0	0	0	0	0	0	0	0	0	0	0	0	0	2	$piece_ashwood_wall	1	0	400	1	1	1	0	0	0	na	na	na	na	na	na	0	na	0	na	na	0	na
ashwood_wall_arch	1	1	0	2	1	0	0	0	0	0	0	0	0	0	0	0	0	0	2	$piece_ashwood_archedwall	1	0	400	1	1	1	0	0	0	na	na	na	na	na	na	0	na	0	na	na	0	na
ashwood_wall_beam_26	1	1	0	2	1	0	0	0	0	0	0	0	0	0	0	0	0	0	2	$piece_ashwoodbeam26	1	0	400	1	1	0	0	0	0	na	na	na	na	na	na	0	na	0	na	na	0	na
ashwood_wall_beam_26_alt	1	1	0	2	1	0	0	0	0	0	0	0	0	0	0	0	0	0	2	$piece_ashwoodbeam26	1	0	400	1	1	0	0	0	0	na	na	na	na	na	na	0	na	0	na	na	0	na
ashwood_wall_beam_45	1	1	0	2	1	0	0	0	0	0	0	0	0	0	0	0	0	0	2	$piece_ashwoodbeam45	1	0	400	1	1	0	0	0	0	na	na	na	na	na	na	0	na	0	na	na	0	na
ashwood_wall_beam_45_alt	1	1	0	2	1	0	0	0	0	0	0	0	0	0	0	0	0	0	2	$piece_ashwoodbeam45	1	0	400	1	1	0	0	0	0	na	na	na	na	na	na	0	na	0	na	na	0	na
ashwood_wall_beam_67	1	1	0	2	1	0	0	0	0	0	0	0	0	0	0	0	0	0	5	$piece_ashwoodbeam67	1	0	400	1	1	0	0	0	0	na	na	na	na	na	na	0	na	0	na	na	0	na
ashwood_wall_cross_26	1	1	0	2	1	0	0	0	0	0	0	0	0	0	0	0	0	0	2	$piece_ashwoodcross26	1	0	400	1	1	0	0	0	0	na	na	na	na	na	na	0	na	0	na	na	0	na
ashwood_wall_cross_26_alt	1	1	0	2	1	0	0	0	0	0	0	0	0	0	0	0	0	0	2	$piece_ashwoodcross26	1	0	400	1	1	0	0	0	0	na	na	na	na	na	na	0	na	0	na	na	0	na
ashwood_wall_cross_45	1	1	0	2	1	0	0	0	0	0	0	0	0	0	0	0	0	0	2	$piece_ashwoodcross45	1	0	400	1	1	0	0	0	0	na	na	na	na	na	na	0	na	0	na	na	0	na
ashwood_wall_cross_45_alt	1	1	0	2	1	0	0	0	0	0	0	0	0	0	0	0	0	0	2	$piece_ashwoodcross45	1	0	400	1	1	0	0	0	0	na	na	na	na	na	na	0	na	0	na	na	0	na
ashwood_wall_cross_67	1	1	0	2	1	0	0	0	0	0	0	0	0	0	0	0	0	0	5	$piece_ashwoodwallrooftop67	1	0	400	1	1	0	0	0	0	na	na	na	na	na	na	0	na	0	na	na	0	na
ashwood_wall_roof_26	1	1	0	2	1	0	0	0	0	0	0	0	0	0	0	0	0	0	2	$piece_ashwoodwallroof_26	1	0	400	1	1	0	0	0	0	na	na	na	na	na	na	0	na	0	na	na	0	na
ashwood_wall_roof_26_upsidedown	1	1	0	2	1	0	0	0	0	0	0	0	0	0	0	0	0	0	2	$piece_ashwoodwallroof_26_upsidedown	1	0	400	1	1	0	0	0	0	na	na	na	na	na	na	0	na	0	na	na	0	na
ashwood_wall_roof_45	1	1	0	2	1	0	0	0	0	0	0	0	0	0	0	0	0	0	2	$piece_ashwoodwallroof_45	1	0	400	1	1	0	0	0	0	na	na	na	na	na	na	0	na	0	na	na	0	na
ashwood_wall_roof_45_upsidedown	1	1	0	2	1	0	0	0	0	0	0	0	0	0	0	0	0	0	2	$piece_ashwoodwallroof_45_upsidedown	1	0	400	1	1	0	0	0	0	na	na	na	na	na	na	0	na	0	na	na	0	na
ashwood_wall_roof_67_a	1	1	0	2	1	0	0	0	0	0	0	0	0	0	0	0	0	0	5	$piece_ashwoodwallroof67	1	0	400	1	1	0	0	0	0	na	na	na	na	na	na	0	na	0	na	na	0	na
ashwood_wall_roof_67_upsidedown	1	1	0	2	1	0	0	0	0	0	0	0	0	0	0	0	0	0	5	$piece_ashwoodwallroof67upsidedown	1	0	400	1	1	0	0	0	0	na	na	na	na	na	na	0	na	0	na	na	0	na
AskBladder	1	1	0	0	0	na	na	na	na	na	na	na	na	na	na	na	na	na	na	na	0	na	na	na	na	na	na	na	0	na	na	na	na	na	na	0	na	1	1	0	0	na
AskHide	1	1	0	0	0	na	na	na	na	na	na	na	na	na	na	na	na	na	na	na	0	na	na	na	na	na	na	na	0	na	na	na	na	na	na	0	na	1	1	0	0	na
Asksvin	1	1	0	0	0	na	na	na	na	na	na	na	na	na	na	na	na	na	na	na	0	na	na	na	na	na	na	na	0	na	na	na	na	na	na	0	na	1	10	0	0	na
asksvin_carrion	1	1	0	2	0	na	na	na	na	na	na	na	na	na	na	na	na	na	na	na	1	1	150	0	1	0	0	0	0	na	na	na	na	na	na	0	na	0	na	na	0	na
asksvin_carrion2	1	1	0	2	0	na	na	na	na	na	na	na	na	na	na	na	na	na	na	na	1	1	150	0	1	0	0	0	0	na	na	na	na	na	na	0	na	0	na	na	0	na
Asksvin_hatchling	1	1	0	0	0	na	na	na	na	na	na	na	na	na	na	na	na	na	na	na	0	na	na	na	na	na	na	na	0	na	na	na	na	na	na	0	na	1	60	0	0	na
AsksvinCarrionNeck	1	1	0	0	0	na	na	na	na	na	na	na	na	na	na	na	na	na	na	na	0	na	na	na	na	na	na	na	0	na	na	na	na	na	na	0	na	1	15	0	0	na
AsksvinCarrionPelvic	1	1	0	0	0	na	na	na	na	na	na	na	na	na	na	na	na	na	na	na	0	na	na	na	na	na	na	na	0	na	na	na	na	na	na	0	na	1	15	0	0	na
AsksvinCarrionRibcage	1	1	0	0	0	na	na	na	na	na	na	na	na	na	na	na	na	na	na	na	0	na	na	na	na	na	na	na	0	na	na	na	na	na	na	0	na	1	15	0	0	na
AsksvinCarrionSkull	1	1	0	0	0	na	na	na	na	na	na	na	na	na	na	na	na	na	na	na	0	na	na	na	na	na	na	na	0	na	na	na	na	na	na	0	na	1	15	0	0	na
AsksvinEgg	1	1	0	0	0	na	na	na	na	na	na	na	na	na	na	na	na	na	na	na	0	na	na	na	na	na	na	na	0	na	na	na	na	na	na	0	na	1	1	0	0	na
AsksvinMeat	1	1	0	0	0	na	na	na	na	na	na	na	na	na	na	na	na	na	na	na	0	na	na	na	na	na	na	na	0	na	na	na	na	na	na	0	na	1	1	0	0	na
aspect_aoe_explosion	1	0	0	0	0	na	na	na	na	na	na	na	na	na	na	na	na	na	na	na	0	na	na	na	na	na	na	na	0	na	na	na	na	na	na	0	na	0	na	na	0	na
aspect_aoe_nova	1	0	0	0	0	na	na	na	na	na	na	na	na	na	na	na	na	na	na	na	0	na	na	na	na	na	na	na	0	na	na	na	na	na	na	0	na	0	na	na	0	na
Aspect_Bonemass	1	1	0	0	0	na	na	na	na	na	na	na	na	na	na	na	na	na	na	na	0	na	na	na	na	na	na	na	0	na	na	na	na	na	na	0	na	1	100	0	0	na
aspect_bonemass_aoe	1	0	0	0	0	na	na	na	na	na	na	na	na	na	na	na	na	na	na	na	0	na	na	na	na	na	na	na	0	na	na	na	na	na	na	0	na	0	na	na	0	na
aspect_bonemass_throw_projectile	1	0	0	0	0	na	na	na	na	na	na	na	na	na	na	na	na	na	na	na	0	na	na	na	na	na	na	na	0	na	na	na	na	na	na	0	na	0	na	na	0	na
Aspect_Eikthyr	1	1	0	0	0	na	na	na	na	na	na	na	na	na	na	na	na	na	na	na	0	na	na	na	na	na	na	na	0	na	na	na	na	na	na	0	na	1	50	0	0	na
Aspect_Elder	1	1	0	0	0	na	na	na	na	na	na	na	na	na	na	na	na	na	na	na	0	na	na	na	na	na	na	na	0	na	na	na	na	na	na	0	na	1	100	0	0	na
Aspect_Fader	1	1	0	0	0	na	na	na	na	na	na	na	na	na	na	na	na	na	na	na	0	na	na	na	na	na	na	na	0	na	na	na	na	na	na	0	na	1	100	0	0	na
aspect_Fader_Fissure_AOE	1	0	0	0	0	na	na	na	na	na	na	na	na	na	na	na	na	na	na	na	0	na	na	na	na	na	na	na	0	na	na	na	na	na	na	0	na	0	na	na	0	na
aspect_Fader_Flamebreath_AOE	1	0	0	0	0	na	na	na	na	na	na	na	na	na	na	na	na	na	na	na	0	na	na	na	na	na	na	na	0	na	na	na	na	na	na	0	na	0	na	na	0	na
aspect_Fader_WallOfFire_AOE	1	0	0	0	0	na	na	na	na	na	na	na	na	na	na	na	na	na	na	na	0	na	na	na	na	na	na	na	0	na	na	na	na	na	na	0	na	0	na	na	0	na
aspect_gdking_root_projectile	1	0	0	0	0	na	na	na	na	na	na	na	na	na	na	na	na	na	na	na	0	na	na	na	na	na	na	na	0	na	na	na	na	na	na	0	na	0	na	na	0	na
Aspect_Moder	1	1	0	0	0	na	na	na	na	na	na	na	na	na	na	na	na	na	na	na	0	na	na	na	na	na	na	na	0	na	na	na	na	na	na	0	na	1	500	0	0	na
aspect_projectile_beam	1	0	0	0	0	na	na	na	na	na	na	na	na	na	na	na	na	na	na	na	0	na	na	na	na	na	na	na	0	na	na	na	na	na	na	0	na	0	na	na	0	na
Aspect_SeekerQueen	1	1	0	0	0	na	na	na	na	na	na	na	na	na	na	na	na	na	na	na	0	na	na	na	na	na	na	na	0	na	na	na	na	na	na	0	na	1	100	0	0	na
aspect_SeekerQueen_projectile_spit	1	0	0	0	0	na	na	na	na	na	na	na	na	na	na	na	na	na	na	na	0	na	na	na	na	na	na	na	0	na	na	na	na	na	na	0	na	0	na	na	0	na
Aspect_TentaRoot	1	1	0	0	0	na	na	na	na	na	na	na	na	na	na	na	na	na	na	na	0	na	na	na	na	na	na	na	0	na	na	na	na	na	na	0	na	1	200	0	0	na
Aspect_Yagluth	1	1	0	0	0	na	na	na	na	na	na	na	na	na	na	na	na	na	na	na	0	na	na	na	na	na	na	na	0	na	na	na	na	na	na	0	na	1	100	0	0	na
AtgeirBlackmetal	1	1	0	0	0	na	na	na	na	na	na	na	na	na	na	na	na	na	na	na	0	na	na	na	na	na	na	na	0	na	na	na	na	na	na	0	na	1	1	0	0	na
AtgeirBronze	1	1	0	0	0	na	na	na	na	na	na	na	na	na	na	na	na	na	na	na	0	na	na	na	na	na	na	na	0	na	na	na	na	na	na	0	na	1	1	0	0	na
AtgeirGold	1	1	0	0	0	na	na	na	na	na	na	na	na	na	na	na	na	na	na	na	0	na	na	na	na	na	na	na	0	na	na	na	na	na	na	0	na	1	1	0	0	na
AtgeirGold_BloodLightning	1	1	0	0	0	na	na	na	na	na	na	na	na	na	na	na	na	na	na	na	0	na	na	na	na	na	na	na	0	na	na	na	na	na	na	0	na	1	1	0	0	na
AtgeirGold_FrostFire	1	1	0	0	0	na	na	na	na	na	na	na	na	na	na	na	na	na	na	na	0	na	na	na	na	na	na	na	0	na	na	na	na	na	na	0	na	1	1	0	0	na
AtgeirGoldUncooked	1	1	0	0	0	na	na	na	na	na	na	na	na	na	na	na	na	na	na	na	0	na	na	na	na	na	na	na	0	na	na	na	na	na	na	0	na	1	1	0	0	na
AtgeirHimminAfl	1	1	0	0	0	na	na	na	na	na	na	na	na	na	na	na	na	na	na	na	0	na	na	na	na	na	na	na	0	na	na	na	na	na	na	0	na	1	1	0	0	na
AtgeirIron	1	1	0	0	0	na	na	na	na	na	na	na	na	na	na	na	na	na	na	na	0	na	na	na	na	na	na	na	0	na	na	na	na	na	na	0	na	1	1	0	0	na
AtgeirWood	1	1	0	0	0	na	na	na	na	na	na	na	na	na	na	na	na	na	na	na	0	na	na	na	na	na	na	na	0	na	na	na	na	na	na	0	na	1	1	0	0	na
Axe1h_JotunWarrior	1	1	0	0	0	na	na	na	na	na	na	na	na	na	na	na	na	na	na	na	0	na	na	na	na	na	na	na	0	na	na	na	na	na	na	1	0.67	1	1	0	0	na
Axe1h_JotunWarrior 1	1	1	0	0	0	na	na	na	na	na	na	na	na	na	na	na	na	na	na	na	0	na	na	na	na	na	na	na	0	na	na	na	na	na	na	1	0.67	1	1	0	0	na
Axe2h_JotunWarrior	1	1	0	0	0	na	na	na	na	na	na	na	na	na	na	na	na	na	na	na	0	na	na	na	na	na	na	na	0	na	na	na	na	na	na	1	0.67	1	1	0	0	na
AxeBerzerkr	1	1	0	0	0	na	na	na	na	na	na	na	na	na	na	na	na	na	na	na	0	na	na	na	na	na	na	na	0	na	na	na	na	na	na	0	na	1	1	0	0	na
AxeBerzerkrBlood	1	1	0	0	0	na	na	na	na	na	na	na	na	na	na	na	na	na	na	na	0	na	na	na	na	na	na	na	0	na	na	na	na	na	na	0	na	1	1	0	0	na
AxeBerzerkrLightning	1	1	0	0	0	na	na	na	na	na	na	na	na	na	na	na	na	na	na	na	0	na	na	na	na	na	na	na	0	na	na	na	na	na	na	0	na	1	1	0	0	na
AxeBerzerkrNature	1	1	0	0	0	na	na	na	na	na	na	na	na	na	na	na	na	na	na	na	0	na	na	na	na	na	na	na	0	na	na	na	na	na	na	0	na	1	1	0	0	na
AxeBlackMetal	1	1	0	0	0	na	na	na	na	na	na	na	na	na	na	na	na	na	na	na	0	na	na	na	na	na	na	na	0	na	na	na	na	na	na	0	na	1	1	0	0	na
AxeBronze	1	1	0	0	0	na	na	na	na	na	na	na	na	na	na	na	na	na	na	na	0	na	na	na	na	na	na	na	0	na	na	na	na	na	na	0	na	1	1	0	0	na
AxeEarly	1	1	0	0	0	na	na	na	na	na	na	na	na	na	na	na	na	na	na	na	0	na	na	na	na	na	na	na	0	na	na	na	na	na	na	0	na	1	1	0	0	na
AxeFlint	1	1	0	0	0	na	na	na	na	na	na	na	na	na	na	na	na	na	na	na	0	na	na	na	na	na	na	na	0	na	na	na	na	na	na	0	na	1	1.5	0	0	na
AxeGold	1	1	0	0	0	na	na	na	na	na	na	na	na	na	na	na	na	na	na	na	0	na	na	na	na	na	na	na	0	na	na	na	na	na	na	0	na	1	1	0	0	na
AxeGold_BloodLightning	1	1	0	0	0	na	na	na	na	na	na	na	na	na	na	na	na	na	na	na	0	na	na	na	na	na	na	na	0	na	na	na	na	na	na	0	na	1	1	0	0	na
AxeGold_FrostFire	1	1	0	0	0	na	na	na	na	na	na	na	na	na	na	na	na	na	na	na	0	na	na	na	na	na	na	na	0	na	na	na	na	na	na	0	na	1	1	0	0	na
AxeGoldUncooked	1	1	0	0	0	na	na	na	na	na	na	na	na	na	na	na	na	na	na	na	0	na	na	na	na	na	na	na	0	na	na	na	na	na	na	0	na	1	1	0	0	na
AxeHead1	1	1	0	0	0	na	na	na	na	na	na	na	na	na	na	na	na	na	na	na	0	na	na	na	na	na	na	na	0	na	na	na	na	na	na	0	na	1	1	0	0	na
AxeHead2	1	1	0	0	0	na	na	na	na	na	na	na	na	na	na	na	na	na	na	na	0	na	na	na	na	na	na	na	0	na	na	na	na	na	na	0	na	1	1	0	0	na
AxeIron	1	1	0	0	0	na	na	na	na	na	na	na	na	na	na	na	na	na	na	na	0	na	na	na	na	na	na	na	0	na	na	na	na	na	na	0	na	1	1	0	0	na
AxeJotunBane	1	1	0	0	0	na	na	na	na	na	na	na	na	na	na	na	na	na	na	na	0	na	na	na	na	na	na	na	0	na	na	na	na	na	na	0	na	1	1	0	0	na
AxeStone	1	1	0	0	0	na	na	na	na	na	na	na	na	na	na	na	na	na	na	na	0	na	na	na	na	na	na	na	0	na	na	na	na	na	na	0	na	1	1	0	0	na
AxeWood	1	1	0	0	0	na	na	na	na	na	na	na	na	na	na	na	na	na	na	na	0	na	na	na	na	na	na	na	0	na	na	na	na	na	na	0	na	1	1	0	0	na
BakedPoteitr	1	1	0	0	1	0	1	0	0	0	0	0	1	0	1	0	0	0	6	$item_bakedpoteitr	1	0	10	0	1	1	0	0	0	na	na	na	na	na	na	0	na	1	1	0	0	na
BakedPoteitrUncooked	1	1	0	0	0	na	na	na	na	na	na	na	na	na	na	na	na	na	na	na	0	na	na	na	na	na	na	na	0	na	na	na	na	na	na	0	na	1	1	0	0	na
bar_ancientmetal_stack	1	1	0	2	1	0	0	0	0	0	0	0	0	0	0	0	0	0	0	$piece_ancientmetalstack	1	0	10	1	1	1	0	0	0	na	na	na	na	na	na	0	na	0	na	na	0	na
bar_blackmetal_stack	1	1	0	2	1	0	0	0	0	0	0	0	0	0	0	0	0	0	0	$piece_blackmetalbarstack	1	0	10	1	1	1	0	0	0	na	na	na	na	na	na	0	na	0	na	na	0	na
bar_bronze_stack	1	1	0	2	1	0	0	0	0	0	0	0	0	0	0	0	0	0	0	$piece_bronzebarstack	1	0	10	1	1	1	0	0	0	na	na	na	na	na	na	0	na	0	na	na	0	na
bar_copper_stack	1	1	0	2	1	0	0	0	0	0	0	0	0	0	0	0	0	0	0	$piece_copperbarstack	1	0	10	1	1	1	0	0	0	na	na	na	na	na	na	0	na	0	na	na	0	na
bar_flametal_stack	1	1	0	2	1	0	0	0	0	0	0	0	0	0	0	0	0	0	0	$piece_flametalbarstack	1	0	10	1	1	1	0	0	0	na	na	na	na	na	na	0	na	0	na	na	0	na
bar_gold_stack	1	1	0	2	1	0	0	0	0	0	0	0	0	0	0	0	0	0	0	$piece_bloodgoldbarstack	1	0	10	1	1	1	0	0	0	na	na	na	na	na	na	0	na	0	na	na	0	na
bar_iron_stack	1	1	0	2	1	0	0	0	0	0	0	0	0	0	0	0	0	0	0	$piece_ironbarstack	1	0	10	1	1	1	0	0	0	na	na	na	na	na	na	0	na	0	na	na	0	na
bar_silver_stack	1	1	0	2	1	0	0	0	0	0	0	0	0	0	0	0	0	0	0	$piece_silverbarstack	1	0	10	1	1	1	0	0	0	na	na	na	na	na	na	0	na	0	na	na	0	na
bar_tin_stack	1	1	0	2	1	0	0	0	0	0	0	0	0	0	0	0	0	0	0	$piece_tinbarstack	1	0	10	1	1	1	0	0	0	na	na	na	na	na	na	0	na	0	na	na	0	na
BarberKit	1	1	0	0	0	na	na	na	na	na	na	na	na	na	na	na	na	na	na	na	0	na	na	na	na	na	na	na	0	na	na	na	na	na	na	0	na	1	1	0	0	na
Barka	1	1	0	0	0	na	na	na	na	na	na	na	na	na	na	na	na	na	na	na	0	na	na	na	na	na	na	na	0	na	na	na	na	na	na	0	na	1	50	0	0	na
Barka_Ragdoll	1	1	0	0	0	na	na	na	na	na	na	na	na	na	na	na	na	na	na	na	0	na	na	na	na	na	na	na	0	na	na	na	na	na	na	0	na	0	na	na	0	na
BarkaBranch	1	1	0	0	0	na	na	na	na	na	na	na	na	na	na	na	na	na	na	na	0	na	na	na	na	na	na	na	0	na	na	na	na	na	na	0	na	1	1	0	0	na
Barley	1	1	0	0	0	na	na	na	na	na	na	na	na	na	na	na	na	na	na	na	0	na	na	na	na	na	na	na	0	na	na	na	na	na	na	0	na	1	1	0	0	na
BarleyFlour	1	1	0	0	0	na	na	na	na	na	na	na	na	na	na	na	na	na	na	na	0	na	na	na	na	na	na	na	0	na	na	na	na	na	na	0	na	1	1	0	0	na
BarleyWine	1	1	0	0	1	0	1	0	0	0	0	0	1	0	1	0	0	0	7	$item_barleywine	1	0	10	0	1	1	0	0	0	na	na	na	na	na	na	0	na	1	1	0	0	na
BarleyWineBase	1	1	0	0	0	na	na	na	na	na	na	na	na	na	na	na	na	na	na	na	0	na	na	na	na	na	na	na	0	na	na	na	na	na	na	0	na	1	1	0	0	na
barrell	1	1	0	0	0	na	na	na	na	na	na	na	na	na	na	na	na	na	na	na	0	na	na	na	na	na	na	na	0	na	na	na	na	na	na	1	0.5	1	15	0	0	na
BarrelRings	1	1	0	0	0	na	na	na	na	na	na	na	na	na	na	na	na	na	na	na	0	na	na	na	na	na	na	na	0	na	na	na	na	na	na	0	na	1	1	0	0	na
Bat	1	1	0	0	0	na	na	na	na	na	na	na	na	na	na	na	na	na	na	na	0	na	na	na	na	na	na	na	0	na	na	na	na	na	na	0	na	1	1	0	0	na
bat_melee	1	1	0	0	0	na	na	na	na	na	na	na	na	na	na	na	na	na	na	na	0	na	na	na	na	na	na	na	0	na	na	na	na	na	na	0	na	1	1	0	0	na
Bat_Swamp	1	1	0	0	0	na	na	na	na	na	na	na	na	na	na	na	na	na	na	na	0	na	na	na	na	na	na	na	0	na	na	na	na	na	na	0	na	1	1	0	0	na
BatteringRam	1	1	0	0	1	0	0	0	0	1	0	0	0	0	1	0	0	0	0	$tool_batteringram	1	0	3000	0	0	0	0	0	0	na	na	na	na	na	na	1	0.5	1	100	0	0	na
Battleaxe	1	1	0	0	0	na	na	na	na	na	na	na	na	na	na	na	na	na	na	na	0	na	na	na	na	na	na	na	0	na	na	na	na	na	na	0	na	1	1	0	0	na
BattleaxeBlackmetal	1	1	0	0	0	na	na	na	na	na	na	na	na	na	na	na	na	na	na	na	0	na	na	na	na	na	na	na	0	na	na	na	na	na	na	0	na	1	1	0	0	na
BattleaxeCrystal	1	1	0	0	0	na	na	na	na	na	na	na	na	na	na	na	na	na	na	na	0	na	na	na	na	na	na	na	0	na	na	na	na	na	na	0	na	1	1	0	0	na
BattleaxeGold	1	1	0	0	0	na	na	na	na	na	na	na	na	na	na	na	na	na	na	na	0	na	na	na	na	na	na	na	0	na	na	na	na	na	na	0	na	1	1	0	0	na
BattleaxeGold_BloodLightning	1	1	0	0	0	na	na	na	na	na	na	na	na	na	na	na	na	na	na	na	0	na	na	na	na	na	na	na	0	na	na	na	na	na	na	0	na	1	1	0	0	na
BattleaxeGold_FrostFire	1	1	0	0	0	na	na	na	na	na	na	na	na	na	na	na	na	na	na	na	0	na	na	na	na	na	na	na	0	na	na	na	na	na	na	0	na	1	1	0	0	na
BattleaxeGoldUncooked	1	1	0	0	0	na	na	na	na	na	na	na	na	na	na	na	na	na	na	na	0	na	na	na	na	na	na	na	0	na	na	na	na	na	na	0	na	1	1	0	0	na
BattleaxeSkullSplittur	1	1	0	0	0	na	na	na	na	na	na	na	na	na	na	na	na	na	na	na	0	na	na	na	na	na	na	na	0	na	na	na	na	na	na	0	na	1	1	0	0	na
BattleaxeWood	1	1	0	0	0	na	na	na	na	na	na	na	na	na	na	na	na	na	na	na	0	na	na	na	na	na	na	na	0	na	na	na	na	na	na	0	na	1	1	0	0	na
bed	1	1	0	2	1	0	1	0	0	0	0	0	1	0	1	0	1	0	4	$piece_bed	1	0	100	1	1	1	0	0	0	na	na	na	na	na	na	0	na	0	na	na	0	na
bee_aoe	1	0	0	0	0	na	na	na	na	na	na	na	na	na	na	na	na	na	na	na	0	na	na	na	na	na	na	na	0	na	na	na	na	na	na	0	na	0	na	na	0	na
beech_log	1	1	0	0	0	na	na	na	na	na	na	na	na	na	na	na	na	na	na	na	0	na	na	na	na	na	na	na	0	na	na	na	na	na	na	1	0.3	1	100	0	0	na
beech_log_half	1	1	0	0	0	na	na	na	na	na	na	na	na	na	na	na	na	na	na	na	0	na	na	na	na	na	na	na	0	na	na	na	na	na	na	1	0.3	1	50	0	0	na
Beech_Sapling	1	1	0	0	1	0	1	1	0	1	0	0	0	0	0	0	0	0	0	$prop_beech_sapling	0	na	na	na	na	na	na	na	0	na	na	na	na	na	na	0	na	0	na	na	0	na
Beech_small1	1	1	0	0	0	na	na	na	na	na	na	na	na	na	na	na	na	na	na	na	0	na	na	na	na	na	na	na	0	na	na	na	na	na	na	0	na	0	na	na	0	na
Beech_small2	1	1	0	0	0	na	na	na	na	na	na	na	na	na	na	na	na	na	na	na	0	na	na	na	na	na	na	na	0	na	na	na	na	na	na	0	na	0	na	na	0	na
Beech_Stub	1	1	0	0	0	na	na	na	na	na	na	na	na	na	na	na	na	na	na	na	0	na	na	na	na	na	na	na	0	na	na	na	na	na	na	0	na	0	na	na	0	na
Beech1	1	1	1	2	0	na	na	na	na	na	na	na	na	na	na	na	na	na	na	na	0	na	na	na	na	na	na	na	0	na	na	na	na	na	na	0	na	0	na	na	0	na
BeechSeeds	1	1	0	0	0	na	na	na	na	na	na	na	na	na	na	na	na	na	na	na	0	na	na	na	na	na	na	na	0	na	na	na	na	na	na	0	na	1	1	0	0	na
Beehive	1	1	0	0	0	na	na	na	na	na	na	na	na	na	na	na	na	na	na	na	1	0	50	1	1	0	20	0	0	na	na	na	na	na	na	0	na	0	na	na	0	na
Bell	1	1	0	0	0	na	na	na	na	na	na	na	na	na	na	na	na	na	na	na	0	na	na	na	na	na	na	na	0	na	na	na	na	na	na	0	na	1	1	0	0	na
BellFragment	1	1	0	0	0	na	na	na	na	na	na	na	na	na	na	na	na	na	na	na	0	na	na	na	na	na	na	na	0	na	na	na	na	na	na	0	na	1	1	0	0	na
BeltStrength	1	1	0	0	0	na	na	na	na	na	na	na	na	na	na	na	na	na	na	na	0	na	na	na	na	na	na	na	0	na	na	na	na	na	na	0	na	1	1	0	0	na
BigBranch	1	1	0	0	0	na	na	na	na	na	na	na	na	na	na	na	na	na	na	na	0	na	na	na	na	na	na	na	0	na	na	na	na	na	na	0	na	0	na	na	0	na
BigRock	1	1	0	2	0	na	na	na	na	na	na	na	na	na	na	na	na	na	na	na	0	na	na	na	na	na	na	na	0	na	na	na	na	na	na	0	na	0	na	na	0	na
Bilebag	1	1	0	0	0	na	na	na	na	na	na	na	na	na	na	na	na	na	na	na	0	na	na	na	na	na	na	na	0	na	na	na	na	na	na	0	na	1	1	0	0	na
bilebomb_explosion	1	0	0	0	0	na	na	na	na	na	na	na	na	na	na	na	na	na	na	na	0	na	na	na	na	na	na	na	0	na	na	na	na	na	na	0	na	0	na	na	0	na
bilebomb_projectile	1	0	0	0	0	na	na	na	na	na	na	na	na	na	na	na	na	na	na	na	0	na	na	na	na	na	na	na	0	na	na	na	na	na	na	0	na	0	na	na	0	na
Birch_log	1	1	0	0	0	na	na	na	na	na	na	na	na	na	na	na	na	na	na	na	0	na	na	na	na	na	na	na	0	na	na	na	na	na	na	1	0.3	1	100	0	0	na
Birch_log_half	1	1	0	0	0	na	na	na	na	na	na	na	na	na	na	na	na	na	na	na	0	na	na	na	na	na	na	na	0	na	na	na	na	na	na	1	0.3	1	50	0	0	na
Birch_Sapling	1	1	0	0	1	0	1	1	0	1	0	0	0	0	0	0	0	0	0	$prop_birch_sapling	0	na	na	na	na	na	na	na	0	na	na	na	na	na	na	0	na	0	na	na	0	na
Birch1	1	1	1	2	0	na	na	na	na	na	na	na	na	na	na	na	na	na	na	na	0	na	na	na	na	na	na	na	0	na	na	na	na	na	na	0	na	0	na	na	0	na
Birch1_aut	1	1	1	2	0	na	na	na	na	na	na	na	na	na	na	na	na	na	na	na	0	na	na	na	na	na	na	na	0	na	na	na	na	na	na	0	na	0	na	na	0	na
Birch2	1	1	1	2	0	na	na	na	na	na	na	na	na	na	na	na	na	na	na	na	0	na	na	na	na	na	na	na	0	na	na	na	na	na	na	0	na	0	na	na	0	na
Birch2_aut	1	1	1	2	0	na	na	na	na	na	na	na	na	na	na	na	na	na	na	na	0	na	na	na	na	na	na	na	0	na	na	na	na	na	na	0	na	0	na	na	0	na
BirchSeeds	1	1	0	0	0	na	na	na	na	na	na	na	na	na	na	na	na	na	na	na	0	na	na	na	na	na	na	na	0	na	na	na	na	na	na	0	na	1	1	0	0	na
BirchStub	1	1	0	0	0	na	na	na	na	na	na	na	na	na	na	na	na	na	na	na	0	na	na	na	na	na	na	na	0	na	na	na	na	na	na	0	na	0	na	na	0	na
Bjorn	1	1	0	0	0	na	na	na	na	na	na	na	na	na	na	na	na	na	na	na	0	na	na	na	na	na	na	na	0	na	na	na	na	na	na	0	na	1	60	0	0	na
bjorn_bite	1	0	0	0	0	na	na	na	na	na	na	na	na	na	na	na	na	na	na	na	0	na	na	na	na	na	na	na	0	na	na	na	na	na	na	0	na	1	1	0	0	na
bjorn_claws	1	0	0	0	0	na	na	na	na	na	na	na	na	na	na	na	na	na	na	na	0	na	na	na	na	na	na	na	0	na	na	na	na	na	na	0	na	1	1	0	0	na
Bjorn_ragdoll	1	1	0	0	0	na	na	na	na	na	na	na	na	na	na	na	na	na	na	na	0	na	na	na	na	na	na	na	0	na	na	na	na	na	na	0	na	0	na	na	0	na
Bjorn_sleeping	1	1	0	0	0	na	na	na	na	na	na	na	na	na	na	na	na	na	na	na	0	na	na	na	na	na	na	na	0	na	na	na	na	na	na	0	na	1	60	0	0	na
Bjorn_spiritcaller	1	1	0	0	0	na	na	na	na	na	na	na	na	na	na	na	na	na	na	na	0	na	na	na	na	na	na	na	0	na	na	na	na	na	na	0	na	1	60	0	0	na
bjorn_swipe_combo	1	0	0	0	0	na	na	na	na	na	na	na	na	na	na	na	na	na	na	na	0	na	na	na	na	na	na	na	0	na	na	na	na	na	na	0	na	1	1	0	0	na
bjorn_swipe_l	1	0	0	0	0	na	na	na	na	na	na	na	na	na	na	na	na	na	na	na	0	na	na	na	na	na	na	na	0	na	na	na	na	na	na	0	na	1	1	0	0	na
bjorn_swipe_r	1	0	0	0	0	na	na	na	na	na	na	na	na	na	na	na	na	na	na	na	0	na	na	na	na	na	na	na	0	na	na	na	na	na	na	0	na	1	1	0	0	na
BjornHide	1	1	0	0	0	na	na	na	na	na	na	na	na	na	na	na	na	na	na	na	0	na	na	na	na	na	na	na	0	na	na	na	na	na	na	0	na	1	1	0	0	na
BjornMeat	1	1	0	0	0	na	na	na	na	na	na	na	na	na	na	na	na	na	na	na	0	na	na	na	na	na	na	na	0	na	na	na	na	na	na	0	na	1	1	0	0	na
BjornPaw	1	1	0	0	0	na	na	na	na	na	na	na	na	na	na	na	na	na	na	na	0	na	na	na	na	na	na	na	0	na	na	na	na	na	na	0	na	1	1	0	0	na
BlackCore	1	1	0	0	0	na	na	na	na	na	na	na	na	na	na	na	na	na	na	na	0	na	na	na	na	na	na	na	0	na	na	na	na	na	na	0	na	1	1	0	0	na
BlackForestLocationMusic	1	1	0	0	0	na	na	na	na	na	na	na	na	na	na	na	na	na	na	na	0	na	na	na	na	na	na	na	0	na	na	na	na	na	na	0	na	0	na	na	0	na
blackforge	1	1	0	2	1	0	1	0	0	0	0	0	1	0	1	0	0	0	1	$piece_blackforge	1	0	200	0	1	1	0	0	0	na	na	na	na	na	na	0	na	0	na	na	0	na
blackforge_ext1	1	1	0	2	1	0	1	0	0	0	0	0	1	0	1	0	0	2	1	$piece_blackforge_ext1	1	0	100	0	1	1	0	0	0	na	na	na	na	na	na	0	na	0	na	na	0	na
blackforge_ext2_vise	1	1	0	2	1	0	1	0	0	0	0	0	1	0	1	0	0	2	1	$piece_blackforge_ext2	1	0	100	0	1	1	0	0	0	na	na	na	na	na	na	0	na	0	na	na	0	na
blackforge_ext3_metalcutter	1	1	0	2	1	0	1	0	0	0	0	0	1	0	1	0	0	2	1	$piece_blackforge_ext3	1	0	100	0	1	1	0	0	0	na	na	na	na	na	na	0	na	0	na	na	0	na
blackforge_ext4_gemcutter	1	1	0	2	1	0	1	0	0	0	0	0	1	0	1	0	0	2	1	$piece_blackforge_ext4	1	0	100	0	1	1	0	0	0	na	na	na	na	na	na	0	na	0	na	na	0	na
blackforge_ext5_apron	1	1	0	2	1	0	1	0	0	0	0	0	0	1	1	0	0	2	1	$piece_blackforge_ext5	1	0	100	0	1	1	0	0	0	na	na	na	na	na	na	0	na	0	na	na	0	na
BlackIce_Core	1	1	0	2	0	na	na	na	na	na	na	na	na	na	na	na	na	na	na	na	0	na	na	na	na	na	na	na	0	na	na	na	na	na	na	0	na	0	na	na	0	na
BlackIce_Core_outer	1	1	0	2	0	na	na	na	na	na	na	na	na	na	na	na	na	na	na	na	0	na	na	na	na	na	na	na	0	na	na	na	na	na	na	0	na	0	na	na	0	na
BlackIce_Start	1	1	0	2	0	na	na	na	na	na	na	na	na	na	na	na	na	na	na	na	0	na	na	na	na	na	na	na	0	na	na	na	na	na	na	0	na	0	na	na	0	na
BlackIceShard_01	1	1	0	2	0	na	na	na	na	na	na	na	na	na	na	na	na	na	na	na	0	na	na	na	na	na	na	na	0	na	na	na	na	na	na	0	na	0	na	na	0	na
BlackIceShard_02	1	1	0	2	0	na	na	na	na	na	na	na	na	na	na	na	na	na	na	na	0	na	na	na	na	na	na	na	0	na	na	na	na	na	na	0	na	0	na	na	0	na
BlackMarble	1	1	0	0	0	na	na	na	na	na	na	na	na	na	na	na	na	na	na	na	0	na	na	na	na	na	na	na	0	na	na	na	na	na	na	0	na	1	1	0	0	na
blackmarble_1x1	1	1	0	2	1	0	0	0	0	0	0	0	0	0	0	0	0	0	3	$piece_blackmarble1x1	1	4	1500	1	1	0	0	0	0	na	na	na	na	na	na	0	na	0	na	na	0	na
blackmarble_2x1x1	1	1	0	2	1	0	0	0	0	0	0	0	0	0	0	0	0	0	3	$piece_blackmarble2x1x1	1	4	1500	1	1	0	0	0	0	na	na	na	na	na	na	0	na	0	na	na	0	na
blackmarble_2x2_enforced	1	1	0	2	1	0	0	0	0	0	0	0	0	0	0	0	0	0	3	$piece_blackmarble2x2_enforced	1	2	1500	1	1	0	0	0	0	na	na	na	na	na	na	0	na	0	na	na	0	na
blackmarble_2x2x1	1	1	0	2	1	0	0	0	0	0	0	0	0	0	0	0	0	0	3	$piece_blackmarble2x2x1	1	4	1500	1	1	0	0	0	0	na	na	na	na	na	na	0	na	0	na	na	0	na
blackmarble_2x2x2	1	1	0	2	1	0	0	0	0	0	0	0	0	0	0	0	0	0	3	$piece_blackmarble2x2x2	1	4	1500	1	1	0	0	0	0	na	na	na	na	na	na	0	na	0	na	na	0	na
blackmarble_altar_crystal	1	1	0	2	0	na	na	na	na	na	na	na	na	na	na	na	na	na	na	na	0	na	na	na	na	na	na	na	0	na	na	na	na	na	na	0	na	0	na	na	0	na
blackmarble_altar_crystal_broken	1	1	0	2	0	na	na	na	na	na	na	na	na	na	na	na	na	na	na	na	0	na	na	na	na	na	na	na	0	na	na	na	na	na	na	0	na	0	na	na	0	na
blackmarble_arch	1	1	0	2	1	0	0	0	0	0	0	0	0	0	0	0	0	0	3	$piece_blackmarble_arch	1	4	1500	1	1	0	0	0	0	na	na	na	na	na	na	0	na	0	na	na	0	na
blackmarble_base_1	1	1	0	2	1	0	0	0	0	0	0	0	0	0	0	0	0	0	3	$piece_blackmarble_base1	1	4	1500	1	1	0	0	0	0	na	na	na	na	na	na	0	na	0	na	na	0	na
blackmarble_base_2	1	1	0	2	1	0	0	0	0	0	0	0	0	0	0	0	0	0	3	$piece_blackmarble_base2	1	4	1500	1	1	0	0	0	0	na	na	na	na	na	na	0	na	0	na	na	0	na
blackmarble_basecorner	1	1	0	2	1	0	0	0	0	0	0	0	0	0	0	0	0	0	3	$piece_blackmarble_basecorner	1	4	1500	1	1	0	0	0	0	na	na	na	na	na	na	0	na	0	na	na	0	na
blackmarble_column_1	1	1	0	2	1	0	0	0	0	0	0	0	0	0	0	0	0	0	3	$piece_blackmarble_column_1	1	4	1500	1	1	0	0	0	0	na	na	na	na	na	na	0	na	0	na	na	0	na
blackmarble_column_2	1	1	0	2	1	0	0	0	0	0	0	0	0	0	0	0	0	0	3	$piece_blackmarble_column_2	1	4	1500	1	1	0	0	0	0	na	na	na	na	na	na	0	na	0	na	na	0	na
blackmarble_column_3	1	1	0	2	1	0	0	0	0	0	0	0	0	0	0	0	0	0	3	$piece_blackmarble_column_3	1	4	4000	1	1	0	0	0	0	na	na	na	na	na	na	0	na	0	na	na	0	na
blackmarble_creep_4x1x1	1	1	0	2	1	0	0	0	0	0	0	0	0	0	0	0	0	0	3	$piece_blackmarble2x2x1	1	4	500	1	1	0	0	0	0	na	na	na	na	na	na	0	na	0	na	na	0	na
blackmarble_creep_4x2x1	1	1	0	2	1	0	0	0	0	0	0	0	0	0	0	0	0	0	3	$piece_blackmarble2x2x1	1	4	500	1	1	0	0	0	0	na	na	na	na	na	na	0	na	0	na	na	0	na
blackmarble_creep_slope_inverted_1x1x2	1	1	0	2	1	0	0	0	0	0	0	0	0	0	0	0	0	0	3	$piece_blackmarble_out1	1	4	500	1	1	0	0	0	0	na	na	na	na	na	na	0	na	0	na	na	0	na
blackmarble_creep_slope_inverted_2x2x1	1	1	0	2	1	0	0	0	0	0	0	0	0	0	0	0	0	0	3	$piece_blackmarble_out1	1	4	500	1	1	0	0	0	0	na	na	na	na	na	na	0	na	0	na	na	0	na
blackmarble_creep_stair	1	1	0	2	1	0	0	0	0	0	0	0	0	0	0	0	0	0	3	$piece_blackmarble_stair	1	4	500	1	1	0	0	0	0	na	na	na	na	na	na	0	na	0	na	na	0	na
blackmarble_floor	1	1	0	2	1	0	0	0	0	0	0	0	0	0	0	0	0	0	3	$piece_blackmarble_floor	1	4	1500	1	1	0	0	0	0	na	na	na	na	na	na	0	na	0	na	na	0	na
blackmarble_floor_large	1	1	0	2	1	0	0	0	0	1	0	0	0	0	0	0	0	0	3	$piece_blackmarble_floor4x4	1	4	6000	1	0	0	0	0	0	na	na	na	na	na	na	0	na	0	na	na	0	na
blackmarble_floor_triangle	1	1	0	2	1	0	0	0	0	0	0	0	0	0	0	0	0	0	3	$piece_blackmarble_floor_triangle	1	4	1500	1	1	0	0	0	0	na	na	na	na	na	na	0	na	0	na	na	0	na
blackmarble_head_big01	1	1	0	2	1	0	0	0	0	0	0	0	0	0	0	0	0	0	3	$piece_blackmarble_head_big1	1	4	1500	1	1	0	0	0	0	na	na	na	na	na	na	0	na	0	na	na	0	na
blackmarble_head_big02	1	1	0	2	1	0	0	0	0	0	0	0	0	0	0	0	0	0	3	$piece_blackmarble_head_big2	1	4	1500	1	1	0	0	0	0	na	na	na	na	na	na	0	na	0	na	na	0	na
blackmarble_head01	1	1	0	2	1	0	0	0	0	0	0	0	0	0	0	0	0	0	3	$piece_blackmarble_bronze_head1	1	2	1500	1	1	0	0	0	0	na	na	na	na	na	na	0	na	0	na	na	0	na
blackmarble_head02	1	1	0	2	1	0	0	0	0	0	0	0	0	0	0	0	0	0	3	$piece_blackmarble_bronze_head2	1	2	1500	1	1	0	0	0	0	na	na	na	na	na	na	0	na	0	na	na	0	na
blackmarble_out_1	1	1	0	2	1	0	0	0	0	0	0	0	0	0	0	0	0	0	3	$piece_blackmarble_out1	1	4	1500	1	1	0	0	0	0	na	na	na	na	na	na	0	na	0	na	na	0	na
blackmarble_out_2	1	1	0	2	1	0	0	0	0	0	0	0	0	0	0	0	0	0	3	$piece_blackmarble_out2	1	4	1500	1	1	0	0	0	0	na	na	na	na	na	na	0	na	0	na	na	0	na
blackmarble_outcorner	1	1	0	2	1	0	0	0	0	0	0	0	0	0	0	0	0	0	3	$piece_blackmarble_outcorner	1	4	1500	1	1	0	0	0	0	na	na	na	na	na	na	0	na	0	na	na	0	na
blackmarble_pile	1	1	0	2	1	0	0	0	0	0	0	0	0	0	0	0	0	0	0	$piece_marblepile	1	0	100	0	1	0	0	0	0	na	na	na	na	na	na	0	na	0	na	na	0	na
blackmarble_post01	1	1	0	2	0	na	na	na	na	na	na	na	na	na	na	na	na	na	na	na	0	na	na	na	na	na	na	na	0	na	na	na	na	na	na	0	na	0	na	na	0	na
blackmarble_slope_1x2	1	1	0	2	1	0	0	0	0	0	0	0	0	0	0	0	0	0	3	$piece_blackmarble_slope1x2	1	4	1500	1	1	0	0	0	0	na	na	na	na	na	na	0	na	0	na	na	0	na
blackmarble_slope_inverted_1x2	1	1	0	2	1	0	0	0	0	0	0	0	0	0	0	0	0	0	3	$piece_blackmarble_inverted_slope1x2	1	4	1500	1	1	0	0	0	0	na	na	na	na	na	na	0	na	0	na	na	0	na
blackmarble_stair	1	1	0	2	1	0	0	0	0	0	0	0	0	0	0	0	0	0	3	$piece_blackmarble_stair	1	4	1500	1	1	0	0	0	0	na	na	na	na	na	na	0	na	0	na	na	0	na
blackmarble_stair_corner	1	1	0	2	1	0	0	0	0	0	0	0	0	0	0	0	0	0	3	$piece_blackmarble_stair_corner_right	1	4	1500	1	1	0	0	0	0	na	na	na	na	na	na	0	na	0	na	na	0	na
blackmarble_stair_corner_left	1	1	0	2	1	0	0	0	0	0	0	0	0	0	0	0	0	0	3	$piece_blackmarble_stair_corner_left	1	4	1500	1	1	0	0	0	0	na	na	na	na	na	na	0	na	0	na	na	0	na
blackmarble_tile_floor_1x1	1	1	0	2	1	0	0	0	0	0	0	0	0	0	0	0	0	0	3	$piece_blackmarble_tile_floor_1x1	1	0	200	1	1	0	0	0	0	na	na	na	na	na	na	0	na	0	na	na	0	na
blackmarble_tile_floor_2x2	1	1	0	2	1	0	0	0	0	0	0	0	0	0	0	0	0	0	3	$piece_blackmarble_tile_floor_2x2	1	0	200	1	1	0	0	0	0	na	na	na	na	na	na	0	na	0	na	na	0	na
blackmarble_tile_wall_1x1	1	1	0	2	1	0	0	0	0	0	0	0	0	0	0	0	0	0	3	$piece_blackmarble_tile_wall_1x1	1	0	200	1	1	0	0	0	0	na	na	na	na	na	na	0	na	0	na	na	0	na
blackmarble_tile_wall_2x2	1	1	0	2	1	0	0	0	0	0	0	0	0	0	0	0	0	0	3	$piece_blackmarble_tile_wall_2x2	1	0	200	1	1	0	0	0	0	na	na	na	na	na	na	0	na	0	na	na	0	na
blackmarble_tile_wall_2x4	1	1	0	2	1	0	0	0	0	0	0	0	0	0	0	0	0	0	3	$piece_blackmarble_tile_wall_2x4	1	0	200	1	1	0	0	0	0	na	na	na	na	na	na	0	na	0	na	na	0	na
blackmarble_tip	1	1	0	2	1	0	0	0	0	0	0	0	0	0	0	0	0	0	3	$piece_blackmarble_tip	1	4	500	0	1	0	0	0	0	na	na	na	na	na	na	0	na	0	na	na	0	na
BlackMetal	1	1	0	0	0	na	na	na	na	na	na	na	na	na	na	na	na	na	na	na	0	na	na	na	na	na	na	na	0	na	na	na	na	na	na	0	na	1	1	0	0	na
BlackMetalScrap	1	1	0	0	0	na	na	na	na	na	na	na	na	na	na	na	na	na	na	na	0	na	na	na	na	na	na	na	0	na	na	na	na	na	na	0	na	1	1	0	0	na
BlackSoup	1	1	0	0	1	0	1	0	0	0	0	0	1	0	1	0	0	0	6	$item_blacksoup	1	0	10	0	1	1	0	0	0	na	na	na	na	na	na	0	na	1	1	0	0	na
Blackwood	1	1	0	0	0	na	na	na	na	na	na	na	na	na	na	na	na	na	na	na	0	na	na	na	na	na	na	na	0	na	na	na	na	na	na	1	0.7	1	10	0	0	na
blackwood_stack	1	1	0	2	1	0	0	0	0	0	0	0	0	0	0	0	0	0	0	$piece_blackwoodstack	1	0	10	1	1	1	0	0	0	na	na	na	na	na	na	0	na	0	na	na	0	na
blastfurnace	1	1	0	2	1	0	1	0	0	1	0	1	1	0	1	0	0	0	1	$piece_blastfurnace	1	1	2000	1	1	0	0	0	0	na	na	na	na	na	na	0	na	0	na	na	0	na
Blob	1	1	0	0	0	na	na	na	na	na	na	na	na	na	na	na	na	na	na	na	0	na	na	na	na	na	na	na	0	na	na	na	na	na	na	0	na	1	10	0	0	na
blob_aoe	1	0	0	0	0	na	na	na	na	na	na	na	na	na	na	na	na	na	na	na	0	na	na	na	na	na	na	na	0	na	na	na	na	na	na	0	na	0	na	na	0	na
BlobAspect	1	1	0	0	0	na	na	na	na	na	na	na	na	na	na	na	na	na	na	na	0	na	na	na	na	na	na	na	0	na	na	na	na	na	na	0	na	1	10	0	0	na
BlobElite	1	1	0	0	0	na	na	na	na	na	na	na	na	na	na	na	na	na	na	na	0	na	na	na	na	na	na	na	0	na	na	na	na	na	na	0	na	1	10	0	0	na
BlobFrost	1	1	0	0	0	na	na	na	na	na	na	na	na	na	na	na	na	na	na	na	0	na	na	na	na	na	na	na	0	na	na	na	na	na	na	0	na	1	10	0	0	na
BlobLava	1	1	0	0	0	na	na	na	na	na	na	na	na	na	na	na	na	na	na	na	0	na	na	na	na	na	na	na	0	na	na	na	na	na	na	0	na	1	10	0	0	na
BlobLava_explosion	1	0	0	0	0	na	na	na	na	na	na	na	na	na	na	na	na	na	na	na	0	na	na	na	na	na	na	na	0	na	na	na	na	na	na	0	na	0	na	na	0	na
BlobMork	1	1	0	0	0	na	na	na	na	na	na	na	na	na	na	na	na	na	na	na	0	na	na	na	na	na	na	na	0	na	na	na	na	na	na	0	na	1	10	0	0	na
BlobMorkBig	1	1	0	0	0	na	na	na	na	na	na	na	na	na	na	na	na	na	na	na	0	na	na	na	na	na	na	na	0	na	na	na	na	na	na	0	na	0	na	na	0	na
BlobMorkMini	1	1	0	0	0	na	na	na	na	na	na	na	na	na	na	na	na	na	na	na	0	na	na	na	na	na	na	na	0	na	na	na	na	na	na	0	na	1	10	0	0	na
BlobTar	1	1	0	0	0	na	na	na	na	na	na	na	na	na	na	na	na	na	na	na	0	na	na	na	na	na	na	na	0	na	na	na	na	na	na	0	na	1	10	0	0	na
blobtar_projectile_tarball	1	0	0	0	0	na	na	na	na	na	na	na	na	na	na	na	na	na	na	na	0	na	na	na	na	na	na	na	0	na	na	na	na	na	na	0	na	0	na	na	0	na
BlobVial	1	1	0	0	0	na	na	na	na	na	na	na	na	na	na	na	na	na	na	na	0	na	na	na	na	na	na	na	0	na	na	na	na	na	na	0	na	1	1.5	0	0	na
Bloodbag	1	1	0	0	0	na	na	na	na	na	na	na	na	na	na	na	na	na	na	na	0	na	na	na	na	na	na	na	0	na	na	na	na	na	na	0	na	1	1	0	0	na
BloodGoldKey	1	1	0	0	0	na	na	na	na	na	na	na	na	na	na	na	na	na	na	na	0	na	na	na	na	na	na	na	0	na	na	na	na	na	na	1	0.9	1	1	0	0	na
BloodPudding	1	1	0	0	1	0	1	0	0	0	0	0	1	0	1	0	0	0	6	$item_bloodpudding	1	0	10	0	1	1	0	0	0	na	na	na	na	na	na	0	na	1	1	0	0	na
Blueberries	1	1	0	0	1	0	1	0	0	0	0	0	1	0	1	0	0	0	6	$item_blueberries	1	0	10	0	1	1	0	0	0	na	na	na	na	na	na	0	na	1	1	0	0	na
BlueberryBush	1	1	0	0	0	na	na	na	na	na	na	na	na	na	na	na	na	na	na	na	0	na	na	na	na	na	na	na	0	na	na	na	na	na	na	0	na	0	na	na	0	na
Boar	1	1	0	0	0	na	na	na	na	na	na	na	na	na	na	na	na	na	na	na	0	na	na	na	na	na	na	na	0	na	na	na	na	na	na	0	na	1	10	0	0	na
Boar_piggy	1	1	0	0	0	na	na	na	na	na	na	na	na	na	na	na	na	na	na	na	0	na	na	na	na	na	na	na	0	na	na	na	na	na	na	0	na	1	4	0	0	na
boar_ragdoll	1	1	0	0	0	na	na	na	na	na	na	na	na	na	na	na	na	na	na	na	0	na	na	na	na	na	na	na	0	na	na	na	na	na	na	0	na	0	na	na	0	na
Boar_spiritcaller	1	1	0	0	0	na	na	na	na	na	na	na	na	na	na	na	na	na	na	na	0	na	na	na	na	na	na	na	0	na	na	na	na	na	na	0	na	1	10	0	0	na
BoarJerky	1	1	0	0	1	0	1	0	0	0	0	0	1	0	1	0	0	0	6	$item_boarjerky	1	0	10	0	1	1	0	0	0	na	na	na	na	na	na	0	na	1	1	0	0	na
BogWitch	1	1	0	0	0	na	na	na	na	na	na	na	na	na	na	na	na	na	na	na	0	na	na	na	na	na	na	na	0	na	na	na	na	na	na	0	na	0	na	na	0	na
BogWitch_Fire_Pit	1	1	0	2	1	0	1	0	0	0	0	1	1	0	1	0	1	0	0	$piece_firepit	0	na	na	na	na	na	na	na	0	na	na	na	na	na	na	0	na	0	na	na	0	na
BogWitchKvastur	1	1	0	0	0	na	na	na	na	na	na	na	na	na	na	na	na	na	na	na	0	na	na	na	na	na	na	na	0	na	na	na	na	na	na	0	na	1	10	0	0	na
BoltBlackmetal	1	1	0	0	0	na	na	na	na	na	na	na	na	na	na	na	na	na	na	na	0	na	na	na	na	na	na	na	0	na	na	na	na	na	na	0	na	1	1	0	0	na
BoltBloodGold	1	1	0	0	0	na	na	na	na	na	na	na	na	na	na	na	na	na	na	na	0	na	na	na	na	na	na	na	0	na	na	na	na	na	na	0	na	1	1	0	0	na
BoltBone	1	1	0	0	0	na	na	na	na	na	na	na	na	na	na	na	na	na	na	na	0	na	na	na	na	na	na	na	0	na	na	na	na	na	na	0	na	1	1	0	0	na
BoltCarapace	1	1	0	0	0	na	na	na	na	na	na	na	na	na	na	na	na	na	na	na	0	na	na	na	na	na	na	na	0	na	na	na	na	na	na	0	na	1	1	0	0	na
BoltCharred	1	1	0	0	0	na	na	na	na	na	na	na	na	na	na	na	na	na	na	na	0	na	na	na	na	na	na	na	0	na	na	na	na	na	na	0	na	1	1	0	0	na
BoltIron	1	1	0	0	0	na	na	na	na	na	na	na	na	na	na	na	na	na	na	na	0	na	na	na	na	na	na	na	0	na	na	na	na	na	na	0	na	1	1	0	0	na
bomb_lastboss_ice_explosion	1	0	0	0	0	na	na	na	na	na	na	na	na	na	na	na	na	na	na	na	0	na	na	na	na	na	na	na	0	na	na	na	na	na	na	0	na	0	na	na	0	na
BombBile	1	1	0	0	0	na	na	na	na	na	na	na	na	na	na	na	na	na	na	na	0	na	na	na	na	na	na	na	0	na	na	na	na	na	na	0	na	1	1	0	0	na
BombBlob_Frost	1	1	0	0	0	na	na	na	na	na	na	na	na	na	na	na	na	na	na	na	0	na	na	na	na	na	na	na	0	na	na	na	na	na	na	0	na	1	1	0	0	na
BombBlob_Frost_projectile	1	0	0	0	0	na	na	na	na	na	na	na	na	na	na	na	na	na	na	na	0	na	na	na	na	na	na	na	0	na	na	na	na	na	na	0	na	0	na	na	0	na
BombBlob_Lava	1	1	0	0	0	na	na	na	na	na	na	na	na	na	na	na	na	na	na	na	0	na	na	na	na	na	na	na	0	na	na	na	na	na	na	0	na	1	1	0	0	na
BombBlob_Lava_projectile	1	0	0	0	0	na	na	na	na	na	na	na	na	na	na	na	na	na	na	na	0	na	na	na	na	na	na	na	0	na	na	na	na	na	na	0	na	0	na	na	0	na
BombBlob_Morkhalla	1	1	0	0	0	na	na	na	na	na	na	na	na	na	na	na	na	na	na	na	0	na	na	na	na	na	na	na	0	na	na	na	na	na	na	0	na	1	1	0	0	na
BombBlob_Morkhalla_projectile	1	0	0	0	0	na	na	na	na	na	na	na	na	na	na	na	na	na	na	na	0	na	na	na	na	na	na	na	0	na	na	na	na	na	na	0	na	0	na	na	0	na
BombBlob_Poison	1	1	0	0	0	na	na	na	na	na	na	na	na	na	na	na	na	na	na	na	0	na	na	na	na	na	na	na	0	na	na	na	na	na	na	0	na	1	1	0	0	na
BombBlob_Poison_projectile	1	0	0	0	0	na	na	na	na	na	na	na	na	na	na	na	na	na	na	na	0	na	na	na	na	na	na	na	0	na	na	na	na	na	na	0	na	0	na	na	0	na
BombBlob_PoisonElite	1	1	0	0	0	na	na	na	na	na	na	na	na	na	na	na	na	na	na	na	0	na	na	na	na	na	na	na	0	na	na	na	na	na	na	0	na	1	1	0	0	na
BombBlob_PoisonElite_projectile	1	0	0	0	0	na	na	na	na	na	na	na	na	na	na	na	na	na	na	na	0	na	na	na	na	na	na	na	0	na	na	na	na	na	na	0	na	0	na	na	0	na
BombBlob_Tar	1	1	0	0	0	na	na	na	na	na	na	na	na	na	na	na	na	na	na	na	0	na	na	na	na	na	na	na	0	na	na	na	na	na	na	0	na	1	1	0	0	na
BombBlob_Tar_projectile	1	0	0	0	0	na	na	na	na	na	na	na	na	na	na	na	na	na	na	na	0	na	na	na	na	na	na	na	0	na	na	na	na	na	na	0	na	0	na	na	0	na
BombDynamite	1	1	0	0	0	na	na	na	na	na	na	na	na	na	na	na	na	na	na	na	0	na	na	na	na	na	na	na	0	na	na	na	na	na	na	0	na	1	1	0	0	na
bombdynamite_explosion	1	0	0	0	0	na	na	na	na	na	na	na	na	na	na	na	na	na	na	na	0	na	na	na	na	na	na	na	0	na	na	na	na	na	na	0	na	0	na	na	0	na
bombdynamite_projectile	1	0	0	0	0	na	na	na	na	na	na	na	na	na	na	na	na	na	na	na	0	na	na	na	na	na	na	na	0	na	na	na	na	na	na	0	na	0	na	na	0	na
BombLava	1	1	0	0	0	na	na	na	na	na	na	na	na	na	na	na	na	na	na	na	0	na	na	na	na	na	na	na	0	na	na	na	na	na	na	0	na	1	1	0	0	na
BombOoze	1	1	0	0	0	na	na	na	na	na	na	na	na	na	na	na	na	na	na	na	0	na	na	na	na	na	na	na	0	na	na	na	na	na	na	0	na	1	1	0	0	na
BombSiege	1	1	0	0	0	na	na	na	na	na	na	na	na	na	na	na	na	na	na	na	0	na	na	na	na	na	na	na	0	na	na	na	na	na	na	0	na	1	1	0	0	na
BombSmoke	1	1	0	0	0	na	na	na	na	na	na	na	na	na	na	na	na	na	na	na	0	na	na	na	na	na	na	na	0	na	na	na	na	na	na	0	na	1	1	0	0	na
bone_stack	1	1	0	2	1	0	0	0	0	0	0	0	0	0	0	0	0	0	0	$piece_bonestack	1	0	10	1	1	1	0	0	0	na	na	na	na	na	na	0	na	0	na	na	0	na
BoneFragments	1	1	0	0	0	na	na	na	na	na	na	na	na	na	na	na	na	na	na	na	0	na	na	na	na	na	na	na	0	na	na	na	na	na	na	0	na	1	1	0	0	na
Bonemass	1	1	0	0	0	na	na	na	na	na	na	na	na	na	na	na	na	na	na	na	0	na	na	na	na	na	na	na	0	na	na	na	na	na	na	0	na	1	100	0	0	na
bonemass_aoe	1	0	0	0	0	na	na	na	na	na	na	na	na	na	na	na	na	na	na	na	0	na	na	na	na	na	na	na	0	na	na	na	na	na	na	0	na	0	na	na	0	na
bonemass_throw_projectile	1	0	0	0	0	na	na	na	na	na	na	na	na	na	na	na	na	na	na	na	0	na	na	na	na	na	na	na	0	na	na	na	na	na	na	0	na	0	na	na	0	na
BonemawSerpent	1	1	0	0	0	na	na	na	na	na	na	na	na	na	na	na	na	na	na	na	0	na	na	na	na	na	na	na	0	na	na	na	na	na	na	0	na	1	30	0	0	na
BonemawSerpent_breath_aoe	1	0	0	0	0	na	na	na	na	na	na	na	na	na	na	na	na	na	na	na	0	na	na	na	na	na	na	na	0	na	na	na	na	na	na	0	na	0	na	na	0	na
BonemawSerpent_projectile	1	0	0	0	0	na	na	na	na	na	na	na	na	na	na	na	na	na	na	na	0	na	na	na	na	na	na	na	0	na	na	na	na	na	na	0	na	0	na	na	0	na
BoneMawSerpentMeat	1	1	0	0	0	na	na	na	na	na	na	na	na	na	na	na	na	na	na	na	0	na	na	na	na	na	na	na	0	na	na	na	na	na	na	1	0.45	1	1	0	0	na
BonemawSerpentScale	1	1	0	0	0	na	na	na	na	na	na	na	na	na	na	na	na	na	na	na	0	na	na	na	na	na	na	na	0	na	na	na	na	na	na	0	na	1	1	0	0	na
BonemawSerpentTooth	1	1	0	0	0	na	na	na	na	na	na	na	na	na	na	na	na	na	na	na	0	na	na	na	na	na	na	na	0	na	na	na	na	na	na	1	0.45	1	1	0	0	na
BonePileSpawner	1	1	0	0	0	na	na	na	na	na	na	na	na	na	na	na	na	na	na	na	0	na	na	na	na	na	na	na	0	na	na	na	na	na	na	0	na	0	na	na	0	na
BonePileSpawner_swamp	1	1	0	0	0	na	na	na	na	na	na	na	na	na	na	na	na	na	na	na	0	na	na	na	na	na	na	na	0	na	na	na	na	na	na	0	na	0	na	na	0	na
bonfire	1	1	0	2	1	0	1	0	0	1	0	1	1	0	1	0	1	0	0	$piece_bonfire	1	0	300	0	1	0	0	0	0	na	na	na	na	na	na	0	na	0	na	na	0	na
BossStone_Bonemass	1	1	0	2	0	na	na	na	na	na	na	na	na	na	na	na	na	na	na	na	0	na	na	na	na	na	na	na	0	na	na	na	na	na	na	0	na	0	na	na	0	na
BossStone_DragonQueen	1	1	0	2	0	na	na	na	na	na	na	na	na	na	na	na	na	na	na	na	0	na	na	na	na	na	na	na	0	na	na	na	na	na	na	0	na	0	na	na	0	na
BossStone_Eikthyr	1	1	0	2	0	na	na	na	na	na	na	na	na	na	na	na	na	na	na	na	0	na	na	na	na	na	na	na	0	na	na	na	na	na	na	0	na	0	na	na	0	na
BossStone_Fader	1	1	0	2	0	na	na	na	na	na	na	na	na	na	na	na	na	na	na	na	0	na	na	na	na	na	na	na	0	na	na	na	na	na	na	0	na	0	na	na	0	na
BossStone_TheElder	1	1	0	2	0	na	na	na	na	na	na	na	na	na	na	na	na	na	na	na	0	na	na	na	na	na	na	na	0	na	na	na	na	na	na	0	na	0	na	na	0	na
BossStone_TheQueen	1	1	0	2	0	na	na	na	na	na	na	na	na	na	na	na	na	na	na	na	0	na	na	na	na	na	na	na	0	na	na	na	na	na	na	0	na	0	na	na	0	na
BossStone_Yagluth	1	1	0	2	0	na	na	na	na	na	na	na	na	na	na	na	na	na	na	na	0	na	na	na	na	na	na	na	0	na	na	na	na	na	na	0	na	0	na	na	0	na
Bow	1	1	0	0	0	na	na	na	na	na	na	na	na	na	na	na	na	na	na	na	0	na	na	na	na	na	na	na	0	na	na	na	na	na	na	1	0.2	1	1	0	0	na
bow_projectile	1	0	0	0	0	na	na	na	na	na	na	na	na	na	na	na	na	na	na	na	0	na	na	na	na	na	na	na	0	na	na	na	na	na	na	0	na	0	na	na	0	na
bow_projectile_bloodgold	1	0	0	0	0	na	na	na	na	na	na	na	na	na	na	na	na	na	na	na	0	na	na	na	na	na	na	na	0	na	na	na	na	na	na	0	na	0	na	na	0	na
bow_projectile_bronze	1	0	0	0	0	na	na	na	na	na	na	na	na	na	na	na	na	na	na	na	0	na	na	na	na	na	na	na	0	na	na	na	na	na	na	0	na	0	na	na	0	na
bow_projectile_carapace	1	0	0	0	0	na	na	na	na	na	na	na	na	na	na	na	na	na	na	na	0	na	na	na	na	na	na	na	0	na	na	na	na	na	na	0	na	0	na	na	0	na
bow_projectile_charred	1	0	0	0	0	na	na	na	na	na	na	na	na	na	na	na	na	na	na	na	0	na	na	na	na	na	na	na	0	na	na	na	na	na	na	0	na	0	na	na	0	na
bow_projectile_fire	1	0	0	0	0	na	na	na	na	na	na	na	na	na	na	na	na	na	na	na	0	na	na	na	na	na	na	na	0	na	na	na	na	na	na	0	na	0	na	na	0	na
bow_projectile_flint	1	0	0	0	0	na	na	na	na	na	na	na	na	na	na	na	na	na	na	na	0	na	na	na	na	na	na	na	0	na	na	na	na	na	na	0	na	0	na	na	0	na
bow_projectile_frost	1	0	0	0	0	na	na	na	na	na	na	na	na	na	na	na	na	na	na	na	0	na	na	na	na	na	na	na	0	na	na	na	na	na	na	0	na	0	na	na	0	na
bow_projectile_iron	1	0	0	0	0	na	na	na	na	na	na	na	na	na	na	na	na	na	na	na	0	na	na	na	na	na	na	na	0	na	na	na	na	na	na	0	na	0	na	na	0	na
bow_projectile_needle	1	0	0	0	0	na	na	na	na	na	na	na	na	na	na	na	na	na	na	na	0	na	na	na	na	na	na	na	0	na	na	na	na	na	na	0	na	0	na	na	0	na
bow_projectile_obsidian	1	0	0	0	0	na	na	na	na	na	na	na	na	na	na	na	na	na	na	na	0	na	na	na	na	na	na	na	0	na	na	na	na	na	na	0	na	0	na	na	0	na
bow_projectile_poison	1	0	0	0	0	na	na	na	na	na	na	na	na	na	na	na	na	na	na	na	0	na	na	na	na	na	na	na	0	na	na	na	na	na	na	0	na	0	na	na	0	na
bow_projectile_silver	1	0	0	0	0	na	na	na	na	na	na	na	na	na	na	na	na	na	na	na	0	na	na	na	na	na	na	na	0	na	na	na	na	na	na	0	na	0	na	na	0	na
BowAshlands	1	1	0	0	0	na	na	na	na	na	na	na	na	na	na	na	na	na	na	na	0	na	na	na	na	na	na	na	0	na	na	na	na	na	na	1	0.2	1	1	0	0	na
BowAshlandsBlood	1	1	0	0	0	na	na	na	na	na	na	na	na	na	na	na	na	na	na	na	0	na	na	na	na	na	na	na	0	na	na	na	na	na	na	1	0.2	1	1	0	0	na
BowAshlandsRoot	1	1	0	0	0	na	na	na	na	na	na	na	na	na	na	na	na	na	na	na	0	na	na	na	na	na	na	na	0	na	na	na	na	na	na	1	0.2	1	1	0	0	na
BowAshlandsStorm	1	1	0	0	0	na	na	na	na	na	na	na	na	na	na	na	na	na	na	na	0	na	na	na	na	na	na	na	0	na	na	na	na	na	na	1	0.2	1	1	0	0	na
BowDraugrFang	1	1	0	0	0	na	na	na	na	na	na	na	na	na	na	na	na	na	na	na	0	na	na	na	na	na	na	na	0	na	na	na	na	na	na	1	0.2	1	1	0	0	na
BowFineWood	1	1	0	0	0	na	na	na	na	na	na	na	na	na	na	na	na	na	na	na	0	na	na	na	na	na	na	na	0	na	na	na	na	na	na	1	0.2	1	1	0	0	na
BowGold	1	1	0	0	0	na	na	na	na	na	na	na	na	na	na	na	na	na	na	na	0	na	na	na	na	na	na	na	0	na	na	na	na	na	na	1	0.2	1	1	0	0	na
BowGold_BloodLightning	1	1	0	0	0	na	na	na	na	na	na	na	na	na	na	na	na	na	na	na	0	na	na	na	na	na	na	na	0	na	na	na	na	na	na	1	0.2	1	1	0	0	na
BowGold_FrostFire	1	1	0	0	0	na	na	na	na	na	na	na	na	na	na	na	na	na	na	na	0	na	na	na	na	na	na	na	0	na	na	na	na	na	na	1	0.2	1	1	0	0	na
BowGoldUncooked	1	1	0	0	0	na	na	na	na	na	na	na	na	na	na	na	na	na	na	na	0	na	na	na	na	na	na	na	0	na	na	na	na	na	na	1	0.2	1	1	0	0	na
BowHuntsman	1	1	0	0	0	na	na	na	na	na	na	na	na	na	na	na	na	na	na	na	0	na	na	na	na	na	na	na	0	na	na	na	na	na	na	1	0.2	1	1	0	0	na
BowSpineSnap	1	1	0	0	0	na	na	na	na	na	na	na	na	na	na	na	na	na	na	na	0	na	na	na	na	na	na	na	0	na	na	na	na	na	na	1	0.2	1	1	0	0	na
Bread	1	1	0	0	1	0	1	0	0	0	0	0	1	0	1	0	0	0	6	$item_bread	1	0	10	0	1	1	0	0	0	na	na	na	na	na	na	0	na	1	1	0	0	na
BreadDough	1	1	0	0	0	na	na	na	na	na	na	na	na	na	na	na	na	na	na	na	0	na	na	na	na	na	na	na	0	na	na	na	na	na	na	0	na	1	1	0	0	na
Bronze	1	1	0	0	0	na	na	na	na	na	na	na	na	na	na	na	na	na	na	na	0	na	na	na	na	na	na	na	0	na	na	na	na	na	na	0	na	1	1	0	0	na
BronzeNails	1	1	0	0	0	na	na	na	na	na	na	na	na	na	na	na	na	na	na	na	0	na	na	na	na	na	na	na	0	na	na	na	na	na	na	0	na	1	1	0	0	na
BronzeScrap	1	1	0	0	0	na	na	na	na	na	na	na	na	na	na	na	na	na	na	na	0	na	na	na	na	na	na	na	0	na	na	na	na	na	na	0	na	1	1	0	0	na
bronzespear_projectile	1	0	0	0	0	na	na	na	na	na	na	na	na	na	na	na	na	na	na	na	0	na	na	na	na	na	na	na	0	na	na	na	na	na	na	0	na	0	na	na	0	na
bucket	1	1	0	0	0	na	na	na	na	na	na	na	na	na	na	na	na	na	na	na	0	na	na	na	na	na	na	na	0	na	na	na	na	na	na	0	na	1	0.2	0	0	na
BugMeat	1	1	0	0	0	na	na	na	na	na	na	na	na	na	na	na	na	na	na	na	0	na	na	na	na	na	na	na	0	na	na	na	na	na	na	0	na	1	1	0	0	na
Bush01	1	1	0	0	0	na	na	na	na	na	na	na	na	na	na	na	na	na	na	na	0	na	na	na	na	na	na	na	0	na	na	na	na	na	na	0	na	0	na	na	0	na
Bush01_deepnorth	1	1	0	0	0	na	na	na	na	na	na	na	na	na	na	na	na	na	na	na	0	na	na	na	na	na	na	na	0	na	na	na	na	na	na	0	na	0	na	na	0	na
Bush01_heath	1	1	0	0	0	na	na	na	na	na	na	na	na	na	na	na	na	na	na	na	0	na	na	na	na	na	na	na	0	na	na	na	na	na	na	0	na	0	na	na	0	na
Bush02_en	1	1	0	0	0	na	na	na	na	na	na	na	na	na	na	na	na	na	na	na	0	na	na	na	na	na	na	na	0	na	na	na	na	na	na	0	na	0	na	na	0	na
Candle_resin	1	1	0	2	1	0	1	0	0	0	0	0	1	0	0	0	0	0	4	$piece_candle	1	0	5	0	1	0	0	0	0	na	na	na	na	na	na	0	na	0	na	na	0	na
Candle_resin_bogwitch	1	1	0	2	1	0	1	0	0	0	0	0	1	0	0	0	0	0	4	$piece_candle	0	na	na	na	na	na	na	na	0	na	na	na	na	na	na	0	na	0	na	na	0	na
CandleWick	1	1	0	0	0	na	na	na	na	na	na	na	na	na	na	na	na	na	na	na	0	na	na	na	na	na	na	na	0	na	na	na	na	na	na	0	na	1	1	0	0	na
CapeAsh	1	1	0	0	0	na	na	na	na	na	na	na	na	na	na	na	na	na	na	na	0	na	na	na	na	na	na	na	0	na	na	na	na	na	na	0	na	1	10	0	0	na
CapeAsksvin	1	1	0	0	0	na	na	na	na	na	na	na	na	na	na	na	na	na	na	na	0	na	na	na	na	na	na	na	0	na	na	na	na	na	na	0	na	1	1	0	0	na
CapeDeepNorth	1	1	0	0	0	na	na	na	na	na	na	na	na	na	na	na	na	na	na	na	0	na	na	na	na	na	na	na	0	na	na	na	na	na	na	0	na	1	10	0	0	na
CapeDeepNorthMage	1	1	0	0	0	na	na	na	na	na	na	na	na	na	na	na	na	na	na	na	0	na	na	na	na	na	na	na	0	na	na	na	na	na	na	0	na	1	10	0	0	na
CapeDeerHide	1	1	0	0	0	na	na	na	na	na	na	na	na	na	na	na	na	na	na	na	0	na	na	na	na	na	na	na	0	na	na	na	na	na	na	0	na	1	10	0	0	na
CapeFeather	1	1	0	0	0	na	na	na	na	na	na	na	na	na	na	na	na	na	na	na	0	na	na	na	na	na	na	na	0	na	na	na	na	na	na	0	na	1	10	0	0	na
CapeLinen	1	1	0	0	0	na	na	na	na	na	na	na	na	na	na	na	na	na	na	na	0	na	na	na	na	na	na	na	0	na	na	na	na	na	na	0	na	1	1	0	0	na
CapeLox	1	1	0	0	0	na	na	na	na	na	na	na	na	na	na	na	na	na	na	na	0	na	na	na	na	na	na	na	0	na	na	na	na	na	na	0	na	1	10	0	0	na
CapeOdin	1	1	0	0	0	na	na	na	na	na	na	na	na	na	na	na	na	na	na	na	0	na	na	na	na	na	na	na	0	na	na	na	na	na	na	0	na	1	1	0	0	na
CapeTest	1	1	0	0	0	na	na	na	na	na	na	na	na	na	na	na	na	na	na	na	0	na	na	na	na	na	na	na	0	na	na	na	na	na	na	0	na	1	10	0	0	na
CapeTrollHide	1	1	0	0	0	na	na	na	na	na	na	na	na	na	na	na	na	na	na	na	0	na	na	na	na	na	na	na	0	na	na	na	na	na	na	0	na	1	10	0	0	na
CapeWolf	1	1	0	0	0	na	na	na	na	na	na	na	na	na	na	na	na	na	na	na	0	na	na	na	na	na	na	na	0	na	na	na	na	na	na	0	na	1	10	0	0	na
Carapace	1	1	0	0	0	na	na	na	na	na	na	na	na	na	na	na	na	na	na	na	0	na	na	na	na	na	na	na	0	na	na	na	na	na	na	0	na	1	1	0	0	na
CargoCrate	1	1	0	0	0	na	na	na	na	na	na	na	na	na	na	na	na	na	na	na	0	na	na	na	na	na	na	na	0	na	na	na	na	na	na	1	0.5	1	10	0	1	4
Carrot	1	1	0	0	1	0	1	0	0	0	0	0	1	0	1	0	0	0	6	$item_carrot	1	0	10	0	1	1	0	0	0	na	na	na	na	na	na	0	na	1	1	0	0	na
CarrotSeeds	1	1	0	0	0	na	na	na	na	na	na	na	na	na	na	na	na	na	na	na	0	na	na	na	na	na	na	na	0	na	na	na	na	na	na	0	na	1	1	0	0	na
CarrotSoup	1	1	0	0	1	0	1	0	0	0	0	0	1	0	1	0	0	0	6	$item_carrotsoup	1	0	10	0	1	1	0	0	0	na	na	na	na	na	na	0	na	1	1	0	0	na
Cart	1	1	0	0	1	0	0	0	0	1	0	0	0	0	1	0	0	0	0	$tool_cart	1	0	500	0	0	0	0	0	0	na	na	na	na	na	na	1	0.5	1	100	0	0	na
CastleKit_braided_box01	1	1	0	0	0	na	na	na	na	na	na	na	na	na	na	na	na	na	na	na	0	na	na	na	na	na	na	na	0	na	na	na	na	na	na	1	-0.48	1	5	0	0	na
CastleKit_brazier	1	1	0	2	0	na	na	na	na	na	na	na	na	na	na	na	na	na	na	na	0	na	na	na	na	na	na	na	0	na	na	na	na	na	na	0	na	0	na	na	0	na
CastleKit_groundtorch	1	1	0	0	0	na	na	na	na	na	na	na	na	na	na	na	na	na	na	na	1	2	20	0	1	0	0	0	0	na	na	na	na	na	na	0	na	0	na	na	0	na
CastleKit_groundtorch_blue	1	1	0	0	0	na	na	na	na	na	na	na	na	na	na	na	na	na	na	na	1	2	20	0	1	0	0	0	0	na	na	na	na	na	na	0	na	0	na	na	0	na
CastleKit_groundtorch_green	1	1	0	0	0	na	na	na	na	na	na	na	na	na	na	na	na	na	na	na	1	2	20	0	1	0	0	0	0	na	na	na	na	na	na	0	na	0	na	na	0	na
CastleKit_groundtorch_unlit	1	1	0	0	0	na	na	na	na	na	na	na	na	na	na	na	na	na	na	na	1	0	100	0	1	0	0	0	0	na	na	na	na	na	na	0	na	0	na	na	0	na
CastleKit_metal_groundtorch_unlit	1	1	0	0	0	na	na	na	na	na	na	na	na	na	na	na	na	na	na	na	0	na	na	na	na	na	na	na	0	na	na	na	na	na	na	0	na	0	na	na	0	na
CastleKit_pot03	1	1	0	0	0	na	na	na	na	na	na	na	na	na	na	na	na	na	na	na	0	na	na	na	na	na	na	na	0	na	na	na	na	na	na	0	na	1	1	0	0	na
Catapult	1	1	0	0	1	0	0	0	0	1	0	0	0	0	1	0	0	0	0	$tool_catapult	1	0	3000	0	0	0	0	0	0	na	na	na	na	na	na	1	0.5	1	100	0	0	na
Catapult_ammo	1	1	0	0	0	na	na	na	na	na	na	na	na	na	na	na	na	na	na	na	0	na	na	na	na	na	na	na	0	na	na	na	na	na	na	0	na	1	1	0	0	na
Catapult_Ammo_BloodGold	1	1	0	0	0	na	na	na	na	na	na	na	na	na	na	na	na	na	na	na	0	na	na	na	na	na	na	na	0	na	na	na	na	na	na	0	na	1	1	0	0	na
Catapult_Ammo_BloodGold_Projectile	1	0	0	0	0	na	na	na	na	na	na	na	na	na	na	na	na	na	na	na	0	na	na	na	na	na	na	na	0	na	na	na	na	na	na	0	na	0	na	na	0	na
Catapult_Ammo_BloodGold_Projectile_AOE	1	0	0	0	0	na	na	na	na	na	na	na	na	na	na	na	na	na	na	na	0	na	na	na	na	na	na	na	0	na	na	na	na	na	na	0	na	0	na	na	0	na
Catapult_Ammo_Projectile	1	0	0	0	0	na	na	na	na	na	na	na	na	na	na	na	na	na	na	na	0	na	na	na	na	na	na	na	0	na	na	na	na	na	na	0	na	0	na	na	0	na
Catapult_Ammo_Projectile_AOE	1	0	0	0	0	na	na	na	na	na	na	na	na	na	na	na	na	na	na	na	0	na	na	na	na	na	na	na	0	na	na	na	na	na	na	0	na	0	na	na	0	na
Catapult_projectile	1	0	0	0	0	na	na	na	na	na	na	na	na	na	na	na	na	na	na	na	0	na	na	na	na	na	na	na	0	na	na	na	na	na	na	0	na	0	na	na	0	na
cauldron_ext1_spice	1	1	0	2	1	0	1	0	0	0	0	0	0	0	1	0	0	2.5	1	$piece_cauldron_ext1_spice	1	0	50	0	1	1	0	0	0	na	na	na	na	na	na	0	na	0	na	na	0	na
cauldron_ext3_butchertable	1	1	0	2	1	0	1	0	0	0	0	0	1	0	1	0	0	2.5	1	$piece_cauldron_ext3_butchertable	1	0	100	0	1	1	0	0	0	na	na	na	na	na	na	0	na	0	na	na	0	na
cauldron_ext4_pots	1	1	0	2	1	0	1	0	0	0	0	0	0	1	1	0	0	2.5	1	$piece_cauldron_ext4_pans	1	0	100	0	1	1	0	0	0	na	na	na	na	na	na	0	na	0	na	na	0	na
cauldron_ext5_mortarandpestle	1	1	0	2	1	0	1	0	0	0	0	0	1	0	1	0	0	2.5	1	$piece_cauldron_ext5_mortarandpestle	1	0	100	0	1	1	0	0	0	na	na	na	na	na	na	0	na	0	na	na	0	na
cauldron_ext6_rollingpins	1	1	0	2	1	0	1	0	0	0	0	0	0	1	1	0	0	2.5	1	$piece_cauldron_ext6_rollingpins	1	0	100	0	1	1	0	0	0	na	na	na	na	na	na	0	na	0	na	na	0	na
cauldron_ext7_smoker	1	1	0	2	1	0	1	0	0	0	0	0	1	0	1	0	0	2.5	1	$piece_cauldron_ext7_smoker	1	0	100	0	1	1	0	0	0	na	na	na	na	na	na	0	na	0	na	na	0	na
caverock_ice_pillar_wall	1	1	0	2	0	na	na	na	na	na	na	na	na	na	na	na	na	na	na	na	0	na	na	na	na	na	na	na	0	na	na	na	na	na	na	0	na	0	na	na	0	na
caverock_ice_stalagmite	1	1	0	2	0	na	na	na	na	na	na	na	na	na	na	na	na	na	na	na	0	na	na	na	na	na	na	na	0	na	na	na	na	na	na	0	na	0	na	na	0	na
caverock_ice_stalagmite_broken	1	1	0	2	0	na	na	na	na	na	na	na	na	na	na	na	na	na	na	na	0	na	na	na	na	na	na	na	0	na	na	na	na	na	na	0	na	0	na	na	0	na
caverock_ice_stalagmite_destruction	1	0	0	0	0	na	na	na	na	na	na	na	na	na	na	na	na	na	na	na	0	na	na	na	na	na	na	na	0	na	na	na	na	na	na	0	na	0	na	na	0	na
caverock_ice_stalagtite	1	1	0	2	0	na	na	na	na	na	na	na	na	na	na	na	na	na	na	na	0	na	na	na	na	na	na	na	0	na	na	na	na	na	na	0	na	0	na	na	0	na
caverock_ice_stalagtite_destruction	1	0	0	0	0	na	na	na	na	na	na	na	na	na	na	na	na	na	na	na	0	na	na	na	na	na	na	na	0	na	na	na	na	na	na	0	na	0	na	na	0	na
caverock_ice_stalagtite_falling	1	0	0	0	0	na	na	na	na	na	na	na	na	na	na	na	na	na	na	na	0	na	na	na	na	na	na	na	0	na	na	na	na	na	na	1	0.3	1	50	0	0	na
caverock_ice_wall_destruction	1	0	0	0	0	na	na	na	na	na	na	na	na	na	na	na	na	na	na	na	0	na	na	na	na	na	na	na	0	na	na	na	na	na	na	0	na	0	na	na	0	na
CelestialFeather	1	1	0	0	0	na	na	na	na	na	na	na	na	na	na	na	na	na	na	na	0	na	na	na	na	na	na	na	0	na	na	na	na	na	na	0	na	1	1	0	0	na
CeramicPlate	1	1	0	0	0	na	na	na	na	na	na	na	na	na	na	na	na	na	na	na	0	na	na	na	na	na	na	na	0	na	na	na	na	na	na	0	na	1	1	0	0	na
Chain	1	1	0	0	0	na	na	na	na	na	na	na	na	na	na	na	na	na	na	na	0	na	na	na	na	na	na	na	0	na	na	na	na	na	na	0	na	1	1	0	0	na
ChainLightning	1	0	0	0	0	na	na	na	na	na	na	na	na	na	na	na	na	na	na	na	0	na	na	na	na	na	na	na	0	na	na	na	na	na	na	0	na	0	na	na	0	na
ChainLightningRed	1	0	0	0	0	na	na	na	na	na	na	na	na	na	na	na	na	na	na	na	0	na	na	na	na	na	na	na	0	na	na	na	na	na	na	0	na	0	na	na	0	na
charcoal_kiln	1	1	0	2	1	0	1	0	0	1	0	1	1	0	1	0	0	0	1	$piece_charcoalkiln	1	1	1500	1	1	0	0	0	0	na	na	na	na	na	na	0	na	0	na	na	0	na
CharcoalResin	1	1	0	0	0	na	na	na	na	na	na	na	na	na	na	na	na	na	na	na	0	na	na	na	na	na	na	na	0	na	na	na	na	na	na	0	na	1	1	0	0	na
Charred_altar_bellfragment	1	1	0	2	0	na	na	na	na	na	na	na	na	na	na	na	na	na	na	na	0	na	na	na	na	na	na	na	0	na	na	na	na	na	na	0	na	0	na	na	0	na
Charred_Archer	1	1	0	0	0	na	na	na	na	na	na	na	na	na	na	na	na	na	na	na	0	na	na	na	na	na	na	na	0	na	na	na	na	na	na	0	na	1	10	0	0	na
Charred_Archer_Fader	1	1	0	0	0	na	na	na	na	na	na	na	na	na	na	na	na	na	na	na	0	na	na	na	na	na	na	na	0	na	na	na	na	na	na	0	na	1	10	0	0	na
charred_bow	1	1	0	0	0	na	na	na	na	na	na	na	na	na	na	na	na	na	na	na	0	na	na	na	na	na	na	na	0	na	na	na	na	na	na	0	na	1	1	0	0	na
charred_bow_Fader	1	1	0	0	0	na	na	na	na	na	na	na	na	na	na	na	na	na	na	na	0	na	na	na	na	na	na	na	0	na	na	na	na	na	na	0	na	1	1	0	0	na
charred_bow_Fader_projectile	1	0	0	0	0	na	na	na	na	na	na	na	na	na	na	na	na	na	na	na	0	na	na	na	na	na	na	na	0	na	na	na	na	na	na	0	na	0	na	na	0	na
charred_bow_projectile	1	0	0	0	0	na	na	na	na	na	na	na	na	na	na	na	na	na	na	na	0	na	na	na	na	na	na	na	0	na	na	na	na	na	na	0	na	0	na	na	0	na
charred_bow_volley	1	1	0	0	0	na	na	na	na	na	na	na	na	na	na	na	na	na	na	na	0	na	na	na	na	na	na	na	0	na	na	na	na	na	na	0	na	1	1	0	0	na
charred_bow_volley_Fader	1	1	0	0	0	na	na	na	na	na	na	na	na	na	na	na	na	na	na	na	0	na	na	na	na	na	na	na	0	na	na	na	na	na	na	0	na	1	1	0	0	na
charred_bow_volley_Fader_projectile	1	0	0	0	0	na	na	na	na	na	na	na	na	na	na	na	na	na	na	na	0	na	na	na	na	na	na	na	0	na	na	na	na	na	na	0	na	0	na	na	0	na
charred_bow_volley_projectile	1	0	0	0	0	na	na	na	na	na	na	na	na	na	na	na	na	na	na	na	0	na	na	na	na	na	na	na	0	na	na	na	na	na	na	0	na	0	na	na	0	na
Charred_Breastplate	1	1	0	0	0	na	na	na	na	na	na	na	na	na	na	na	na	na	na	na	0	na	na	na	na	na	na	na	0	na	na	na	na	na	na	0	na	1	10	0	0	na
charred_dyrnwyn_greatsword_feint	1	1	0	0	0	na	na	na	na	na	na	na	na	na	na	na	na	na	na	na	0	na	na	na	na	na	na	na	0	na	na	na	na	na	na	0	na	1	1	0	0	na
charred_dyrnwyn_greatsword_swing	1	1	0	0	0	na	na	na	na	na	na	na	na	na	na	na	na	na	na	na	0	na	na	na	na	na	na	na	0	na	na	na	na	na	na	0	na	1	1	0	0	na
charred_dyrnwyn_greatsword_thrust	1	1	0	0	0	na	na	na	na	na	na	na	na	na	na	na	na	na	na	na	0	na	na	na	na	na	na	na	0	na	na	na	na	na	na	0	na	1	1	0	0	na
charred_dyrnwyn_greatsword_thrustfeint	1	1	0	0	0	na	na	na	na	na	na	na	na	na	na	na	na	na	na	na	0	na	na	na	na	na	na	na	0	na	na	na	na	na	na	0	na	1	1	0	0	na
charred_fader_greatsword_feint	1	1	0	0	0	na	na	na	na	na	na	na	na	na	na	na	na	na	na	na	0	na	na	na	na	na	na	na	0	na	na	na	na	na	na	0	na	1	1	0	0	na
charred_fader_greatsword_swing	1	1	0	0	0	na	na	na	na	na	na	na	na	na	na	na	na	na	na	na	0	na	na	na	na	na	na	na	0	na	na	na	na	na	na	0	na	1	1	0	0	na
charred_fader_greatsword_thrust	1	1	0	0	0	na	na	na	na	na	na	na	na	na	na	na	na	na	na	na	0	na	na	na	na	na	na	na	0	na	na	na	na	na	na	0	na	1	1	0	0	na
charred_fader_greatsword_thrustfeint	1	1	0	0	0	na	na	na	na	na	na	na	na	na	na	na	na	na	na	na	0	na	na	na	na	na	na	na	0	na	na	na	na	na	na	0	na	1	1	0	0	na
charred_fireball_aoe	1	0	0	0	0	na	na	na	na	na	na	na	na	na	na	na	na	na	na	na	0	na	na	na	na	na	na	na	0	na	na	na	na	na	na	0	na	0	na	na	0	na
charred_fireball_projectile	1	0	0	0	0	na	na	na	na	na	na	na	na	na	na	na	na	na	na	na	0	na	na	na	na	na	na	na	0	na	na	na	na	na	na	0	na	0	na	na	0	na
charred_greatsword_feint	1	1	0	0	0	na	na	na	na	na	na	na	na	na	na	na	na	na	na	na	0	na	na	na	na	na	na	na	0	na	na	na	na	na	na	0	na	1	1	0	0	na
charred_greatsword_swing	1	1	0	0	0	na	na	na	na	na	na	na	na	na	na	na	na	na	na	na	0	na	na	na	na	na	na	na	0	na	na	na	na	na	na	0	na	1	1	0	0	na
charred_greatsword_thrust	1	1	0	0	0	na	na	na	na	na	na	na	na	na	na	na	na	na	na	na	0	na	na	na	na	na	na	na	0	na	na	na	na	na	na	0	na	1	1	0	0	na
charred_greatsword_thrustfeint	1	1	0	0	0	na	na	na	na	na	na	na	na	na	na	na	na	na	na	na	0	na	na	na	na	na	na	na	0	na	na	na	na	na	na	0	na	1	1	0	0	na
Charred_Helmet	1	1	0	0	0	na	na	na	na	na	na	na	na	na	na	na	na	na	na	na	0	na	na	na	na	na	na	na	0	na	na	na	na	na	na	0	na	1	10	0	0	na
Charred_HipCloth	1	1	0	0	0	na	na	na	na	na	na	na	na	na	na	na	na	na	na	na	0	na	na	na	na	na	na	na	0	na	na	na	na	na	na	0	na	1	10	0	0	na
Charred_Mage	1	1	0	0	0	na	na	na	na	na	na	na	na	na	na	na	na	na	na	na	0	na	na	na	na	na	na	na	0	na	na	na	na	na	na	0	na	1	10	0	0	na
Charred_MageCloths	1	1	0	0	0	na	na	na	na	na	na	na	na	na	na	na	na	na	na	na	0	na	na	na	na	na	na	na	0	na	na	na	na	na	na	0	na	1	10	0	0	na
charred_magestaff_fire	1	1	0	0	0	na	na	na	na	na	na	na	na	na	na	na	na	na	na	na	0	na	na	na	na	na	na	na	0	na	na	na	na	na	na	0	na	1	1	0	0	na
charred_magestaff_summon	1	1	0	0	0	na	na	na	na	na	na	na	na	na	na	na	na	na	na	na	0	na	na	na	na	na	na	na	0	na	na	na	na	na	na	0	na	1	1	0	0	na
Charred_Melee	1	1	0	0	0	na	na	na	na	na	na	na	na	na	na	na	na	na	na	na	0	na	na	na	na	na	na	na	0	na	na	na	na	na	na	0	na	1	10	0	0	na
Charred_Melee_Dyrnwyn	1	1	0	0	0	na	na	na	na	na	na	na	na	na	na	na	na	na	na	na	0	na	na	na	na	na	na	na	0	na	na	na	na	na	na	0	na	1	10	0	0	na
Charred_Melee_Fader	1	1	0	0	0	na	na	na	na	na	na	na	na	na	na	na	na	na	na	na	0	na	na	na	na	na	na	na	0	na	na	na	na	na	na	0	na	1	10	0	0	na
Charred_Melee_Ragdoll	1	1	0	0	0	na	na	na	na	na	na	na	na	na	na	na	na	na	na	na	0	na	na	na	na	na	na	na	0	na	na	na	na	na	na	0	na	0	na	na	0	na
charred_shieldgenerator	1	1	0	2	1	0	1	0	0	0	0	0	1	0	0	0	0	0	0	$piece_shieldgenerator	1	1	1500	1	1	0	0	0	0	na	na	na	na	na	na	0	na	0	na	na	0	na
Charred_Twitcher	1	1	0	0	0	na	na	na	na	na	na	na	na	na	na	na	na	na	na	na	0	na	na	na	na	na	na	na	0	na	na	na	na	na	na	0	na	1	10	0	0	na
charred_twitcher_projectile	1	0	0	0	0	na	na	na	na	na	na	na	na	na	na	na	na	na	na	na	0	na	na	na	na	na	na	na	0	na	na	na	na	na	na	0	na	0	na	na	0	na
charred_twitcher_scratch_l	1	1	0	0	0	na	na	na	na	na	na	na	na	na	na	na	na	na	na	na	0	na	na	na	na	na	na	na	0	na	na	na	na	na	na	0	na	1	1	0	0	na
charred_twitcher_scratch_r	1	1	0	0	0	na	na	na	na	na	na	na	na	na	na	na	na	na	na	na	0	na	na	na	na	na	na	na	0	na	na	na	na	na	na	0	na	1	1	0	0	na
Charred_Twitcher_Summoned	1	1	0	0	0	na	na	na	na	na	na	na	na	na	na	na	na	na	na	na	0	na	na	na	na	na	na	na	0	na	na	na	na	na	na	0	na	1	10	0	0	na
charred_twitcher_throw	1	1	0	0	0	na	na	na	na	na	na	na	na	na	na	na	na	na	na	na	0	na	na	na	na	na	na	na	0	na	na	na	na	na	na	0	na	1	1	0	0	na
CharredBanner1	1	1	0	2	0	na	na	na	na	na	na	na	na	na	na	na	na	na	na	na	1	0	200	0	1	0	0	0	0	na	na	na	na	na	na	0	na	0	na	na	0	na
CharredBanner2	1	1	0	2	0	na	na	na	na	na	na	na	na	na	na	na	na	na	na	na	1	0	200	0	1	0	0	0	0	na	na	na	na	na	na	0	na	0	na	na	0	na
CharredBanner3	1	1	0	2	0	na	na	na	na	na	na	na	na	na	na	na	na	na	na	na	1	0	200	0	1	0	0	0	0	na	na	na	na	na	na	0	na	0	na	na	0	na
CharredBone	1	1	0	0	0	na	na	na	na	na	na	na	na	na	na	na	na	na	na	na	0	na	na	na	na	na	na	na	0	na	na	na	na	na	na	0	na	1	1	0	0	na
CharredCogwheel	1	1	0	0	0	na	na	na	na	na	na	na	na	na	na	na	na	na	na	na	0	na	na	na	na	na	na	na	0	na	na	na	na	na	na	0	na	1	1	0	0	na
Charredfortress_LOD	1	1	1	0	0	na	na	na	na	na	na	na	na	na	na	na	na	na	na	na	0	na	na	na	na	na	na	na	0	na	na	na	na	na	na	0	na	0	na	na	0	na
Charredskull	1	1	0	0	0	na	na	na	na	na	na	na	na	na	na	na	na	na	na	na	0	na	na	na	na	na	na	na	0	na	na	na	na	na	na	0	na	1	1	0	0	na
Chest	1	1	0	0	0	na	na	na	na	na	na	na	na	na	na	na	na	na	na	na	0	na	na	na	na	na	na	na	0	na	na	na	na	na	na	0	na	1	15	0	1	15
chest_hildir1	1	1	0	0	0	na	na	na	na	na	na	na	na	na	na	na	na	na	na	na	0	na	na	na	na	na	na	na	0	na	na	na	na	na	na	1	0.4	1	5	0	0	na
chest_hildir2	1	1	0	0	0	na	na	na	na	na	na	na	na	na	na	na	na	na	na	na	0	na	na	na	na	na	na	na	0	na	na	na	na	na	na	1	0.4	1	5	0	0	na
chest_hildir3	1	1	0	0	0	na	na	na	na	na	na	na	na	na	na	na	na	na	na	na	0	na	na	na	na	na	na	na	0	na	na	na	na	na	na	1	0.4	1	5	0	0	na
Chicken	1	1	0	0	0	na	na	na	na	na	na	na	na	na	na	na	na	na	na	na	0	na	na	na	na	na	na	na	0	na	na	na	na	na	na	0	na	1	4	0	0	na
ChickenEgg	1	1	0	0	0	na	na	na	na	na	na	na	na	na	na	na	na	na	na	na	0	na	na	na	na	na	na	na	0	na	na	na	na	na	na	0	na	1	1	0	0	na
ChickenMeat	1	1	0	0	0	na	na	na	na	na	na	na	na	na	na	na	na	na	na	na	0	na	na	na	na	na	na	na	0	na	na	na	na	na	na	0	na	1	1	0	0	na
Chitin	1	1	0	0	0	na	na	na	na	na	na	na	na	na	na	na	na	na	na	na	0	na	na	na	na	na	na	na	0	na	na	na	na	na	na	0	na	1	1	0	0	na
Cinder	1	0	0	0	0	na	na	na	na	na	na	na	na	na	na	na	na	na	na	na	0	na	na	na	na	na	na	na	0	na	na	na	na	na	na	0	na	0	na	na	0	na
Cinder_campfire	1	0	0	0	0	na	na	na	na	na	na	na	na	na	na	na	na	na	na	na	0	na	na	na	na	na	na	na	0	na	na	na	na	na	na	0	na	0	na	na	0	na
CinderSky	1	0	0	0	0	na	na	na	na	na	na	na	na	na	na	na	na	na	na	na	0	na	na	na	na	na	na	na	0	na	na	na	na	na	na	0	na	0	na	na	0	na
CinderStorm	1	0	0	0	0	na	na	na	na	na	na	na	na	na	na	na	na	na	na	na	0	na	na	na	na	na	na	na	0	na	na	na	na	na	na	0	na	0	na	na	0	na
cliff_ashlands_Arch_frac	1	1	1	2	0	na	na	na	na	na	na	na	na	na	na	na	na	na	na	na	0	na	na	na	na	na	na	na	0	na	na	na	na	na	na	0	na	0	na	na	0	na
cliff_ashlands1	1	1	1	2	0	na	na	na	na	na	na	na	na	na	na	na	na	na	na	na	0	na	na	na	na	na	na	na	0	na	na	na	na	na	na	0	na	0	na	na	0	na
cliff_ashlands1_frac	1	1	1	2	0	na	na	na	na	na	na	na	na	na	na	na	na	na	na	na	0	na	na	na	na	na	na	na	0	na	na	na	na	na	na	0	na	0	na	na	0	na
cliff_ashlands2	1	1	1	2	0	na	na	na	na	na	na	na	na	na	na	na	na	na	na	na	0	na	na	na	na	na	na	na	0	na	na	na	na	na	na	0	na	0	na	na	0	na
cliff_ashlands2_frac	1	1	1	2	0	na	na	na	na	na	na	na	na	na	na	na	na	na	na	na	0	na	na	na	na	na	na	na	0	na	na	na	na	na	na	0	na	0	na	na	0	na
cliff_ashlands3_Arch_1	1	1	1	2	0	na	na	na	na	na	na	na	na	na	na	na	na	na	na	na	0	na	na	na	na	na	na	na	0	na	na	na	na	na	na	0	na	0	na	na	0	na
cliff_ashlands4	1	1	1	2	0	na	na	na	na	na	na	na	na	na	na	na	na	na	na	na	0	na	na	na	na	na	na	na	0	na	na	na	na	na	na	0	na	0	na	na	0	na
cliff_ashlands4_frac	1	1	1	2	0	na	na	na	na	na	na	na	na	na	na	na	na	na	na	na	0	na	na	na	na	na	na	na	0	na	na	na	na	na	na	0	na	0	na	na	0	na
cliff_ashlands5	1	1	1	2	0	na	na	na	na	na	na	na	na	na	na	na	na	na	na	na	0	na	na	na	na	na	na	na	0	na	na	na	na	na	na	0	na	0	na	na	0	na
cliff_ashlands6	1	1	1	2	0	na	na	na	na	na	na	na	na	na	na	na	na	na	na	na	0	na	na	na	na	na	na	na	0	na	na	na	na	na	na	0	na	0	na	na	0	na
cliff_ashlands6_frac	1	1	1	2	0	na	na	na	na	na	na	na	na	na	na	na	na	na	na	na	0	na	na	na	na	na	na	na	0	na	na	na	na	na	na	0	na	0	na	na	0	na
cliff_ashlands7_HalfArch	1	1	1	2	0	na	na	na	na	na	na	na	na	na	na	na	na	na	na	na	0	na	na	na	na	na	na	na	0	na	na	na	na	na	na	0	na	0	na	na	0	na
cliff_ashlands7_HalfArch_frac	1	1	1	2	0	na	na	na	na	na	na	na	na	na	na	na	na	na	na	na	0	na	na	na	na	na	na	na	0	na	na	na	na	na	na	0	na	0	na	na	0	na
cliff_ashlands8	1	1	1	2	0	na	na	na	na	na	na	na	na	na	na	na	na	na	na	na	0	na	na	na	na	na	na	na	0	na	na	na	na	na	na	0	na	0	na	na	0	na
cliff_ashlandsflowrock_frac	1	1	1	2	0	na	na	na	na	na	na	na	na	na	na	na	na	na	na	na	0	na	na	na	na	na	na	na	0	na	na	na	na	na	na	0	na	0	na	na	0	na
cliff_mistlands1	1	1	1	2	0	na	na	na	na	na	na	na	na	na	na	na	na	na	na	na	0	na	na	na	na	na	na	na	0	na	na	na	na	na	na	0	na	0	na	na	0	na
cliff_mistlands1_creep	1	1	1	2	0	na	na	na	na	na	na	na	na	na	na	na	na	na	na	na	0	na	na	na	na	na	na	na	0	na	na	na	na	na	na	0	na	0	na	na	0	na
cliff_mistlands1_creep_frac	1	1	1	2	0	na	na	na	na	na	na	na	na	na	na	na	na	na	na	na	0	na	na	na	na	na	na	na	0	na	na	na	na	na	na	0	na	0	na	na	0	na
cliff_mistlands1_frac	1	1	1	2	0	na	na	na	na	na	na	na	na	na	na	na	na	na	na	na	0	na	na	na	na	na	na	na	0	na	na	na	na	na	na	0	na	0	na	na	0	na
cliff_mistlands2	1	1	1	2	0	na	na	na	na	na	na	na	na	na	na	na	na	na	na	na	0	na	na	na	na	na	na	na	0	na	na	na	na	na	na	0	na	0	na	na	0	na
cliff_mistlands2_frac	1	1	1	2	0	na	na	na	na	na	na	na	na	na	na	na	na	na	na	na	0	na	na	na	na	na	na	na	0	na	na	na	na	na	na	0	na	0	na	na	0	na
cloth_hanging_door	1	1	0	2	0	na	na	na	na	na	na	na	na	na	na	na	na	na	na	na	0	na	na	na	na	na	na	na	0	na	na	na	na	na	na	0	na	0	na	na	0	na
cloth_hanging_door_double	1	1	0	2	0	na	na	na	na	na	na	na	na	na	na	na	na	na	na	na	0	na	na	na	na	na	na	na	0	na	na	na	na	na	na	0	na	0	na	na	0	na
cloth_hanging_long	1	1	0	2	0	na	na	na	na	na	na	na	na	na	na	na	na	na	na	na	0	na	na	na	na	na	na	na	0	na	na	na	na	na	na	0	na	0	na	na	0	na
Cloudberry	1	1	0	0	1	0	1	0	0	0	0	0	1	0	1	0	0	0	6	$item_cloudberries	1	0	10	0	1	1	0	0	0	na	na	na	na	na	na	0	na	1	1	0	0	na
CloudberryBush	1	1	0	0	0	na	na	na	na	na	na	na	na	na	na	na	na	na	na	na	0	na	na	na	na	na	na	na	0	na	na	na	na	na	na	0	na	0	na	na	0	na
Club	1	1	0	0	0	na	na	na	na	na	na	na	na	na	na	na	na	na	na	na	0	na	na	na	na	na	na	na	0	na	na	na	na	na	na	1	0.2	1	1	0	0	na
Coal	1	1	0	0	0	na	na	na	na	na	na	na	na	na	na	na	na	na	na	na	0	na	na	na	na	na	na	na	0	na	na	na	na	na	na	0	na	1	1	0	0	na
coal_pile	1	1	0	2	1	0	0	0	0	0	0	0	0	0	0	0	0	0	0	$piece_coalpile	1	0	50	0	1	0	0	0	0	na	na	na	na	na	na	0	na	0	na	na	0	na
Coins	1	1	0	0	0	na	na	na	na	na	na	na	na	na	na	na	na	na	na	na	0	na	na	na	na	na	na	na	0	na	na	na	na	na	na	0	na	1	1	0	0	na
CookedAsksvinMeat	1	1	0	0	1	0	1	0	0	0	0	0	1	0	1	0	0	0	6	$item_asksvin_meat_cooked	1	0	10	0	1	1	0	0	0	na	na	na	na	na	na	0	na	1	1	0	0	na
CookedBjornMeat	1	1	0	0	1	0	1	0	0	0	0	0	1	0	1	0	0	0	6	$item_bjorn_meat_cooked	1	0	10	0	1	1	0	0	0	na	na	na	na	na	na	0	na	1	1	0	0	na
CookedBoneMawSerpentMeat	1	1	0	0	1	0	1	0	0	0	0	0	1	0	1	0	0	0	6	$item_bonemawmeat_cooked	1	0	10	0	1	1	0	0	0	na	na	na	na	na	na	1	0.45	1	1	0	0	na
CookedBugMeat	1	1	0	0	1	0	1	0	0	0	0	0	1	0	1	0	0	0	6	$item_bug_meat_cooked	1	0	10	0	1	1	0	0	0	na	na	na	na	na	na	0	na	1	1	0	0	na
CookedChickenMeat	1	1	0	0	1	0	1	0	0	0	0	0	1	0	1	0	0	0	6	$item_chicken_meat_cooked	1	0	10	0	1	1	0	0	0	na	na	na	na	na	na	0	na	1	1	0	0	na
CookedDeerMeat	1	1	0	0	1	0	1	0	0	0	0	0	1	0	1	0	0	0	6	$item_deer_meat_cooked	1	0	10	0	1	1	0	0	0	na	na	na	na	na	na	0	na	1	1	0	0	na
CookedEgg	1	1	0	0	1	0	1	0	0	0	0	0	1	0	1	0	0	0	6	$item_egg_cooked	1	0	10	0	1	1	0	0	0	na	na	na	na	na	na	0	na	1	1	0	0	na
CookedHareMeat	1	1	0	0	1	0	1	0	0	0	0	0	1	0	1	0	0	0	6	$item_hare_meat_cooked	1	0	10	0	1	1	0	0	0	na	na	na	na	na	na	0	na	1	1	0	0	na
CookedLoxMeat	1	1	0	0	1	0	1	0	0	0	0	0	1	0	1	0	0	0	6	$item_loxmeat_cooked	1	0	10	0	1	1	0	0	0	na	na	na	na	na	na	0	na	1	1	0	0	na
CookedMeat	1	1	0	0	1	0	1	0	0	0	0	0	1	0	1	0	0	0	6	$item_boar_meat_cooked	1	0	10	0	1	1	0	0	0	na	na	na	na	na	na	0	na	1	1	0	0	na
CookedMooseMeat	1	1	0	0	1	0	1	0	0	0	0	0	1	0	1	0	0	0	6	$item_moose_meat_cooked	1	0	10	0	1	1	0	0	0	na	na	na	na	na	na	0	na	1	1	0	0	na
CookedSealBlubber	1	1	0	0	1	0	1	0	0	0	0	0	1	0	1	0	0	0	6	$item_blubber_cooked	1	0	10	0	1	1	0	0	0	na	na	na	na	na	na	0	na	1	1	0	0	na
CookedVoltureMeat	1	1	0	0	1	0	1	0	0	0	0	0	1	0	1	0	0	0	6	$item_volture_meat_cooked	1	0	10	0	1	1	0	0	0	na	na	na	na	na	na	0	na	1	1	0	0	na
CookedWolfMeat	1	1	0	0	1	0	1	0	0	0	0	0	1	0	1	0	0	0	6	$item_wolf_meat_cooked	1	0	10	0	1	1	0	0	0	na	na	na	na	na	na	0	na	1	1	0	0	na
Copper	1	1	0	0	0	na	na	na	na	na	na	na	na	na	na	na	na	na	na	na	0	na	na	na	na	na	na	na	0	na	na	na	na	na	na	0	na	1	1	0	0	na
CopperOre	1	1	0	0	0	na	na	na	na	na	na	na	na	na	na	na	na	na	na	na	0	na	na	na	na	na	na	na	0	na	na	na	na	na	na	0	na	1	1	0	0	na
CopperScrap	1	1	0	0	0	na	na	na	na	na	na	na	na	na	na	na	na	na	na	na	0	na	na	na	na	na	na	na	0	na	na	na	na	na	na	0	na	1	1	0	0	na
CreepProp_egg_hanging01	1	1	0	0	0	na	na	na	na	na	na	na	na	na	na	na	na	na	na	na	0	na	na	na	na	na	na	na	0	na	na	na	na	na	na	0	na	0	na	na	0	na
CreepProp_egg_hanging02	1	1	0	0	0	na	na	na	na	na	na	na	na	na	na	na	na	na	na	na	0	na	na	na	na	na	na	na	0	na	na	na	na	na	na	0	na	0	na	na	0	na
CreepProp_entrance1	1	1	0	0	0	na	na	na	na	na	na	na	na	na	na	na	na	na	na	na	0	na	na	na	na	na	na	na	0	na	na	na	na	na	na	0	na	0	na	na	0	na
CreepProp_entrance2	1	1	0	0	0	na	na	na	na	na	na	na	na	na	na	na	na	na	na	na	0	na	na	na	na	na	na	na	0	na	na	na	na	na	na	0	na	0	na	na	0	na
CreepProp_hanging01	1	1	0	0	0	na	na	na	na	na	na	na	na	na	na	na	na	na	na	na	0	na	na	na	na	na	na	na	0	na	na	na	na	na	na	0	na	0	na	na	0	na
CreepProp_wall01	1	1	0	0	0	na	na	na	na	na	na	na	na	na	na	na	na	na	na	na	0	na	na	na	na	na	na	na	0	na	na	na	na	na	na	0	na	0	na	na	0	na
CrossbowArbalest	1	1	0	0	0	na	na	na	na	na	na	na	na	na	na	na	na	na	na	na	0	na	na	na	na	na	na	na	0	na	na	na	na	na	na	1	0.2	1	1	0	0	na
CrossbowGold	1	1	0	0	0	na	na	na	na	na	na	na	na	na	na	na	na	na	na	na	0	na	na	na	na	na	na	na	0	na	na	na	na	na	na	1	0.2	1	1	0	0	na
CrossbowGold_BloodLightning	1	1	0	0	0	na	na	na	na	na	na	na	na	na	na	na	na	na	na	na	0	na	na	na	na	na	na	na	0	na	na	na	na	na	na	1	0.2	1	1	0	0	na
CrossbowGold_FrostFire	1	1	0	0	0	na	na	na	na	na	na	na	na	na	na	na	na	na	na	na	0	na	na	na	na	na	na	na	0	na	na	na	na	na	na	1	0.2	1	1	0	0	na
CrossbowGoldUncooked	1	1	0	0	0	na	na	na	na	na	na	na	na	na	na	na	na	na	na	na	0	na	na	na	na	na	na	na	0	na	na	na	na	na	na	1	0.2	1	1	0	0	na
CrossbowRipper	1	1	0	0	0	na	na	na	na	na	na	na	na	na	na	na	na	na	na	na	0	na	na	na	na	na	na	na	0	na	na	na	na	na	na	1	0.2	1	1	0	0	na
CrossbowRipperBlood	1	1	0	0	0	na	na	na	na	na	na	na	na	na	na	na	na	na	na	na	0	na	na	na	na	na	na	na	0	na	na	na	na	na	na	1	0.2	1	1	0	0	na
CrossbowRipperLightning	1	1	0	0	0	na	na	na	na	na	na	na	na	na	na	na	na	na	na	na	0	na	na	na	na	na	na	na	0	na	na	na	na	na	na	1	0.2	1	1	0	0	na
CrossbowRipperNature	1	1	0	0	0	na	na	na	na	na	na	na	na	na	na	na	na	na	na	na	0	na	na	na	na	na	na	na	0	na	na	na	na	na	na	1	0.2	1	1	0	0	na
Crow	1	1	0	0	0	na	na	na	na	na	na	na	na	na	na	na	na	na	na	na	0	na	na	na	na	na	na	na	0	na	na	na	na	na	na	0	na	0	na	na	0	na
CrownJewel	1	1	0	0	0	na	na	na	na	na	na	na	na	na	na	na	na	na	na	na	0	na	na	na	na	na	na	na	0	na	na	na	na	na	na	0	na	1	1	0	0	na
crypt_skeleton_chest	1	1	0	0	0	na	na	na	na	na	na	na	na	na	na	na	na	na	na	na	0	na	na	na	na	na	na	na	0	na	na	na	na	na	na	0	na	0	na	na	0	na
CryptKey	1	1	0	0	0	na	na	na	na	na	na	na	na	na	na	na	na	na	na	na	0	na	na	na	na	na	na	na	0	na	na	na	na	na	na	1	0.9	1	1	0	0	na
Crystal	1	1	0	0	0	na	na	na	na	na	na	na	na	na	na	na	na	na	na	na	0	na	na	na	na	na	na	na	0	na	na	na	na	na	na	0	na	1	1	0	0	na
crystal_wall_1x1	1	1	0	2	1	0	0	0	0	0	0	0	0	0	0	0	0	0	3	$piece_crystalwall1x1	1	0	10	0	1	0	0	0	0	na	na	na	na	na	na	0	na	0	na	na	0	na
cultivate	1	1	0	2	1	0	0	0	1	0	0	0	0	0	0	0	0	0	0	$piece_cultivate	0	na	na	na	na	na	na	na	0	na	na	na	na	na	na	0	na	0	na	na	0	na
Cultivator	1	1	0	0	0	na	na	na	na	na	na	na	na	na	na	na	na	na	na	na	0	na	na	na	na	na	na	na	0	na	na	na	na	na	na	0	na	1	1	0	0	na
CuredSquirrelHamstring	1	1	0	0	0	na	na	na	na	na	na	na	na	na	na	na	na	na	na	na	0	na	na	na	na	na	na	na	0	na	na	na	na	na	na	0	na	1	1	0	0	na
Dandelion	1	1	0	0	0	na	na	na	na	na	na	na	na	na	na	na	na	na	na	na	0	na	na	na	na	na	na	na	0	na	na	na	na	na	na	0	na	1	1	0	0	na
darkwood_arch	1	1	0	2	1	0	0	0	0	0	0	0	0	0	0	0	0	0	2	$piece_darkwoodarch	1	0	400	1	1	0	0	0	0	na	na	na	na	na	na	0	na	0	na	na	0	na
darkwood_beam	1	1	0	2	1	0	0	0	0	0	0	0	0	0	0	0	0	0	2	$piece_darkwoodbeam	1	0	400	1	1	0	0	0	0	na	na	na	na	na	na	0	na	0	na	na	0	na
darkwood_beam_26	1	1	0	2	1	0	0	0	0	0	0	0	0	0	0	0	0	0	2	$piece_darkwoodbeam_26	1	0	400	1	1	0	0	0	0	na	na	na	na	na	na	0	na	0	na	na	0	na
darkwood_beam_45	1	1	0	2	1	0	0	0	0	0	0	0	0	0	0	0	0	0	2	$piece_darkwoodbeam_45	1	0	400	1	1	0	0	0	0	na	na	na	na	na	na	0	na	0	na	na	0	na
darkwood_beam_67	1	1	0	2	1	0	0	0	0	0	0	0	0	0	0	0	0	0	5	$piece_darkwoodbeam67	1	0	400	1	1	0	0	0	0	na	na	na	na	na	na	0	na	0	na	na	0	na
darkwood_beam4x4	1	1	0	2	1	0	0	0	0	0	0	0	0	0	0	0	0	0	2	$piece_darkwoodbeam4	1	0	400	1	1	0	0	0	0	na	na	na	na	na	na	0	na	0	na	na	0	na
darkwood_decowall	1	1	0	2	1	0	0	0	0	0	0	0	0	0	0	0	0	0	2	$piece_darkwooddecowall	1	0	400	1	1	0	0	0	0	na	na	na	na	na	na	0	na	0	na	na	0	na
darkwood_gate	1	1	0	2	1	0	0	0	0	0	0	0	0	0	0	0	0	0	2	$piece_darkwoodgate	1	3	1000	1	1	0	0	0	0	na	na	na	na	na	na	0	na	0	na	na	0	na
darkwood_pole	1	1	0	2	1	0	0	0	0	0	0	0	0	0	0	0	0	0	2	$piece_darkwoodpole	1	0	400	1	1	0	0	0	0	na	na	na	na	na	na	0	na	0	na	na	0	na
darkwood_pole4	1	1	0	2	1	0	0	0	0	0	0	0	0	0	0	0	0	0	2	$piece_darkwoodpole4	1	0	800	1	1	0	0	0	0	na	na	na	na	na	na	0	na	0	na	na	0	na
darkwood_raven	1	1	0	2	1	0	0	0	0	0	0	0	0	0	0	0	0	0	0	$piece_darkwoodraven	1	0	400	1	1	0	0	0	0	na	na	na	na	na	na	0	na	0	na	na	0	na
darkwood_roof	1	1	0	2	1	0	0	0	0	0	0	0	0	0	0	0	0	0	2	$piece_darkwoodroof26	1	0	400	1	1	0	0	0	0	na	na	na	na	na	na	0	na	0	na	na	0	na
darkwood_roof_45	1	1	0	2	1	0	0	0	0	0	0	0	0	0	0	0	0	0	2	$piece_darkwoodroof45	1	0	400	1	1	0	0	0	0	na	na	na	na	na	na	0	na	0	na	na	0	na
darkwood_roof_67	1	1	0	2	1	0	0	0	0	0	0	0	0	0	0	0	0	0	5	$piece_darkwoodroof67	1	0	400	1	1	0	0	0	0	na	na	na	na	na	na	0	na	0	na	na	0	na
darkwood_roof_icorner	1	1	0	2	1	0	0	0	0	0	0	0	0	0	0	0	0	0	2	$piece_darkwoodrooficorner	1	0	400	1	1	0	0	0	0	na	na	na	na	na	na	0	na	0	na	na	0	na
darkwood_roof_icorner_45	1	1	0	2	1	0	0	0	0	0	0	0	0	0	0	0	0	0	2	$piece_darkwoodrooficorner45	1	0	400	1	1	0	0	0	0	na	na	na	na	na	na	0	na	0	na	na	0	na
darkwood_roof_icorner_67	1	1	0	2	1	0	0	0	0	0	0	0	0	0	0	0	0	0	5	$piece_darkwoodrooficorner67	1	0	400	1	1	0	0	0	0	na	na	na	na	na	na	0	na	0	na	na	0	na
darkwood_roof_ocorner	1	1	0	2	1	0	0	0	0	0	0	0	0	0	0	0	0	0	2	$piece_darkwoodroofocorner	1	0	400	1	1	0	0	0	0	na	na	na	na	na	na	0	na	0	na	na	0	na
darkwood_roof_ocorner_45	1	1	0	2	1	0	0	0	0	0	0	0	0	0	0	0	0	0	2	$piece_darkwoodroofocorner45	1	0	400	1	1	0	0	0	0	na	na	na	na	na	na	0	na	0	na	na	0	na
darkwood_roof_ocorner_67	1	1	0	2	1	0	0	0	0	0	0	0	0	0	0	0	0	0	5	$piece_darkwoodroofocorner67	1	0	400	1	1	0	0	0	0	na	na	na	na	na	na	0	na	0	na	na	0	na
darkwood_roof_top	1	1	0	2	1	0	0	0	0	0	0	0	0	0	0	0	0	0	2	$piece_darkwoodrooftop	1	0	400	1	1	0	0	0	0	na	na	na	na	na	na	0	na	0	na	na	0	na
darkwood_roof_top_45	1	1	0	2	1	0	0	0	0	0	0	0	0	0	0	0	0	0	2	$piece_darkwoodrooftop45	1	0	400	1	1	0	0	0	0	na	na	na	na	na	na	0	na	0	na	na	0	na
darkwood_roof_top_67	1	1	0	2	1	0	0	0	0	0	0	0	0	0	0	0	0	0	5	$piece_darkwoodrooftop67	1	0	400	1	1	0	0	0	0	na	na	na	na	na	na	0	na	0	na	na	0	na
darkwood_wolf	1	1	0	2	1	0	0	0	0	0	0	0	0	0	0	0	0	0	0	$piece_darkwoodwolf	1	0	400	1	1	0	0	0	0	na	na	na	na	na	na	0	na	0	na	na	0	na
dead_deer	1	1	0	0	0	na	na	na	na	na	na	na	na	na	na	na	na	na	na	na	0	na	na	na	na	na	na	na	0	na	na	na	na	na	na	0	na	0	na	na	0	na
Deathsquito	1	1	0	0	0	na	na	na	na	na	na	na	na	na	na	na	na	na	na	na	0	na	na	na	na	na	na	na	0	na	na	na	na	na	na	0	na	1	5	0	0	na
Deathsquito_sting	1	1	0	0	0	na	na	na	na	na	na	na	na	na	na	na	na	na	na	na	0	na	na	na	na	na	na	na	0	na	na	na	na	na	na	0	na	1	1	0	0	na
deepnorth_lantern_standing	1	1	0	2	0	na	na	na	na	na	na	na	na	na	na	na	na	na	na	na	1	2	200	0	1	0	0	0	0	na	na	na	na	na	na	0	na	0	na	na	0	na
Deer	1	1	0	0	0	na	na	na	na	na	na	na	na	na	na	na	na	na	na	na	0	na	na	na	na	na	na	na	0	na	na	na	na	na	na	0	na	1	10	0	0	na
deer_ragdoll	1	1	0	0	0	na	na	na	na	na	na	na	na	na	na	na	na	na	na	na	0	na	na	na	na	na	na	na	0	na	na	na	na	na	na	0	na	0	na	na	0	na
Deer_White	1	1	0	0	0	na	na	na	na	na	na	na	na	na	na	na	na	na	na	na	0	na	na	na	na	na	na	na	0	na	na	na	na	na	na	0	na	1	10	0	0	na
DeerGodExplosion	1	0	0	0	0	na	na	na	na	na	na	na	na	na	na	na	na	na	na	na	0	na	na	na	na	na	na	na	0	na	na	na	na	na	na	0	na	0	na	na	0	na
DeerHide	1	1	0	0	0	na	na	na	na	na	na	na	na	na	na	na	na	na	na	na	0	na	na	na	na	na	na	na	0	na	na	na	na	na	na	0	na	1	1	0	0	na
DeerMeat	1	1	0	0	0	na	na	na	na	na	na	na	na	na	na	na	na	na	na	na	0	na	na	na	na	na	na	na	0	na	na	na	na	na	na	0	na	1	1	0	0	na
DeerStew	1	1	0	0	1	0	1	0	0	0	0	0	1	0	1	0	0	0	6	$item_deerstew	1	0	10	0	1	1	0	0	0	na	na	na	na	na	na	0	na	1	1	0	0	na
Demister	1	1	0	0	0	na	na	na	na	na	na	na	na	na	na	na	na	na	na	na	0	na	na	na	na	na	na	na	0	na	na	na	na	na	na	1	0	1	1	0	0	na
demister_ball	1	0	0	0	0	na	na	na	na	na	na	na	na	na	na	na	na	na	na	na	0	na	na	na	na	na	na	na	0	na	na	na	na	na	na	0	na	0	na	na	0	na
DG_AshlandRuins	1	1	0	2	0	na	na	na	na	na	na	na	na	na	na	na	na	na	na	na	0	na	na	na	na	na	na	na	0	na	na	na	na	na	na	0	na	0	na	na	0	na
DG_Cave	1	1	0	2	0	na	na	na	na	na	na	na	na	na	na	na	na	na	na	na	0	na	na	na	na	na	na	na	0	na	na	na	na	na	na	0	na	0	na	na	0	na
DG_DvergrBoss	1	1	0	2	0	na	na	na	na	na	na	na	na	na	na	na	na	na	na	na	0	na	na	na	na	na	na	na	0	na	na	na	na	na	na	0	na	0	na	na	0	na
DG_DvergrTown	1	1	0	2	0	na	na	na	na	na	na	na	na	na	na	na	na	na	na	na	0	na	na	na	na	na	na	na	0	na	na	na	na	na	na	0	na	0	na	na	0	na
DG_ForestCrypt	1	1	0	2	0	na	na	na	na	na	na	na	na	na	na	na	na	na	na	na	0	na	na	na	na	na	na	na	0	na	na	na	na	na	na	0	na	0	na	na	0	na
DG_FortressRuins	1	1	0	2	0	na	na	na	na	na	na	na	na	na	na	na	na	na	na	na	0	na	na	na	na	na	na	na	0	na	na	na	na	na	na	0	na	0	na	na	0	na
DG_GoblinCamp	1	1	0	2	0	na	na	na	na	na	na	na	na	na	na	na	na	na	na	na	0	na	na	na	na	na	na	na	0	na	na	na	na	na	na	0	na	0	na	na	0	na
DG_HalfBurried_ForestCrypt	1	1	0	2	0	na	na	na	na	na	na	na	na	na	na	na	na	na	na	na	0	na	na	na	na	na	na	na	0	na	na	na	na	na	na	0	na	0	na	na	0	na
DG_Hildir_Cave	1	1	0	2	0	na	na	na	na	na	na	na	na	na	na	na	na	na	na	na	0	na	na	na	na	na	na	na	0	na	na	na	na	na	na	0	na	0	na	na	0	na
DG_Hildir_ForestCrypt	1	1	0	2	0	na	na	na	na	na	na	na	na	na	na	na	na	na	na	na	0	na	na	na	na	na	na	na	0	na	na	na	na	na	na	0	na	0	na	na	0	na
DG_Hildir_PlainsFortress	1	1	1	2	0	na	na	na	na	na	na	na	na	na	na	na	na	na	na	na	0	na	na	na	na	na	na	na	0	na	na	na	na	na	na	0	na	0	na	na	0	na
DG_Hole	1	1	0	2	0	na	na	na	na	na	na	na	na	na	na	na	na	na	na	na	0	na	na	na	na	na	na	na	0	na	na	na	na	na	na	0	na	0	na	na	0	na
DG_MeadowsFarm	1	1	0	2	0	na	na	na	na	na	na	na	na	na	na	na	na	na	na	na	0	na	na	na	na	na	na	na	0	na	na	na	na	na	na	0	na	0	na	na	0	na
DG_MeadowsVillage	1	1	0	2	0	na	na	na	na	na	na	na	na	na	na	na	na	na	na	na	0	na	na	na	na	na	na	na	0	na	na	na	na	na	na	0	na	0	na	na	0	na
DG_MorkHalla	1	1	0	2	0	na	na	na	na	na	na	na	na	na	na	na	na	na	na	na	0	na	na	na	na	na	na	na	0	na	na	na	na	na	na	0	na	0	na	na	0	na
DG_NorthVillage	1	1	0	2	0	na	na	na	na	na	na	na	na	na	na	na	na	na	na	na	0	na	na	na	na	na	na	na	0	na	na	na	na	na	na	0	na	0	na	na	0	na
DG_SunkenCrypt	1	1	0	2	0	na	na	na	na	na	na	na	na	na	na	na	na	na	na	na	0	na	na	na	na	na	na	na	0	na	na	na	na	na	na	0	na	0	na	na	0	na
digg	1	1	0	2	0	na	na	na	na	na	na	na	na	na	na	na	na	na	na	na	0	na	na	na	na	na	na	na	0	na	na	na	na	na	na	0	na	0	na	na	0	na
digg_v2	1	1	0	2	0	na	na	na	na	na	na	na	na	na	na	na	na	na	na	na	0	na	na	na	na	na	na	na	0	na	na	na	na	na	na	0	na	0	na	na	0	na
Dragon	1	1	0	0	0	na	na	na	na	na	na	na	na	na	na	na	na	na	na	na	0	na	na	na	na	na	na	na	0	na	na	na	na	na	na	0	na	1	500	0	0	na
dragon_ice_projectile	1	0	0	0	0	na	na	na	na	na	na	na	na	na	na	na	na	na	na	na	0	na	na	na	na	na	na	na	0	na	na	na	na	na	na	0	na	0	na	na	0	na
DragonEgg	1	1	0	0	0	na	na	na	na	na	na	na	na	na	na	na	na	na	na	na	0	na	na	na	na	na	na	na	0	na	na	na	na	na	na	1	0.4	1	5	0	0	na
dragoneggcup	1	1	0	0	0	na	na	na	na	na	na	na	na	na	na	na	na	na	na	na	0	na	na	na	na	na	na	na	0	na	na	na	na	na	na	0	na	0	na	na	0	na
DragonTear	1	1	0	0	0	na	na	na	na	na	na	na	na	na	na	na	na	na	na	na	0	na	na	na	na	na	na	na	0	na	na	na	na	na	na	1	0.6	1	1	0	0	na
Draugr	1	1	0	0	0	na	na	na	na	na	na	na	na	na	na	na	na	na	na	na	0	na	na	na	na	na	na	na	0	na	na	na	na	na	na	0	na	1	20	0	0	na
draugr_arrow	1	1	0	0	0	na	na	na	na	na	na	na	na	na	na	na	na	na	na	na	0	na	na	na	na	na	na	na	0	na	na	na	na	na	na	0	na	1	1	0	0	na
draugr_axe	1	1	0	0	0	na	na	na	na	na	na	na	na	na	na	na	na	na	na	na	0	na	na	na	na	na	na	na	0	na	na	na	na	na	na	0	na	1	1	0	0	na
draugr_bow	1	1	0	0	0	na	na	na	na	na	na	na	na	na	na	na	na	na	na	na	0	na	na	na	na	na	na	na	0	na	na	na	na	na	na	0	na	1	1	0	0	na
draugr_bow_projectile	1	0	0	0	0	na	na	na	na	na	na	na	na	na	na	na	na	na	na	na	0	na	na	na	na	na	na	na	0	na	na	na	na	na	na	0	na	0	na	na	0	na
Draugr_Elite	1	1	0	0	0	na	na	na	na	na	na	na	na	na	na	na	na	na	na	na	0	na	na	na	na	na	na	na	0	na	na	na	na	na	na	0	na	1	30	0	0	na
Draugr_elite_ragdoll	1	1	0	0	0	na	na	na	na	na	na	na	na	na	na	na	na	na	na	na	0	na	na	na	na	na	na	na	0	na	na	na	na	na	na	0	na	0	na	na	0	na
Draugr_Elite_sleeping	1	1	0	0	0	na	na	na	na	na	na	na	na	na	na	na	na	na	na	na	0	na	na	na	na	na	na	na	0	na	na	na	na	na	na	0	na	1	30	0	0	na
Draugr_ragdoll	1	1	0	0	0	na	na	na	na	na	na	na	na	na	na	na	na	na	na	na	0	na	na	na	na	na	na	na	0	na	na	na	na	na	na	0	na	0	na	na	0	na
Draugr_Ranged	1	1	0	0	0	na	na	na	na	na	na	na	na	na	na	na	na	na	na	na	0	na	na	na	na	na	na	na	0	na	na	na	na	na	na	0	na	1	20	0	0	na
Draugr_ranged_ragdoll	1	1	0	0	0	na	na	na	na	na	na	na	na	na	na	na	na	na	na	na	0	na	na	na	na	na	na	na	0	na	na	na	na	na	na	0	na	0	na	na	0	na
Draugr_Ranged_sleeping	1	1	0	0	0	na	na	na	na	na	na	na	na	na	na	na	na	na	na	na	0	na	na	na	na	na	na	na	0	na	na	na	na	na	na	0	na	1	20	0	0	na
Draugr_sleeping	1	1	0	0	0	na	na	na	na	na	na	na	na	na	na	na	na	na	na	na	0	na	na	na	na	na	na	na	0	na	na	na	na	na	na	0	na	1	20	0	0	na
draugr_sword	1	1	0	0	0	na	na	na	na	na	na	na	na	na	na	na	na	na	na	na	0	na	na	na	na	na	na	na	0	na	na	na	na	na	na	0	na	1	1	0	0	na
dungeon_forestcrypt_door	1	1	0	2	0	na	na	na	na	na	na	na	na	na	na	na	na	na	na	na	1	0	400	0	0	0	0	0	0	na	na	na	na	na	na	0	na	0	na	na	0	na
dungeon_queen_door	1	1	0	2	0	na	na	na	na	na	na	na	na	na	na	na	na	na	na	na	0	na	na	na	na	na	na	na	0	na	na	na	na	na	na	0	na	0	na	na	0	na
dungeon_sunkencrypt_irongate	1	1	0	2	0	na	na	na	na	na	na	na	na	na	na	na	na	na	na	na	1	2	2000	0	0	0	0	0	0	na	na	na	na	na	na	0	na	0	na	na	0	na
dungeon_sunkencrypt_irongate_rusty	1	1	0	2	0	na	na	na	na	na	na	na	na	na	na	na	na	na	na	na	1	2	100	0	0	0	0	0	0	na	na	na	na	na	na	0	na	0	na	na	0	na
Dverger	1	1	0	0	0	na	na	na	na	na	na	na	na	na	na	na	na	na	na	na	0	na	na	na	na	na	na	na	0	na	na	na	na	na	na	0	na	1	10	0	0	na
dverger_demister	1	1	0	0	0	na	na	na	na	na	na	na	na	na	na	na	na	na	na	na	1	0	200	0	1	0	0	0	0	na	na	na	na	na	na	0	na	0	na	na	0	na
dverger_demister_broken	1	1	0	0	0	na	na	na	na	na	na	na	na	na	na	na	na	na	na	na	1	0	200	0	1	0	0	0	0	na	na	na	na	na	na	0	na	0	na	na	0	na
dverger_demister_large	1	1	0	0	0	na	na	na	na	na	na	na	na	na	na	na	na	na	na	na	1	0	200	0	1	0	0	0	0	na	na	na	na	na	na	0	na	0	na	na	0	na
dverger_demister_ruins	1	1	0	0	0	na	na	na	na	na	na	na	na	na	na	na	na	na	na	na	1	0	200	0	1	0	0	0	0	na	na	na	na	na	na	0	na	0	na	na	0	na
dverger_guardstone	1	1	0	2	1	0	0	0	0	1	1	0	1	0	1	0	0	0	0	$piece_guardstone	1	1	2000	0	0	0	0	0	0	na	na	na	na	na	na	0	na	0	na	na	0	na
Dverger_ragdoll	1	1	0	0	0	na	na	na	na	na	na	na	na	na	na	na	na	na	na	na	0	na	na	na	na	na	na	na	0	na	na	na	na	na	na	0	na	0	na	na	0	na
DvergerArbalest	1	1	0	0	0	na	na	na	na	na	na	na	na	na	na	na	na	na	na	na	0	na	na	na	na	na	na	na	0	na	na	na	na	na	na	1	0.2	1	1	0	0	na
DvergerArbalest_projectile	1	0	0	0	0	na	na	na	na	na	na	na	na	na	na	na	na	na	na	na	0	na	na	na	na	na	na	na	0	na	na	na	na	na	na	0	na	0	na	na	0	na
DvergerArbalest_shoot	1	1	0	0	0	na	na	na	na	na	na	na	na	na	na	na	na	na	na	na	0	na	na	na	na	na	na	na	0	na	na	na	na	na	na	1	0.2	1	1	0	0	na
DvergerArbalest_shootAshlands	1	1	0	0	0	na	na	na	na	na	na	na	na	na	na	na	na	na	na	na	0	na	na	na	na	na	na	na	0	na	na	na	na	na	na	1	0.2	1	1	0	0	na
DvergerArbalest_shootDeepNorth	1	1	0	0	0	na	na	na	na	na	na	na	na	na	na	na	na	na	na	na	0	na	na	na	na	na	na	na	0	na	na	na	na	na	na	1	0.2	1	1	0	0	na
DvergerAshlands	1	1	0	0	0	na	na	na	na	na	na	na	na	na	na	na	na	na	na	na	0	na	na	na	na	na	na	na	0	na	na	na	na	na	na	0	na	1	10	0	0	na
DvergerDeepNorth	1	1	0	0	0	na	na	na	na	na	na	na	na	na	na	na	na	na	na	na	0	na	na	na	na	na	na	na	0	na	na	na	na	na	na	0	na	1	10	0	0	na
DvergerHairFemale	1	1	0	0	0	na	na	na	na	na	na	na	na	na	na	na	na	na	na	na	0	na	na	na	na	na	na	na	0	na	na	na	na	na	na	0	na	1	10	0	0	na
DvergerHairFemale_Redhair	1	1	0	0	0	na	na	na	na	na	na	na	na	na	na	na	na	na	na	na	0	na	na	na	na	na	na	na	0	na	na	na	na	na	na	0	na	1	10	0	0	na
DvergerHairMale	1	1	0	0	0	na	na	na	na	na	na	na	na	na	na	na	na	na	na	na	0	na	na	na	na	na	na	na	0	na	na	na	na	na	na	0	na	1	10	0	0	na
DvergerHairMale_Redbeard	1	1	0	0	0	na	na	na	na	na	na	na	na	na	na	na	na	na	na	na	0	na	na	na	na	na	na	na	0	na	na	na	na	na	na	0	na	1	10	0	0	na
DvergerMage	1	1	0	0	0	na	na	na	na	na	na	na	na	na	na	na	na	na	na	na	0	na	na	na	na	na	na	na	0	na	na	na	na	na	na	0	na	1	10	0	0	na
DvergerMageFire	1	1	0	0	0	na	na	na	na	na	na	na	na	na	na	na	na	na	na	na	0	na	na	na	na	na	na	na	0	na	na	na	na	na	na	0	na	1	10	0	0	na
DvergerMageIce	1	1	0	0	0	na	na	na	na	na	na	na	na	na	na	na	na	na	na	na	0	na	na	na	na	na	na	na	0	na	na	na	na	na	na	0	na	1	10	0	0	na
DvergerMageSupport	1	1	0	0	0	na	na	na	na	na	na	na	na	na	na	na	na	na	na	na	0	na	na	na	na	na	na	na	0	na	na	na	na	na	na	0	na	1	10	0	0	na
DvergerStaffBlocker_blockCircle	1	0	0	0	0	na	na	na	na	na	na	na	na	na	na	na	na	na	na	na	0	na	na	na	na	na	na	na	0	na	na	na	na	na	na	0	na	0	na	na	0	na
DvergerStaffBlocker_blockCircleBig	1	0	0	0	0	na	na	na	na	na	na	na	na	na	na	na	na	na	na	na	0	na	na	na	na	na	na	na	0	na	na	na	na	na	na	0	na	0	na	na	0	na
DvergerStaffBlocker_blockHemisphere	1	0	0	0	0	na	na	na	na	na	na	na	na	na	na	na	na	na	na	na	0	na	na	na	na	na	na	na	0	na	na	na	na	na	na	0	na	0	na	na	0	na
DvergerStaffBlocker_blockU	1	0	0	0	0	na	na	na	na	na	na	na	na	na	na	na	na	na	na	na	0	na	na	na	na	na	na	na	0	na	na	na	na	na	na	0	na	0	na	na	0	na
DvergerStaffBlocker_blockWall	1	0	0	0	0	na	na	na	na	na	na	na	na	na	na	na	na	na	na	na	0	na	na	na	na	na	na	na	0	na	na	na	na	na	na	0	na	0	na	na	0	na
DvergerStaffBlocker_projectile	1	0	0	0	0	na	na	na	na	na	na	na	na	na	na	na	na	na	na	na	0	na	na	na	na	na	na	na	0	na	na	na	na	na	na	0	na	0	na	na	0	na
DvergerStaffFire	1	1	0	0	0	na	na	na	na	na	na	na	na	na	na	na	na	na	na	na	0	na	na	na	na	na	na	na	0	na	na	na	na	na	na	1	0.67	1	1	0	0	na
DvergerStaffFire_clusterbomb_aoe	1	0	0	0	0	na	na	na	na	na	na	na	na	na	na	na	na	na	na	na	0	na	na	na	na	na	na	na	0	na	na	na	na	na	na	0	na	0	na	na	0	na
DvergerStaffFire_clusterbomb_projectile	1	0	0	0	0	na	na	na	na	na	na	na	na	na	na	na	na	na	na	na	0	na	na	na	na	na	na	na	0	na	na	na	na	na	na	0	na	0	na	na	0	na
DvergerStaffFire_fire_aoe	1	0	0	0	0	na	na	na	na	na	na	na	na	na	na	na	na	na	na	na	0	na	na	na	na	na	na	na	0	na	na	na	na	na	na	0	na	0	na	na	0	na
DvergerStaffFire_fireball_projectile	1	0	0	0	0	na	na	na	na	na	na	na	na	na	na	na	na	na	na	na	0	na	na	na	na	na	na	na	0	na	na	na	na	na	na	0	na	0	na	na	0	na
DvergerStaffHeal	1	1	0	0	0	na	na	na	na	na	na	na	na	na	na	na	na	na	na	na	0	na	na	na	na	na	na	na	0	na	na	na	na	na	na	1	0.67	1	1	0	0	na
DvergerStaffHeal_aoe	1	0	0	0	0	na	na	na	na	na	na	na	na	na	na	na	na	na	na	na	0	na	na	na	na	na	na	na	0	na	na	na	na	na	na	0	na	0	na	na	0	na
DvergerStaffIce	1	1	0	0	0	na	na	na	na	na	na	na	na	na	na	na	na	na	na	na	0	na	na	na	na	na	na	na	0	na	na	na	na	na	na	1	0.67	1	1	0	0	na
DvergerStaffIce_projectile	1	0	0	0	0	na	na	na	na	na	na	na	na	na	na	na	na	na	na	na	0	na	na	na	na	na	na	na	0	na	na	na	na	na	na	0	na	0	na	na	0	na
DvergerStaffNova_aoe	1	0	0	0	0	na	na	na	na	na	na	na	na	na	na	na	na	na	na	na	0	na	na	na	na	na	na	na	0	na	na	na	na	na	na	0	na	0	na	na	0	na
DvergerStaffSupport	1	1	0	0	0	na	na	na	na	na	na	na	na	na	na	na	na	na	na	na	0	na	na	na	na	na	na	na	0	na	na	na	na	na	na	1	0.67	1	1	0	0	na
DvergerStaffSupport_aoe	1	0	0	0	0	na	na	na	na	na	na	na	na	na	na	na	na	na	na	na	0	na	na	na	na	na	na	na	0	na	na	na	na	na	na	0	na	0	na	na	0	na
DvergerSuitArbalest	1	1	0	0	0	na	na	na	na	na	na	na	na	na	na	na	na	na	na	na	0	na	na	na	na	na	na	na	0	na	na	na	na	na	na	0	na	1	10	0	0	na
DvergerSuitArbalest_Ashlands	1	1	0	0	0	na	na	na	na	na	na	na	na	na	na	na	na	na	na	na	0	na	na	na	na	na	na	na	0	na	na	na	na	na	na	0	na	1	10	0	0	na
DvergerSuitFire	1	1	0	0	0	na	na	na	na	na	na	na	na	na	na	na	na	na	na	na	0	na	na	na	na	na	na	na	0	na	na	na	na	na	na	0	na	1	10	0	0	na
DvergerSuitIce	1	1	0	0	0	na	na	na	na	na	na	na	na	na	na	na	na	na	na	na	0	na	na	na	na	na	na	na	0	na	na	na	na	na	na	0	na	1	10	0	0	na
DvergerSuitSupport	1	1	0	0	0	na	na	na	na	na	na	na	na	na	na	na	na	na	na	na	0	na	na	na	na	na	na	na	0	na	na	na	na	na	na	0	na	1	10	0	0	na
DvergerTest	1	1	0	0	0	na	na	na	na	na	na	na	na	na	na	na	na	na	na	na	0	na	na	na	na	na	na	na	0	na	na	na	na	na	na	0	na	1	10	0	0	na
DvergrKey	1	1	0	0	0	na	na	na	na	na	na	na	na	na	na	na	na	na	na	na	0	na	na	na	na	na	na	na	0	na	na	na	na	na	na	0	na	1	1	0	0	na
DvergrKeyFragment	1	1	0	0	0	na	na	na	na	na	na	na	na	na	na	na	na	na	na	na	0	na	na	na	na	na	na	na	0	na	na	na	na	na	na	0	na	1	1	0	0	na
DvergrNeedle	1	1	0	0	0	na	na	na	na	na	na	na	na	na	na	na	na	na	na	na	0	na	na	na	na	na	na	na	0	na	na	na	na	na	na	0	na	1	1	0	0	na
dvergrprops_banner	1	1	0	2	0	na	na	na	na	na	na	na	na	na	na	na	na	na	na	na	1	3	100	0	1	1	0	0	0	na	na	na	na	na	na	0	na	0	na	na	0	na
dvergrprops_barrel	1	1	0	2	0	na	na	na	na	na	na	na	na	na	na	na	na	na	na	na	0	na	na	na	na	na	na	na	0	na	na	na	na	na	na	0	na	0	na	na	0	na
dvergrprops_bed	1	1	0	2	0	na	na	na	na	na	na	na	na	na	na	na	na	na	na	na	1	3	800	0	1	1	0	0	0	na	na	na	na	na	na	0	na	0	na	na	0	na
dvergrprops_chair	1	1	0	2	0	na	na	na	na	na	na	na	na	na	na	na	na	na	na	na	1	3	500	0	1	1	0	0	0	na	na	na	na	na	na	0	na	0	na	na	0	na
dvergrprops_crate	1	1	0	0	0	na	na	na	na	na	na	na	na	na	na	na	na	na	na	na	1	0	200	1	1	1	0	0	0	na	na	na	na	na	na	0	na	0	na	na	0	na
dvergrprops_crate_ashlands	1	1	0	0	0	na	na	na	na	na	na	na	na	na	na	na	na	na	na	na	1	0	200	1	1	1	0	0	0	na	na	na	na	na	na	0	na	0	na	na	0	na
dvergrprops_crate_long	1	1	0	0	0	na	na	na	na	na	na	na	na	na	na	na	na	na	na	na	1	0	10	0	0	0	0	0	0	na	na	na	na	na	na	0	na	0	na	na	0	na
dvergrprops_curtain	1	1	0	2	0	na	na	na	na	na	na	na	na	na	na	na	na	na	na	na	1	3	100	0	1	1	0	0	0	na	na	na	na	na	na	0	na	0	na	na	0	na
dvergrprops_hooknchain	1	1	0	2	0	na	na	na	na	na	na	na	na	na	na	na	na	na	na	na	1	2	500	0	1	0	0	0	0	na	na	na	na	na	na	0	na	0	na	na	0	na
dvergrprops_lantern	1	1	0	2	0	na	na	na	na	na	na	na	na	na	na	na	na	na	na	na	1	2	100	0	1	1	0	0	0	na	na	na	na	na	na	0	na	0	na	na	0	na
dvergrprops_lantern_standing	1	1	0	2	0	na	na	na	na	na	na	na	na	na	na	na	na	na	na	na	1	0	10	0	1	0	0	0	0	na	na	na	na	na	na	0	na	0	na	na	0	na
dvergrprops_pickaxe	1	1	0	2	0	na	na	na	na	na	na	na	na	na	na	na	na	na	na	na	0	na	na	na	na	na	na	na	0	na	na	na	na	na	na	0	na	0	na	na	0	na
dvergrprops_shelf	1	1	0	2	0	na	na	na	na	na	na	na	na	na	na	na	na	na	na	na	1	3	200	0	1	1	0	0	0	na	na	na	na	na	na	0	na	0	na	na	0	na
dvergrprops_stool	1	1	0	2	0	na	na	na	na	na	na	na	na	na	na	na	na	na	na	na	1	0	100	1	1	1	0	0	0	na	na	na	na	na	na	0	na	0	na	na	0	na
dvergrprops_table	1	1	0	2	0	na	na	na	na	na	na	na	na	na	na	na	na	na	na	na	1	3	400	0	1	1	0	0	0	na	na	na	na	na	na	0	na	0	na	na	0	na
dvergrprops_wood_beam	1	1	0	2	0	na	na	na	na	na	na	na	na	na	na	na	na	na	na	na	1	2	800	1	1	1	0	0	0	na	na	na	na	na	na	0	na	0	na	na	0	na
dvergrprops_wood_floor	1	1	0	2	1	0	0	0	0	0	0	0	0	0	0	0	0	0	2	$piece_woodfloor2x2	1	0	400	1	1	1	0	0	0	na	na	na	na	na	na	0	na	0	na	na	0	na
dvergrprops_wood_pole	1	1	0	2	0	na	na	na	na	na	na	na	na	na	na	na	na	na	na	na	1	2	800	1	1	1	0	0	0	na	na	na	na	na	na	0	na	0	na	na	0	na
dvergrprops_wood_stair	1	1	0	2	1	0	0	0	0	0	0	0	0	0	0	0	0	0	2	$piece_woodstair	1	0	750	1	1	1	0	0	0	na	na	na	na	na	na	0	na	0	na	na	0	na
dvergrprops_wood_stake	1	1	0	2	0	na	na	na	na	na	na	na	na	na	na	na	na	na	na	na	1	3	500	1	1	1	0	0	0	na	na	na	na	na	na	0	na	0	na	na	0	na
dvergrprops_wood_stakewall	1	1	0	2	0	na	na	na	na	na	na	na	na	na	na	na	na	na	na	na	1	3	500	1	1	1	0	0	0	na	na	na	na	na	na	0	na	0	na	na	0	na
dvergrprops_wood_wall	1	1	0	2	0	na	na	na	na	na	na	na	na	na	na	na	na	na	na	na	1	3	1000	1	1	1	0	0	0	na	na	na	na	na	na	0	na	0	na	na	0	na
dvergrtown_arch	1	1	0	2	0	na	na	na	na	na	na	na	na	na	na	na	na	na	na	na	0	na	na	na	na	na	na	na	0	na	na	na	na	na	na	0	na	0	na	na	0	na
dvergrtown_creep_door	1	1	0	2	0	na	na	na	na	na	na	na	na	na	na	na	na	na	na	na	0	na	na	na	na	na	na	na	0	na	na	na	na	na	na	0	na	0	na	na	0	na
dvergrtown_secretdoor	1	1	0	2	0	na	na	na	na	na	na	na	na	na	na	na	na	na	na	na	0	na	na	na	na	na	na	na	0	na	na	na	na	na	na	0	na	0	na	na	0	na
dvergrtown_slidingdoor	1	1	0	2	0	na	na	na	na	na	na	na	na	na	na	na	na	na	na	na	0	na	na	na	na	na	na	na	0	na	na	na	na	na	na	0	na	0	na	na	0	na
dvergrtown_stair_corner_wood_left	1	1	0	0	0	na	na	na	na	na	na	na	na	na	na	na	na	na	na	na	1	3	750	1	1	1	0	0	0	na	na	na	na	na	na	0	na	0	na	na	0	na
dvergrtown_wood_beam	1	1	0	2	0	na	na	na	na	na	na	na	na	na	na	na	na	na	na	na	0	na	na	na	na	na	na	na	0	na	na	na	na	na	na	0	na	0	na	na	0	na
dvergrtown_wood_crane	1	1	0	0	0	na	na	na	na	na	na	na	na	na	na	na	na	na	na	na	1	3	1000	1	1	1	0	0	0	na	na	na	na	na	na	0	na	0	na	na	0	na
dvergrtown_wood_pole	1	1	0	2	0	na	na	na	na	na	na	na	na	na	na	na	na	na	na	na	0	na	na	na	na	na	na	na	0	na	na	na	na	na	na	0	na	0	na	na	0	na
dvergrtown_wood_stake	1	1	0	2	0	na	na	na	na	na	na	na	na	na	na	na	na	na	na	na	0	na	na	na	na	na	na	na	0	na	na	na	na	na	na	0	na	0	na	na	0	na
dvergrtown_wood_stakewall	1	1	0	2	0	na	na	na	na	na	na	na	na	na	na	na	na	na	na	na	0	na	na	na	na	na	na	na	0	na	na	na	na	na	na	0	na	0	na	na	0	na
dvergrtown_wood_support	1	1	0	0	0	na	na	na	na	na	na	na	na	na	na	na	na	na	na	na	0	na	na	na	na	na	na	na	0	na	na	na	na	na	na	0	na	0	na	na	0	na
dvergrtown_wood_wall01	1	1	0	2	0	na	na	na	na	na	na	na	na	na	na	na	na	na	na	na	0	na	na	na	na	na	na	na	0	na	na	na	na	na	na	0	na	0	na	na	0	na
dvergrtown_wood_wall02	1	1	0	2	0	na	na	na	na	na	na	na	na	na	na	na	na	na	na	na	0	na	na	na	na	na	na	na	0	na	na	na	na	na	na	0	na	0	na	na	0	na
dvergrtown_wood_wall03	1	1	0	2	0	na	na	na	na	na	na	na	na	na	na	na	na	na	na	na	0	na	na	na	na	na	na	na	0	na	na	na	na	na	na	0	na	0	na	na	0	na
DyrnwynBladeFragment	1	1	0	0	0	na	na	na	na	na	na	na	na	na	na	na	na	na	na	na	0	na	na	na	na	na	na	na	0	na	na	na	na	na	na	0	na	1	1	0	0	na
DyrnwynHiltFragment	1	1	0	0	0	na	na	na	na	na	na	na	na	na	na	na	na	na	na	na	0	na	na	na	na	na	na	na	0	na	na	na	na	na	na	0	na	1	1	0	0	na
DyrnwynTipFragment	1	1	0	0	0	na	na	na	na	na	na	na	na	na	na	na	na	na	na	na	0	na	na	na	na	na	na	na	0	na	na	na	na	na	na	0	na	1	1	0	0	na
Ectoplasm	1	1	0	0	0	na	na	na	na	na	na	na	na	na	na	na	na	na	na	na	0	na	na	na	na	na	na	na	0	na	na	na	na	na	na	0	na	1	1	0	0	na
Eikthyr	1	1	0	0	0	na	na	na	na	na	na	na	na	na	na	na	na	na	na	na	0	na	na	na	na	na	na	na	0	na	na	na	na	na	na	0	na	1	50	0	0	na
eikthyr_ragdoll	1	1	0	0	0	na	na	na	na	na	na	na	na	na	na	na	na	na	na	na	0	na	na	na	na	na	na	na	0	na	na	na	na	na	na	0	na	0	na	na	0	na
Eitr	1	1	0	0	0	na	na	na	na	na	na	na	na	na	na	na	na	na	na	na	0	na	na	na	na	na	na	na	0	na	na	na	na	na	na	0	na	1	1	0	0	na
eitrrefinery	1	1	0	2	1	0	1	0	0	1	0	1	1	0	1	0	0	0	1	$piece_eitrrefinery	1	0	1000	1	1	1	0	0	0	na	na	na	na	na	na	0	na	0	na	na	0	na
Elaking	1	1	0	0	0	na	na	na	na	na	na	na	na	na	na	na	na	na	na	na	0	na	na	na	na	na	na	na	0	na	na	na	na	na	na	0	na	1	10	0	0	na
Elaking_AttackJump	1	1	0	0	0	na	na	na	na	na	na	na	na	na	na	na	na	na	na	na	0	na	na	na	na	na	na	na	0	na	na	na	na	na	na	0	na	1	1	0	0	na
Elaking_AttackLantern	1	1	0	0	0	na	na	na	na	na	na	na	na	na	na	na	na	na	na	na	0	na	na	na	na	na	na	na	0	na	na	na	na	na	na	0	na	1	1	0	0	na
Elaking_Ragdoll	1	0	0	0	0	na	na	na	na	na	na	na	na	na	na	na	na	na	na	na	0	na	na	na	na	na	na	na	0	na	na	na	na	na	na	0	na	0	na	na	0	na
elaking_trashpile	1	1	0	2	0	na	na	na	na	na	na	na	na	na	na	na	na	na	na	na	0	na	na	na	na	na	na	na	0	na	na	na	na	na	na	0	na	0	na	na	0	na
elaking_trashpile_destruction	1	0	0	0	0	na	na	na	na	na	na	na	na	na	na	na	na	na	na	na	0	na	na	na	na	na	na	na	0	na	na	na	na	na	na	0	na	0	na	na	0	na
ElakingHairBundle	1	1	0	0	0	na	na	na	na	na	na	na	na	na	na	na	na	na	na	na	0	na	na	na	na	na	na	na	0	na	na	na	na	na	na	0	na	1	1	0	0	na
ElakingLantern	1	1	0	0	0	na	na	na	na	na	na	na	na	na	na	na	na	na	na	na	0	na	na	na	na	na	na	na	0	na	na	na	na	na	na	0	na	1	10	0	0	na
ElakingMole	1	1	0	0	0	na	na	na	na	na	na	na	na	na	na	na	na	na	na	na	0	na	na	na	na	na	na	na	0	na	na	na	na	na	na	0	na	1	10	0	0	na
ElakingMole_Ragdoll	1	0	0	0	0	na	na	na	na	na	na	na	na	na	na	na	na	na	na	na	0	na	na	na	na	na	na	na	0	na	na	na	na	na	na	0	na	0	na	na	0	na
ElakingMole_Sandcloud_Projectile	1	0	0	0	0	na	na	na	na	na	na	na	na	na	na	na	na	na	na	na	0	na	na	na	na	na	na	na	0	na	na	na	na	na	na	0	na	0	na	na	0	na
ElderBark	1	1	0	0	0	na	na	na	na	na	na	na	na	na	na	na	na	na	na	na	0	na	na	na	na	na	na	na	0	na	na	na	na	na	na	1	0.52	1	10	0	0	na
Enemy_Barka_Attack_BackSlam	1	0	0	0	0	na	na	na	na	na	na	na	na	na	na	na	na	na	na	na	0	na	na	na	na	na	na	na	0	na	na	na	na	na	na	0	na	0	na	na	0	na
Enemy_Barka_Attack_HeavyImpact	1	0	0	0	0	na	na	na	na	na	na	na	na	na	na	na	na	na	na	na	0	na	na	na	na	na	na	na	0	na	na	na	na	na	na	0	na	0	na	na	0	na
Enemy_Barka_Attack_HeavySwings	1	0	0	0	0	na	na	na	na	na	na	na	na	na	na	na	na	na	na	na	0	na	na	na	na	na	na	na	0	na	na	na	na	na	na	0	na	0	na	na	0	na
Enemy_Barka_Attack_SlamDrive	1	0	0	0	0	na	na	na	na	na	na	na	na	na	na	na	na	na	na	na	0	na	na	na	na	na	na	na	0	na	na	na	na	na	na	0	na	0	na	na	0	na
Enemy_Barka_Attack_WhipFlurry	1	0	0	0	0	na	na	na	na	na	na	na	na	na	na	na	na	na	na	na	0	na	na	na	na	na	na	na	0	na	na	na	na	na	na	0	na	0	na	na	0	na
Enemy_Barka_Attack_WhipSlam	1	0	0	0	0	na	na	na	na	na	na	na	na	na	na	na	na	na	na	na	0	na	na	na	na	na	na	na	0	na	na	na	na	na	na	0	na	0	na	na	0	na
Enemy_Barka_Death	1	0	0	0	0	na	na	na	na	na	na	na	na	na	na	na	na	na	na	na	0	na	na	na	na	na	na	na	0	na	na	na	na	na	na	0	na	0	na	na	0	na
Enemy_Barka_Death_Debris	1	0	0	0	0	na	na	na	na	na	na	na	na	na	na	na	na	na	na	na	0	na	na	na	na	na	na	na	0	na	na	na	na	na	na	0	na	0	na	na	0	na
Enemy_Barka_Footstep	1	0	0	0	0	na	na	na	na	na	na	na	na	na	na	na	na	na	na	na	0	na	na	na	na	na	na	na	0	na	na	na	na	na	na	0	na	0	na	na	0	na
Enemy_Barka_Hurt	1	0	0	0	0	na	na	na	na	na	na	na	na	na	na	na	na	na	na	na	0	na	na	na	na	na	na	na	0	na	na	na	na	na	na	0	na	0	na	na	0	na
Enemy_Barka_Idle	1	0	0	0	0	na	na	na	na	na	na	na	na	na	na	na	na	na	na	na	0	na	na	na	na	na	na	na	0	na	na	na	na	na	na	0	na	0	na	na	0	na
Enemy_Barka_Verse_Death	1	0	0	0	0	na	na	na	na	na	na	na	na	na	na	na	na	na	na	na	0	na	na	na	na	na	na	na	0	na	na	na	na	na	na	0	na	0	na	na	0	na
Entrails	1	1	0	0	0	na	na	na	na	na	na	na	na	na	na	na	na	na	na	na	0	na	na	na	na	na	na	na	0	na	na	na	na	na	na	0	na	1	1	0	0	na
eventzone_bonemass	1	1	0	0	0	na	na	na	na	na	na	na	na	na	na	na	na	na	na	na	0	na	na	na	na	na	na	na	0	na	na	na	na	na	na	0	na	0	na	na	0	na
eventzone_eikthyr	1	1	0	0	0	na	na	na	na	na	na	na	na	na	na	na	na	na	na	na	0	na	na	na	na	na	na	na	0	na	na	na	na	na	na	0	na	0	na	na	0	na
eventzone_fader	1	1	0	0	0	na	na	na	na	na	na	na	na	na	na	na	na	na	na	na	0	na	na	na	na	na	na	na	0	na	na	na	na	na	na	0	na	0	na	na	0	na
eventzone_gdking	1	1	0	0	0	na	na	na	na	na	na	na	na	na	na	na	na	na	na	na	0	na	na	na	na	na	na	na	0	na	na	na	na	na	na	0	na	0	na	na	0	na
eventzone_goblinking	1	1	0	0	0	na	na	na	na	na	na	na	na	na	na	na	na	na	na	na	0	na	na	na	na	na	na	na	0	na	na	na	na	na	na	0	na	0	na	na	0	na
eventzone_moder	1	1	0	0	0	na	na	na	na	na	na	na	na	na	na	na	na	na	na	na	0	na	na	na	na	na	na	na	0	na	na	na	na	na	na	0	na	0	na	na	0	na
eventzone_queen	1	1	0	0	0	na	na	na	na	na	na	na	na	na	na	na	na	na	na	na	0	na	na	na	na	na	na	na	0	na	na	na	na	na	na	0	na	0	na	na	0	na
EvilHeart_Forest	1	1	0	0	0	na	na	na	na	na	na	na	na	na	na	na	na	na	na	na	0	na	na	na	na	na	na	na	0	na	na	na	na	na	na	0	na	0	na	na	0	na
EvilHeart_Swamp	1	1	0	0	0	na	na	na	na	na	na	na	na	na	na	na	na	na	na	na	0	na	na	na	na	na	na	na	0	na	na	na	na	na	na	0	na	0	na	na	0	na
Eyescream	1	1	0	0	1	0	1	0	0	0	0	0	1	0	1	0	0	0	6	$item_eyescream	1	0	10	0	1	1	0	0	0	na	na	na	na	na	na	0	na	1	1	0	0	na
Fader	1	1	0	0	0	na	na	na	na	na	na	na	na	na	na	na	na	na	na	na	0	na	na	na	na	na	na	na	0	na	na	na	na	na	na	0	na	1	100	0	0	na
fader_bellholder	1	1	0	0	0	na	na	na	na	na	na	na	na	na	na	na	na	na	na	na	0	na	na	na	na	na	na	na	0	na	na	na	na	na	na	0	na	0	na	na	0	na
Fader_DroppedFire_AOE	1	0	0	0	0	na	na	na	na	na	na	na	na	na	na	na	na	na	na	na	0	na	na	na	na	na	na	na	0	na	na	na	na	na	na	0	na	0	na	na	0	na
Fader_Fissure_AOE	1	0	0	0	0	na	na	na	na	na	na	na	na	na	na	na	na	na	na	na	0	na	na	na	na	na	na	na	0	na	na	na	na	na	na	0	na	0	na	na	0	na
Fader_Flamebreath_AOE	1	0	0	0	0	na	na	na	na	na	na	na	na	na	na	na	na	na	na	na	0	na	na	na	na	na	na	na	0	na	na	na	na	na	na	0	na	0	na	na	0	na
Fader_Jump_AOE	1	0	0	0	0	na	na	na	na	na	na	na	na	na	na	na	na	na	na	na	0	na	na	na	na	na	na	na	0	na	na	na	na	na	na	0	na	0	na	na	0	na
Fader_MeteorSmash_AOE	1	0	0	0	0	na	na	na	na	na	na	na	na	na	na	na	na	na	na	na	0	na	na	na	na	na	na	na	0	na	na	na	na	na	na	0	na	0	na	na	0	na
Fader_Roar_Projectile	1	0	0	0	0	na	na	na	na	na	na	na	na	na	na	na	na	na	na	na	0	na	na	na	na	na	na	na	0	na	na	na	na	na	na	0	na	0	na	na	0	na
Fader_WallOfFire_AOE	1	0	0	0	0	na	na	na	na	na	na	na	na	na	na	na	na	na	na	na	0	na	na	na	na	na	na	na	0	na	na	na	na	na	na	0	na	0	na	na	0	na
FaderDrop	1	1	0	0	0	na	na	na	na	na	na	na	na	na	na	na	na	na	na	na	0	na	na	na	na	na	na	na	0	na	na	na	na	na	na	1	0.6	1	1	0	0	na
FaderEmber	1	1	0	0	0	na	na	na	na	na	na	na	na	na	na	na	na	na	na	na	0	na	na	na	na	na	na	na	0	na	na	na	na	na	na	0	na	1	1	0	0	na
FallenValkyrie	1	1	0	0	0	na	na	na	na	na	na	na	na	na	na	na	na	na	na	na	0	na	na	na	na	na	na	na	0	na	na	na	na	na	na	0	na	1	20	0	0	na
fallenvalkyrie_claws	1	1	0	0	0	na	na	na	na	na	na	na	na	na	na	na	na	na	na	na	0	na	na	na	na	na	na	na	0	na	na	na	na	na	na	0	na	1	1	0	0	na
fallenvalkyrie_feather_projectile	1	0	0	0	0	na	na	na	na	na	na	na	na	na	na	na	na	na	na	na	0	na	na	na	na	na	na	na	0	na	na	na	na	na	na	0	na	0	na	na	0	na
fallenvalkyrie_poisonbreath_aoe	1	0	0	0	0	na	na	na	na	na	na	na	na	na	na	na	na	na	na	na	0	na	na	na	na	na	na	na	0	na	na	na	na	na	na	0	na	0	na	na	0	na
FallenValkyrie_projectile_explosion	1	0	0	0	0	na	na	na	na	na	na	na	na	na	na	na	na	na	na	na	0	na	na	na	na	na	na	na	0	na	na	na	na	na	na	0	na	0	na	na	0	na
fallenvalkyrie_screech	1	1	0	0	0	na	na	na	na	na	na	na	na	na	na	na	na	na	na	na	0	na	na	na	na	na	na	na	0	na	na	na	na	na	na	0	na	1	1	0	0	na
fallenvalkyrie_spin	1	1	0	0	0	na	na	na	na	na	na	na	na	na	na	na	na	na	na	na	0	na	na	na	na	na	na	na	0	na	na	na	na	na	na	0	na	1	1	0	0	na
fallenvalkyrie_spit_projectile	1	0	0	0	0	na	na	na	na	na	na	na	na	na	na	na	na	na	na	na	0	na	na	na	na	na	na	na	0	na	na	na	na	na	na	0	na	0	na	na	0	na
fallenvalkyrie_swoopattack	1	1	0	0	0	na	na	na	na	na	na	na	na	na	na	na	na	na	na	na	0	na	na	na	na	na	na	na	0	na	na	na	na	na	na	0	na	1	1	0	0	na
fallenvalkyrie_taunt	1	1	0	0	0	na	na	na	na	na	na	na	na	na	na	na	na	na	na	na	0	na	na	na	na	na	na	na	0	na	na	na	na	na	na	0	na	1	1	0	0	na
fallenvalkyrie_wingspin	1	1	0	0	0	na	na	na	na	na	na	na	na	na	na	na	na	na	na	na	0	na	na	na	na	na	na	na	0	na	na	na	na	na	na	0	na	1	1	0	0	na
FallenWarrior	1	1	0	0	0	na	na	na	na	na	na	na	na	na	na	na	na	na	na	na	0	na	na	na	na	na	na	na	0	na	na	na	na	na	na	0	na	1	20	0	0	na
FeastAshlands	1	1	0	2	1	0	1	0	0	0	0	0	1	0	1	0	0	0	5	$item_feastashlands	1	0	50	0	1	1	0	0	0	na	na	na	na	na	na	0	na	0	na	na	0	na
FeastAshlands_Material	1	1	0	0	0	na	na	na	na	na	na	na	na	na	na	na	na	na	na	na	0	na	na	na	na	na	na	na	0	na	na	na	na	na	na	0	na	1	1	0	0	na
FeastBlackforest	1	1	0	2	1	0	1	0	0	0	0	0	1	0	1	0	0	0	5	$item_feastblackforest	1	0	50	0	1	1	0	0	0	na	na	na	na	na	na	0	na	0	na	na	0	na
FeastBlackforest_Material	1	1	0	0	0	na	na	na	na	na	na	na	na	na	na	na	na	na	na	na	0	na	na	na	na	na	na	na	0	na	na	na	na	na	na	0	na	1	1	0	0	na
FeastDeepNorth	1	1	0	2	1	0	1	0	0	0	0	0	1	0	1	0	0	0	5	$item_feastdeepnorth	1	0	50	0	1	1	0	0	0	na	na	na	na	na	na	0	na	0	na	na	0	na
FeastDeepNorth_Material	1	1	0	0	0	na	na	na	na	na	na	na	na	na	na	na	na	na	na	na	0	na	na	na	na	na	na	na	0	na	na	na	na	na	na	0	na	1	1	0	0	na
Feaster	1	1	0	0	0	na	na	na	na	na	na	na	na	na	na	na	na	na	na	na	0	na	na	na	na	na	na	na	0	na	na	na	na	na	na	0	na	1	1.5	0	0	na
FeastMeadows	1	1	0	2	1	0	1	0	0	0	0	0	1	0	1	0	0	0	5	$item_feastmeadows	1	0	50	0	1	1	0	0	0	na	na	na	na	na	na	0	na	0	na	na	0	na
FeastMeadows_Material	1	1	0	0	0	na	na	na	na	na	na	na	na	na	na	na	na	na	na	na	0	na	na	na	na	na	na	na	0	na	na	na	na	na	na	0	na	1	1	0	0	na
FeastMistlands	1	1	0	2	1	0	1	0	0	0	0	0	1	0	1	0	0	0	5	$item_feastmistlands	1	0	50	0	1	1	0	0	0	na	na	na	na	na	na	0	na	0	na	na	0	na
FeastMistlands_Material	1	1	0	0	0	na	na	na	na	na	na	na	na	na	na	na	na	na	na	na	0	na	na	na	na	na	na	na	0	na	na	na	na	na	na	0	na	1	1	0	0	na
FeastMountains	1	1	0	2	1	0	1	0	0	0	0	0	1	0	1	0	0	0	5	$item_feastmountains	1	0	50	0	1	1	0	0	0	na	na	na	na	na	na	0	na	0	na	na	0	na
FeastMountains_Material	1	1	0	0	0	na	na	na	na	na	na	na	na	na	na	na	na	na	na	na	0	na	na	na	na	na	na	na	0	na	na	na	na	na	na	0	na	1	1	0	0	na
FeastOceans	1	1	0	2	1	0	1	0	0	0	0	0	1	0	1	0	0	0	5	$item_feastoceans	1	0	50	0	1	1	0	0	0	na	na	na	na	na	na	0	na	0	na	na	0	na
FeastOceans_Material	1	1	0	0	0	na	na	na	na	na	na	na	na	na	na	na	na	na	na	na	0	na	na	na	na	na	na	na	0	na	na	na	na	na	na	0	na	1	1	0	0	na
FeastPlains	1	1	0	2	1	0	1	0	0	0	0	0	1	0	1	0	0	0	5	$item_feastplains	1	0	50	0	1	1	0	0	0	na	na	na	na	na	na	0	na	0	na	na	0	na
FeastPlains_Material	1	1	0	0	0	na	na	na	na	na	na	na	na	na	na	na	na	na	na	na	0	na	na	na	na	na	na	na	0	na	na	na	na	na	na	0	na	1	1	0	0	na
FeastSwamps	1	1	0	2	1	0	1	0	0	0	0	0	1	0	1	0	0	0	5	$item_feastswamps	1	0	50	0	1	1	0	0	0	na	na	na	na	na	na	0	na	0	na	na	0	na
FeastSwamps_Material	1	1	0	0	0	na	na	na	na	na	na	na	na	na	na	na	na	na	na	na	0	na	na	na	na	na	na	na	0	na	na	na	na	na	na	0	na	1	1	0	0	na
Feathers	1	1	0	0	0	na	na	na	na	na	na	na	na	na	na	na	na	na	na	na	0	na	na	na	na	na	na	na	0	na	na	na	na	na	na	0	na	1	1	0	0	na
Fenring	1	1	0	0	0	na	na	na	na	na	na	na	na	na	na	na	na	na	na	na	0	na	na	na	na	na	na	na	0	na	na	na	na	na	na	0	na	1	30	0	0	na
Fenring_attack_flames_aoe	1	0	0	0	0	na	na	na	na	na	na	na	na	na	na	na	na	na	na	na	0	na	na	na	na	na	na	na	0	na	na	na	na	na	na	0	na	0	na	na	0	na
Fenring_attack_frost_aoe	1	0	0	0	0	na	na	na	na	na	na	na	na	na	na	na	na	na	na	na	0	na	na	na	na	na	na	na	0	na	na	na	na	na	na	0	na	0	na	na	0	na
Fenring_Cultist	1	1	0	0	0	na	na	na	na	na	na	na	na	na	na	na	na	na	na	na	0	na	na	na	na	na	na	na	0	na	na	na	na	na	na	0	na	1	10	0	0	na
Fenring_Cultist_Hildir	1	1	0	0	0	na	na	na	na	na	na	na	na	na	na	na	na	na	na	na	0	na	na	na	na	na	na	na	0	na	na	na	na	na	na	0	na	1	10	0	0	na
Fenring_Cultist_Hildir_nochest	1	1	0	0	0	na	na	na	na	na	na	na	na	na	na	na	na	na	na	na	0	na	na	na	na	na	na	na	0	na	na	na	na	na	na	0	na	1	10	0	0	na
Fenring_cultist_ragdoll	1	1	0	0	0	na	na	na	na	na	na	na	na	na	na	na	na	na	na	na	0	na	na	na	na	na	na	na	0	na	na	na	na	na	na	0	na	0	na	na	0	na
Fenring_cultist_ragdoll_hildir	1	1	0	0	0	na	na	na	na	na	na	na	na	na	na	na	na	na	na	na	0	na	na	na	na	na	na	na	0	na	na	na	na	na	na	0	na	0	na	na	0	na
Fenring_ragdoll	1	1	0	0	0	na	na	na	na	na	na	na	na	na	na	na	na	na	na	na	0	na	na	na	na	na	na	na	0	na	na	na	na	na	na	0	na	0	na	na	0	na
FenringIceNova_aoe	1	0	0	0	0	na	na	na	na	na	na	na	na	na	na	na	na	na	na	na	0	na	na	na	na	na	na	na	0	na	na	na	na	na	na	0	na	0	na	na	0	na
fenrirhide_hanging	1	1	0	2	0	na	na	na	na	na	na	na	na	na	na	na	na	na	na	na	0	na	na	na	na	na	na	na	0	na	na	na	na	na	na	0	na	0	na	na	0	na
fenrirhide_hanging_door	1	1	0	2	0	na	na	na	na	na	na	na	na	na	na	na	na	na	na	na	0	na	na	na	na	na	na	na	0	na	na	na	na	na	na	0	na	0	na	na	0	na
fermenter	1	1	0	2	1	0	1	0	0	1	0	0	1	0	1	0	0	0	1	$piece_fermenter	1	0	1000	1	1	0	0	0	0	na	na	na	na	na	na	0	na	0	na	na	0	na
FernAshlands	1	1	0	0	0	na	na	na	na	na	na	na	na	na	na	na	na	na	na	na	0	na	na	na	na	na	na	na	0	na	na	na	na	na	na	0	na	0	na	na	0	na
FernFiddleHeadAshlands	1	1	0	0	0	na	na	na	na	na	na	na	na	na	na	na	na	na	na	na	0	na	na	na	na	na	na	na	0	na	na	na	na	na	na	0	na	0	na	na	0	na
Fiddleheadfern	1	1	0	0	1	0	1	0	0	0	0	0	1	0	1	0	0	0	6	$item_fiddleheadfern	1	0	10	0	1	1	0	0	0	na	na	na	na	na	na	0	na	1	1	0	0	na
FierySvinstew	1	1	0	0	1	0	1	0	0	0	0	0	1	0	1	0	0	0	6	$item_fierysvinstew	1	0	10	0	1	1	0	0	0	na	na	na	na	na	na	0	na	1	1	0	0	na
FimbulvinterOrb	1	1	0	2	0	na	na	na	na	na	na	na	na	na	na	na	na	na	na	na	0	na	na	na	na	na	na	na	0	na	na	na	na	na	na	0	na	0	na	na	0	na
FimbulvinterOrb_start	1	1	0	2	0	na	na	na	na	na	na	na	na	na	na	na	na	na	na	na	0	na	na	na	na	na	na	na	0	na	na	na	na	na	na	0	na	0	na	na	0	na
FineWood	1	1	0	0	0	na	na	na	na	na	na	na	na	na	na	na	na	na	na	na	0	na	na	na	na	na	na	na	0	na	na	na	na	na	na	1	0.52	1	10	0	0	na
FirCone	1	1	0	0	0	na	na	na	na	na	na	na	na	na	na	na	na	na	na	na	0	na	na	na	na	na	na	na	0	na	na	na	na	na	na	1	0	1	10	0	0	na
FirConeFrost	1	1	0	0	0	na	na	na	na	na	na	na	na	na	na	na	na	na	na	na	0	na	na	na	na	na	na	na	0	na	na	na	na	na	na	1	0	1	10	0	0	na
Fire	1	1	0	0	0	na	na	na	na	na	na	na	na	na	na	na	na	na	na	na	0	na	na	na	na	na	na	na	0	na	na	na	na	na	na	0	na	0	na	na	0	na
fire_pit	1	1	0	2	1	0	1	0	0	0	0	1	1	0	1	0	1	0	0	$piece_firepit	1	0	100	1	1	0	0	0	0	na	na	na	na	na	na	0	na	0	na	na	0	na
fire_pit_haldor	1	1	0	2	1	0	1	0	0	0	0	1	1	0	1	0	1	0	0	$piece_firepit	0	na	na	na	na	na	na	na	0	na	na	na	na	na	na	0	na	0	na	na	0	na
fire_pit_hildir	1	1	0	2	1	0	1	0	0	0	0	1	1	0	1	0	1	0	0	$piece_firepit	0	na	na	na	na	na	na	na	0	na	na	na	na	na	na	0	na	0	na	na	0	na
fire_pit_iron	1	1	0	2	1	0	1	0	0	0	0	0	1	0	0	0	1	0	0	$piece_firepit_iron	1	0	200	0	1	0	0	0	0	na	na	na	na	na	na	0	na	0	na	na	0	na
FireFlies	1	1	0	0	0	na	na	na	na	na	na	na	na	na	na	na	na	na	na	na	0	na	na	na	na	na	na	na	0	na	na	na	na	na	na	0	na	0	na	na	0	na
FireworksRocket_Blue	1	1	0	0	0	na	na	na	na	na	na	na	na	na	na	na	na	na	na	na	0	na	na	na	na	na	na	na	0	na	na	na	na	na	na	0	na	1	1	0	0	na
FireworksRocket_Cyan	1	1	0	0	0	na	na	na	na	na	na	na	na	na	na	na	na	na	na	na	0	na	na	na	na	na	na	na	0	na	na	na	na	na	na	0	na	1	1	0	0	na
FireworksRocket_Green	1	1	0	0	0	na	na	na	na	na	na	na	na	na	na	na	na	na	na	na	0	na	na	na	na	na	na	na	0	na	na	na	na	na	na	0	na	1	1	0	0	na
FireworksRocket_Purple	1	1	0	0	0	na	na	na	na	na	na	na	na	na	na	na	na	na	na	na	0	na	na	na	na	na	na	na	0	na	na	na	na	na	na	0	na	1	1	0	0	na
FireworksRocket_Red	1	1	0	0	0	na	na	na	na	na	na	na	na	na	na	na	na	na	na	na	0	na	na	na	na	na	na	na	0	na	na	na	na	na	na	0	na	1	1	0	0	na
FireworksRocket_White	1	1	0	0	0	na	na	na	na	na	na	na	na	na	na	na	na	na	na	na	0	na	na	na	na	na	na	na	0	na	na	na	na	na	na	0	na	1	1	0	0	na
FireworksRocket_Yellow	1	1	0	0	0	na	na	na	na	na	na	na	na	na	na	na	na	na	na	na	0	na	na	na	na	na	na	na	0	na	na	na	na	na	na	0	na	1	1	0	0	na
FirTree	1	1	1	2	0	na	na	na	na	na	na	na	na	na	na	na	na	na	na	na	0	na	na	na	na	na	na	na	0	na	na	na	na	na	na	0	na	0	na	na	0	na
FirTree_big	1	1	1	2	0	na	na	na	na	na	na	na	na	na	na	na	na	na	na	na	0	na	na	na	na	na	na	na	0	na	na	na	na	na	na	0	na	0	na	na	0	na
FirTree_Big_log	1	1	0	0	0	na	na	na	na	na	na	na	na	na	na	na	na	na	na	na	0	na	na	na	na	na	na	na	0	na	na	na	na	na	na	1	0.3	1	100	0	0	na
FirTree_big_log_half	1	1	0	0	0	na	na	na	na	na	na	na	na	na	na	na	na	na	na	na	0	na	na	na	na	na	na	na	0	na	na	na	na	na	na	1	0.3	1	50	0	0	na
FirTree_Big_plantable_Stub	1	1	0	0	0	na	na	na	na	na	na	na	na	na	na	na	na	na	na	na	0	na	na	na	na	na	na	na	0	na	na	na	na	na	na	0	na	0	na	na	0	na
FirTree_big_Sapling	1	1	0	0	1	0	1	1	0	1	0	0	0	0	0	0	0	0	0	$prop_fir_big_sapling	0	na	na	na	na	na	na	na	0	na	na	na	na	na	na	0	na	0	na	na	0	na
FirTree_log	1	1	0	0	0	na	na	na	na	na	na	na	na	na	na	na	na	na	na	na	0	na	na	na	na	na	na	na	0	na	na	na	na	na	na	1	0.3	1	100	0	0	na
FirTree_log_half	1	1	0	0	0	na	na	na	na	na	na	na	na	na	na	na	na	na	na	na	0	na	na	na	na	na	na	na	0	na	na	na	na	na	na	1	0.3	1	50	0	0	na
FirTree_oldLog	1	1	0	0	0	na	na	na	na	na	na	na	na	na	na	na	na	na	na	na	0	na	na	na	na	na	na	na	0	na	na	na	na	na	na	0	na	0	na	na	0	na
FirTree_oldLog_deepnorth	1	1	0	0	0	na	na	na	na	na	na	na	na	na	na	na	na	na	na	na	0	na	na	na	na	na	na	na	0	na	na	na	na	na	na	0	na	0	na	na	0	na
FirTree_Sapling	1	1	0	0	1	0	1	1	0	1	0	0	0	0	0	0	0	0	0	$prop_fir_sapling	0	na	na	na	na	na	na	na	0	na	na	na	na	na	na	0	na	0	na	na	0	na
FirTree_small	1	1	0	0	0	na	na	na	na	na	na	na	na	na	na	na	na	na	na	na	0	na	na	na	na	na	na	na	0	na	na	na	na	na	na	0	na	0	na	na	0	na
FirTree_small_dead	1	1	0	0	0	na	na	na	na	na	na	na	na	na	na	na	na	na	na	na	0	na	na	na	na	na	na	na	0	na	na	na	na	na	na	0	na	0	na	na	0	na
FirTree_Snow_log	1	1	0	0	0	na	na	na	na	na	na	na	na	na	na	na	na	na	na	na	0	na	na	na	na	na	na	na	0	na	na	na	na	na	na	1	0.3	1	100	0	0	na
FirTree_Snow_log_half	1	1	0	0	0	na	na	na	na	na	na	na	na	na	na	na	na	na	na	na	0	na	na	na	na	na	na	na	0	na	na	na	na	na	na	1	0.3	1	50	0	0	na
FirTree_Snow_Stub	1	1	0	0	0	na	na	na	na	na	na	na	na	na	na	na	na	na	na	na	0	na	na	na	na	na	na	na	0	na	na	na	na	na	na	0	na	0	na	na	0	na
FirTree_Stub	1	1	0	0	0	na	na	na	na	na	na	na	na	na	na	na	na	na	na	na	0	na	na	na	na	na	na	na	0	na	na	na	na	na	na	0	na	0	na	na	0	na
Fish1	1	1	0	0	0	na	na	na	na	na	na	na	na	na	na	na	na	na	na	na	0	na	na	na	na	na	na	na	0	na	na	na	na	na	na	0	na	1	1	0	0	na
Fish10	1	1	0	0	0	na	na	na	na	na	na	na	na	na	na	na	na	na	na	na	0	na	na	na	na	na	na	na	0	na	na	na	na	na	na	0	na	1	1	0	0	na
Fish11	1	1	0	0	0	na	na	na	na	na	na	na	na	na	na	na	na	na	na	na	0	na	na	na	na	na	na	na	0	na	na	na	na	na	na	0	na	1	1	0	0	na
Fish12	1	1	0	0	0	na	na	na	na	na	na	na	na	na	na	na	na	na	na	na	0	na	na	na	na	na	na	na	0	na	na	na	na	na	na	0	na	1	1	0	0	na
Fish2	1	1	0	0	0	na	na	na	na	na	na	na	na	na	na	na	na	na	na	na	0	na	na	na	na	na	na	na	0	na	na	na	na	na	na	0	na	1	1	0	0	na
Fish3	1	1	0	0	0	na	na	na	na	na	na	na	na	na	na	na	na	na	na	na	0	na	na	na	na	na	na	na	0	na	na	na	na	na	na	0	na	1	1	0	0	na
Fish4_cave	1	1	0	0	0	na	na	na	na	na	na	na	na	na	na	na	na	na	na	na	0	na	na	na	na	na	na	na	0	na	na	na	na	na	na	0	na	1	1	0	0	na
Fish5	1	1	0	0	0	na	na	na	na	na	na	na	na	na	na	na	na	na	na	na	0	na	na	na	na	na	na	na	0	na	na	na	na	na	na	0	na	1	1	0	0	na
Fish6	1	1	0	0	0	na	na	na	na	na	na	na	na	na	na	na	na	na	na	na	0	na	na	na	na	na	na	na	0	na	na	na	na	na	na	0	na	1	1	0	0	na
Fish7	1	1	0	0	0	na	na	na	na	na	na	na	na	na	na	na	na	na	na	na	0	na	na	na	na	na	na	na	0	na	na	na	na	na	na	0	na	1	1	0	0	na
Fish8	1	1	0	0	0	na	na	na	na	na	na	na	na	na	na	na	na	na	na	na	0	na	na	na	na	na	na	na	0	na	na	na	na	na	na	0	na	1	1	0	0	na
Fish9	1	1	0	0	0	na	na	na	na	na	na	na	na	na	na	na	na	na	na	na	0	na	na	na	na	na	na	na	0	na	na	na	na	na	na	0	na	1	1	0	0	na
FishAndBread	1	1	0	0	1	0	1	0	0	0	0	0	1	0	1	0	0	0	6	$item_fishandbread	1	0	10	0	1	1	0	0	0	na	na	na	na	na	na	0	na	1	1	0	0	na
FishAndBreadUncooked	1	1	0	0	0	na	na	na	na	na	na	na	na	na	na	na	na	na	na	na	0	na	na	na	na	na	na	na	0	na	na	na	na	na	na	0	na	1	1	0	0	na
FishAnglerRaw	1	1	0	0	0	na	na	na	na	na	na	na	na	na	na	na	na	na	na	na	0	na	na	na	na	na	na	na	0	na	na	na	na	na	na	0	na	1	1	0	0	na
FishCooked	1	1	0	0	1	0	1	0	0	0	0	0	1	0	1	0	0	0	6	$item_fish_cooked	1	0	10	0	1	1	0	0	0	na	na	na	na	na	na	0	na	1	1	0	0	na
FishingBait	1	1	0	0	0	na	na	na	na	na	na	na	na	na	na	na	na	na	na	na	0	na	na	na	na	na	na	na	0	na	na	na	na	na	na	1	0	1	1	0	0	na
FishingBaitAshlands	1	1	0	0	0	na	na	na	na	na	na	na	na	na	na	na	na	na	na	na	0	na	na	na	na	na	na	na	0	na	na	na	na	na	na	1	0	1	1	0	0	na
FishingBaitCave	1	1	0	0	0	na	na	na	na	na	na	na	na	na	na	na	na	na	na	na	0	na	na	na	na	na	na	na	0	na	na	na	na	na	na	1	0	1	1	0	0	na
FishingBaitDeepNorth	1	1	0	0	0	na	na	na	na	na	na	na	na	na	na	na	na	na	na	na	0	na	na	na	na	na	na	na	0	na	na	na	na	na	na	1	0	1	1	0	0	na
FishingBaitForest	1	1	0	0	0	na	na	na	na	na	na	na	na	na	na	na	na	na	na	na	0	na	na	na	na	na	na	na	0	na	na	na	na	na	na	1	0	1	1	0	0	na
FishingBaitMistlands	1	1	0	0	0	na	na	na	na	na	na	na	na	na	na	na	na	na	na	na	0	na	na	na	na	na	na	na	0	na	na	na	na	na	na	1	0	1	1	0	0	na
FishingBaitOcean	1	1	0	0	0	na	na	na	na	na	na	na	na	na	na	na	na	na	na	na	0	na	na	na	na	na	na	na	0	na	na	na	na	na	na	1	0	1	1	0	0	na
FishingBaitPlains	1	1	0	0	0	na	na	na	na	na	na	na	na	na	na	na	na	na	na	na	0	na	na	na	na	na	na	na	0	na	na	na	na	na	na	1	0	1	1	0	0	na
FishingBaitSwamp	1	1	0	0	0	na	na	na	na	na	na	na	na	na	na	na	na	na	na	na	0	na	na	na	na	na	na	na	0	na	na	na	na	na	na	1	0	1	1	0	0	na
FishingRod	1	1	0	0	0	na	na	na	na	na	na	na	na	na	na	na	na	na	na	na	0	na	na	na	na	na	na	na	0	na	na	na	na	na	na	1	0.2	1	1	0	0	na
FishingRodFloat	1	0	0	0	0	na	na	na	na	na	na	na	na	na	na	na	na	na	na	na	0	na	na	na	na	na	na	na	0	na	na	na	na	na	na	1	0.3	1	1	0	0	na
FishingRodFloatProjectile	1	0	0	0	0	na	na	na	na	na	na	na	na	na	na	na	na	na	na	na	0	na	na	na	na	na	na	na	0	na	na	na	na	na	na	0	na	0	na	na	0	na
FishRaw	1	1	0	0	0	na	na	na	na	na	na	na	na	na	na	na	na	na	na	na	0	na	na	na	na	na	na	na	0	na	na	na	na	na	na	0	na	1	1	0	0	na
FishSoup	1	1	0	0	1	0	1	0	0	0	0	0	1	0	1	0	0	0	6	$item_fishsoup	1	0	10	0	1	1	0	0	0	na	na	na	na	na	na	0	na	1	1	0	0	na
FishWraps	1	1	0	0	1	0	1	0	0	0	0	0	1	0	1	0	0	0	6	$item_fishwraps	1	0	10	0	1	1	0	0	0	na	na	na	na	na	na	0	na	1	1	0	0	na
FistBjornClaw	1	1	0	0	0	na	na	na	na	na	na	na	na	na	na	na	na	na	na	na	0	na	na	na	na	na	na	na	0	na	na	na	na	na	na	0	na	1	1	0	0	na
FistBjornUndeadClaw	1	1	0	0	0	na	na	na	na	na	na	na	na	na	na	na	na	na	na	na	0	na	na	na	na	na	na	na	0	na	na	na	na	na	na	0	na	1	1	0	0	na
FistFenrirClaw	1	1	0	0	0	na	na	na	na	na	na	na	na	na	na	na	na	na	na	na	0	na	na	na	na	na	na	na	0	na	na	na	na	na	na	0	na	1	1	0	0	na
FistGold	1	1	0	0	0	na	na	na	na	na	na	na	na	na	na	na	na	na	na	na	0	na	na	na	na	na	na	na	0	na	na	na	na	na	na	0	na	1	1	0	0	na
FistGold_BloodLightning	1	1	0	0	0	na	na	na	na	na	na	na	na	na	na	na	na	na	na	na	0	na	na	na	na	na	na	na	0	na	na	na	na	na	na	0	na	1	1	0	0	na
FistGold_FrostFire	1	1	0	0	0	na	na	na	na	na	na	na	na	na	na	na	na	na	na	na	0	na	na	na	na	na	na	na	0	na	na	na	na	na	na	0	na	1	1	0	0	na
FistGoldUncooked	1	1	0	0	0	na	na	na	na	na	na	na	na	na	na	na	na	na	na	na	0	na	na	na	na	na	na	na	0	na	na	na	na	na	na	0	na	1	1	0	0	na
Flametal	1	1	0	0	0	na	na	na	na	na	na	na	na	na	na	na	na	na	na	na	0	na	na	na	na	na	na	na	0	na	na	na	na	na	na	0	na	1	1	0	0	na
flametal_gate	1	1	0	2	1	0	0	0	0	0	0	0	0	0	0	0	0	0	3	$piece_flametalgate	1	2	3000	1	1	1	0	0	0	na	na	na	na	na	na	0	na	0	na	na	0	na
FlametalNew	1	1	0	0	0	na	na	na	na	na	na	na	na	na	na	na	na	na	na	na	0	na	na	na	na	na	na	na	0	na	na	na	na	na	na	0	na	1	1	0	0	na
FlametalOre	1	1	0	0	0	na	na	na	na	na	na	na	na	na	na	na	na	na	na	na	0	na	na	na	na	na	na	na	0	na	na	na	na	na	na	0	na	1	1	0	0	na
FlametalOreNew	1	1	0	0	0	na	na	na	na	na	na	na	na	na	na	na	na	na	na	na	0	na	na	na	na	na	na	na	0	na	na	na	na	na	na	0	na	1	1	0	0	na
FlametalRockstand	1	1	1	2	0	na	na	na	na	na	na	na	na	na	na	na	na	na	na	na	0	na	na	na	na	na	na	na	0	na	na	na	na	na	na	0	na	0	na	na	0	na
FlametalRockstand_frac	1	1	1	2	0	na	na	na	na	na	na	na	na	na	na	na	na	na	na	na	0	na	na	na	na	na	na	na	0	na	na	na	na	na	na	0	na	0	na	na	0	na
Flax	1	1	0	0	0	na	na	na	na	na	na	na	na	na	na	na	na	na	na	na	0	na	na	na	na	na	na	na	0	na	na	na	na	na	na	0	na	1	1	0	0	na
Flies	1	1	0	0	0	na	na	na	na	na	na	na	na	na	na	na	na	na	na	na	0	na	na	na	na	na	na	na	0	na	na	na	na	na	na	0	na	0	na	na	0	na
Flint	1	1	0	0	0	na	na	na	na	na	na	na	na	na	na	na	na	na	na	na	0	na	na	na	na	na	na	na	0	na	na	na	na	na	na	0	na	1	1	0	0	na
flint_pile	1	1	0	2	1	0	0	0	0	0	0	0	0	0	0	0	0	0	0	$piece_flintpile	1	0	50	0	1	0	0	0	0	na	na	na	na	na	na	0	na	0	na	na	0	na
flintspear_projectile	1	0	0	0	0	na	na	na	na	na	na	na	na	na	na	na	na	na	na	na	0	na	na	na	na	na	na	na	0	na	na	na	na	na	na	0	na	0	na	na	0	na
flying_core	1	1	1	2	0	na	na	na	na	na	na	na	na	na	na	na	na	na	na	na	0	na	na	na	na	na	na	na	0	na	na	na	na	na	na	0	na	0	na	na	0	na
forge	1	1	0	2	1	0	1	0	0	0	0	0	1	0	1	0	0	0	1	$piece_forge	1	0	200	0	1	1	0	0	0	na	na	na	na	na	na	0	na	0	na	na	0	na
forge_ext1	1	1	0	2	1	0	1	0	0	0	0	0	1	0	1	0	0	2	1	$piece_forge_ext1	1	0	100	0	1	1	0	0	0	na	na	na	na	na	na	0	na	0	na	na	0	na
forge_ext2	1	1	0	2	1	0	1	0	0	0	0	0	1	0	1	0	0	2	1	$piece_forge_ext2	1	0	100	0	1	1	0	0	0	na	na	na	na	na	na	0	na	0	na	na	0	na
forge_ext3	1	1	0	2	1	0	1	0	0	0	0	0	1	0	1	0	0	2	1	$piece_forge_ext3	1	0	100	0	1	1	0	0	0	na	na	na	na	na	na	0	na	0	na	na	0	na
forge_ext4	1	1	0	2	1	0	1	0	0	0	0	0	1	0	1	0	0	2	1	$piece_forge_ext4	1	0	1000	0	1	1	0	0	0	na	na	na	na	na	na	0	na	0	na	na	0	na
forge_ext5	1	1	0	2	1	0	1	0	0	0	0	0	1	0	1	0	0	2	1	$piece_forge_ext5	1	0	100	0	1	1	0	0	0	na	na	na	na	na	na	0	na	0	na	na	0	na
forge_ext6	1	1	0	2	1	0	1	0	0	0	0	0	0	1	1	0	0	2	1	$piece_forge_ext6	1	0	100	0	1	1	0	0	0	na	na	na	na	na	na	0	na	0	na	na	0	na
FragrantBundle	1	1	0	0	0	na	na	na	na	na	na	na	na	na	na	na	na	na	na	na	0	na	na	na	na	na	na	na	0	na	na	na	na	na	na	0	na	1	1	0	0	na
FreezeGland	1	1	0	0	0	na	na	na	na	na	na	na	na	na	na	na	na	na	na	na	0	na	na	na	na	na	na	na	0	na	na	na	na	na	na	0	na	1	1	0	0	na
FreshSeaweed	1	1	0	0	0	na	na	na	na	na	na	na	na	na	na	na	na	na	na	na	0	na	na	na	na	na	na	na	0	na	na	na	na	na	na	0	na	1	1	0	0	na
FrostCavesShrineReveal	1	1	0	0	0	na	na	na	na	na	na	na	na	na	na	na	na	na	na	na	0	na	na	na	na	na	na	na	0	na	na	na	na	na	na	0	na	0	na	na	0	na
FrostCore	1	1	0	0	0	na	na	na	na	na	na	na	na	na	na	na	na	na	na	na	0	na	na	na	na	na	na	na	0	na	na	na	na	na	na	0	na	1	1	0	0	na
FrostWisp	1	1	0	0	0	na	na	na	na	na	na	na	na	na	na	na	na	na	na	na	0	na	na	na	na	na	na	na	0	na	na	na	na	na	na	0	na	1	1	0	0	na
FrostWisp_Storm	1	0	0	0	0	na	na	na	na	na	na	na	na	na	na	na	na	na	na	na	0	na	na	na	na	na	na	na	0	na	na	na	na	na	na	0	na	0	na	na	0	na
Frostwood	1	1	0	0	0	na	na	na	na	na	na	na	na	na	na	na	na	na	na	na	0	na	na	na	na	na	na	na	0	na	na	na	na	na	na	1	0.7	1	10	0	0	na
FrozenFuel	1	1	0	0	0	na	na	na	na	na	na	na	na	na	na	na	na	na	na	na	0	na	na	na	na	na	na	na	0	na	na	na	na	na	na	0	na	1	1	0	0	na
FrozenGD	1	1	0	0	0	na	na	na	na	na	na	na	na	na	na	na	na	na	na	na	0	na	na	na	na	na	na	na	0	na	na	na	na	na	na	0	na	0	na	na	0	na
FrozenKing	1	1	0	0	0	na	na	na	na	na	na	na	na	na	na	na	na	na	na	na	0	na	na	na	na	na	na	na	0	na	na	na	na	na	na	0	na	1	100	0	0	na
FrozenKing_p2	1	1	0	0	0	na	na	na	na	na	na	na	na	na	na	na	na	na	na	na	0	na	na	na	na	na	na	na	0	na	na	na	na	na	na	0	na	1	100	0	0	na
FrozenKing_P2_Projectile_Bonemass	1	0	0	0	0	na	na	na	na	na	na	na	na	na	na	na	na	na	na	na	0	na	na	na	na	na	na	na	0	na	na	na	na	na	na	0	na	0	na	na	0	na
FrozenKing_P2_Projectile_Eikthyr	1	0	0	0	0	na	na	na	na	na	na	na	na	na	na	na	na	na	na	na	0	na	na	na	na	na	na	na	0	na	na	na	na	na	na	0	na	0	na	na	0	na
FrozenKing_P2_Projectile_Elder	1	0	0	0	0	na	na	na	na	na	na	na	na	na	na	na	na	na	na	na	0	na	na	na	na	na	na	na	0	na	na	na	na	na	na	0	na	0	na	na	0	na
FrozenKing_P2_Projectile_Fader	1	0	0	0	0	na	na	na	na	na	na	na	na	na	na	na	na	na	na	na	0	na	na	na	na	na	na	na	0	na	na	na	na	na	na	0	na	0	na	na	0	na
FrozenKing_P2_Projectile_Moder	1	0	0	0	0	na	na	na	na	na	na	na	na	na	na	na	na	na	na	na	0	na	na	na	na	na	na	na	0	na	na	na	na	na	na	0	na	0	na	na	0	na
FrozenKing_P2_Projectile_Queen	1	0	0	0	0	na	na	na	na	na	na	na	na	na	na	na	na	na	na	na	0	na	na	na	na	na	na	na	0	na	na	na	na	na	na	0	na	0	na	na	0	na
FrozenKing_P2_Projectile_Yagluth	1	0	0	0	0	na	na	na	na	na	na	na	na	na	na	na	na	na	na	na	0	na	na	na	na	na	na	na	0	na	na	na	na	na	na	0	na	0	na	na	0	na
FrozenKing_p3	1	1	0	0	0	na	na	na	na	na	na	na	na	na	na	na	na	na	na	na	0	na	na	na	na	na	na	na	0	na	na	na	na	na	na	0	na	1	100	0	0	na
FrozenKing_Summon	1	0	0	0	0	na	na	na	na	na	na	na	na	na	na	na	na	na	na	na	0	na	na	na	na	na	na	na	0	na	na	na	na	na	na	0	na	0	na	na	0	na
FrozenKingDrop	1	1	0	0	0	na	na	na	na	na	na	na	na	na	na	na	na	na	na	na	0	na	na	na	na	na	na	na	0	na	na	na	na	na	na	1	0.6	1	1	0	0	na
frozenship	1	1	1	2	0	na	na	na	na	na	na	na	na	na	na	na	na	na	na	na	0	na	na	na	na	na	na	na	0	na	na	na	na	na	na	0	na	0	na	na	0	na
frozenship02	1	1	1	2	0	na	na	na	na	na	na	na	na	na	na	na	na	na	na	na	0	na	na	na	na	na	na	na	0	na	na	na	na	na	na	0	na	0	na	na	0	na
frozenship03	1	1	1	2	0	na	na	na	na	na	na	na	na	na	na	na	na	na	na	na	0	na	na	na	na	na	na	na	0	na	na	na	na	na	na	0	na	0	na	na	0	na
FrozenSkeleton_Pose1	1	1	0	0	0	na	na	na	na	na	na	na	na	na	na	na	na	na	na	na	0	na	na	na	na	na	na	na	0	na	na	na	na	na	na	0	na	0	na	na	0	na
FrozenSkeleton_Pose2	1	1	0	0	0	na	na	na	na	na	na	na	na	na	na	na	na	na	na	na	0	na	na	na	na	na	na	na	0	na	na	na	na	na	na	0	na	0	na	na	0	na
Frysling	1	1	0	0	0	na	na	na	na	na	na	na	na	na	na	na	na	na	na	na	0	na	na	na	na	na	na	na	0	na	na	na	na	na	na	0	na	1	8	0	0	na
frysling_snowball_projectile	1	0	0	0	0	na	na	na	na	na	na	na	na	na	na	na	na	na	na	na	0	na	na	na	na	na	na	na	0	na	na	na	na	na	na	0	na	0	na	na	0	na
fuling_trap	1	1	0	2	1	0	0	0	0	0	0	0	1	0	1	0	0	0	0	$piece_trap	1	2	10	0	1	0	0	0	0	na	na	na	na	na	na	0	na	0	na	na	0	na
fuling_turret	1	1	0	2	1	0	0	0	0	0	0	0	1	0	1	0	0	0	0	$piece_turret	1	0	400	0	1	1	0	0	0	na	na	na	na	na	na	0	na	0	na	na	0	na
FW_ArmorBronzeChest	1	1	0	0	0	na	na	na	na	na	na	na	na	na	na	na	na	na	na	na	0	na	na	na	na	na	na	na	0	na	na	na	na	na	na	0	na	1	10	0	0	na
FW_ArmorBronzeLegs	1	1	0	0	0	na	na	na	na	na	na	na	na	na	na	na	na	na	na	na	0	na	na	na	na	na	na	na	0	na	na	na	na	na	na	0	na	1	10	0	0	na
FW_ArmorFenringChest	1	1	0	0	0	na	na	na	na	na	na	na	na	na	na	na	na	na	na	na	0	na	na	na	na	na	na	na	0	na	na	na	na	na	na	0	na	1	10	0	0	na
FW_ArmorFenringLegs	1	1	0	0	0	na	na	na	na	na	na	na	na	na	na	na	na	na	na	na	0	na	na	na	na	na	na	na	0	na	na	na	na	na	na	0	na	1	10	0	0	na
FW_ArmorMageChest	1	1	0	0	0	na	na	na	na	na	na	na	na	na	na	na	na	na	na	na	0	na	na	na	na	na	na	na	0	na	na	na	na	na	na	0	na	1	10	0	0	na
FW_ArmorMageChest_Ashlands	1	1	0	0	0	na	na	na	na	na	na	na	na	na	na	na	na	na	na	na	0	na	na	na	na	na	na	na	0	na	na	na	na	na	na	0	na	1	10	0	0	na
FW_ArmorMageLegs	1	1	0	0	0	na	na	na	na	na	na	na	na	na	na	na	na	na	na	na	0	na	na	na	na	na	na	na	0	na	na	na	na	na	na	0	na	1	10	0	0	na
FW_ArmorMageLegs_Ashlands	1	1	0	0	0	na	na	na	na	na	na	na	na	na	na	na	na	na	na	na	0	na	na	na	na	na	na	na	0	na	na	na	na	na	na	0	na	1	10	0	0	na
FW_ArmorPaddedCuirass	1	1	0	0	0	na	na	na	na	na	na	na	na	na	na	na	na	na	na	na	0	na	na	na	na	na	na	na	0	na	na	na	na	na	na	0	na	1	10	0	0	na
FW_ArmorPaddedGreaves	1	1	0	0	0	na	na	na	na	na	na	na	na	na	na	na	na	na	na	na	0	na	na	na	na	na	na	na	0	na	na	na	na	na	na	0	na	1	10	0	0	na
FW_ArmorTrollLeatherChest	1	1	0	0	0	na	na	na	na	na	na	na	na	na	na	na	na	na	na	na	0	na	na	na	na	na	na	na	0	na	na	na	na	na	na	0	na	1	10	0	0	na
FW_ArmorTrollLeatherLegs	1	1	0	0	0	na	na	na	na	na	na	na	na	na	na	na	na	na	na	na	0	na	na	na	na	na	na	na	0	na	na	na	na	na	na	0	na	1	10	0	0	na
FW_AxeBronze	1	1	0	0	0	na	na	na	na	na	na	na	na	na	na	na	na	na	na	na	0	na	na	na	na	na	na	na	0	na	na	na	na	na	na	0	na	1	1	0	0	na
FW_BattleaxeCrystal	1	1	0	0	0	na	na	na	na	na	na	na	na	na	na	na	na	na	na	na	0	na	na	na	na	na	na	na	0	na	na	na	na	na	na	0	na	1	1	0	0	na
FW_BowDraugrFang	1	1	0	0	0	na	na	na	na	na	na	na	na	na	na	na	na	na	na	na	0	na	na	na	na	na	na	na	0	na	na	na	na	na	na	1	0.2	1	1	0	0	na
FW_CapeLinen	1	1	0	0	0	na	na	na	na	na	na	na	na	na	na	na	na	na	na	na	0	na	na	na	na	na	na	na	0	na	na	na	na	na	na	0	na	1	1	0	0	na
FW_CapeTrollHide	1	1	0	0	0	na	na	na	na	na	na	na	na	na	na	na	na	na	na	na	0	na	na	na	na	na	na	na	0	na	na	na	na	na	na	0	na	1	10	0	0	na
FW_CapeWolf	1	1	0	0	0	na	na	na	na	na	na	na	na	na	na	na	na	na	na	na	0	na	na	na	na	na	na	na	0	na	na	na	na	na	na	0	na	1	10	0	0	na
FW_HelmetBronze	1	1	0	0	0	na	na	na	na	na	na	na	na	na	na	na	na	na	na	na	0	na	na	na	na	na	na	na	0	na	na	na	na	na	na	0	na	1	1	0	0	na
FW_KnifeSilver	1	1	0	0	0	na	na	na	na	na	na	na	na	na	na	na	na	na	na	na	0	na	na	na	na	na	na	na	0	na	na	na	na	na	na	0	na	1	1	0	0	na
FW_KnifeSkollAndHati	1	1	0	0	0	na	na	na	na	na	na	na	na	na	na	na	na	na	na	na	0	na	na	na	na	na	na	na	0	na	na	na	na	na	na	0	na	1	1	0	0	na
FW_ShieldBlackmetalTower	1	1	0	0	0	na	na	na	na	na	na	na	na	na	na	na	na	na	na	na	0	na	na	na	na	na	na	na	0	na	na	na	na	na	na	1	0.67	1	1	0	0	na
FW_StaffFireball	1	1	0	0	0	na	na	na	na	na	na	na	na	na	na	na	na	na	na	na	0	na	na	na	na	na	na	na	0	na	na	na	na	na	na	0	na	1	1	0	0	na
FW_StaffLightning	1	1	0	0	0	na	na	na	na	na	na	na	na	na	na	na	na	na	na	na	0	na	na	na	na	na	na	na	0	na	na	na	na	na	na	1	0.2	1	1	0	0	na
FW_SwordBlackmetal	1	1	0	0	0	na	na	na	na	na	na	na	na	na	na	na	na	na	na	na	0	na	na	na	na	na	na	na	0	na	na	na	na	na	na	0	na	1	1	0	0	na
fx_Abomination_arise	1	0	0	0	0	na	na	na	na	na	na	na	na	na	na	na	na	na	na	na	0	na	na	na	na	na	na	na	0	na	na	na	na	na	na	0	na	0	na	na	0	na
fx_Abomination_arise_end	1	0	0	0	0	na	na	na	na	na	na	na	na	na	na	na	na	na	na	na	0	na	na	na	na	na	na	na	0	na	na	na	na	na	na	0	na	0	na	na	0	na
fx_Abomination_attack_hit	1	0	0	0	0	na	na	na	na	na	na	na	na	na	na	na	na	na	na	na	0	na	na	na	na	na	na	na	0	na	na	na	na	na	na	0	na	0	na	na	0	na
fx_Abomination_attack1	1	0	0	0	0	na	na	na	na	na	na	na	na	na	na	na	na	na	na	na	0	na	na	na	na	na	na	na	0	na	na	na	na	na	na	0	na	0	na	na	0	na
fx_Abomination_attack1_start	1	0	0	0	0	na	na	na	na	na	na	na	na	na	na	na	na	na	na	na	0	na	na	na	na	na	na	na	0	na	na	na	na	na	na	0	na	0	na	na	0	na
fx_Abomination_attack1_trailon	1	0	0	0	0	na	na	na	na	na	na	na	na	na	na	na	na	na	na	na	0	na	na	na	na	na	na	na	0	na	na	na	na	na	na	0	na	0	na	na	0	na
fx_Abomination_attack2	1	0	0	0	0	na	na	na	na	na	na	na	na	na	na	na	na	na	na	na	0	na	na	na	na	na	na	na	0	na	na	na	na	na	na	0	na	0	na	na	0	na
fx_Abomination_attack2_lift	1	0	0	0	0	na	na	na	na	na	na	na	na	na	na	na	na	na	na	na	0	na	na	na	na	na	na	na	0	na	na	na	na	na	na	0	na	0	na	na	0	na
fx_Abomination_attack2_start	1	0	0	0	0	na	na	na	na	na	na	na	na	na	na	na	na	na	na	na	0	na	na	na	na	na	na	na	0	na	na	na	na	na	na	0	na	0	na	na	0	na
fx_Abomination_attack3	1	0	0	0	0	na	na	na	na	na	na	na	na	na	na	na	na	na	na	na	0	na	na	na	na	na	na	na	0	na	na	na	na	na	na	0	na	0	na	na	0	na
fx_Abomination_attack3_start	1	0	0	0	0	na	na	na	na	na	na	na	na	na	na	na	na	na	na	na	0	na	na	na	na	na	na	na	0	na	na	na	na	na	na	0	na	0	na	na	0	na
fx_Adrenaline1	1	0	0	0	0	na	na	na	na	na	na	na	na	na	na	na	na	na	na	na	0	na	na	na	na	na	na	na	0	na	na	na	na	na	na	0	na	0	na	na	0	na
fx_altar_charred_destruction	1	0	0	0	0	na	na	na	na	na	na	na	na	na	na	na	na	na	na	na	0	na	na	na	na	na	na	na	0	na	na	na	na	na	na	0	na	0	na	na	0	na
fx_altar_crystal_destruction	1	0	0	0	0	na	na	na	na	na	na	na	na	na	na	na	na	na	na	na	0	na	na	na	na	na	na	na	0	na	na	na	na	na	na	0	na	0	na	na	0	na
fx_ArmorStand_pick	1	0	0	0	0	na	na	na	na	na	na	na	na	na	na	na	na	na	na	na	0	na	na	na	na	na	na	na	0	na	na	na	na	na	na	0	na	0	na	na	0	na
fx_ashvine_destruction	1	0	0	0	0	na	na	na	na	na	na	na	na	na	na	na	na	na	na	na	0	na	na	na	na	na	na	na	0	na	na	na	na	na	na	0	na	0	na	na	0	na
fx_ashvine_leaf_puff	1	0	0	0	0	na	na	na	na	na	na	na	na	na	na	na	na	na	na	na	0	na	na	na	na	na	na	na	0	na	na	na	na	na	na	0	na	0	na	na	0	na
fx_asksvin_pet	1	0	0	0	0	na	na	na	na	na	na	na	na	na	na	na	na	na	na	na	0	na	na	na	na	na	na	na	0	na	na	na	na	na	na	0	na	0	na	na	0	na
fx_asksvin_soothed	1	0	0	0	0	na	na	na	na	na	na	na	na	na	na	na	na	na	na	na	0	na	na	na	na	na	na	na	0	na	na	na	na	na	na	0	na	0	na	na	0	na
fx_asksvin_tamed	1	0	0	0	0	na	na	na	na	na	na	na	na	na	na	na	na	na	na	na	0	na	na	na	na	na	na	na	0	na	na	na	na	na	na	0	na	0	na	na	0	na
fx_aspect_death	1	0	0	0	0	na	na	na	na	na	na	na	na	na	na	na	na	na	na	na	0	na	na	na	na	na	na	na	0	na	na	na	na	na	na	0	na	0	na	na	0	na
fx_babyseeker_death	1	0	0	0	0	na	na	na	na	na	na	na	na	na	na	na	na	na	na	na	0	na	na	na	na	na	na	na	0	na	na	na	na	na	na	0	na	0	na	na	0	na
fx_babyseeker_hurt	1	0	0	0	0	na	na	na	na	na	na	na	na	na	na	na	na	na	na	na	0	na	na	na	na	na	na	na	0	na	na	na	na	na	na	0	na	0	na	na	0	na
fx_backstab	1	0	0	0	0	na	na	na	na	na	na	na	na	na	na	na	na	na	na	na	0	na	na	na	na	na	na	na	0	na	na	na	na	na	na	0	na	0	na	na	0	na
fx_bat_death	1	0	0	0	0	na	na	na	na	na	na	na	na	na	na	na	na	na	na	na	0	na	na	na	na	na	na	na	0	na	na	na	na	na	na	0	na	0	na	na	0	na
fx_bat_hit	1	0	0	0	0	na	na	na	na	na	na	na	na	na	na	na	na	na	na	na	0	na	na	na	na	na	na	na	0	na	na	na	na	na	na	0	na	0	na	na	0	na
fx_batteringram_fire	1	0	0	0	0	na	na	na	na	na	na	na	na	na	na	na	na	na	na	na	0	na	na	na	na	na	na	na	0	na	na	na	na	na	na	0	na	0	na	na	0	na
fx_bjorn_death	1	0	0	0	0	na	na	na	na	na	na	na	na	na	na	na	na	na	na	na	0	na	na	na	na	na	na	na	0	na	na	na	na	na	na	0	na	0	na	na	0	na
fx_bjorn_hit	1	0	0	0	0	na	na	na	na	na	na	na	na	na	na	na	na	na	na	na	0	na	na	na	na	na	na	na	0	na	na	na	na	na	na	0	na	0	na	na	0	na
fx_blobLava_explosion	1	0	0	0	0	na	na	na	na	na	na	na	na	na	na	na	na	na	na	na	0	na	na	na	na	na	na	na	0	na	na	na	na	na	na	0	na	0	na	na	0	na
fx_blobtar_tarball_hit	1	0	0	0	0	na	na	na	na	na	na	na	na	na	na	na	na	na	na	na	0	na	na	na	na	na	na	na	0	na	na	na	na	na	na	0	na	0	na	na	0	na
fx_bloodweapon_hit	1	0	0	0	0	na	na	na	na	na	na	na	na	na	na	na	na	na	na	na	0	na	na	na	na	na	na	na	0	na	na	na	na	na	na	0	na	0	na	na	0	na
fx_boar_pet	1	0	0	0	0	na	na	na	na	na	na	na	na	na	na	na	na	na	na	na	0	na	na	na	na	na	na	na	0	na	na	na	na	na	na	0	na	0	na	na	0	na
fx_Bonemass_aoe_start	1	0	0	0	0	na	na	na	na	na	na	na	na	na	na	na	na	na	na	na	0	na	na	na	na	na	na	na	0	na	na	na	na	na	na	0	na	0	na	na	0	na
fx_BonemawSerpent_poisonbreath	1	0	0	0	0	na	na	na	na	na	na	na	na	na	na	na	na	na	na	na	0	na	na	na	na	na	na	na	0	na	na	na	na	na	na	0	na	0	na	na	0	na
fx_BonemawSerpent_Spit_Hit	1	0	0	0	0	na	na	na	na	na	na	na	na	na	na	na	na	na	na	na	0	na	na	na	na	na	na	na	0	na	na	na	na	na	na	0	na	0	na	na	0	na
fx_BonusYield	1	0	0	0	0	na	na	na	na	na	na	na	na	na	na	na	na	na	na	na	0	na	na	na	na	na	na	na	0	na	na	na	na	na	na	0	na	0	na	na	0	na
fx_candle_addfuel	1	0	0	0	0	na	na	na	na	na	na	na	na	na	na	na	na	na	na	na	0	na	na	na	na	na	na	na	0	na	na	na	na	na	na	0	na	0	na	na	0	na
fx_candle_off	1	0	0	0	0	na	na	na	na	na	na	na	na	na	na	na	na	na	na	na	0	na	na	na	na	na	na	na	0	na	na	na	na	na	na	0	na	0	na	na	0	na
fx_candle_on	1	0	0	0	0	na	na	na	na	na	na	na	na	na	na	na	na	na	na	na	0	na	na	na	na	na	na	na	0	na	na	na	na	na	na	0	na	0	na	na	0	na
fx_chainlightning_hit	1	0	0	0	0	na	na	na	na	na	na	na	na	na	na	na	na	na	na	na	0	na	na	na	na	na	na	na	0	na	na	na	na	na	na	0	na	0	na	na	0	na
fx_chainlightning_spread	1	0	0	0	0	na	na	na	na	na	na	na	na	na	na	na	na	na	na	na	0	na	na	na	na	na	na	na	0	na	na	na	na	na	na	0	na	0	na	na	0	na
fx_chainlightning_spread_red	1	0	0	0	0	na	na	na	na	na	na	na	na	na	na	na	na	na	na	na	0	na	na	na	na	na	na	na	0	na	na	na	na	na	na	0	na	0	na	na	0	na
fx_charred_death	1	0	0	0	0	na	na	na	na	na	na	na	na	na	na	na	na	na	na	na	0	na	na	na	na	na	na	na	0	na	na	na	na	na	na	0	na	0	na	na	0	na
fx_charred_firestaff_chargeup	1	0	0	0	0	na	na	na	na	na	na	na	na	na	na	na	na	na	na	na	0	na	na	na	na	na	na	na	0	na	na	na	na	na	na	0	na	0	na	na	0	na
fx_charred_hit	1	0	0	0	0	na	na	na	na	na	na	na	na	na	na	na	na	na	na	na	0	na	na	na	na	na	na	na	0	na	na	na	na	na	na	0	na	0	na	na	0	na
fx_charred_summoned_death	1	0	0	0	0	na	na	na	na	na	na	na	na	na	na	na	na	na	na	na	0	na	na	na	na	na	na	na	0	na	na	na	na	na	na	0	na	0	na	na	0	na
fx_CharredStone_Destruction	1	0	0	0	0	na	na	na	na	na	na	na	na	na	na	na	na	na	na	na	0	na	na	na	na	na	na	na	0	na	na	na	na	na	na	0	na	0	na	na	0	na
fx_CharredStone_Gibs	1	0	0	0	0	na	na	na	na	na	na	na	na	na	na	na	na	na	na	na	0	na	na	na	na	na	na	na	0	na	na	na	na	na	na	0	na	0	na	na	0	na
fx_chicken_birth	1	0	0	0	0	na	na	na	na	na	na	na	na	na	na	na	na	na	na	na	0	na	na	na	na	na	na	na	0	na	na	na	na	na	na	0	na	0	na	na	0	na
fx_chicken_death	1	0	0	0	0	na	na	na	na	na	na	na	na	na	na	na	na	na	na	na	0	na	na	na	na	na	na	na	0	na	na	na	na	na	na	0	na	0	na	na	0	na
fx_chicken_lay_egg	1	0	0	0	0	na	na	na	na	na	na	na	na	na	na	na	na	na	na	na	0	na	na	na	na	na	na	na	0	na	na	na	na	na	na	0	na	0	na	na	0	na
fx_chicken_pet	1	0	0	0	0	na	na	na	na	na	na	na	na	na	na	na	na	na	na	na	0	na	na	na	na	na	na	na	0	na	na	na	na	na	na	0	na	0	na	na	0	na
fx_Cinder_hit	1	0	0	0	0	na	na	na	na	na	na	na	na	na	na	na	na	na	na	na	0	na	na	na	na	na	na	na	0	na	na	na	na	na	na	0	na	0	na	na	0	na
fx_Cinder_storm_hit	1	0	0	0	0	na	na	na	na	na	na	na	na	na	na	na	na	na	na	na	0	na	na	na	na	na	na	na	0	na	na	na	na	na	na	0	na	0	na	na	0	na
fx_CinderFire_Burn	1	0	0	0	0	na	na	na	na	na	na	na	na	na	na	na	na	na	na	na	0	na	na	na	na	na	na	na	0	na	na	na	na	na	na	0	na	0	na	na	0	na
fx_clusterbombstaff_hit	1	0	0	0	0	na	na	na	na	na	na	na	na	na	na	na	na	na	na	na	0	na	na	na	na	na	na	na	0	na	na	na	na	na	na	0	na	0	na	na	0	na
fx_clusterbombstaff_splinter_hit	1	0	0	0	0	na	na	na	na	na	na	na	na	na	na	na	na	na	na	na	0	na	na	na	na	na	na	na	0	na	na	na	na	na	na	0	na	0	na	na	0	na
fx_creature_tamed	1	0	0	0	0	na	na	na	na	na	na	na	na	na	na	na	na	na	na	na	0	na	na	na	na	na	na	na	0	na	na	na	na	na	na	0	na	0	na	na	0	na
fx_crit	1	0	0	0	0	na	na	na	na	na	na	na	na	na	na	na	na	na	na	na	0	na	na	na	na	na	na	na	0	na	na	na	na	na	na	0	na	0	na	na	0	na
fx_crystal_destruction	1	0	0	0	0	na	na	na	na	na	na	na	na	na	na	na	na	na	na	na	0	na	na	na	na	na	na	na	0	na	na	na	na	na	na	0	na	0	na	na	0	na
fx_deathsquito_hit	1	0	0	0	0	na	na	na	na	na	na	na	na	na	na	na	na	na	na	na	0	na	na	na	na	na	na	na	0	na	na	na	na	na	na	0	na	0	na	na	0	na
fx_deatsquito_death	1	0	0	0	0	na	na	na	na	na	na	na	na	na	na	na	na	na	na	na	0	na	na	na	na	na	na	na	0	na	na	na	na	na	na	0	na	0	na	na	0	na
fx_dragon_land	1	0	0	0	0	na	na	na	na	na	na	na	na	na	na	na	na	na	na	na	0	na	na	na	na	na	na	na	0	na	na	na	na	na	na	0	na	0	na	na	0	na
fx_drown	1	0	0	0	0	na	na	na	na	na	na	na	na	na	na	na	na	na	na	na	0	na	na	na	na	na	na	na	0	na	na	na	na	na	na	0	na	0	na	na	0	na
fx_Dverger_death	1	0	0	0	0	na	na	na	na	na	na	na	na	na	na	na	na	na	na	na	0	na	na	na	na	na	na	na	0	na	na	na	na	na	na	0	na	0	na	na	0	na
fx_Dverger_hit	1	0	0	0	0	na	na	na	na	na	na	na	na	na	na	na	na	na	na	na	0	na	na	na	na	na	na	na	0	na	na	na	na	na	na	0	na	0	na	na	0	na
fx_DvergerMage_Fire_hit	1	0	0	0	0	na	na	na	na	na	na	na	na	na	na	na	na	na	na	na	0	na	na	na	na	na	na	na	0	na	na	na	na	na	na	0	na	0	na	na	0	na
fx_DvergerMage_Ice_hit	1	0	0	0	0	na	na	na	na	na	na	na	na	na	na	na	na	na	na	na	0	na	na	na	na	na	na	na	0	na	na	na	na	na	na	0	na	0	na	na	0	na
fx_DvergerMage_Mistile_attack	1	0	0	0	0	na	na	na	na	na	na	na	na	na	na	na	na	na	na	na	0	na	na	na	na	na	na	na	0	na	na	na	na	na	na	0	na	0	na	na	0	na
fx_DvergerMage_Mistile_die	1	0	0	0	0	na	na	na	na	na	na	na	na	na	na	na	na	na	na	na	0	na	na	na	na	na	na	na	0	na	na	na	na	na	na	0	na	0	na	na	0	na
fx_DvergerMage_MistileSpawn	1	0	0	0	0	na	na	na	na	na	na	na	na	na	na	na	na	na	na	na	0	na	na	na	na	na	na	na	0	na	na	na	na	na	na	0	na	0	na	na	0	na
fx_DvergerMage_Nova_ring	1	0	0	0	0	na	na	na	na	na	na	na	na	na	na	na	na	na	na	na	0	na	na	na	na	na	na	na	0	na	na	na	na	na	na	0	na	0	na	na	0	na
fx_DvergerMage_Support_hit	1	0	0	0	0	na	na	na	na	na	na	na	na	na	na	na	na	na	na	na	0	na	na	na	na	na	na	na	0	na	na	na	na	na	na	0	na	0	na	na	0	na
fx_DvergerMage_Support_start	1	0	0	0	0	na	na	na	na	na	na	na	na	na	na	na	na	na	na	na	0	na	na	na	na	na	na	na	0	na	na	na	na	na	na	0	na	0	na	na	0	na
fx_dynamite_explosion	1	0	0	0	0	na	na	na	na	na	na	na	na	na	na	na	na	na	na	na	0	na	na	na	na	na	na	na	0	na	na	na	na	na	na	0	na	0	na	na	0	na
fx_Eat	1	0	0	0	0	na	na	na	na	na	na	na	na	na	na	na	na	na	na	na	0	na	na	na	na	na	na	na	0	na	na	na	na	na	na	0	na	0	na	na	0	na
fx_Eat_Black	1	0	0	0	0	na	na	na	na	na	na	na	na	na	na	na	na	na	na	na	0	na	na	na	na	na	na	na	0	na	na	na	na	na	na	0	na	0	na	na	0	na
fx_Eat_Blue	1	0	0	0	0	na	na	na	na	na	na	na	na	na	na	na	na	na	na	na	0	na	na	na	na	na	na	na	0	na	na	na	na	na	na	0	na	0	na	na	0	na
fx_Eat_Green	1	0	0	0	0	na	na	na	na	na	na	na	na	na	na	na	na	na	na	na	0	na	na	na	na	na	na	na	0	na	na	na	na	na	na	0	na	0	na	na	0	na
fx_Eat_Orange	1	0	0	0	0	na	na	na	na	na	na	na	na	na	na	na	na	na	na	na	0	na	na	na	na	na	na	na	0	na	na	na	na	na	na	0	na	0	na	na	0	na
fx_Eat_Red	1	0	0	0	0	na	na	na	na	na	na	na	na	na	na	na	na	na	na	na	0	na	na	na	na	na	na	na	0	na	na	na	na	na	na	0	na	0	na	na	0	na
fx_Eat_Yellow	1	0	0	0	0	na	na	na	na	na	na	na	na	na	na	na	na	na	na	na	0	na	na	na	na	na	na	na	0	na	na	na	na	na	na	0	na	0	na	na	0	na
fx_egg_splash	1	0	0	0	0	na	na	na	na	na	na	na	na	na	na	na	na	na	na	na	0	na	na	na	na	na	na	na	0	na	na	na	na	na	na	0	na	0	na	na	0	na
fx_eikthyr_forwardshockwave	1	0	0	0	0	na	na	na	na	na	na	na	na	na	na	na	na	na	na	na	0	na	na	na	na	na	na	na	0	na	na	na	na	na	na	0	na	0	na	na	0	na
fx_eikthyr_stomp	1	0	0	0	0	na	na	na	na	na	na	na	na	na	na	na	na	na	na	na	0	na	na	na	na	na	na	na	0	na	na	na	na	na	na	0	na	0	na	na	0	na
fx_ElakingMole_Sandcloud	1	0	0	0	0	na	na	na	na	na	na	na	na	na	na	na	na	na	na	na	0	na	na	na	na	na	na	na	0	na	na	na	na	na	na	0	na	0	na	na	0	na
fx_ElakingMole_Wakeup	1	0	0	0	0	na	na	na	na	na	na	na	na	na	na	na	na	na	na	na	0	na	na	na	na	na	na	na	0	na	na	na	na	na	na	0	na	0	na	na	0	na
fx_Fader_CorpseExplosion	1	0	0	0	0	na	na	na	na	na	na	na	na	na	na	na	na	na	na	na	0	na	na	na	na	na	na	na	0	na	na	na	na	na	na	0	na	0	na	na	0	na
fx_Fader_Fissure_Prespawn	1	0	0	0	0	na	na	na	na	na	na	na	na	na	na	na	na	na	na	na	0	na	na	na	na	na	na	na	0	na	na	na	na	na	na	0	na	0	na	na	0	na
fx_fader_meteor_hit	1	0	0	0	0	na	na	na	na	na	na	na	na	na	na	na	na	na	na	na	0	na	na	na	na	na	na	na	0	na	na	na	na	na	na	0	na	0	na	na	0	na
fx_fader_meteorsmash	1	0	0	0	0	na	na	na	na	na	na	na	na	na	na	na	na	na	na	na	0	na	na	na	na	na	na	na	0	na	na	na	na	na	na	0	na	0	na	na	0	na
fx_Fader_Ragdoll	1	1	0	0	0	na	na	na	na	na	na	na	na	na	na	na	na	na	na	na	0	na	na	na	na	na	na	na	0	na	na	na	na	na	na	0	na	0	na	na	0	na
fx_Fader_Roar	1	0	0	0	0	na	na	na	na	na	na	na	na	na	na	na	na	na	na	na	0	na	na	na	na	na	na	na	0	na	na	na	na	na	na	0	na	0	na	na	0	na
fx_Fader_Roar_Projectile_Hit	1	0	0	0	0	na	na	na	na	na	na	na	na	na	na	na	na	na	na	na	0	na	na	na	na	na	na	na	0	na	na	na	na	na	na	0	na	0	na	na	0	na
fx_Fader_Spin	1	0	0	0	0	na	na	na	na	na	na	na	na	na	na	na	na	na	na	na	0	na	na	na	na	na	na	na	0	na	na	na	na	na	na	0	na	0	na	na	0	na
fx_Fading_Bellfragment_Beam	1	0	0	0	0	na	na	na	na	na	na	na	na	na	na	na	na	na	na	na	0	na	na	na	na	na	na	na	0	na	na	na	na	na	na	0	na	0	na	na	0	na
fx_fallenfalkyrie_spin	1	0	0	0	0	na	na	na	na	na	na	na	na	na	na	na	na	na	na	na	0	na	na	na	na	na	na	na	0	na	na	na	na	na	na	0	na	0	na	na	0	na
fx_fallenvalkyrie_death	1	0	0	0	0	na	na	na	na	na	na	na	na	na	na	na	na	na	na	na	0	na	na	na	na	na	na	na	0	na	na	na	na	na	na	0	na	0	na	na	0	na
fx_fallenvalkyrie_poisonbreath	1	0	0	0	0	na	na	na	na	na	na	na	na	na	na	na	na	na	na	na	0	na	na	na	na	na	na	na	0	na	na	na	na	na	na	0	na	0	na	na	0	na
fx_FallenValkyrie_projectile_explosion	1	0	0	0	0	na	na	na	na	na	na	na	na	na	na	na	na	na	na	na	0	na	na	na	na	na	na	na	0	na	na	na	na	na	na	0	na	0	na	na	0	na
fx_FeastAshlandsEat	1	0	0	0	0	na	na	na	na	na	na	na	na	na	na	na	na	na	na	na	0	na	na	na	na	na	na	na	0	na	na	na	na	na	na	0	na	0	na	na	0	na
fx_FeastBlackForestEat	1	0	0	0	0	na	na	na	na	na	na	na	na	na	na	na	na	na	na	na	0	na	na	na	na	na	na	na	0	na	na	na	na	na	na	0	na	0	na	na	0	na
fx_FeastMeadowsEat	1	0	0	0	0	na	na	na	na	na	na	na	na	na	na	na	na	na	na	na	0	na	na	na	na	na	na	na	0	na	na	na	na	na	na	0	na	0	na	na	0	na
fx_FeastMistlandsEat	1	0	0	0	0	na	na	na	na	na	na	na	na	na	na	na	na	na	na	na	0	na	na	na	na	na	na	na	0	na	na	na	na	na	na	0	na	0	na	na	0	na
fx_FeastMountainsEat	1	0	0	0	0	na	na	na	na	na	na	na	na	na	na	na	na	na	na	na	0	na	na	na	na	na	na	na	0	na	na	na	na	na	na	0	na	0	na	na	0	na
fx_FeastOceansEat	1	0	0	0	0	na	na	na	na	na	na	na	na	na	na	na	na	na	na	na	0	na	na	na	na	na	na	na	0	na	na	na	na	na	na	0	na	0	na	na	0	na
fx_FeastPlainsEat	1	0	0	0	0	na	na	na	na	na	na	na	na	na	na	na	na	na	na	na	0	na	na	na	na	na	na	na	0	na	na	na	na	na	na	0	na	0	na	na	0	na
fx_FeastSmall	1	0	0	0	0	na	na	na	na	na	na	na	na	na	na	na	na	na	na	na	0	na	na	na	na	na	na	na	0	na	na	na	na	na	na	0	na	0	na	na	0	na
fx_FeastSwampsEat	1	0	0	0	0	na	na	na	na	na	na	na	na	na	na	na	na	na	na	na	0	na	na	na	na	na	na	na	0	na	na	na	na	na	na	0	na	0	na	na	0	na
fx_FeastTemplate	1	0	0	0	0	na	na	na	na	na	na	na	na	na	na	na	na	na	na	na	0	na	na	na	na	na	na	na	0	na	na	na	na	na	na	0	na	0	na	na	0	na
fx_fenring_burning_hand	1	0	0	0	0	na	na	na	na	na	na	na	na	na	na	na	na	na	na	na	0	na	na	na	na	na	na	na	0	na	na	na	na	na	na	0	na	0	na	na	0	na
fx_fenring_burning_hand_long	1	0	0	0	0	na	na	na	na	na	na	na	na	na	na	na	na	na	na	na	0	na	na	na	na	na	na	na	0	na	na	na	na	na	na	0	na	0	na	na	0	na
fx_fenring_flames	1	0	0	0	0	na	na	na	na	na	na	na	na	na	na	na	na	na	na	na	0	na	na	na	na	na	na	na	0	na	na	na	na	na	na	0	na	0	na	na	0	na
fx_fenring_frost	1	0	0	0	0	na	na	na	na	na	na	na	na	na	na	na	na	na	na	na	0	na	na	na	na	na	na	na	0	na	na	na	na	na	na	0	na	0	na	na	0	na
fx_fenring_frost_hand	1	0	0	0	0	na	na	na	na	na	na	na	na	na	na	na	na	na	na	na	0	na	na	na	na	na	na	na	0	na	na	na	na	na	na	0	na	0	na	na	0	na
fx_fenring_frost_hand_aoestart	1	0	0	0	0	na	na	na	na	na	na	na	na	na	na	na	na	na	na	na	0	na	na	na	na	na	na	na	0	na	na	na	na	na	na	0	na	0	na	na	0	na
fx_fenring_frost_hand_long	1	0	0	0	0	na	na	na	na	na	na	na	na	na	na	na	na	na	na	na	0	na	na	na	na	na	na	na	0	na	na	na	na	na	na	0	na	0	na	na	0	na
fx_fenring_icenova	1	0	0	0	0	na	na	na	na	na	na	na	na	na	na	na	na	na	na	na	0	na	na	na	na	na	na	na	0	na	na	na	na	na	na	0	na	0	na	na	0	na
fx_fimbulvinter_meteor_hit	1	0	0	0	0	na	na	na	na	na	na	na	na	na	na	na	na	na	na	na	0	na	na	na	na	na	na	na	0	na	na	na	na	na	na	0	na	0	na	na	0	na
fx_fireball_staff_explosion	1	0	0	0	0	na	na	na	na	na	na	na	na	na	na	na	na	na	na	na	0	na	na	na	na	na	na	na	0	na	na	na	na	na	na	0	na	0	na	na	0	na
fx_fireskeleton_nova	1	0	0	0	0	na	na	na	na	na	na	na	na	na	na	na	na	na	na	na	0	na	na	na	na	na	na	na	0	na	na	na	na	na	na	0	na	0	na	na	0	na
fx_flametalnode_destruction	1	0	0	0	0	na	na	na	na	na	na	na	na	na	na	na	na	na	na	na	0	na	na	na	na	na	na	na	0	na	na	na	na	na	na	0	na	0	na	na	0	na
fx_float_hitwater	1	0	0	0	0	na	na	na	na	na	na	na	na	na	na	na	na	na	na	na	0	na	na	na	na	na	na	na	0	na	na	na	na	na	na	0	na	0	na	na	0	na
fx_float_nibble	1	0	0	0	0	na	na	na	na	na	na	na	na	na	na	na	na	na	na	na	0	na	na	na	na	na	na	na	0	na	na	na	na	na	na	0	na	0	na	na	0	na
fx_frostfoundry_addfuel	1	0	0	0	0	na	na	na	na	na	na	na	na	na	na	na	na	na	na	na	0	na	na	na	na	na	na	na	0	na	na	na	na	na	na	0	na	0	na	na	0	na
fx_frostfoundry_additem	1	0	0	0	0	na	na	na	na	na	na	na	na	na	na	na	na	na	na	na	0	na	na	na	na	na	na	na	0	na	na	na	na	na	na	0	na	0	na	na	0	na
fx_frozenking_aspectspawn	1	0	0	0	0	na	na	na	na	na	na	na	na	na	na	na	na	na	na	na	0	na	na	na	na	na	na	na	0	na	na	na	na	na	na	0	na	0	na	na	0	na
fx_frozenking_chain_fury	1	0	0	0	0	na	na	na	na	na	na	na	na	na	na	na	na	na	na	na	0	na	na	na	na	na	na	na	0	na	na	na	na	na	na	0	na	0	na	na	0	na
fx_frozenking_chain_fury_ascending	1	0	0	0	0	na	na	na	na	na	na	na	na	na	na	na	na	na	na	na	0	na	na	na	na	na	na	na	0	na	na	na	na	na	na	0	na	0	na	na	0	na
fx_frozenking_chain_ground_impact_1	1	0	0	0	0	na	na	na	na	na	na	na	na	na	na	na	na	na	na	na	0	na	na	na	na	na	na	na	0	na	na	na	na	na	na	0	na	0	na	na	0	na
fx_frozenking_chain_ground_impact_2	1	0	0	0	0	na	na	na	na	na	na	na	na	na	na	na	na	na	na	na	0	na	na	na	na	na	na	na	0	na	na	na	na	na	na	0	na	0	na	na	0	na
fx_frozenking_chain_rush	1	0	0	0	0	na	na	na	na	na	na	na	na	na	na	na	na	na	na	na	0	na	na	na	na	na	na	na	0	na	na	na	na	na	na	0	na	0	na	na	0	na
fx_frozenking_chain_rush_impact	1	0	0	0	0	na	na	na	na	na	na	na	na	na	na	na	na	na	na	na	0	na	na	na	na	na	na	na	0	na	na	na	na	na	na	0	na	0	na	na	0	na
fx_frozenking_punch_aoe	1	0	0	0	0	na	na	na	na	na	na	na	na	na	na	na	na	na	na	na	0	na	na	na	na	na	na	na	0	na	na	na	na	na	na	0	na	0	na	na	0	na
fx_frozenking_spikerain_hit	1	0	0	0	0	na	na	na	na	na	na	na	na	na	na	na	na	na	na	na	0	na	na	na	na	na	na	na	0	na	na	na	na	na	na	0	na	0	na	na	0	na
fx_frozenking_spikerain_summoning	1	0	0	0	0	na	na	na	na	na	na	na	na	na	na	na	na	na	na	na	0	na	na	na	na	na	na	na	0	na	na	na	na	na	na	0	na	0	na	na	0	na
fx_frozenking_spikesmash	1	0	0	0	0	na	na	na	na	na	na	na	na	na	na	na	na	na	na	na	0	na	na	na	na	na	na	na	0	na	na	na	na	na	na	0	na	0	na	na	0	na
fx_frozenking_spin	1	0	0	0	0	na	na	na	na	na	na	na	na	na	na	na	na	na	na	na	0	na	na	na	na	na	na	na	0	na	na	na	na	na	na	0	na	0	na	na	0	na
fx_frozenking_tendrils_summoning	1	0	0	0	0	na	na	na	na	na	na	na	na	na	na	na	na	na	na	na	0	na	na	na	na	na	na	na	0	na	na	na	na	na	na	0	na	0	na	na	0	na
fx_frozenking_tendrilspawn	1	0	0	0	0	na	na	na	na	na	na	na	na	na	na	na	na	na	na	na	0	na	na	na	na	na	na	na	0	na	na	na	na	na	na	0	na	0	na	na	0	na
fx_gdking_rootspawn	1	0	0	0	0	na	na	na	na	na	na	na	na	na	na	na	na	na	na	na	0	na	na	na	na	na	na	na	0	na	na	na	na	na	na	0	na	0	na	na	0	na
fx_gjall_death	1	0	0	0	0	na	na	na	na	na	na	na	na	na	na	na	na	na	na	na	0	na	na	na	na	na	na	na	0	na	na	na	na	na	na	0	na	0	na	na	0	na
fx_gjall_egg_splat	1	0	0	0	0	na	na	na	na	na	na	na	na	na	na	na	na	na	na	na	0	na	na	na	na	na	na	na	0	na	na	na	na	na	na	0	na	0	na	na	0	na
fx_gjall_taunt	1	0	0	0	0	na	na	na	na	na	na	na	na	na	na	na	na	na	na	na	0	na	na	na	na	na	na	na	0	na	na	na	na	na	na	0	na	0	na	na	0	na
fx_goblinbrute_groundslam	1	0	0	0	0	na	na	na	na	na	na	na	na	na	na	na	na	na	na	na	0	na	na	na	na	na	na	na	0	na	na	na	na	na	na	0	na	0	na	na	0	na
fx_goblinking_beam_hit	1	0	0	0	0	na	na	na	na	na	na	na	na	na	na	na	na	na	na	na	0	na	na	na	na	na	na	na	0	na	na	na	na	na	na	0	na	0	na	na	0	na
fx_goblinking_death	1	0	0	0	0	na	na	na	na	na	na	na	na	na	na	na	na	na	na	na	0	na	na	na	na	na	na	na	0	na	na	na	na	na	na	0	na	0	na	na	0	na
fx_goblinking_hit	1	0	0	0	0	na	na	na	na	na	na	na	na	na	na	na	na	na	na	na	0	na	na	na	na	na	na	na	0	na	na	na	na	na	na	0	na	0	na	na	0	na
fx_goblinking_meteor_hit	1	0	0	0	0	na	na	na	na	na	na	na	na	na	na	na	na	na	na	na	0	na	na	na	na	na	na	na	0	na	na	na	na	na	na	0	na	0	na	na	0	na
fx_goblinking_nova	1	0	0	0	0	na	na	na	na	na	na	na	na	na	na	na	na	na	na	na	0	na	na	na	na	na	na	na	0	na	na	na	na	na	na	0	na	0	na	na	0	na
fx_GoblinShieldBreak	1	0	0	0	0	na	na	na	na	na	na	na	na	na	na	na	na	na	na	na	0	na	na	na	na	na	na	na	0	na	na	na	na	na	na	0	na	0	na	na	0	na
fx_GoblinShieldHit	1	0	0	0	0	na	na	na	na	na	na	na	na	na	na	na	na	na	na	na	0	na	na	na	na	na	na	na	0	na	na	na	na	na	na	0	na	0	na	na	0	na
fx_GP_Activation	1	0	0	0	0	na	na	na	na	na	na	na	na	na	na	na	na	na	na	na	0	na	na	na	na	na	na	na	0	na	na	na	na	na	na	0	na	0	na	na	0	na
fx_GP_Player	1	0	0	0	0	na	na	na	na	na	na	na	na	na	na	na	na	na	na	na	0	na	na	na	na	na	na	na	0	na	na	na	na	na	na	0	na	0	na	na	0	na
fx_GP_Stone	1	0	0	0	0	na	na	na	na	na	na	na	na	na	na	na	na	na	na	na	0	na	na	na	na	na	na	na	0	na	na	na	na	na	na	0	na	0	na	na	0	na
fx_greenroots_projectile_hit	1	0	0	0	0	na	na	na	na	na	na	na	na	na	na	na	na	na	na	na	0	na	na	na	na	na	na	na	0	na	na	na	na	na	na	0	na	0	na	na	0	na
fx_guardstone_activate	1	0	0	0	0	na	na	na	na	na	na	na	na	na	na	na	na	na	na	na	0	na	na	na	na	na	na	na	0	na	na	na	na	na	na	0	na	0	na	na	0	na
fx_guardstone_deactivate	1	0	0	0	0	na	na	na	na	na	na	na	na	na	na	na	na	na	na	na	0	na	na	na	na	na	na	na	0	na	na	na	na	na	na	0	na	0	na	na	0	na
fx_guardstone_permitted_add	1	0	0	0	0	na	na	na	na	na	na	na	na	na	na	na	na	na	na	na	0	na	na	na	na	na	na	na	0	na	na	na	na	na	na	0	na	0	na	na	0	na
fx_guardstone_permitted_removed	1	0	0	0	0	na	na	na	na	na	na	na	na	na	na	na	na	na	na	na	0	na	na	na	na	na	na	na	0	na	na	na	na	na	na	0	na	0	na	na	0	na
fx_hare_death	1	0	0	0	0	na	na	na	na	na	na	na	na	na	na	na	na	na	na	na	0	na	na	na	na	na	na	na	0	na	na	na	na	na	na	0	na	0	na	na	0	na
fx_hen_death	1	0	0	0	0	na	na	na	na	na	na	na	na	na	na	na	na	na	na	na	0	na	na	na	na	na	na	na	0	na	na	na	na	na	na	0	na	0	na	na	0	na
fx_hen_love	1	0	0	0	0	na	na	na	na	na	na	na	na	na	na	na	na	na	na	na	0	na	na	na	na	na	na	na	0	na	na	na	na	na	na	0	na	0	na	na	0	na
fx_HildirChest_Unlock	1	0	0	0	0	na	na	na	na	na	na	na	na	na	na	na	na	na	na	na	0	na	na	na	na	na	na	na	0	na	na	na	na	na	na	0	na	0	na	na	0	na
fx_himminafl_aoe	1	0	0	0	0	na	na	na	na	na	na	na	na	na	na	na	na	na	na	na	0	na	na	na	na	na	na	na	0	na	na	na	na	na	na	0	na	0	na	na	0	na
fx_himminafl_hit	1	0	0	0	0	na	na	na	na	na	na	na	na	na	na	na	na	na	na	na	0	na	na	na	na	na	na	na	0	na	na	na	na	na	na	0	na	0	na	na	0	na
fx_hottub_addwood	1	0	0	0	0	na	na	na	na	na	na	na	na	na	na	na	na	na	na	na	0	na	na	na	na	na	na	na	0	na	na	na	na	na	na	0	na	0	na	na	0	na
fx_icefloor_destruction	1	0	0	0	0	na	na	na	na	na	na	na	na	na	na	na	na	na	na	na	0	na	na	na	na	na	na	na	0	na	na	na	na	na	na	0	na	0	na	na	0	na
fx_iceshard_hit	1	0	0	0	0	na	na	na	na	na	na	na	na	na	na	na	na	na	na	na	0	na	na	na	na	na	na	na	0	na	na	na	na	na	na	0	na	0	na	na	0	na
fx_iceshard_launch	1	0	0	0	0	na	na	na	na	na	na	na	na	na	na	na	na	na	na	na	0	na	na	na	na	na	na	na	0	na	na	na	na	na	na	0	na	0	na	na	0	na
fx_IceShelf_Damage	1	0	0	0	0	na	na	na	na	na	na	na	na	na	na	na	na	na	na	na	0	na	na	na	na	na	na	na	0	na	na	na	na	na	na	0	na	0	na	na	0	na
fx_icicle_destruction	1	0	0	0	0	na	na	na	na	na	na	na	na	na	na	na	na	na	na	na	0	na	na	na	na	na	na	na	0	na	na	na	na	na	na	0	na	0	na	na	0	na
fx_Immobilize	1	0	0	0	0	na	na	na	na	na	na	na	na	na	na	na	na	na	na	na	0	na	na	na	na	na	na	na	0	na	na	na	na	na	na	0	na	0	na	na	0	na
fx_jelly_pickup	1	0	0	0	0	na	na	na	na	na	na	na	na	na	na	na	na	na	na	na	0	na	na	na	na	na	na	na	0	na	na	na	na	na	na	0	na	0	na	na	0	na
fx_jotunbane_hit	1	0	0	0	0	na	na	na	na	na	na	na	na	na	na	na	na	na	na	na	0	na	na	na	na	na	na	na	0	na	na	na	na	na	na	0	na	0	na	na	0	na
fx_jotunbane_swing	1	0	0	0	0	na	na	na	na	na	na	na	na	na	na	na	na	na	na	na	0	na	na	na	na	na	na	na	0	na	na	na	na	na	na	0	na	0	na	na	0	na
fx_JotunWitch_Death	1	0	0	0	0	na	na	na	na	na	na	na	na	na	na	na	na	na	na	na	0	na	na	na	na	na	na	na	0	na	na	na	na	na	na	0	na	0	na	na	0	na
fx_JotunWitch_Dodge	1	0	0	0	0	na	na	na	na	na	na	na	na	na	na	na	na	na	na	na	0	na	na	na	na	na	na	na	0	na	na	na	na	na	na	0	na	0	na	na	0	na
fx_JotunWitch_Flying	1	0	0	0	0	na	na	na	na	na	na	na	na	na	na	na	na	na	na	na	0	na	na	na	na	na	na	na	0	na	na	na	na	na	na	0	na	0	na	na	0	na
fx_JotunWitch_LightningBolt_Explosion	1	0	0	0	0	na	na	na	na	na	na	na	na	na	na	na	na	na	na	na	0	na	na	na	na	na	na	na	0	na	na	na	na	na	na	0	na	0	na	na	0	na
fx_JotunWitch_LightningBolt_Trigger	1	0	0	0	0	na	na	na	na	na	na	na	na	na	na	na	na	na	na	na	0	na	na	na	na	na	na	na	0	na	na	na	na	na	na	0	na	0	na	na	0	na
fx_JotunWitch_MagicBlast	1	0	0	0	0	na	na	na	na	na	na	na	na	na	na	na	na	na	na	na	0	na	na	na	na	na	na	na	0	na	na	na	na	na	na	0	na	0	na	na	0	na
fx_lavabomb_explosion	1	0	0	0	0	na	na	na	na	na	na	na	na	na	na	na	na	na	na	na	0	na	na	na	na	na	na	na	0	na	na	na	na	na	na	0	na	0	na	na	0	na
fx_leviathan_leave	1	0	0	0	0	na	na	na	na	na	na	na	na	na	na	na	na	na	na	na	0	na	na	na	na	na	na	na	0	na	na	na	na	na	na	0	na	0	na	na	0	na
fx_leviathan_reaction	1	0	0	0	0	na	na	na	na	na	na	na	na	na	na	na	na	na	na	na	0	na	na	na	na	na	na	na	0	na	na	na	na	na	na	0	na	0	na	na	0	na
fx_leviathanLava_leave	1	0	0	0	0	na	na	na	na	na	na	na	na	na	na	na	na	na	na	na	0	na	na	na	na	na	na	na	0	na	na	na	na	na	na	0	na	0	na	na	0	na
fx_leviathanLava_reaction	1	0	0	0	0	na	na	na	na	na	na	na	na	na	na	na	na	na	na	na	0	na	na	na	na	na	na	na	0	na	na	na	na	na	na	0	na	0	na	na	0	na
fx_Lightning	1	0	0	0	0	na	na	na	na	na	na	na	na	na	na	na	na	na	na	na	0	na	na	na	na	na	na	na	0	na	na	na	na	na	na	0	na	0	na	na	0	na
fx_Lightning_red	1	0	0	0	0	na	na	na	na	na	na	na	na	na	na	na	na	na	na	na	0	na	na	na	na	na	na	na	0	na	na	na	na	na	na	0	na	0	na	na	0	na
fx_lightningstaffprojectile_hit	1	0	0	0	0	na	na	na	na	na	na	na	na	na	na	na	na	na	na	na	0	na	na	na	na	na	na	na	0	na	na	na	na	na	na	0	na	0	na	na	0	na
fx_lightningweapon_hit	1	0	0	0	0	na	na	na	na	na	na	na	na	na	na	na	na	na	na	na	0	na	na	na	na	na	na	na	0	na	na	na	na	na	na	0	na	0	na	na	0	na
fx_lox_death	1	0	0	0	0	na	na	na	na	na	na	na	na	na	na	na	na	na	na	na	0	na	na	na	na	na	na	na	0	na	na	na	na	na	na	0	na	0	na	na	0	na
fx_lox_hit	1	0	0	0	0	na	na	na	na	na	na	na	na	na	na	na	na	na	na	na	0	na	na	na	na	na	na	na	0	na	na	na	na	na	na	0	na	0	na	na	0	na
fx_lox_pet	1	0	0	0	0	na	na	na	na	na	na	na	na	na	na	na	na	na	na	na	0	na	na	na	na	na	na	na	0	na	na	na	na	na	na	0	na	0	na	na	0	na
fx_lox_tamed	1	0	0	0	0	na	na	na	na	na	na	na	na	na	na	na	na	na	na	na	0	na	na	na	na	na	na	na	0	na	na	na	na	na	na	0	na	0	na	na	0	na
fx_loxcalf_death	1	0	0	0	0	na	na	na	na	na	na	na	na	na	na	na	na	na	na	na	0	na	na	na	na	na	na	na	0	na	na	na	na	na	na	0	na	0	na	na	0	na
fx_moose_birth	1	0	0	0	0	na	na	na	na	na	na	na	na	na	na	na	na	na	na	na	0	na	na	na	na	na	na	na	0	na	na	na	na	na	na	0	na	0	na	na	0	na
fx_moose_death	1	0	0	0	0	na	na	na	na	na	na	na	na	na	na	na	na	na	na	na	0	na	na	na	na	na	na	na	0	na	na	na	na	na	na	0	na	0	na	na	0	na
fx_moose_hit	1	0	0	0	0	na	na	na	na	na	na	na	na	na	na	na	na	na	na	na	0	na	na	na	na	na	na	na	0	na	na	na	na	na	na	0	na	0	na	na	0	na
fx_morgen_death	1	0	0	0	0	na	na	na	na	na	na	na	na	na	na	na	na	na	na	na	0	na	na	na	na	na	na	na	0	na	na	na	na	na	na	0	na	0	na	na	0	na
fx_morgen_hit	1	0	0	0	0	na	na	na	na	na	na	na	na	na	na	na	na	na	na	na	0	na	na	na	na	na	na	na	0	na	na	na	na	na	na	0	na	0	na	na	0	na
fx_morgen_roll	1	0	0	0	0	na	na	na	na	na	na	na	na	na	na	na	na	na	na	na	0	na	na	na	na	na	na	na	0	na	na	na	na	na	na	0	na	0	na	na	0	na
fx_morgen_swipe	1	0	0	0	0	na	na	na	na	na	na	na	na	na	na	na	na	na	na	na	0	na	na	na	na	na	na	na	0	na	na	na	na	na	na	0	na	0	na	na	0	na
fx_natureweapon_hit	1	0	0	0	0	na	na	na	na	na	na	na	na	na	na	na	na	na	na	na	0	na	na	na	na	na	na	na	0	na	na	na	na	na	na	0	na	0	na	na	0	na
fx_oven_add_food	1	0	0	0	0	na	na	na	na	na	na	na	na	na	na	na	na	na	na	na	0	na	na	na	na	na	na	na	0	na	na	na	na	na	na	0	na	0	na	na	0	na
fx_oven_add_wood	1	0	0	0	0	na	na	na	na	na	na	na	na	na	na	na	na	na	na	na	0	na	na	na	na	na	na	na	0	na	na	na	na	na	na	0	na	0	na	na	0	na
fx_oven_produce	1	0	0	0	0	na	na	na	na	na	na	na	na	na	na	na	na	na	na	na	0	na	na	na	na	na	na	na	0	na	na	na	na	na	na	0	na	0	na	na	0	na
fx_perfectdodge	1	0	0	0	0	na	na	na	na	na	na	na	na	na	na	na	na	na	na	na	0	na	na	na	na	na	na	na	0	na	na	na	na	na	na	0	na	0	na	na	0	na
fx_pheromonebomb_explode	1	0	0	0	0	na	na	na	na	na	na	na	na	na	na	na	na	na	na	na	0	na	na	na	na	na	na	na	0	na	na	na	na	na	na	0	na	0	na	na	0	na
fx_Potion_fireresist	1	0	0	0	0	na	na	na	na	na	na	na	na	na	na	na	na	na	na	na	0	na	na	na	na	na	na	na	0	na	na	na	na	na	na	0	na	0	na	na	0	na
fx_Potion_frostresist	1	0	0	0	0	na	na	na	na	na	na	na	na	na	na	na	na	na	na	na	0	na	na	na	na	na	na	na	0	na	na	na	na	na	na	0	na	0	na	na	0	na
fx_Puke	1	0	0	0	0	na	na	na	na	na	na	na	na	na	na	na	na	na	na	na	0	na	na	na	na	na	na	na	0	na	na	na	na	na	na	0	na	0	na	na	0	na
fx_Queen_Death	1	0	0	0	0	na	na	na	na	na	na	na	na	na	na	na	na	na	na	na	0	na	na	na	na	na	na	na	0	na	na	na	na	na	na	0	na	0	na	na	0	na
fx_QueenPierceGround	1	0	0	0	0	na	na	na	na	na	na	na	na	na	na	na	na	na	na	na	0	na	na	na	na	na	na	na	0	na	na	na	na	na	na	0	na	0	na	na	0	na
fx_radiation_hit	1	0	0	0	0	na	na	na	na	na	na	na	na	na	na	na	na	na	na	na	0	na	na	na	na	na	na	na	0	na	na	na	na	na	na	0	na	0	na	na	0	na
fx_redlightning_burst	1	0	0	0	0	na	na	na	na	na	na	na	na	na	na	na	na	na	na	na	0	na	na	na	na	na	na	na	0	na	na	na	na	na	na	0	na	0	na	na	0	na
fx_redlightning_launch	1	0	0	0	0	na	na	na	na	na	na	na	na	na	na	na	na	na	na	na	0	na	na	na	na	na	na	na	0	na	na	na	na	na	na	0	na	0	na	na	0	na
fx_refinery_addfuel	1	0	0	0	0	na	na	na	na	na	na	na	na	na	na	na	na	na	na	na	0	na	na	na	na	na	na	na	0	na	na	na	na	na	na	0	na	0	na	na	0	na
fx_refinery_addtissue	1	0	0	0	0	na	na	na	na	na	na	na	na	na	na	na	na	na	na	na	0	na	na	na	na	na	na	na	0	na	na	na	na	na	na	0	na	0	na	na	0	na
fx_refinery_destroyed	1	0	0	0	0	na	na	na	na	na	na	na	na	na	na	na	na	na	na	na	0	na	na	na	na	na	na	na	0	na	na	na	na	na	na	0	na	0	na	na	0	na
fx_refinery_produce	1	0	0	0	0	na	na	na	na	na	na	na	na	na	na	na	na	na	na	na	0	na	na	na	na	na	na	na	0	na	na	na	na	na	na	0	na	0	na	na	0	na
fx_RootAshlands	1	0	0	0	0	na	na	na	na	na	na	na	na	na	na	na	na	na	na	na	0	na	na	na	na	na	na	na	0	na	na	na	na	na	na	0	na	0	na	na	0	na
fx_seeker_death	1	0	0	0	0	na	na	na	na	na	na	na	na	na	na	na	na	na	na	na	0	na	na	na	na	na	na	na	0	na	na	na	na	na	na	0	na	0	na	na	0	na
fx_seeker_hurt	1	0	0	0	0	na	na	na	na	na	na	na	na	na	na	na	na	na	na	na	0	na	na	na	na	na	na	na	0	na	na	na	na	na	na	0	na	0	na	na	0	na
fx_seeker_melee_hit	1	0	0	0	0	na	na	na	na	na	na	na	na	na	na	na	na	na	na	na	0	na	na	na	na	na	na	na	0	na	na	na	na	na	na	0	na	0	na	na	0	na
fx_seeker_spawn	1	0	0	0	0	na	na	na	na	na	na	na	na	na	na	na	na	na	na	na	0	na	na	na	na	na	na	na	0	na	na	na	na	na	na	0	na	0	na	na	0	na
fx_seekerbrute_death	1	0	0	0	0	na	na	na	na	na	na	na	na	na	na	na	na	na	na	na	0	na	na	na	na	na	na	na	0	na	na	na	na	na	na	0	na	0	na	na	0	na
fx_shaman_fireball_expl	1	0	0	0	0	na	na	na	na	na	na	na	na	na	na	na	na	na	na	na	0	na	na	na	na	na	na	na	0	na	na	na	na	na	na	0	na	0	na	na	0	na
fx_shaman_protect	1	0	0	0	0	na	na	na	na	na	na	na	na	na	na	na	na	na	na	na	0	na	na	na	na	na	na	na	0	na	na	na	na	na	na	0	na	0	na	na	0	na
fx_shield_start	1	0	0	0	0	na	na	na	na	na	na	na	na	na	na	na	na	na	na	na	0	na	na	na	na	na	na	na	0	na	na	na	na	na	na	0	na	0	na	na	0	na
fx_shield_start_frost	1	0	0	0	0	na	na	na	na	na	na	na	na	na	na	na	na	na	na	na	0	na	na	na	na	na	na	na	0	na	na	na	na	na	na	0	na	0	na	na	0	na
fx_ShieldCharge_1	1	0	0	0	0	na	na	na	na	na	na	na	na	na	na	na	na	na	na	na	0	na	na	na	na	na	na	na	0	na	na	na	na	na	na	0	na	0	na	na	0	na
fx_ShieldCharge_2	1	0	0	0	0	na	na	na	na	na	na	na	na	na	na	na	na	na	na	na	0	na	na	na	na	na	na	na	0	na	na	na	na	na	na	0	na	0	na	na	0	na
fx_ShieldCharge_3	1	0	0	0	0	na	na	na	na	na	na	na	na	na	na	na	na	na	na	na	0	na	na	na	na	na	na	na	0	na	na	na	na	na	na	0	na	0	na	na	0	na
fx_ShieldCharge_4	1	0	0	0	0	na	na	na	na	na	na	na	na	na	na	na	na	na	na	na	0	na	na	na	na	na	na	na	0	na	na	na	na	na	na	0	na	0	na	na	0	na
fx_ShieldCharge_5	1	0	0	0	0	na	na	na	na	na	na	na	na	na	na	na	na	na	na	na	0	na	na	na	na	na	na	na	0	na	na	na	na	na	na	0	na	0	na	na	0	na
fx_shieldgenerator_attack	1	0	0	0	0	na	na	na	na	na	na	na	na	na	na	na	na	na	na	na	0	na	na	na	na	na	na	na	0	na	na	na	na	na	na	0	na	0	na	na	0	na
fx_shieldgenerator_domehit	1	0	0	0	0	na	na	na	na	na	na	na	na	na	na	na	na	na	na	na	0	na	na	na	na	na	na	na	0	na	na	na	na	na	na	0	na	0	na	na	0	na
fx_siegebomb_explosion	1	0	0	0	0	na	na	na	na	na	na	na	na	na	na	na	na	na	na	na	0	na	na	na	na	na	na	na	0	na	na	na	na	na	na	0	na	0	na	na	0	na
fx_skeleton_pet	1	0	0	0	0	na	na	na	na	na	na	na	na	na	na	na	na	na	na	na	0	na	na	na	na	na	na	na	0	na	na	na	na	na	na	0	na	0	na	na	0	na
fx_sledge_demolisher_hit	1	0	0	0	0	na	na	na	na	na	na	na	na	na	na	na	na	na	na	na	0	na	na	na	na	na	na	na	0	na	na	na	na	na	na	0	na	0	na	na	0	na
fx_StaffShield_Break	1	0	0	0	0	na	na	na	na	na	na	na	na	na	na	na	na	na	na	na	0	na	na	na	na	na	na	na	0	na	na	na	na	na	na	0	na	0	na	na	0	na
fx_StaffShield_Hit	1	0	0	0	0	na	na	na	na	na	na	na	na	na	na	na	na	na	na	na	0	na	na	na	na	na	na	na	0	na	na	na	na	na	na	0	na	0	na	na	0	na
fx_stone_L_destroyed	1	0	0	0	0	na	na	na	na	na	na	na	na	na	na	na	na	na	na	na	0	na	na	na	na	na	na	na	0	na	na	na	na	na	na	0	na	0	na	na	0	na
fx_stone_R_destroyed	1	0	0	0	0	na	na	na	na	na	na	na	na	na	na	na	na	na	na	na	0	na	na	na	na	na	na	na	0	na	na	na	na	na	na	0	na	0	na	na	0	na
fx_summon_skeleton	1	0	0	0	0	na	na	na	na	na	na	na	na	na	na	na	na	na	na	na	0	na	na	na	na	na	na	na	0	na	na	na	na	na	na	0	na	0	na	na	0	na
fx_summon_skeleton_spawn	1	0	0	0	0	na	na	na	na	na	na	na	na	na	na	na	na	na	na	na	0	na	na	na	na	na	na	na	0	na	na	na	na	na	na	0	na	0	na	na	0	na
fx_summon_spirit_spawn	1	0	0	0	0	na	na	na	na	na	na	na	na	na	na	na	na	na	na	na	0	na	na	na	na	na	na	na	0	na	na	na	na	na	na	0	na	0	na	na	0	na
fx_summon_start	1	0	0	0	0	na	na	na	na	na	na	na	na	na	na	na	na	na	na	na	0	na	na	na	na	na	na	na	0	na	na	na	na	na	na	0	na	0	na	na	0	na
fx_summon_troll	1	0	0	0	0	na	na	na	na	na	na	na	na	na	na	na	na	na	na	na	0	na	na	na	na	na	na	na	0	na	na	na	na	na	na	0	na	0	na	na	0	na
fx_summon_twitcher_spawn	1	0	0	0	0	na	na	na	na	na	na	na	na	na	na	na	na	na	na	na	0	na	na	na	na	na	na	na	0	na	na	na	na	na	na	0	na	0	na	na	0	na
fx_sw_addflax	1	0	0	0	0	na	na	na	na	na	na	na	na	na	na	na	na	na	na	na	0	na	na	na	na	na	na	na	0	na	na	na	na	na	na	0	na	0	na	na	0	na
fx_sw_produce	1	0	0	0	0	na	na	na	na	na	na	na	na	na	na	na	na	na	na	na	0	na	na	na	na	na	na	na	0	na	na	na	na	na	na	0	na	0	na	na	0	na
fx_tar_bubbles	1	0	0	0	0	na	na	na	na	na	na	na	na	na	na	na	na	na	na	na	0	na	na	na	na	na	na	na	0	na	na	na	na	na	na	0	na	0	na	na	0	na
fx_tendril_death	1	0	0	0	0	na	na	na	na	na	na	na	na	na	na	na	na	na	na	na	0	na	na	na	na	na	na	na	0	na	na	na	na	na	na	0	na	0	na	na	0	na
fx_tentaroot_death	1	0	0	0	0	na	na	na	na	na	na	na	na	na	na	na	na	na	na	na	0	na	na	na	na	na	na	na	0	na	na	na	na	na	na	0	na	0	na	na	0	na
fx_tick_death	1	0	0	0	0	na	na	na	na	na	na	na	na	na	na	na	na	na	na	na	0	na	na	na	na	na	na	na	0	na	na	na	na	na	na	0	na	0	na	na	0	na
fx_TickBloodHit	1	0	0	0	0	na	na	na	na	na	na	na	na	na	na	na	na	na	na	na	0	na	na	na	na	na	na	na	0	na	na	na	na	na	na	0	na	0	na	na	0	na
fx_tombstone_destroyed	1	0	0	0	0	na	na	na	na	na	na	na	na	na	na	na	na	na	na	na	0	na	na	na	na	na	na	na	0	na	na	na	na	na	na	0	na	0	na	na	0	na
fx_totem_destroyed	1	0	0	0	0	na	na	na	na	na	na	na	na	na	na	na	na	na	na	na	0	na	na	na	na	na	na	na	0	na	na	na	na	na	na	0	na	0	na	na	0	na
fx_trap_arm	1	0	0	0	0	na	na	na	na	na	na	na	na	na	na	na	na	na	na	na	0	na	na	na	na	na	na	na	0	na	na	na	na	na	na	0	na	0	na	na	0	na
fx_trap_trigger	1	0	0	0	0	na	na	na	na	na	na	na	na	na	na	na	na	na	na	na	0	na	na	na	na	na	na	na	0	na	na	na	na	na	na	0	na	0	na	na	0	na
fx_troll_love	1	0	0	0	0	na	na	na	na	na	na	na	na	na	na	na	na	na	na	na	0	na	na	na	na	na	na	na	0	na	na	na	na	na	na	0	na	0	na	na	0	na
fx_TrollUndead_Gibs	1	0	0	0	0	na	na	na	na	na	na	na	na	na	na	na	na	na	na	na	0	na	na	na	na	na	na	na	0	na	na	na	na	na	na	0	na	0	na	na	0	na
fx_turret_addammo	1	0	0	0	0	na	na	na	na	na	na	na	na	na	na	na	na	na	na	na	0	na	na	na	na	na	na	na	0	na	na	na	na	na	na	0	na	0	na	na	0	na
fx_turret_fire	1	0	0	0	0	na	na	na	na	na	na	na	na	na	na	na	na	na	na	na	0	na	na	na	na	na	na	na	0	na	na	na	na	na	na	0	na	0	na	na	0	na
fx_turret_newtarget	1	0	0	0	0	na	na	na	na	na	na	na	na	na	na	na	na	na	na	na	0	na	na	na	na	na	na	na	0	na	na	na	na	na	na	0	na	0	na	na	0	na
fx_turret_notarget	1	0	0	0	0	na	na	na	na	na	na	na	na	na	na	na	na	na	na	na	0	na	na	na	na	na	na	na	0	na	na	na	na	na	na	0	na	0	na	na	0	na
fx_turret_reload	1	0	0	0	0	na	na	na	na	na	na	na	na	na	na	na	na	na	na	na	0	na	na	na	na	na	na	na	0	na	na	na	na	na	na	0	na	0	na	na	0	na
fx_turret_warmup	1	0	0	0	0	na	na	na	na	na	na	na	na	na	na	na	na	na	na	na	0	na	na	na	na	na	na	na	0	na	na	na	na	na	na	0	na	0	na	na	0	na
fx_unbjorn_death	1	0	0	0	0	na	na	na	na	na	na	na	na	na	na	na	na	na	na	na	0	na	na	na	na	na	na	na	0	na	na	na	na	na	na	0	na	0	na	na	0	na
fx_unbjorn_hit	1	0	0	0	0	na	na	na	na	na	na	na	na	na	na	na	na	na	na	na	0	na	na	na	na	na	na	na	0	na	na	na	na	na	na	0	na	0	na	na	0	na
fx_unstablelavarock_explosion	1	0	0	0	0	na	na	na	na	na	na	na	na	na	na	na	na	na	na	na	0	na	na	na	na	na	na	na	0	na	na	na	na	na	na	0	na	0	na	na	0	na
fx_UpgradeStation_Fail	1	0	0	0	0	na	na	na	na	na	na	na	na	na	na	na	na	na	na	na	0	na	na	na	na	na	na	na	0	na	na	na	na	na	na	0	na	0	na	na	0	na
fx_UpgradeStation_Success	1	0	0	0	0	na	na	na	na	na	na	na	na	na	na	na	na	na	na	na	0	na	na	na	na	na	na	na	0	na	na	na	na	na	na	0	na	0	na	na	0	na
fx_vinegreen_destruction	1	0	0	0	0	na	na	na	na	na	na	na	na	na	na	na	na	na	na	na	0	na	na	na	na	na	na	na	0	na	na	na	na	na	na	0	na	0	na	na	0	na
fx_vines_hit	1	0	0	0	0	na	na	na	na	na	na	na	na	na	na	na	na	na	na	na	0	na	na	na	na	na	na	na	0	na	na	na	na	na	na	0	na	0	na	na	0	na
fx_WaterImpact_Big	1	0	0	0	0	na	na	na	na	na	na	na	na	na	na	na	na	na	na	na	0	na	na	na	na	na	na	na	0	na	na	na	na	na	na	0	na	0	na	na	0	na
fx_wolf_pet	1	0	0	0	0	na	na	na	na	na	na	na	na	na	na	na	na	na	na	na	0	na	na	na	na	na	na	na	0	na	na	na	na	na	na	0	na	0	na	na	0	na
fx_writhan_explosion	1	0	0	0	0	na	na	na	na	na	na	na	na	na	na	na	na	na	na	na	0	na	na	na	na	na	na	na	0	na	na	na	na	na	na	0	na	0	na	na	0	na
gd_king	1	1	0	0	0	na	na	na	na	na	na	na	na	na	na	na	na	na	na	na	0	na	na	na	na	na	na	na	0	na	na	na	na	na	na	0	na	1	100	0	0	na
gdking_Ragdoll	1	1	0	0	0	na	na	na	na	na	na	na	na	na	na	na	na	na	na	na	0	na	na	na	na	na	na	na	0	na	na	na	na	na	na	0	na	0	na	na	0	na
gdking_root_projectile	1	0	0	0	0	na	na	na	na	na	na	na	na	na	na	na	na	na	na	na	0	na	na	na	na	na	na	na	0	na	na	na	na	na	na	0	na	0	na	na	0	na
GemstoneBlue	1	1	0	0	0	na	na	na	na	na	na	na	na	na	na	na	na	na	na	na	0	na	na	na	na	na	na	na	0	na	na	na	na	na	na	0	na	1	1	0	0	na
GemstoneGreen	1	1	0	0	0	na	na	na	na	na	na	na	na	na	na	na	na	na	na	na	0	na	na	na	na	na	na	na	0	na	na	na	na	na	na	0	na	1	1	0	0	na
GemstoneRed	1	1	0	0	0	na	na	na	na	na	na	na	na	na	na	na	na	na	na	na	0	na	na	na	na	na	na	na	0	na	na	na	na	na	na	0	na	1	1	0	0	na
GenericMoldUncooked	1	1	0	0	0	na	na	na	na	na	na	na	na	na	na	na	na	na	na	na	0	na	na	na	na	na	na	na	0	na	na	na	na	na	na	0	na	1	1	0	0	na
Ghost	1	1	0	0	0	na	na	na	na	na	na	na	na	na	na	na	na	na	na	na	0	na	na	na	na	na	na	na	0	na	na	na	na	na	na	0	na	1	10	0	0	na
Ghost_old	1	1	0	0	0	na	na	na	na	na	na	na	na	na	na	na	na	na	na	na	0	na	na	na	na	na	na	na	0	na	na	na	na	na	na	0	na	1	10	0	0	na
Ghost_sleeping	1	1	0	0	0	na	na	na	na	na	na	na	na	na	na	na	na	na	na	na	0	na	na	na	na	na	na	na	0	na	na	na	na	na	na	0	na	1	10	0	0	na
Ghost_Void	1	1	0	0	0	na	na	na	na	na	na	na	na	na	na	na	na	na	na	na	0	na	na	na	na	na	na	na	0	na	na	na	na	na	na	0	na	1	10	0	0	na
GhostSkull	1	1	0	0	0	na	na	na	na	na	na	na	na	na	na	na	na	na	na	na	0	na	na	na	na	na	na	na	0	na	na	na	na	na	na	0	na	0	na	na	0	na
giant_arm	1	1	0	2	0	na	na	na	na	na	na	na	na	na	na	na	na	na	na	na	0	na	na	na	na	na	na	na	0	na	na	na	na	na	na	0	na	0	na	na	0	na
giant_brain	1	1	0	2	0	na	na	na	na	na	na	na	na	na	na	na	na	na	na	na	0	na	na	na	na	na	na	na	0	na	na	na	na	na	na	0	na	0	na	na	0	na
giant_brain_frac	1	1	0	2	0	na	na	na	na	na	na	na	na	na	na	na	na	na	na	na	0	na	na	na	na	na	na	na	0	na	na	na	na	na	na	0	na	0	na	na	0	na
giant_helmet1	1	1	0	2	0	na	na	na	na	na	na	na	na	na	na	na	na	na	na	na	0	na	na	na	na	na	na	na	0	na	na	na	na	na	na	0	na	0	na	na	0	na
giant_helmet1_destruction	1	1	0	2	0	na	na	na	na	na	na	na	na	na	na	na	na	na	na	na	0	na	na	na	na	na	na	na	0	na	na	na	na	na	na	0	na	0	na	na	0	na
giant_helmet2	1	1	0	2	0	na	na	na	na	na	na	na	na	na	na	na	na	na	na	na	0	na	na	na	na	na	na	na	0	na	na	na	na	na	na	0	na	0	na	na	0	na
giant_helmet2_destruction	1	1	0	2	0	na	na	na	na	na	na	na	na	na	na	na	na	na	na	na	0	na	na	na	na	na	na	na	0	na	na	na	na	na	na	0	na	0	na	na	0	na
giant_ribs	1	1	0	2	0	na	na	na	na	na	na	na	na	na	na	na	na	na	na	na	0	na	na	na	na	na	na	na	0	na	na	na	na	na	na	0	na	0	na	na	0	na
giant_ribs_frac	1	1	0	2	0	na	na	na	na	na	na	na	na	na	na	na	na	na	na	na	0	na	na	na	na	na	na	na	0	na	na	na	na	na	na	0	na	0	na	na	0	na
giant_skull	1	1	0	2	0	na	na	na	na	na	na	na	na	na	na	na	na	na	na	na	0	na	na	na	na	na	na	na	0	na	na	na	na	na	na	0	na	0	na	na	0	na
giant_skull_frac	1	1	0	2	0	na	na	na	na	na	na	na	na	na	na	na	na	na	na	na	0	na	na	na	na	na	na	na	0	na	na	na	na	na	na	0	na	0	na	na	0	na
giant_sword1	1	1	0	2	0	na	na	na	na	na	na	na	na	na	na	na	na	na	na	na	0	na	na	na	na	na	na	na	0	na	na	na	na	na	na	0	na	0	na	na	0	na
giant_sword1_destruction	1	1	0	2	0	na	na	na	na	na	na	na	na	na	na	na	na	na	na	na	0	na	na	na	na	na	na	na	0	na	na	na	na	na	na	0	na	0	na	na	0	na
giant_sword2	1	1	0	2	0	na	na	na	na	na	na	na	na	na	na	na	na	na	na	na	0	na	na	na	na	na	na	na	0	na	na	na	na	na	na	0	na	0	na	na	0	na
giant_sword2_destruction	1	1	0	2	0	na	na	na	na	na	na	na	na	na	na	na	na	na	na	na	0	na	na	na	na	na	na	na	0	na	na	na	na	na	na	0	na	0	na	na	0	na
GiantBloodSack	1	1	0	0	0	na	na	na	na	na	na	na	na	na	na	na	na	na	na	na	0	na	na	na	na	na	na	na	0	na	na	na	na	na	na	0	na	1	1	0	0	na
Gjall	1	1	0	0	0	na	na	na	na	na	na	na	na	na	na	na	na	na	na	na	0	na	na	na	na	na	na	na	0	na	na	na	na	na	na	0	na	1	50	0	0	na
gjall_egg_projectile	1	0	0	0	0	na	na	na	na	na	na	na	na	na	na	na	na	na	na	na	0	na	na	na	na	na	na	na	0	na	na	na	na	na	na	0	na	0	na	na	0	na
gjall_spit_projectile	1	0	0	0	0	na	na	na	na	na	na	na	na	na	na	na	na	na	na	na	0	na	na	na	na	na	na	na	0	na	na	na	na	na	na	0	na	0	na	na	0	na
GlowingMushroom	1	1	0	0	0	na	na	na	na	na	na	na	na	na	na	na	na	na	na	na	0	na	na	na	na	na	na	na	0	na	na	na	na	na	na	0	na	0	na	na	0	na
GlowWorm	1	1	0	0	1	0	1	0	0	0	0	0	1	0	1	0	0	0	6	$item_glowworm	1	0	50	0	1	1	0	0	0	na	na	na	na	na	na	0	na	1	1	0	0	na
Goblin	1	1	0	0	0	na	na	na	na	na	na	na	na	na	na	na	na	na	na	na	0	na	na	na	na	na	na	na	0	na	na	na	na	na	na	0	na	1	10	0	0	na
goblin_banner	1	1	0	2	0	na	na	na	na	na	na	na	na	na	na	na	na	na	na	na	1	0	200	1	1	0	0	0	0	na	na	na	na	na	na	0	na	0	na	na	0	na
goblin_bed	1	1	0	2	1	0	1	0	0	0	0	0	1	0	1	0	0	0	4		1	0	20	1	1	0	0	0	0	na	na	na	na	na	na	0	na	0	na	na	0	na
Goblin_DN_Dragdoll	1	1	0	0	0	na	na	na	na	na	na	na	na	na	na	na	na	na	na	na	0	na	na	na	na	na	na	na	0	na	na	na	na	na	na	0	na	0	na	na	0	na
Goblin_Dragdoll	1	1	0	0	0	na	na	na	na	na	na	na	na	na	na	na	na	na	na	na	0	na	na	na	na	na	na	na	0	na	na	na	na	na	na	0	na	0	na	na	0	na
goblin_fence	1	1	0	2	0	na	na	na	na	na	na	na	na	na	na	na	na	na	na	na	1	0	200	1	1	0	0	0	0	na	na	na	na	na	na	0	na	0	na	na	0	na
Goblin_Gem	1	1	0	0	0	na	na	na	na	na	na	na	na	na	na	na	na	na	na	na	0	na	na	na	na	na	na	na	0	na	na	na	na	na	na	0	na	1	10	0	0	na
goblin_pole	1	1	0	2	0	na	na	na	na	na	na	na	na	na	na	na	na	na	na	na	1	3	200	1	1	0	0	0	0	na	na	na	na	na	na	0	na	0	na	na	0	na
goblin_pole_small	1	1	0	2	0	na	na	na	na	na	na	na	na	na	na	na	na	na	na	na	1	3	200	1	1	0	0	0	0	na	na	na	na	na	na	0	na	0	na	na	0	na
goblin_roof_45d	1	1	0	2	0	na	na	na	na	na	na	na	na	na	na	na	na	na	na	na	1	0	200	1	1	0	0	0	0	na	na	na	na	na	na	0	na	0	na	na	0	na
goblin_roof_45d_corner	1	1	0	2	0	na	na	na	na	na	na	na	na	na	na	na	na	na	na	na	1	0	200	1	1	0	0	0	0	na	na	na	na	na	na	0	na	0	na	na	0	na
goblin_roof_cap	1	1	0	2	0	na	na	na	na	na	na	na	na	na	na	na	na	na	na	na	1	0	200	1	1	0	0	0	0	na	na	na	na	na	na	0	na	0	na	na	0	na
goblin_stairs	1	1	0	2	0	na	na	na	na	na	na	na	na	na	na	na	na	na	na	na	1	0	400	1	1	0	0	0	0	na	na	na	na	na	na	0	na	0	na	na	0	na
goblin_stepladder	1	1	0	2	0	na	na	na	na	na	na	na	na	na	na	na	na	na	na	na	1	0	400	1	1	0	0	0	0	na	na	na	na	na	na	0	na	0	na	na	0	na
goblin_strawpile	1	1	0	2	0	na	na	na	na	na	na	na	na	na	na	na	na	na	na	na	0	na	na	na	na	na	na	na	0	na	na	na	na	na	na	0	na	0	na	na	0	na
goblin_totempole	1	1	0	2	0	na	na	na	na	na	na	na	na	na	na	na	na	na	na	na	1	0	200	1	1	0	0	0	0	na	na	na	na	na	na	0	na	0	na	na	0	na
goblin_trashpile	1	1	0	2	0	na	na	na	na	na	na	na	na	na	na	na	na	na	na	na	0	na	na	na	na	na	na	na	0	na	na	na	na	na	na	0	na	0	na	na	0	na
goblin_trashpile_destruction	1	0	0	0	0	na	na	na	na	na	na	na	na	na	na	na	na	na	na	na	0	na	na	na	na	na	na	na	0	na	na	na	na	na	na	0	na	0	na	na	0	na
goblin_woodwall_1m	1	1	0	2	0	na	na	na	na	na	na	na	na	na	na	na	na	na	na	na	1	0	200	1	1	0	0	0	0	na	na	na	na	na	na	0	na	0	na	na	0	na
goblin_woodwall_2m	1	1	0	2	0	na	na	na	na	na	na	na	na	na	na	na	na	na	na	na	1	0	200	1	1	0	0	0	0	na	na	na	na	na	na	0	na	0	na	na	0	na
goblin_woodwall_2m_ribs	1	1	0	2	0	na	na	na	na	na	na	na	na	na	na	na	na	na	na	na	1	0	200	1	1	0	0	0	0	na	na	na	na	na	na	0	na	0	na	na	0	na
GoblinArcher	1	1	0	0	0	na	na	na	na	na	na	na	na	na	na	na	na	na	na	na	0	na	na	na	na	na	na	na	0	na	na	na	na	na	na	0	na	1	10	0	0	na
GoblinArmband	1	1	0	0	0	na	na	na	na	na	na	na	na	na	na	na	na	na	na	na	0	na	na	na	na	na	na	na	0	na	na	na	na	na	na	0	na	1	10	0	0	na
GoblinBrute	1	1	0	0	0	na	na	na	na	na	na	na	na	na	na	na	na	na	na	na	0	na	na	na	na	na	na	na	0	na	na	na	na	na	na	0	na	1	50	0	0	na
GoblinBrute_ArmGuard	1	1	0	0	0	na	na	na	na	na	na	na	na	na	na	na	na	na	na	na	0	na	na	na	na	na	na	na	0	na	na	na	na	na	na	0	na	1	10	0	0	na
GoblinBrute_Attack	1	1	0	0	0	na	na	na	na	na	na	na	na	na	na	na	na	na	na	na	0	na	na	na	na	na	na	na	0	na	na	na	na	na	na	0	na	1	1	0	0	na
GoblinBrute_Backbones	1	1	0	0	0	na	na	na	na	na	na	na	na	na	na	na	na	na	na	na	0	na	na	na	na	na	na	na	0	na	na	na	na	na	na	0	na	1	10	0	0	na
GoblinBrute_ExecutionerCap	1	1	0	0	0	na	na	na	na	na	na	na	na	na	na	na	na	na	na	na	0	na	na	na	na	na	na	na	0	na	na	na	na	na	na	0	na	1	10	0	0	na
GoblinBrute_Hildir	1	1	0	0	0	na	na	na	na	na	na	na	na	na	na	na	na	na	na	na	0	na	na	na	na	na	na	na	0	na	na	na	na	na	na	0	na	1	50	0	0	na
GoblinBrute_Hildir_ragdoll	1	1	0	0	0	na	na	na	na	na	na	na	na	na	na	na	na	na	na	na	0	na	na	na	na	na	na	na	0	na	na	na	na	na	na	0	na	0	na	na	0	na
GoblinBrute_HipCloth	1	1	0	0	0	na	na	na	na	na	na	na	na	na	na	na	na	na	na	na	0	na	na	na	na	na	na	na	0	na	na	na	na	na	na	0	na	1	10	0	0	na
GoblinBrute_LegBones	1	1	0	0	0	na	na	na	na	na	na	na	na	na	na	na	na	na	na	na	0	na	na	na	na	na	na	na	0	na	na	na	na	na	na	0	na	1	10	0	0	na
GoblinBrute_ragdoll	1	1	0	0	0	na	na	na	na	na	na	na	na	na	na	na	na	na	na	na	0	na	na	na	na	na	na	na	0	na	na	na	na	na	na	0	na	0	na	na	0	na
GoblinBrute_RageAttack	1	1	0	0	0	na	na	na	na	na	na	na	na	na	na	na	na	na	na	na	0	na	na	na	na	na	na	na	0	na	na	na	na	na	na	0	na	1	1	0	0	na
GoblinBrute_ShoulderGuard	1	1	0	0	0	na	na	na	na	na	na	na	na	na	na	na	na	na	na	na	0	na	na	na	na	na	na	na	0	na	na	na	na	na	na	0	na	1	10	0	0	na
GoblinBrute_Taunt	1	1	0	0	0	na	na	na	na	na	na	na	na	na	na	na	na	na	na	na	0	na	na	na	na	na	na	na	0	na	na	na	na	na	na	0	na	1	1	0	0	na
GoblinBruteBros	1	1	0	0	0	na	na	na	na	na	na	na	na	na	na	na	na	na	na	na	0	na	na	na	na	na	na	na	0	na	na	na	na	na	na	0	na	1	50	0	0	na
GoblinBruteBros_Attack	1	1	0	0	0	na	na	na	na	na	na	na	na	na	na	na	na	na	na	na	0	na	na	na	na	na	na	na	0	na	na	na	na	na	na	0	na	1	1	0	0	na
GoblinBruteBros_nochest	1	1	0	0	0	na	na	na	na	na	na	na	na	na	na	na	na	na	na	na	0	na	na	na	na	na	na	na	0	na	na	na	na	na	na	0	na	1	50	0	0	na
GoblinBruteBros_RageAttack	1	1	0	0	0	na	na	na	na	na	na	na	na	na	na	na	na	na	na	na	0	na	na	na	na	na	na	na	0	na	na	na	na	na	na	0	na	1	1	0	0	na
GoblinClub	1	1	0	0	0	na	na	na	na	na	na	na	na	na	na	na	na	na	na	na	0	na	na	na	na	na	na	na	0	na	na	na	na	na	na	1	0.67	1	1	0	0	na
GoblinClubDeepNorth	1	1	0	0	0	na	na	na	na	na	na	na	na	na	na	na	na	na	na	na	0	na	na	na	na	na	na	na	0	na	na	na	na	na	na	1	0.67	1	1	0	0	na
GoblinDeepNorth	1	1	0	0	0	na	na	na	na	na	na	na	na	na	na	na	na	na	na	na	0	na	na	na	na	na	na	na	0	na	na	na	na	na	na	0	na	1	10	0	0	na
GoblinHelmet	1	1	0	0	0	na	na	na	na	na	na	na	na	na	na	na	na	na	na	na	0	na	na	na	na	na	na	na	0	na	na	na	na	na	na	0	na	1	10	0	0	na
GoblinKing	1	1	0	0	0	na	na	na	na	na	na	na	na	na	na	na	na	na	na	na	0	na	na	na	na	na	na	na	0	na	na	na	na	na	na	0	na	1	100	0	0	na
GoblinKing_ragdoll	1	1	0	0	0	na	na	na	na	na	na	na	na	na	na	na	na	na	na	na	0	na	na	na	na	na	na	na	0	na	na	na	na	na	na	0	na	0	na	na	0	na
goblinking_totemholder	1	1	0	0	0	na	na	na	na	na	na	na	na	na	na	na	na	na	na	na	0	na	na	na	na	na	na	na	0	na	na	na	na	na	na	0	na	0	na	na	0	na
GoblinLegband	1	1	0	0	0	na	na	na	na	na	na	na	na	na	na	na	na	na	na	na	0	na	na	na	na	na	na	na	0	na	na	na	na	na	na	0	na	1	10	0	0	na
GoblinLoin	1	1	0	0	0	na	na	na	na	na	na	na	na	na	na	na	na	na	na	na	0	na	na	na	na	na	na	na	0	na	na	na	na	na	na	0	na	1	10	0	0	na
GoblinShaman	1	1	0	0	0	na	na	na	na	na	na	na	na	na	na	na	na	na	na	na	0	na	na	na	na	na	na	na	0	na	na	na	na	na	na	0	na	1	10	0	0	na
GoblinShaman_attack_poke	1	1	0	0	0	na	na	na	na	na	na	na	na	na	na	na	na	na	na	na	0	na	na	na	na	na	na	na	0	na	na	na	na	na	na	1	0.67	1	1	0	0	na
GoblinShaman_Headdress_antlers	1	1	0	0	0	na	na	na	na	na	na	na	na	na	na	na	na	na	na	na	0	na	na	na	na	na	na	na	0	na	na	na	na	na	na	1	0.67	1	1	0	0	na
GoblinShaman_Headdress_feathers	1	1	0	0	0	na	na	na	na	na	na	na	na	na	na	na	na	na	na	na	0	na	na	na	na	na	na	na	0	na	na	na	na	na	na	1	0.67	1	1	0	0	na
GoblinShaman_Hildir	1	1	0	0	0	na	na	na	na	na	na	na	na	na	na	na	na	na	na	na	0	na	na	na	na	na	na	na	0	na	na	na	na	na	na	0	na	1	10	0	0	na
GoblinShaman_Hildir_nochest	1	1	0	0	0	na	na	na	na	na	na	na	na	na	na	na	na	na	na	na	0	na	na	na	na	na	na	na	0	na	na	na	na	na	na	0	na	1	10	0	0	na
GoblinShaman_Hildir_ragdoll	1	1	0	0	0	na	na	na	na	na	na	na	na	na	na	na	na	na	na	na	0	na	na	na	na	na	na	na	0	na	na	na	na	na	na	0	na	0	na	na	0	na
GoblinShaman_projectile_fireball	1	0	0	0	0	na	na	na	na	na	na	na	na	na	na	na	na	na	na	na	0	na	na	na	na	na	na	na	0	na	na	na	na	na	na	0	na	0	na	na	0	na
GoblinShaman_protect_aoe	1	0	0	0	0	na	na	na	na	na	na	na	na	na	na	na	na	na	na	na	0	na	na	na	na	na	na	na	0	na	na	na	na	na	na	0	na	0	na	na	0	na
GoblinShaman_ragdoll	1	1	0	0	0	na	na	na	na	na	na	na	na	na	na	na	na	na	na	na	0	na	na	na	na	na	na	na	0	na	na	na	na	na	na	0	na	0	na	na	0	na
GoblinShaman_Staff_Bones	1	1	0	0	0	na	na	na	na	na	na	na	na	na	na	na	na	na	na	na	0	na	na	na	na	na	na	na	0	na	na	na	na	na	na	1	0.67	1	1	0	0	na
GoblinShaman_Staff_Feathers	1	1	0	0	0	na	na	na	na	na	na	na	na	na	na	na	na	na	na	na	0	na	na	na	na	na	na	na	0	na	na	na	na	na	na	1	0.67	1	1	0	0	na
GoblinShaman_Staff_Hildir	1	1	0	0	0	na	na	na	na	na	na	na	na	na	na	na	na	na	na	na	0	na	na	na	na	na	na	na	0	na	na	na	na	na	na	1	0.67	1	1	0	0	na
GoblinShoulders	1	1	0	0	0	na	na	na	na	na	na	na	na	na	na	na	na	na	na	na	0	na	na	na	na	na	na	na	0	na	na	na	na	na	na	0	na	1	10	0	0	na
GoblinSpear	1	1	0	0	0	na	na	na	na	na	na	na	na	na	na	na	na	na	na	na	0	na	na	na	na	na	na	na	0	na	na	na	na	na	na	0	na	1	1	0	0	na
GoblinSpear_projectile	1	0	0	0	0	na	na	na	na	na	na	na	na	na	na	na	na	na	na	na	0	na	na	na	na	na	na	na	0	na	na	na	na	na	na	0	na	0	na	na	0	na
GoblinSpearDeepNorth	1	1	0	0	0	na	na	na	na	na	na	na	na	na	na	na	na	na	na	na	0	na	na	na	na	na	na	na	0	na	na	na	na	na	na	0	na	1	1	0	0	na
GoblinSpearDeepNorth_projectile	1	0	0	0	0	na	na	na	na	na	na	na	na	na	na	na	na	na	na	na	0	na	na	na	na	na	na	na	0	na	na	na	na	na	na	0	na	0	na	na	0	na
GoblinSword	1	1	0	0	0	na	na	na	na	na	na	na	na	na	na	na	na	na	na	na	0	na	na	na	na	na	na	na	0	na	na	na	na	na	na	0	na	1	1	0	0	na
GoblinSwordDeepNorth	1	1	0	0	0	na	na	na	na	na	na	na	na	na	na	na	na	na	na	na	0	na	na	na	na	na	na	na	0	na	na	na	na	na	na	0	na	1	1	0	0	na
GoblinTorch	1	1	0	0	0	na	na	na	na	na	na	na	na	na	na	na	na	na	na	na	0	na	na	na	na	na	na	na	0	na	na	na	na	na	na	0	na	1	1	0	0	na
GoblinTorchDeepNorth	1	1	0	0	0	na	na	na	na	na	na	na	na	na	na	na	na	na	na	na	0	na	na	na	na	na	na	na	0	na	na	na	na	na	na	0	na	1	1	0	0	na
GoblinTotem	1	1	0	0	0	na	na	na	na	na	na	na	na	na	na	na	na	na	na	na	0	na	na	na	na	na	na	na	0	na	na	na	na	na	na	0	na	1	1	0	0	na
Gold	1	1	0	0	0	na	na	na	na	na	na	na	na	na	na	na	na	na	na	na	0	na	na	na	na	na	na	na	0	na	na	na	na	na	na	0	na	1	1	0	0	na
GoldOre	1	1	0	0	0	na	na	na	na	na	na	na	na	na	na	na	na	na	na	na	0	na	na	na	na	na	na	na	0	na	na	na	na	na	na	0	na	1	1	0	0	na
goldvein	1	1	0	2	0	na	na	na	na	na	na	na	na	na	na	na	na	na	na	na	0	na	na	na	na	na	na	na	0	na	na	na	na	na	na	0	na	0	na	na	0	na
goldvein_frac	1	1	0	2	0	na	na	na	na	na	na	na	na	na	na	na	na	na	na	na	0	na	na	na	na	na	na	na	0	na	na	na	na	na	na	0	na	0	na	na	0	na
GrapplingHook	1	1	0	0	0	na	na	na	na	na	na	na	na	na	na	na	na	na	na	na	0	na	na	na	na	na	na	na	0	na	na	na	na	na	na	1	0.4	1	1	0	0	na
GrapplingPoint	1	0	0	0	0	na	na	na	na	na	na	na	na	na	na	na	na	na	na	na	0	na	na	na	na	na	na	na	0	na	na	na	na	na	na	0	na	0	na	na	0	na
GrapplingPointSecondary	1	0	0	0	0	na	na	na	na	na	na	na	na	na	na	na	na	na	na	na	0	na	na	na	na	na	na	na	0	na	na	na	na	na	na	0	na	0	na	na	0	na
Grausten	1	1	0	0	0	na	na	na	na	na	na	na	na	na	na	na	na	na	na	na	0	na	na	na	na	na	na	na	0	na	na	na	na	na	na	0	na	1	1	0	0	na
grausten_pile	1	1	0	2	1	0	0	0	0	0	0	0	0	0	0	0	0	0	0	$piece_graustenpile	1	0	50	0	1	0	0	0	0	na	na	na	na	na	na	0	na	0	na	na	0	na
GraveStone_Broken_CharredTwitcherNest	1	1	0	0	0	na	na	na	na	na	na	na	na	na	na	na	na	na	na	na	0	na	na	na	na	na	na	na	0	na	na	na	na	na	na	0	na	0	na	na	0	na
GraveStone_Broken_World	1	1	0	0	0	na	na	na	na	na	na	na	na	na	na	na	na	na	na	na	0	na	na	na	na	na	na	na	0	na	na	na	na	na	na	0	na	0	na	na	0	na
GraveStone_CharredFaderLocation	1	1	0	0	0	na	na	na	na	na	na	na	na	na	na	na	na	na	na	na	0	na	na	na	na	na	na	na	0	na	na	na	na	na	na	0	na	0	na	na	0	na
GraveStone_CharredTwitcherNest	1	1	0	0	0	na	na	na	na	na	na	na	na	na	na	na	na	na	na	na	0	na	na	na	na	na	na	na	0	na	na	na	na	na	na	0	na	0	na	na	0	na
GraveStone_Elite_Broken_CharredTwitcherNest	1	1	0	0	0	na	na	na	na	na	na	na	na	na	na	na	na	na	na	na	0	na	na	na	na	na	na	na	0	na	na	na	na	na	na	0	na	0	na	na	0	na
GraveStone_Elite_CharredTwitcherNest	1	1	0	0	0	na	na	na	na	na	na	na	na	na	na	na	na	na	na	na	0	na	na	na	na	na	na	na	0	na	na	na	na	na	na	0	na	0	na	na	0	na
Greydwarf	1	1	0	0	0	na	na	na	na	na	na	na	na	na	na	na	na	na	na	na	0	na	na	na	na	na	na	na	0	na	na	na	na	na	na	0	na	1	10	0	0	na
Greydwarf_Elite	1	1	0	0	0	na	na	na	na	na	na	na	na	na	na	na	na	na	na	na	0	na	na	na	na	na	na	na	0	na	na	na	na	na	na	0	na	1	20	0	0	na
Greydwarf_elite_ragdoll	1	1	0	0	0	na	na	na	na	na	na	na	na	na	na	na	na	na	na	na	0	na	na	na	na	na	na	na	0	na	na	na	na	na	na	0	na	0	na	na	0	na
Greydwarf_Frozen	1	1	0	0	0	na	na	na	na	na	na	na	na	na	na	na	na	na	na	na	0	na	na	na	na	na	na	na	0	na	na	na	na	na	na	0	na	1	10	0	0	na
Greydwarf_ragdoll	1	1	0	0	0	na	na	na	na	na	na	na	na	na	na	na	na	na	na	na	0	na	na	na	na	na	na	na	0	na	na	na	na	na	na	0	na	0	na	na	0	na
Greydwarf_ragdoll_frozen	1	1	0	0	0	na	na	na	na	na	na	na	na	na	na	na	na	na	na	na	0	na	na	na	na	na	na	na	0	na	na	na	na	na	na	0	na	0	na	na	0	na
Greydwarf_Root	1	1	0	0	0	na	na	na	na	na	na	na	na	na	na	na	na	na	na	na	0	na	na	na	na	na	na	na	0	na	na	na	na	na	na	0	na	0	na	na	0	na
Greydwarf_Shaman	1	1	0	0	0	na	na	na	na	na	na	na	na	na	na	na	na	na	na	na	0	na	na	na	na	na	na	na	0	na	na	na	na	na	na	0	na	1	15	0	0	na
Greydwarf_Shaman_Frozen	1	1	0	0	0	na	na	na	na	na	na	na	na	na	na	na	na	na	na	na	0	na	na	na	na	na	na	na	0	na	na	na	na	na	na	0	na	1	15	0	0	na
Greydwarf_Shaman_ragdoll	1	1	0	0	0	na	na	na	na	na	na	na	na	na	na	na	na	na	na	na	0	na	na	na	na	na	na	na	0	na	na	na	na	na	na	0	na	0	na	na	0	na
Greydwarf_Shaman_ragdoll_frozen	1	1	0	0	0	na	na	na	na	na	na	na	na	na	na	na	na	na	na	na	0	na	na	na	na	na	na	na	0	na	na	na	na	na	na	0	na	0	na	na	0	na
Greydwarf_Surprise	1	1	0	0	0	na	na	na	na	na	na	na	na	na	na	na	na	na	na	na	0	na	na	na	na	na	na	na	0	na	na	na	na	na	na	0	na	0	na	na	0	na
Greydwarf_throw_projectile	1	0	0	0	0	na	na	na	na	na	na	na	na	na	na	na	na	na	na	na	0	na	na	na	na	na	na	na	0	na	na	na	na	na	na	0	na	0	na	na	0	na
Greydwarf_throw_projectile_frozen	1	0	0	0	0	na	na	na	na	na	na	na	na	na	na	na	na	na	na	na	0	na	na	na	na	na	na	na	0	na	na	na	na	na	na	0	na	0	na	na	0	na
GreydwarfEye	1	1	0	0	0	na	na	na	na	na	na	na	na	na	na	na	na	na	na	na	0	na	na	na	na	na	na	na	0	na	na	na	na	na	na	0	na	1	1	0	0	na
GreydwarfSurprise	1	1	0	0	0	na	na	na	na	na	na	na	na	na	na	na	na	na	na	na	0	na	na	na	na	na	na	na	0	na	na	na	na	na	na	0	na	0	na	na	0	na
Greyling	1	1	0	0	0	na	na	na	na	na	na	na	na	na	na	na	na	na	na	na	0	na	na	na	na	na	na	na	0	na	na	na	na	na	na	0	na	1	5	0	0	na
Greyling_ragdoll	1	1	0	0	0	na	na	na	na	na	na	na	na	na	na	na	na	na	na	na	0	na	na	na	na	na	na	na	0	na	na	na	na	na	na	0	na	0	na	na	0	na
guard_stone	1	1	0	2	1	0	0	0	0	1	1	0	1	0	1	0	0	0	0	$piece_guardstone	1	1	1000	0	0	0	0	0	0	na	na	na	na	na	na	0	na	0	na	na	0	na
guard_stone_test	1	1	0	0	1	0	0	1	0	1	0	0	0	0	0	0	0	0	0	Guard stone	1	1	5000	1	0	0	0	0	0	na	na	na	na	na	na	0	na	0	na	na	0	na
Guck	1	1	0	0	0	na	na	na	na	na	na	na	na	na	na	na	na	na	na	na	0	na	na	na	na	na	na	na	0	na	na	na	na	na	na	0	na	1	1	0	0	na
GuckSack	1	1	0	0	0	na	na	na	na	na	na	na	na	na	na	na	na	na	na	na	0	na	na	na	na	na	na	na	0	na	na	na	na	na	na	0	na	0	na	na	0	na
GuckSack_small	1	1	0	0	0	na	na	na	na	na	na	na	na	na	na	na	na	na	na	na	0	na	na	na	na	na	na	na	0	na	na	na	na	na	na	0	na	0	na	na	0	na
Haldor	1	1	0	0	0	na	na	na	na	na	na	na	na	na	na	na	na	na	na	na	0	na	na	na	na	na	na	na	0	na	na	na	na	na	na	0	na	0	na	na	0	na
Hammer	1	1	0	0	0	na	na	na	na	na	na	na	na	na	na	na	na	na	na	na	0	na	na	na	na	na	na	na	0	na	na	na	na	na	na	0	na	1	1.5	0	0	na
hanging_hairstrands	1	1	0	2	0	na	na	na	na	na	na	na	na	na	na	na	na	na	na	na	0	na	na	na	na	na	na	na	0	na	na	na	na	na	na	0	na	0	na	na	0	na
HardAntler	1	1	0	0	0	na	na	na	na	na	na	na	na	na	na	na	na	na	na	na	0	na	na	na	na	na	na	na	0	na	na	na	na	na	na	1	0.75	1	1	0	0	na
Hare	1	1	0	0	0	na	na	na	na	na	na	na	na	na	na	na	na	na	na	na	0	na	na	na	na	na	na	na	0	na	na	na	na	na	na	0	na	1	10	0	0	na
Hare_ragdoll	1	0	0	0	0	na	na	na	na	na	na	na	na	na	na	na	na	na	na	na	0	na	na	na	na	na	na	na	0	na	na	na	na	na	na	0	na	0	na	na	0	na
HareMeat	1	1	0	0	0	na	na	na	na	na	na	na	na	na	na	na	na	na	na	na	0	na	na	na	na	na	na	na	0	na	na	na	na	na	na	0	na	1	1	0	0	na
Hatchling	1	1	0	0	0	na	na	na	na	na	na	na	na	na	na	na	na	na	na	na	0	na	na	na	na	na	na	na	0	na	na	na	na	na	na	0	na	1	15	0	0	na
hatchling_cold_projectile	1	0	0	0	0	na	na	na	na	na	na	na	na	na	na	na	na	na	na	na	0	na	na	na	na	na	na	na	0	na	na	na	na	na	na	0	na	0	na	na	0	na
Hatchling_ragdoll	1	1	0	0	0	na	na	na	na	na	na	na	na	na	na	na	na	na	na	na	0	na	na	na	na	na	na	na	0	na	na	na	na	na	na	0	na	0	na	na	0	na
HatefulBlood	1	1	0	0	0	na	na	na	na	na	na	na	na	na	na	na	na	na	na	na	0	na	na	na	na	na	na	na	0	na	na	na	na	na	na	0	na	1	1	0	0	na
HealthUpgrade_Bonemass	1	1	0	0	0	na	na	na	na	na	na	na	na	na	na	na	na	na	na	na	0	na	na	na	na	na	na	na	0	na	na	na	na	na	na	1	0.52	1	1	0	0	na
HealthUpgrade_GDKing	1	1	0	0	0	na	na	na	na	na	na	na	na	na	na	na	na	na	na	na	0	na	na	na	na	na	na	na	0	na	na	na	na	na	na	1	0.52	1	1	0	0	na
hearth	1	1	0	2	1	0	1	0	0	0	0	0	0	0	0	0	2	0	0	$piece_hearth	1	1	1500	1	1	0	0	0	0	na	na	na	na	na	na	0	na	0	na	na	0	na
HeathRockPillar	1	1	1	0	0	na	na	na	na	na	na	na	na	na	na	na	na	na	na	na	0	na	na	na	na	na	na	na	0	na	na	na	na	na	na	0	na	0	na	na	0	na
HeathRockPillar_frac	1	1	1	0	0	na	na	na	na	na	na	na	na	na	na	na	na	na	na	na	0	na	na	na	na	na	na	na	0	na	na	na	na	na	na	0	na	0	na	na	0	na
HelmetAshlandsMediumHood	1	1	0	0	0	na	na	na	na	na	na	na	na	na	na	na	na	na	na	na	0	na	na	na	na	na	na	na	0	na	na	na	na	na	na	0	na	1	1	0	0	na
HelmetBerserkerHood	1	1	0	0	0	na	na	na	na	na	na	na	na	na	na	na	na	na	na	na	0	na	na	na	na	na	na	na	0	na	na	na	na	na	na	0	na	1	1	0	0	na
HelmetBerserkerUndead	1	1	0	0	0	na	na	na	na	na	na	na	na	na	na	na	na	na	na	na	0	na	na	na	na	na	na	na	0	na	na	na	na	na	na	0	na	1	1	0	0	na
HelmetBronze	1	1	0	0	0	na	na	na	na	na	na	na	na	na	na	na	na	na	na	na	0	na	na	na	na	na	na	na	0	na	na	na	na	na	na	0	na	1	1	0	0	na
HelmetCarapace	1	1	0	0	0	na	na	na	na	na	na	na	na	na	na	na	na	na	na	na	0	na	na	na	na	na	na	na	0	na	na	na	na	na	na	0	na	1	1	0	0	na
HelmetCelebration	1	1	0	0	0	na	na	na	na	na	na	na	na	na	na	na	na	na	na	na	0	na	na	na	na	na	na	na	0	na	na	na	na	na	na	0	na	1	1	0	0	na
HelmetCrownofValheim	1	1	0	0	0	na	na	na	na	na	na	na	na	na	na	na	na	na	na	na	0	na	na	na	na	na	na	na	0	na	na	na	na	na	na	0	na	1	1	0	0	na
HelmetDNHeavy	1	1	0	0	0	na	na	na	na	na	na	na	na	na	na	na	na	na	na	na	0	na	na	na	na	na	na	na	0	na	na	na	na	na	na	0	na	1	1	0	0	na
HelmetDNMage	1	1	0	0	0	na	na	na	na	na	na	na	na	na	na	na	na	na	na	na	0	na	na	na	na	na	na	na	0	na	na	na	na	na	na	0	na	1	1	0	0	na
HelmetDNMediumHood	1	1	0	0	0	na	na	na	na	na	na	na	na	na	na	na	na	na	na	na	0	na	na	na	na	na	na	na	0	na	na	na	na	na	na	0	na	1	1	0	0	na
HelmetDrake	1	1	0	0	0	na	na	na	na	na	na	na	na	na	na	na	na	na	na	na	0	na	na	na	na	na	na	na	0	na	na	na	na	na	na	0	na	1	1	0	0	na
HelmetDverger	1	1	0	0	0	na	na	na	na	na	na	na	na	na	na	na	na	na	na	na	0	na	na	na	na	na	na	na	0	na	na	na	na	na	na	0	na	1	1	0	0	na
HelmetFenring	1	1	0	0	0	na	na	na	na	na	na	na	na	na	na	na	na	na	na	na	0	na	na	na	na	na	na	na	0	na	na	na	na	na	na	0	na	1	10	0	0	na
HelmetFishingHat	1	1	0	0	0	na	na	na	na	na	na	na	na	na	na	na	na	na	na	na	0	na	na	na	na	na	na	na	0	na	na	na	na	na	na	0	na	1	1	0	0	na
HelmetFlametal	1	1	0	0	0	na	na	na	na	na	na	na	na	na	na	na	na	na	na	na	0	na	na	na	na	na	na	na	0	na	na	na	na	na	na	0	na	1	1	0	0	na
HelmetHat1	1	1	0	0	0	na	na	na	na	na	na	na	na	na	na	na	na	na	na	na	0	na	na	na	na	na	na	na	0	na	na	na	na	na	na	0	na	1	1	0	0	na
HelmetHat10	1	1	0	0	0	na	na	na	na	na	na	na	na	na	na	na	na	na	na	na	0	na	na	na	na	na	na	na	0	na	na	na	na	na	na	0	na	1	1	0	0	na
HelmetHat2	1	1	0	0	0	na	na	na	na	na	na	na	na	na	na	na	na	na	na	na	0	na	na	na	na	na	na	na	0	na	na	na	na	na	na	0	na	1	1	0	0	na
HelmetHat3	1	1	0	0	0	na	na	na	na	na	na	na	na	na	na	na	na	na	na	na	0	na	na	na	na	na	na	na	0	na	na	na	na	na	na	0	na	1	1	0	0	na
HelmetHat4	1	1	0	0	0	na	na	na	na	na	na	na	na	na	na	na	na	na	na	na	0	na	na	na	na	na	na	na	0	na	na	na	na	na	na	0	na	1	1	0	0	na
HelmetHat5	1	1	0	0	0	na	na	na	na	na	na	na	na	na	na	na	na	na	na	na	0	na	na	na	na	na	na	na	0	na	na	na	na	na	na	0	na	1	1	0	0	na
HelmetHat6	1	1	0	0	0	na	na	na	na	na	na	na	na	na	na	na	na	na	na	na	0	na	na	na	na	na	na	na	0	na	na	na	na	na	na	0	na	1	1	0	0	na
HelmetHat7	1	1	0	0	0	na	na	na	na	na	na	na	na	na	na	na	na	na	na	na	0	na	na	na	na	na	na	na	0	na	na	na	na	na	na	0	na	1	1	0	0	na
HelmetHat8	1	1	0	0	0	na	na	na	na	na	na	na	na	na	na	na	na	na	na	na	0	na	na	na	na	na	na	na	0	na	na	na	na	na	na	0	na	1	1	0	0	na
HelmetHat9	1	1	0	0	0	na	na	na	na	na	na	na	na	na	na	na	na	na	na	na	0	na	na	na	na	na	na	na	0	na	na	na	na	na	na	0	na	1	1	0	0	na
HelmetIron	1	1	0	0	0	na	na	na	na	na	na	na	na	na	na	na	na	na	na	na	0	na	na	na	na	na	na	na	0	na	na	na	na	na	na	0	na	1	1	0	0	na
HelmetLeather	1	1	0	0	0	na	na	na	na	na	na	na	na	na	na	na	na	na	na	na	0	na	na	na	na	na	na	na	0	na	na	na	na	na	na	0	na	1	1	0	0	na
HelmetLox	1	1	0	0	0	na	na	na	na	na	na	na	na	na	na	na	na	na	na	na	0	na	na	na	na	na	na	na	0	na	na	na	na	na	na	0	na	1	1	0	0	na
HelmetMage	1	1	0	0	0	na	na	na	na	na	na	na	na	na	na	na	na	na	na	na	0	na	na	na	na	na	na	na	0	na	na	na	na	na	na	0	na	1	1	0	0	na
HelmetMage_Ashlands	1	1	0	0	0	na	na	na	na	na	na	na	na	na	na	na	na	na	na	na	0	na	na	na	na	na	na	na	0	na	na	na	na	na	na	0	na	1	1	0	0	na
HelmetMidsummerCrown	1	1	0	0	0	na	na	na	na	na	na	na	na	na	na	na	na	na	na	na	0	na	na	na	na	na	na	na	0	na	na	na	na	na	na	0	na	1	1	0	0	na
HelmetOdin	1	1	0	0	0	na	na	na	na	na	na	na	na	na	na	na	na	na	na	na	0	na	na	na	na	na	na	na	0	na	na	na	na	na	na	0	na	1	1	0	0	na
HelmetPadded	1	1	0	0	0	na	na	na	na	na	na	na	na	na	na	na	na	na	na	na	0	na	na	na	na	na	na	na	0	na	na	na	na	na	na	0	na	1	1	0	0	na
HelmetPointyHat	1	1	0	0	0	na	na	na	na	na	na	na	na	na	na	na	na	na	na	na	0	na	na	na	na	na	na	na	0	na	na	na	na	na	na	0	na	1	1	0	0	na
HelmetRoot	1	1	0	0	0	na	na	na	na	na	na	na	na	na	na	na	na	na	na	na	0	na	na	na	na	na	na	na	0	na	na	na	na	na	na	0	na	1	1	0	0	na
HelmetRootCrown	1	1	0	0	0	na	na	na	na	na	na	na	na	na	na	na	na	na	na	na	0	na	na	na	na	na	na	na	0	na	na	na	na	na	na	0	na	1	1	0	0	na
HelmetStrawHat	1	1	0	0	0	na	na	na	na	na	na	na	na	na	na	na	na	na	na	na	0	na	na	na	na	na	na	na	0	na	na	na	na	na	na	0	na	1	1	0	0	na
HelmetSweatBand	1	1	0	0	0	na	na	na	na	na	na	na	na	na	na	na	na	na	na	na	0	na	na	na	na	na	na	na	0	na	na	na	na	na	na	0	na	1	1	0	0	na
HelmetTrollLeather	1	1	0	0	0	na	na	na	na	na	na	na	na	na	na	na	na	na	na	na	0	na	na	na	na	na	na	na	0	na	na	na	na	na	na	0	na	1	1	0	0	na
HelmetYule	1	1	0	0	0	na	na	na	na	na	na	na	na	na	na	na	na	na	na	na	0	na	na	na	na	na	na	na	0	na	na	na	na	na	na	0	na	1	1	0	0	na
Hen	1	1	0	0	0	na	na	na	na	na	na	na	na	na	na	na	na	na	na	na	0	na	na	na	na	na	na	na	0	na	na	na	na	na	na	0	na	1	10	0	0	na
highstone	1	1	0	2	0	na	na	na	na	na	na	na	na	na	na	na	na	na	na	na	0	na	na	na	na	na	na	na	0	na	na	na	na	na	na	0	na	0	na	na	0	na
highstone_2	1	1	0	2	0	na	na	na	na	na	na	na	na	na	na	na	na	na	na	na	0	na	na	na	na	na	na	na	0	na	na	na	na	na	na	0	na	0	na	na	0	na
highstone_2_frac	1	1	0	2	0	na	na	na	na	na	na	na	na	na	na	na	na	na	na	na	0	na	na	na	na	na	na	na	0	na	na	na	na	na	na	0	na	0	na	na	0	na
highstone_frac	1	1	0	2	0	na	na	na	na	na	na	na	na	na	na	na	na	na	na	na	0	na	na	na	na	na	na	na	0	na	na	na	na	na	na	0	na	0	na	na	0	na
Hildir	1	1	0	0	0	na	na	na	na	na	na	na	na	na	na	na	na	na	na	na	0	na	na	na	na	na	na	na	0	na	na	na	na	na	na	0	na	0	na	na	0	na
HildirKey_forestcrypt	1	1	0	0	0	na	na	na	na	na	na	na	na	na	na	na	na	na	na	na	0	na	na	na	na	na	na	na	0	na	na	na	na	na	na	1	0.9	1	1	0	0	na
HildirKey_mountaincave	1	1	0	0	0	na	na	na	na	na	na	na	na	na	na	na	na	na	na	na	0	na	na	na	na	na	na	na	0	na	na	na	na	na	na	1	0.9	1	1	0	0	na
HildirKey_plainsfortress	1	1	0	0	0	na	na	na	na	na	na	na	na	na	na	na	na	na	na	na	0	na	na	na	na	na	na	na	0	na	na	na	na	na	na	1	0.9	1	1	0	0	na
Hive	1	1	0	0	0	na	na	na	na	na	na	na	na	na	na	na	na	na	na	na	0	na	na	na	na	na	na	na	0	na	na	na	na	na	na	0	na	1	100	0	0	na
hive_throw_projectile	1	0	0	0	0	na	na	na	na	na	na	na	na	na	na	na	na	na	na	na	0	na	na	na	na	na	na	na	0	na	na	na	na	na	na	0	na	0	na	na	0	na
Hoe	1	1	0	0	0	na	na	na	na	na	na	na	na	na	na	na	na	na	na	na	0	na	na	na	na	na	na	na	0	na	na	na	na	na	na	0	na	1	1.5	0	0	na
HoleRock_opening_znet	1	1	0	0	0	na	na	na	na	na	na	na	na	na	na	na	na	na	na	na	0	na	na	na	na	na	na	na	0	na	na	na	na	na	na	0	na	0	na	na	0	na
HoleRock_root1	1	1	0	0	0	na	na	na	na	na	na	na	na	na	na	na	na	na	na	na	0	na	na	na	na	na	na	na	0	na	na	na	na	na	na	0	na	0	na	na	0	na
HoleRock_root1_destruction	1	0	0	0	0	na	na	na	na	na	na	na	na	na	na	na	na	na	na	na	0	na	na	na	na	na	na	na	0	na	na	na	na	na	na	0	na	0	na	na	0	na
HoleRock_rootBush1	1	1	0	0	0	na	na	na	na	na	na	na	na	na	na	na	na	na	na	na	0	na	na	na	na	na	na	na	0	na	na	na	na	na	na	0	na	0	na	na	0	na
HoleRock_rootFloor1	1	1	0	2	0	na	na	na	na	na	na	na	na	na	na	na	na	na	na	na	0	na	na	na	na	na	na	na	0	na	na	na	na	na	na	0	na	0	na	na	0	na
HoleRock_rootWall1	1	1	0	2	0	na	na	na	na	na	na	na	na	na	na	na	na	na	na	na	0	na	na	na	na	na	na	na	0	na	na	na	na	na	na	0	na	0	na	na	0	na
HoleRock_rootWall1_destruction	1	0	0	0	0	na	na	na	na	na	na	na	na	na	na	na	na	na	na	na	0	na	na	na	na	na	na	na	0	na	na	na	na	na	na	0	na	0	na	na	0	na
Honey	1	1	0	0	1	0	1	0	0	0	0	0	1	0	1	0	0	0	6	$item_honey	1	0	50	0	1	1	0	0	0	na	na	na	na	na	na	0	na	1	1	0	0	na
HoneyGlazedChicken	1	1	0	0	1	0	1	0	0	0	0	0	1	0	1	0	0	0	6	$item_honeyglazedchicken	1	0	10	0	1	1	0	0	0	na	na	na	na	na	na	0	na	1	1	0	0	na
HoneyGlazedChickenUncooked	1	1	0	0	0	na	na	na	na	na	na	na	na	na	na	na	na	na	na	na	0	na	na	na	na	na	na	na	0	na	na	na	na	na	na	0	na	1	1	0	0	na
Hook	1	1	0	0	0	na	na	na	na	na	na	na	na	na	na	na	na	na	na	na	0	na	na	na	na	na	na	na	0	na	na	na	na	na	na	0	na	1	1	0	0	na
horizontal_web	1	1	0	0	0	na	na	na	na	na	na	na	na	na	na	na	na	na	na	na	0	na	na	na	na	na	na	na	0	na	na	na	na	na	na	0	na	0	na	na	0	na
HouseFire	1	1	0	0	0	na	na	na	na	na	na	na	na	na	na	na	na	na	na	na	0	na	na	na	na	na	na	na	0	na	na	na	na	na	na	0	na	0	na	na	0	na
HugeRoot1	1	1	0	2	0	na	na	na	na	na	na	na	na	na	na	na	na	na	na	na	0	na	na	na	na	na	na	na	0	na	na	na	na	na	na	0	na	0	na	na	0	na
Ice	1	1	0	0	0	na	na	na	na	na	na	na	na	na	na	na	na	na	na	na	0	na	na	na	na	na	na	na	0	na	na	na	na	na	na	1	0	1	1	0	0	na
Ice_floor	1	1	0	2	0	na	na	na	na	na	na	na	na	na	na	na	na	na	na	na	0	na	na	na	na	na	na	na	0	na	na	na	na	na	na	0	na	0	na	na	0	na
Ice_floor_fractured	1	1	0	0	0	na	na	na	na	na	na	na	na	na	na	na	na	na	na	na	0	na	na	na	na	na	na	na	0	na	na	na	na	na	na	0	na	0	na	na	0	na
ice_rock1	1	1	0	0	0	na	na	na	na	na	na	na	na	na	na	na	na	na	na	na	0	na	na	na	na	na	na	na	0	na	na	na	na	na	na	0	na	0	na	na	0	na
ice_rock1_frac	1	1	0	0	0	na	na	na	na	na	na	na	na	na	na	na	na	na	na	na	0	na	na	na	na	na	na	na	0	na	na	na	na	na	na	0	na	0	na	na	0	na
Ice_ship_1	1	1	1	2	0	na	na	na	na	na	na	na	na	na	na	na	na	na	na	na	1	0	100	1	1	1	0	0	0	na	na	na	na	na	na	0	na	0	na	na	0	na
Ice_ship_2	1	1	1	2	0	na	na	na	na	na	na	na	na	na	na	na	na	na	na	na	1	0	100	1	1	1	0	0	0	na	na	na	na	na	na	0	na	0	na	na	0	na
Ice_ship_3	1	1	1	2	0	na	na	na	na	na	na	na	na	na	na	na	na	na	na	na	1	0	100	1	1	1	0	0	0	na	na	na	na	na	na	0	na	0	na	na	0	na
Ice_ship_4	1	1	1	2	0	na	na	na	na	na	na	na	na	na	na	na	na	na	na	na	1	0	100	1	1	1	0	0	0	na	na	na	na	na	na	0	na	0	na	na	0	na
Ice_ship_5	1	1	1	2	0	na	na	na	na	na	na	na	na	na	na	na	na	na	na	na	1	0	100	1	1	1	0	0	0	na	na	na	na	na	na	0	na	0	na	na	0	na
Ice_ship_6	1	1	1	2	0	na	na	na	na	na	na	na	na	na	na	na	na	na	na	na	1	0	100	1	1	1	0	0	0	na	na	na	na	na	na	0	na	0	na	na	0	na
Ice_ship_7	1	1	1	2	0	na	na	na	na	na	na	na	na	na	na	na	na	na	na	na	1	0	100	1	1	1	0	0	0	na	na	na	na	na	na	0	na	0	na	na	0	na
ice1	1	1	0	0	0	na	na	na	na	na	na	na	na	na	na	na	na	na	na	na	0	na	na	na	na	na	na	na	0	na	na	na	na	na	na	1	0.3	1	200	0	0	na
IceBlocker	1	1	0	0	0	na	na	na	na	na	na	na	na	na	na	na	na	na	na	na	0	na	na	na	na	na	na	na	0	na	na	na	na	na	na	0	na	0	na	na	0	na
IcePond_rock	1	1	0	2	0	na	na	na	na	na	na	na	na	na	na	na	na	na	na	na	0	na	na	na	na	na	na	na	0	na	na	na	na	na	na	0	na	0	na	na	0	na
IcePond_rock_frac	1	1	0	2	0	na	na	na	na	na	na	na	na	na	na	na	na	na	na	na	0	na	na	na	na	na	na	na	0	na	na	na	na	na	na	0	na	0	na	na	0	na
IceShard_01	1	1	0	2	0	na	na	na	na	na	na	na	na	na	na	na	na	na	na	na	0	na	na	na	na	na	na	na	0	na	na	na	na	na	na	0	na	0	na	na	0	na
IceShard_02	1	1	0	2	0	na	na	na	na	na	na	na	na	na	na	na	na	na	na	na	0	na	na	na	na	na	na	na	0	na	na	na	na	na	na	0	na	0	na	na	0	na
IceShard_03	1	1	0	2	0	na	na	na	na	na	na	na	na	na	na	na	na	na	na	na	0	na	na	na	na	na	na	na	0	na	na	na	na	na	na	0	na	0	na	na	0	na
IceShard_04	1	1	0	2	0	na	na	na	na	na	na	na	na	na	na	na	na	na	na	na	0	na	na	na	na	na	na	na	0	na	na	na	na	na	na	0	na	0	na	na	0	na
IceShard_05	1	1	0	2	0	na	na	na	na	na	na	na	na	na	na	na	na	na	na	na	0	na	na	na	na	na	na	na	0	na	na	na	na	na	na	0	na	0	na	na	0	na
IceShard_06	1	1	0	2	0	na	na	na	na	na	na	na	na	na	na	na	na	na	na	na	0	na	na	na	na	na	na	na	0	na	na	na	na	na	na	0	na	0	na	na	0	na
IceShelf_01	1	1	0	0	0	na	na	na	na	na	na	na	na	na	na	na	na	na	na	na	1	1	250	0	0	0	0	0	0	na	na	na	na	na	na	1	0.3	1	250	0	0	na
IceShelf_02	1	1	0	0	0	na	na	na	na	na	na	na	na	na	na	na	na	na	na	na	1	1	250	0	0	0	0	0	0	na	na	na	na	na	na	1	0.3	1	250	0	0	na
IceShelf_03	1	1	0	0	0	na	na	na	na	na	na	na	na	na	na	na	na	na	na	na	1	1	250	0	0	0	0	0	0	na	na	na	na	na	na	1	0.3	1	250	0	0	na
IceShelf_04	1	1	0	0	0	na	na	na	na	na	na	na	na	na	na	na	na	na	na	na	1	1	250	0	0	0	0	0	0	na	na	na	na	na	na	1	0.3	1	250	0	0	na
IceShelf_05	1	1	0	0	0	na	na	na	na	na	na	na	na	na	na	na	na	na	na	na	1	1	250	0	0	0	0	0	0	na	na	na	na	na	na	1	0.3	1	250	0	0	na
IceShelf_06	1	1	0	0	0	na	na	na	na	na	na	na	na	na	na	na	na	na	na	na	1	1	250	0	0	0	0	0	0	na	na	na	na	na	na	1	0.3	1	250	0	0	na
IceShelf_07	1	1	0	0	0	na	na	na	na	na	na	na	na	na	na	na	na	na	na	na	1	1	250	0	0	0	0	0	0	na	na	na	na	na	na	1	0.3	1	250	0	0	na
IceShelf_08	1	1	0	0	0	na	na	na	na	na	na	na	na	na	na	na	na	na	na	na	1	1	250	0	0	0	0	0	0	na	na	na	na	na	na	1	0.3	1	250	0	0	na
IceShelf_09	1	1	0	0	0	na	na	na	na	na	na	na	na	na	na	na	na	na	na	na	1	1	250	0	0	0	0	0	0	na	na	na	na	na	na	1	0.3	1	250	0	0	na
IceShelf_10	1	1	0	0	0	na	na	na	na	na	na	na	na	na	na	na	na	na	na	na	1	1	250	0	0	0	0	0	0	na	na	na	na	na	na	1	0.3	1	250	0	0	na
IceShoes	1	1	0	0	0	na	na	na	na	na	na	na	na	na	na	na	na	na	na	na	0	na	na	na	na	na	na	na	0	na	na	na	na	na	na	0	na	1	1	0	0	na
IceShore	1	1	0	2	0	na	na	na	na	na	na	na	na	na	na	na	na	na	na	na	0	na	na	na	na	na	na	na	0	na	na	na	na	na	na	0	na	0	na	na	0	na
IceShore_1	1	1	0	2	0	na	na	na	na	na	na	na	na	na	na	na	na	na	na	na	0	na	na	na	na	na	na	na	0	na	na	na	na	na	na	0	na	0	na	na	0	na
IceShore_frac	1	1	0	2	0	na	na	na	na	na	na	na	na	na	na	na	na	na	na	na	0	na	na	na	na	na	na	na	0	na	na	na	na	na	na	0	na	0	na	na	0	na
IceShoreShard	1	1	0	0	0	na	na	na	na	na	na	na	na	na	na	na	na	na	na	na	0	na	na	na	na	na	na	na	0	na	na	na	na	na	na	1	0.3	1	250	0	0	na
IceSkates	1	1	0	0	0	na	na	na	na	na	na	na	na	na	na	na	na	na	na	na	0	na	na	na	na	na	na	na	0	na	na	na	na	na	na	0	na	1	1	0	0	na
IceWall	1	1	0	2	0	na	na	na	na	na	na	na	na	na	na	na	na	na	na	na	0	na	na	na	na	na	na	na	0	na	na	na	na	na	na	0	na	0	na	na	0	na
Imp_fireball_projectile	1	0	0	0	0	na	na	na	na	na	na	na	na	na	na	na	na	na	na	na	0	na	na	na	na	na	na	na	0	na	na	na	na	na	na	0	na	0	na	na	0	na
incinerator	1	1	0	2	1	0	1	0	0	0	0	0	1	0	1	0	0	0	1	$piece_incinerator	1	2	1000	0	1	0	0	0	0	na	na	na	na	na	na	0	na	0	na	na	0	na
Iron	1	1	0	0	0	na	na	na	na	na	na	na	na	na	na	na	na	na	na	na	0	na	na	na	na	na	na	na	0	na	na	na	na	na	na	0	na	1	1	0	0	na
iron_floor_1x1	1	1	0	2	1	0	0	0	0	0	0	0	0	0	0	0	0	0	3	$piece_ironfloorSmall	1	2	500	1	1	1	0	0	0	na	na	na	na	na	na	0	na	0	na	na	0	na
iron_floor_1x1_v2	1	1	0	2	1	0	0	0	0	0	0	0	0	0	0	0	0	0	3	$piece_ironfloorSmall	1	2	500	1	1	1	0	0	0	na	na	na	na	na	na	0	na	0	na	na	0	na
iron_floor_2x2	1	1	0	2	1	0	0	0	0	0	0	0	0	0	0	0	0	0	3	$piece_ironfloor	1	2	1000	1	1	1	0	0	0	na	na	na	na	na	na	0	na	0	na	na	0	na
iron_grate	1	1	0	2	1	0	0	0	0	0	0	0	0	0	0	0	0	0	3	$piece_irongate	1	2	2000	1	1	1	0	0	0	na	na	na	na	na	na	0	na	0	na	na	0	na
iron_wall_1x1	1	1	0	2	1	0	0	0	0	0	0	0	0	0	0	0	0	0	3	$piece_ironwallSmall	1	2	500	1	1	1	0	0	0	na	na	na	na	na	na	0	na	0	na	na	0	na
iron_wall_1x1_rusty	1	1	0	2	1	0	0	0	0	0	0	0	0	0	0	0	0	0	2	$piece_ironwallSmall	1	2	50	1	1	1	0	0	0	na	na	na	na	na	na	0	na	0	na	na	0	na
iron_wall_2x2	1	1	0	2	1	0	0	0	0	0	0	0	0	0	0	0	0	0	3	$piece_ironwall	1	2	1000	1	1	1	0	0	0	na	na	na	na	na	na	0	na	0	na	na	0	na
IronNails	1	1	0	0	0	na	na	na	na	na	na	na	na	na	na	na	na	na	na	na	0	na	na	na	na	na	na	na	0	na	na	na	na	na	na	0	na	1	1	0	0	na
IronOre	1	1	0	0	0	na	na	na	na	na	na	na	na	na	na	na	na	na	na	na	0	na	na	na	na	na	na	na	0	na	na	na	na	na	na	0	na	1	1	0	0	na
Ironpit	1	1	0	0	0	na	na	na	na	na	na	na	na	na	na	na	na	na	na	na	0	na	na	na	na	na	na	na	0	na	na	na	na	na	na	0	na	1	1	0	0	na
IronScrap	1	1	0	0	0	na	na	na	na	na	na	na	na	na	na	na	na	na	na	na	0	na	na	na	na	na	na	na	0	na	na	na	na	na	na	0	na	1	1	0	0	na
itemstand	1	1	0	0	1	0	0	0	0	0	0	0	0	0	0	0	1	0	4	$piece_itemstand	1	0	50	1	1	0	0	0	0	na	na	na	na	na	na	0	na	0	na	na	0	na
itemstandh	1	1	0	0	1	0	0	0	0	0	0	0	0	0	0	0	1	0	4	$piece_itemstand	1	0	50	1	1	0	0	0	0	na	na	na	na	na	na	0	na	0	na	na	0	na
JotunHairFemale	1	1	0	0	0	na	na	na	na	na	na	na	na	na	na	na	na	na	na	na	0	na	na	na	na	na	na	na	0	na	na	na	na	na	na	0	na	1	10	0	0	na
JotunHairMale	1	1	0	0	0	na	na	na	na	na	na	na	na	na	na	na	na	na	na	na	0	na	na	na	na	na	na	na	0	na	na	na	na	na	na	0	na	1	10	0	0	na
JotunHairMale2	1	1	0	0	0	na	na	na	na	na	na	na	na	na	na	na	na	na	na	na	0	na	na	na	na	na	na	na	0	na	na	na	na	na	na	0	na	1	10	0	0	na
JotunHairMale3	1	1	0	0	0	na	na	na	na	na	na	na	na	na	na	na	na	na	na	na	0	na	na	na	na	na	na	na	0	na	na	na	na	na	na	0	na	1	10	0	0	na
JotunHairMale4	1	1	0	0	0	na	na	na	na	na	na	na	na	na	na	na	na	na	na	na	0	na	na	na	na	na	na	na	0	na	na	na	na	na	na	0	na	1	10	0	0	na
JotunHairMale5	1	1	0	0	0	na	na	na	na	na	na	na	na	na	na	na	na	na	na	na	0	na	na	na	na	na	na	na	0	na	na	na	na	na	na	0	na	1	10	0	0	na
JotunHairMale6	1	1	0	0	0	na	na	na	na	na	na	na	na	na	na	na	na	na	na	na	0	na	na	na	na	na	na	na	0	na	na	na	na	na	na	0	na	1	10	0	0	na
JotunHairMale7	1	1	0	0	0	na	na	na	na	na	na	na	na	na	na	na	na	na	na	na	0	na	na	na	na	na	na	na	0	na	na	na	na	na	na	0	na	1	10	0	0	na
JotunHairMale8	1	1	0	0	0	na	na	na	na	na	na	na	na	na	na	na	na	na	na	na	0	na	na	na	na	na	na	na	0	na	na	na	na	na	na	0	na	1	10	0	0	na
JotunWarrior	1	1	0	0	0	na	na	na	na	na	na	na	na	na	na	na	na	na	na	na	0	na	na	na	na	na	na	na	0	na	na	na	na	na	na	0	na	1	10	0	0	na
JotunWarrior_attack_charge	1	1	0	0	0	na	na	na	na	na	na	na	na	na	na	na	na	na	na	na	0	na	na	na	na	na	na	na	0	na	na	na	na	na	na	0	na	1	1	0	0	na
JotunWarrior_attack_cleave	1	1	0	0	0	na	na	na	na	na	na	na	na	na	na	na	na	na	na	na	0	na	na	na	na	na	na	na	0	na	na	na	na	na	na	0	na	1	1	0	0	na
JotunWarrior_attack_dodge	1	1	0	0	0	na	na	na	na	na	na	na	na	na	na	na	na	na	na	na	0	na	na	na	na	na	na	na	0	na	na	na	na	na	na	0	na	1	1	0	0	na
JotunWarrior_attack_slash	1	1	0	0	0	na	na	na	na	na	na	na	na	na	na	na	na	na	na	na	0	na	na	na	na	na	na	na	0	na	na	na	na	na	na	0	na	1	1	0	0	na
JotunWarrior_attack_sword	1	1	0	0	0	na	na	na	na	na	na	na	na	na	na	na	na	na	na	na	0	na	na	na	na	na	na	na	0	na	na	na	na	na	na	0	na	1	1	0	0	na
JotunWarrior_Ragdoll	1	0	0	0	0	na	na	na	na	na	na	na	na	na	na	na	na	na	na	na	0	na	na	na	na	na	na	na	0	na	na	na	na	na	na	0	na	0	na	na	0	na
JotunWarrior1HAxe_attack_cleave	1	1	0	0	0	na	na	na	na	na	na	na	na	na	na	na	na	na	na	na	0	na	na	na	na	na	na	na	0	na	na	na	na	na	na	0	na	1	1	0	0	na
JotunWarrior1HAxe_attack_dodge	1	1	0	0	0	na	na	na	na	na	na	na	na	na	na	na	na	na	na	na	0	na	na	na	na	na	na	na	0	na	na	na	na	na	na	0	na	1	1	0	0	na
JotunWarrior1HAxe_attack_dodger	1	1	0	0	0	na	na	na	na	na	na	na	na	na	na	na	na	na	na	na	0	na	na	na	na	na	na	na	0	na	na	na	na	na	na	0	na	1	1	0	0	na
JotunWarrior1HAxe_attack_slash	1	1	0	0	0	na	na	na	na	na	na	na	na	na	na	na	na	na	na	na	0	na	na	na	na	na	na	na	0	na	na	na	na	na	na	0	na	1	1	0	0	na
JotunWarrior1HAxe_attack_slashdw	1	1	0	0	0	na	na	na	na	na	na	na	na	na	na	na	na	na	na	na	0	na	na	na	na	na	na	na	0	na	na	na	na	na	na	0	na	1	1	0	0	na
JotunWarrior2HAxe_attack_charge	1	1	0	0	0	na	na	na	na	na	na	na	na	na	na	na	na	na	na	na	0	na	na	na	na	na	na	na	0	na	na	na	na	na	na	0	na	1	1	0	0	na
JotunWarrior2HAxe_attack_cleave	1	1	0	0	0	na	na	na	na	na	na	na	na	na	na	na	na	na	na	na	0	na	na	na	na	na	na	na	0	na	na	na	na	na	na	0	na	1	1	0	0	na
JotunWarrior2HAxe_attack_dodge	1	1	0	0	0	na	na	na	na	na	na	na	na	na	na	na	na	na	na	na	0	na	na	na	na	na	na	na	0	na	na	na	na	na	na	0	na	1	1	0	0	na
JotunWarrior2HAxe_attack_slash	1	1	0	0	0	na	na	na	na	na	na	na	na	na	na	na	na	na	na	na	0	na	na	na	na	na	na	na	0	na	na	na	na	na	na	0	na	1	1	0	0	na
JotunWarrior2HSword_attack_charge	1	1	0	0	0	na	na	na	na	na	na	na	na	na	na	na	na	na	na	na	0	na	na	na	na	na	na	na	0	na	na	na	na	na	na	0	na	1	1	0	0	na
JotunWarrior2HSword_attack_cleave	1	1	0	0	0	na	na	na	na	na	na	na	na	na	na	na	na	na	na	na	0	na	na	na	na	na	na	na	0	na	na	na	na	na	na	0	na	1	1	0	0	na
JotunWarrior2HSword_attack_dodge	1	1	0	0	0	na	na	na	na	na	na	na	na	na	na	na	na	na	na	na	0	na	na	na	na	na	na	na	0	na	na	na	na	na	na	0	na	1	1	0	0	na
JotunWarrior2HSword_attack_slash	1	1	0	0	0	na	na	na	na	na	na	na	na	na	na	na	na	na	na	na	0	na	na	na	na	na	na	na	0	na	na	na	na	na	na	0	na	1	1	0	0	na
JotunWarriorDualWield	1	1	0	0	0	na	na	na	na	na	na	na	na	na	na	na	na	na	na	na	0	na	na	na	na	na	na	na	0	na	na	na	na	na	na	0	na	1	10	0	0	na
JotunWarriorSword2h	1	1	0	0	0	na	na	na	na	na	na	na	na	na	na	na	na	na	na	na	0	na	na	na	na	na	na	na	0	na	na	na	na	na	na	1	0.67	1	1	0	0	na
JotunWitch	1	1	0	0	0	na	na	na	na	na	na	na	na	na	na	na	na	na	na	na	0	na	na	na	na	na	na	na	0	na	na	na	na	na	na	0	na	1	10	0	0	na
JotunWitch_attack_dodge	1	1	0	0	0	na	na	na	na	na	na	na	na	na	na	na	na	na	na	na	0	na	na	na	na	na	na	na	0	na	na	na	na	na	na	0	na	1	1	0	0	na
JotunWitch_attack_dodge_down	1	1	0	0	0	na	na	na	na	na	na	na	na	na	na	na	na	na	na	na	0	na	na	na	na	na	na	na	0	na	na	na	na	na	na	0	na	1	1	0	0	na
JotunWitch_attack_dodge_up	1	1	0	0	0	na	na	na	na	na	na	na	na	na	na	na	na	na	na	na	0	na	na	na	na	na	na	na	0	na	na	na	na	na	na	0	na	1	1	0	0	na
JotunWitch_attack_dodge2	1	1	0	0	0	na	na	na	na	na	na	na	na	na	na	na	na	na	na	na	0	na	na	na	na	na	na	na	0	na	na	na	na	na	na	0	na	1	1	0	0	na
JotunWitch_projectile_lightningbolt	1	0	0	0	0	na	na	na	na	na	na	na	na	na	na	na	na	na	na	na	0	na	na	na	na	na	na	na	0	na	na	na	na	na	na	0	na	0	na	na	0	na
jute_carpet	1	1	0	0	1	0	0	0	0	0	1	0	1	0	0	0	1	0	4	$piece_jute_carpet	1	0	50	1	1	0	0	0	0	na	na	na	na	na	na	0	na	0	na	na	0	na
jute_carpet_blue	1	1	0	0	1	0	0	0	0	0	1	0	1	0	0	0	1	0	4	$piece_juteblue_carpet	1	0	50	1	1	0	0	0	0	na	na	na	na	na	na	0	na	0	na	na	0	na
JuteBlue	1	1	0	0	0	na	na	na	na	na	na	na	na	na	na	na	na	na	na	na	0	na	na	na	na	na	na	na	0	na	na	na	na	na	na	0	na	1	1	0	0	na
JuteRed	1	1	0	0	0	na	na	na	na	na	na	na	na	na	na	na	na	na	na	na	0	na	na	na	na	na	na	na	0	na	na	na	na	na	na	0	na	1	1	0	0	na
Kale	1	1	0	0	1	0	1	0	0	0	0	0	1	0	1	0	0	0	6	$item_kale	1	0	10	0	1	1	0	0	0	na	na	na	na	na	na	0	na	1	1	0	0	na
KaleChips	1	1	0	0	1	0	1	0	0	0	0	0	1	0	1	0	0	0	6	$item_kalechips	1	0	10	0	1	1	0	0	0	na	na	na	na	na	na	0	na	1	1	0	0	na
KaleChipsUncooked	1	1	0	0	0	na	na	na	na	na	na	na	na	na	na	na	na	na	na	na	0	na	na	na	na	na	na	na	0	na	na	na	na	na	na	0	na	1	1	0	0	na
KaleSeeds	1	1	0	0	0	na	na	na	na	na	na	na	na	na	na	na	na	na	na	na	0	na	na	na	na	na	na	na	0	na	na	na	na	na	na	0	na	1	1	0	0	na
Karve	1	1	0	1	1	1	0	0	0	0	0	0	0	0	1	0	0	0	0	$ship_karve	1	0	500	1	0	0	0	0	1	1	-0.5	1.2	10	0	1	0	na	1	1000	0	0	na
KeysGoldUncooked	1	1	0	0	0	na	na	na	na	na	na	na	na	na	na	na	na	na	na	na	0	na	na	na	na	na	na	na	0	na	na	na	na	na	na	0	na	1	1	0	0	na
KnifeBlackMetal	1	1	0	0	0	na	na	na	na	na	na	na	na	na	na	na	na	na	na	na	0	na	na	na	na	na	na	na	0	na	na	na	na	na	na	0	na	1	1	0	0	na
KnifeButcher	1	1	0	0	0	na	na	na	na	na	na	na	na	na	na	na	na	na	na	na	0	na	na	na	na	na	na	na	0	na	na	na	na	na	na	0	na	1	1	0	0	na
KnifeChitin	1	1	0	0	0	na	na	na	na	na	na	na	na	na	na	na	na	na	na	na	0	na	na	na	na	na	na	na	0	na	na	na	na	na	na	0	na	1	1	0	0	na
KnifeCopper	1	1	0	0	0	na	na	na	na	na	na	na	na	na	na	na	na	na	na	na	0	na	na	na	na	na	na	na	0	na	na	na	na	na	na	0	na	1	1	0	0	na
KnifeFlint	1	1	0	0	0	na	na	na	na	na	na	na	na	na	na	na	na	na	na	na	0	na	na	na	na	na	na	na	0	na	na	na	na	na	na	0	na	1	1	0	0	na
KnifeGold	1	1	0	0	0	na	na	na	na	na	na	na	na	na	na	na	na	na	na	na	0	na	na	na	na	na	na	na	0	na	na	na	na	na	na	0	na	1	1	0	0	na
KnifeGold_BloodLightning	1	1	0	0	0	na	na	na	na	na	na	na	na	na	na	na	na	na	na	na	0	na	na	na	na	na	na	na	0	na	na	na	na	na	na	0	na	1	1	0	0	na
KnifeGold_FrostFire	1	1	0	0	0	na	na	na	na	na	na	na	na	na	na	na	na	na	na	na	0	na	na	na	na	na	na	na	0	na	na	na	na	na	na	0	na	1	1	0	0	na
KnifeGoldUncooked	1	1	0	0	0	na	na	na	na	na	na	na	na	na	na	na	na	na	na	na	0	na	na	na	na	na	na	na	0	na	na	na	na	na	na	0	na	1	1	0	0	na
KnifeSilver	1	1	0	0	0	na	na	na	na	na	na	na	na	na	na	na	na	na	na	na	0	na	na	na	na	na	na	na	0	na	na	na	na	na	na	0	na	1	1	0	0	na
KnifeSkollAndHati	1	1	0	0	0	na	na	na	na	na	na	na	na	na	na	na	na	na	na	na	0	na	na	na	na	na	na	na	0	na	na	na	na	na	na	0	na	1	1	0	0	na
KnifeVoid	1	1	0	0	0	na	na	na	na	na	na	na	na	na	na	na	na	na	na	na	0	na	na	na	na	na	na	na	0	na	na	na	na	na	na	0	na	1	1	0	0	na
KnifeWood	1	1	0	0	0	na	na	na	na	na	na	na	na	na	na	na	na	na	na	na	0	na	na	na	na	na	na	na	0	na	na	na	na	na	na	0	na	1	1	0	0	na
Lantern	1	1	0	0	0	na	na	na	na	na	na	na	na	na	na	na	na	na	na	na	0	na	na	na	na	na	na	na	0	na	na	na	na	na	na	0	na	1	1	0	0	na
Lantern_DN	1	1	0	0	0	na	na	na	na	na	na	na	na	na	na	na	na	na	na	na	0	na	na	na	na	na	na	na	0	na	na	na	na	na	na	0	na	1	1	0	0	na
Lantern_hooded	1	1	0	0	0	na	na	na	na	na	na	na	na	na	na	na	na	na	na	na	0	na	na	na	na	na	na	na	0	na	na	na	na	na	na	0	na	1	1	0	0	na
LargeBone	1	1	0	0	0	na	na	na	na	na	na	na	na	na	na	na	na	na	na	na	0	na	na	na	na	na	na	na	0	na	na	na	na	na	na	0	na	0	na	na	0	na
LargeBone_half01	1	1	0	0	0	na	na	na	na	na	na	na	na	na	na	na	na	na	na	na	0	na	na	na	na	na	na	na	0	na	na	na	na	na	na	0	na	0	na	na	0	na
LargeBone_half02	1	1	0	0	0	na	na	na	na	na	na	na	na	na	na	na	na	na	na	na	0	na	na	na	na	na	na	na	0	na	na	na	na	na	na	0	na	0	na	na	0	na
Larva	1	1	0	0	0	na	na	na	na	na	na	na	na	na	na	na	na	na	na	na	0	na	na	na	na	na	na	na	0	na	na	na	na	na	na	0	na	1	1	0	0	na
LastBossGate_RuneTile	1	1	0	0	0	na	na	na	na	na	na	na	na	na	na	na	na	na	na	na	0	na	na	na	na	na	na	na	0	na	na	na	na	na	na	0	na	1	1	0	0	na
lavabomb_explosion	1	0	0	0	0	na	na	na	na	na	na	na	na	na	na	na	na	na	na	na	0	na	na	na	na	na	na	na	0	na	na	na	na	na	na	0	na	0	na	na	0	na
lavabomb_projectile	1	0	0	0	0	na	na	na	na	na	na	na	na	na	na	na	na	na	na	na	0	na	na	na	na	na	na	na	0	na	na	na	na	na	na	0	na	0	na	na	0	na
lavabomb_rock1	1	1	0	2	0	na	na	na	na	na	na	na	na	na	na	na	na	na	na	na	0	na	na	na	na	na	na	na	0	na	na	na	na	na	na	0	na	0	na	na	0	na
LavaRock	1	0	0	0	0	na	na	na	na	na	na	na	na	na	na	na	na	na	na	na	0	na	na	na	na	na	na	na	0	na	na	na	na	na	na	0	na	0	na	na	0	na
lavarock_ashlands1	1	1	1	2	0	na	na	na	na	na	na	na	na	na	na	na	na	na	na	na	0	na	na	na	na	na	na	na	0	na	na	na	na	na	na	0	na	0	na	na	0	na
LeatherScraps	1	1	0	0	0	na	na	na	na	na	na	na	na	na	na	na	na	na	na	na	0	na	na	na	na	na	na	na	0	na	na	na	na	na	na	0	na	1	1	0	0	na
Leatherstraps	1	1	0	0	0	na	na	na	na	na	na	na	na	na	na	na	na	na	na	na	0	na	na	na	na	na	na	na	0	na	na	na	na	na	na	0	na	1	1	0	0	na
Leech	1	1	0	0	0	na	na	na	na	na	na	na	na	na	na	na	na	na	na	na	0	na	na	na	na	na	na	na	0	na	na	na	na	na	na	0	na	1	10	0	0	na
Leech_cave	1	1	0	0	0	na	na	na	na	na	na	na	na	na	na	na	na	na	na	na	0	na	na	na	na	na	na	na	0	na	na	na	na	na	na	0	na	1	10	0	0	na
Leviathan	1	1	0	2	0	na	na	na	na	na	na	na	na	na	na	na	na	na	na	na	0	na	na	na	na	na	na	na	0	na	na	na	na	na	na	0	na	1	100	1	0	na
LeviathanLava	1	1	0	2	0	na	na	na	na	na	na	na	na	na	na	na	na	na	na	na	0	na	na	na	na	na	na	na	0	na	na	na	na	na	na	0	na	1	100	1	0	na
lightningAOE	1	0	0	0	0	na	na	na	na	na	na	na	na	na	na	na	na	na	na	na	0	na	na	na	na	na	na	na	0	na	na	na	na	na	na	0	na	0	na	na	0	na
LinenThread	1	1	0	0	0	na	na	na	na	na	na	na	na	na	na	na	na	na	na	na	0	na	na	na	na	na	na	na	0	na	na	na	na	na	na	0	na	1	1	0	0	na
Lingonberry	1	1	0	0	1	0	1	0	0	0	0	0	1	0	1	0	0	0	6	$item_lingonberries	1	0	50	0	1	1	0	0	0	na	na	na	na	na	na	0	na	1	1	0	0	na
LingonberryBush	1	1	0	0	0	na	na	na	na	na	na	na	na	na	na	na	na	na	na	na	0	na	na	na	na	na	na	na	0	na	na	na	na	na	na	0	na	0	na	na	0	na
Lingondricka	1	1	0	0	1	0	1	0	0	0	0	0	1	0	1	0	0	0	6	$item_lingondricka	1	0	10	0	1	1	0	0	0	na	na	na	na	na	na	0	na	1	1	0	0	na
LocationProxy	1	1	0	2	0	na	na	na	na	na	na	na	na	na	na	na	na	na	na	na	0	na	na	na	na	na	na	na	0	na	na	na	na	na	na	0	na	0	na	na	0	na
loot_chest_stone	1	1	0	0	1	0	1	0	0	0	0	0	0	0	0	0	0	0	4	Chest	1	1	200	1	1	0	0	0	0	na	na	na	na	na	na	0	na	0	na	na	1	8
loot_chest_wood	1	1	0	0	1	0	1	0	0	0	0	0	0	0	0	0	0	0	4	Chest	1	0	200	0	1	0	0	0	0	na	na	na	na	na	na	0	na	0	na	na	1	10
loot_deepNorth_Granary	1	1	0	2	1	0	1	0	0	0	0	0	1	0	1	0	0	0	4	$piece_chestbarrel	1	0	200	1	1	0	0	0	0	na	na	na	na	na	na	0	na	0	na	na	1	12
loot_deepNorth_TimberHall	1	1	0	2	1	0	1	0	0	0	0	0	1	0	1	0	0	0	4	$piece_chestbarrel	1	0	200	1	1	0	0	0	0	na	na	na	na	na	na	0	na	0	na	na	1	12
LootSpawner_pineforest	1	1	0	0	0	na	na	na	na	na	na	na	na	na	na	na	na	na	na	na	0	na	na	na	na	na	na	na	0	na	na	na	na	na	na	0	na	0	na	na	0	na
Lox	1	1	0	0	0	na	na	na	na	na	na	na	na	na	na	na	na	na	na	na	0	na	na	na	na	na	na	na	0	na	na	na	na	na	na	0	na	1	60	0	0	na
Lox_Calf	1	1	0	0	0	na	na	na	na	na	na	na	na	na	na	na	na	na	na	na	0	na	na	na	na	na	na	na	0	na	na	na	na	na	na	0	na	1	20	0	0	na
lox_ragdoll	1	1	0	0	0	na	na	na	na	na	na	na	na	na	na	na	na	na	na	na	0	na	na	na	na	na	na	na	0	na	na	na	na	na	na	0	na	0	na	na	0	na
lox_ribs	1	1	0	2	0	na	na	na	na	na	na	na	na	na	na	na	na	na	na	na	1	0	50	0	1	0	0	0	0	na	na	na	na	na	na	0	na	0	na	na	0	na
lox_stomp_aoe_OLD	1	0	0	0	0	na	na	na	na	na	na	na	na	na	na	na	na	na	na	na	0	na	na	na	na	na	na	na	0	na	na	na	na	na	na	0	na	0	na	na	0	na
loxcalf_ragdoll	1	1	0	0	0	na	na	na	na	na	na	na	na	na	na	na	na	na	na	na	0	na	na	na	na	na	na	na	0	na	na	na	na	na	na	0	na	0	na	na	0	na
LoxMeat	1	1	0	0	0	na	na	na	na	na	na	na	na	na	na	na	na	na	na	na	0	na	na	na	na	na	na	na	0	na	na	na	na	na	na	0	na	1	1	0	0	na
LoxPelt	1	1	0	0	0	na	na	na	na	na	na	na	na	na	na	na	na	na	na	na	0	na	na	na	na	na	na	na	0	na	na	na	na	na	na	0	na	1	1	0	0	na
LoxPie	1	1	0	0	1	0	1	0	0	0	0	0	1	0	1	0	0	0	6	$item_loxpie	1	0	10	0	1	1	0	0	0	na	na	na	na	na	na	0	na	1	1	0	0	na
LoxPieUncooked	1	1	0	0	0	na	na	na	na	na	na	na	na	na	na	na	na	na	na	na	0	na	na	na	na	na	na	na	0	na	na	na	na	na	na	0	na	1	1	0	0	na
LuredFaderEmber	1	1	0	0	0	na	na	na	na	na	na	na	na	na	na	na	na	na	na	na	0	na	na	na	na	na	na	na	0	na	na	na	na	na	na	0	na	0	na	na	0	na
LuredWisp	1	1	0	0	0	na	na	na	na	na	na	na	na	na	na	na	na	na	na	na	0	na	na	na	na	na	na	na	0	na	na	na	na	na	na	0	na	0	na	na	0	na
MaceBronze	1	1	0	0	0	na	na	na	na	na	na	na	na	na	na	na	na	na	na	na	0	na	na	na	na	na	na	na	0	na	na	na	na	na	na	1	0.2	1	1	0	0	na
MaceEldner	1	1	0	0	0	na	na	na	na	na	na	na	na	na	na	na	na	na	na	na	0	na	na	na	na	na	na	na	0	na	na	na	na	na	na	1	0.2	1	1	0	0	na
MaceEldnerBlood	1	1	0	0	0	na	na	na	na	na	na	na	na	na	na	na	na	na	na	na	0	na	na	na	na	na	na	na	0	na	na	na	na	na	na	1	0.2	1	1	0	0	na
MaceEldnerLightning	1	1	0	0	0	na	na	na	na	na	na	na	na	na	na	na	na	na	na	na	0	na	na	na	na	na	na	na	0	na	na	na	na	na	na	1	0.2	1	1	0	0	na
MaceEldnerNature	1	1	0	0	0	na	na	na	na	na	na	na	na	na	na	na	na	na	na	na	0	na	na	na	na	na	na	na	0	na	na	na	na	na	na	1	0.2	1	1	0	0	na
MaceGold	1	1	0	0	0	na	na	na	na	na	na	na	na	na	na	na	na	na	na	na	0	na	na	na	na	na	na	na	0	na	na	na	na	na	na	1	0.2	1	1	0	0	na
MaceGold_BloodLightning	1	1	0	0	0	na	na	na	na	na	na	na	na	na	na	na	na	na	na	na	0	na	na	na	na	na	na	na	0	na	na	na	na	na	na	1	0.2	1	1	0	0	na
MaceGold_FrostFire	1	1	0	0	0	na	na	na	na	na	na	na	na	na	na	na	na	na	na	na	0	na	na	na	na	na	na	na	0	na	na	na	na	na	na	1	0.2	1	1	0	0	na
MaceGoldUncooked	1	1	0	0	0	na	na	na	na	na	na	na	na	na	na	na	na	na	na	na	0	na	na	na	na	na	na	na	0	na	na	na	na	na	na	1	0.2	1	1	0	0	na
MaceIron	1	1	0	0	0	na	na	na	na	na	na	na	na	na	na	na	na	na	na	na	0	na	na	na	na	na	na	na	0	na	na	na	na	na	na	1	0.2	1	1	0	0	na
MaceNeedle	1	1	0	0	0	na	na	na	na	na	na	na	na	na	na	na	na	na	na	na	0	na	na	na	na	na	na	na	0	na	na	na	na	na	na	1	0.2	1	1	0	0	na
MaceSilver	1	1	0	0	0	na	na	na	na	na	na	na	na	na	na	na	na	na	na	na	0	na	na	na	na	na	na	na	0	na	na	na	na	na	na	0	na	1	1	0	0	na
MaceWood	1	1	0	0	0	na	na	na	na	na	na	na	na	na	na	na	na	na	na	na	0	na	na	na	na	na	na	na	0	na	na	na	na	na	na	1	0.2	1	1	0	0	na
MagicallyStuffedShroom	1	1	0	0	1	0	1	0	0	0	0	0	1	0	1	0	0	0	6	$item_magicallystuffedmushroom	1	0	10	0	1	1	0	0	0	na	na	na	na	na	na	0	na	1	1	0	0	na
MagicallyStuffedShroomUncooked	1	1	0	0	0	na	na	na	na	na	na	na	na	na	na	na	na	na	na	na	0	na	na	na	na	na	na	na	0	na	na	na	na	na	na	0	na	1	1	0	0	na
Mandible	1	1	0	0	0	na	na	na	na	na	na	na	na	na	na	na	na	na	na	na	0	na	na	na	na	na	na	na	0	na	na	na	na	na	na	0	na	1	1	0	0	na
MarinatedGreens	1	1	0	0	1	0	1	0	0	0	0	0	1	0	1	0	0	0	6	$item_marinatedgreens	1	0	10	0	1	1	0	0	0	na	na	na	na	na	na	0	na	1	1	0	0	na
marker01	1	1	0	2	0	na	na	na	na	na	na	na	na	na	na	na	na	na	na	na	0	na	na	na	na	na	na	na	0	na	na	na	na	na	na	0	na	0	na	na	0	na
marker02	1	1	0	2	0	na	na	na	na	na	na	na	na	na	na	na	na	na	na	na	0	na	na	na	na	na	na	na	0	na	na	na	na	na	na	0	na	0	na	na	0	na
MashedMeat	1	1	0	0	1	0	1	0	0	0	0	0	1	0	1	0	0	0	6	$item_mashedmeat	1	0	10	0	1	1	0	0	0	na	na	na	na	na	na	0	na	1	1	0	0	na
MeadBaseBugRepellent	1	1	0	0	0	na	na	na	na	na	na	na	na	na	na	na	na	na	na	na	0	na	na	na	na	na	na	na	0	na	na	na	na	na	na	0	na	1	1	0	0	na
MeadBaseBzerker	1	1	0	0	0	na	na	na	na	na	na	na	na	na	na	na	na	na	na	na	0	na	na	na	na	na	na	na	0	na	na	na	na	na	na	0	na	1	1	0	0	na
MeadBaseEitrLingering	1	1	0	0	0	na	na	na	na	na	na	na	na	na	na	na	na	na	na	na	0	na	na	na	na	na	na	na	0	na	na	na	na	na	na	0	na	1	1	0	0	na
MeadBaseEitrMinor	1	1	0	0	0	na	na	na	na	na	na	na	na	na	na	na	na	na	na	na	0	na	na	na	na	na	na	na	0	na	na	na	na	na	na	0	na	1	1	0	0	na
MeadBaseFrostResist	1	1	0	0	0	na	na	na	na	na	na	na	na	na	na	na	na	na	na	na	0	na	na	na	na	na	na	na	0	na	na	na	na	na	na	0	na	1	1	0	0	na
MeadBaseHasty	1	1	0	0	0	na	na	na	na	na	na	na	na	na	na	na	na	na	na	na	0	na	na	na	na	na	na	na	0	na	na	na	na	na	na	0	na	1	1	0	0	na
MeadBaseHealthLingering	1	1	0	0	0	na	na	na	na	na	na	na	na	na	na	na	na	na	na	na	0	na	na	na	na	na	na	na	0	na	na	na	na	na	na	0	na	1	1	0	0	na
MeadBaseHealthMajor	1	1	0	0	0	na	na	na	na	na	na	na	na	na	na	na	na	na	na	na	0	na	na	na	na	na	na	na	0	na	na	na	na	na	na	0	na	1	1	0	0	na
MeadBaseHealthMedium	1	1	0	0	0	na	na	na	na	na	na	na	na	na	na	na	na	na	na	na	0	na	na	na	na	na	na	na	0	na	na	na	na	na	na	0	na	1	1	0	0	na
MeadBaseHealthMinor	1	1	0	0	0	na	na	na	na	na	na	na	na	na	na	na	na	na	na	na	0	na	na	na	na	na	na	na	0	na	na	na	na	na	na	0	na	1	1	0	0	na
MeadBaseLightFoot	1	1	0	0	0	na	na	na	na	na	na	na	na	na	na	na	na	na	na	na	0	na	na	na	na	na	na	na	0	na	na	na	na	na	na	0	na	1	1	0	0	na
MeadBasePoisonResist	1	1	0	0	0	na	na	na	na	na	na	na	na	na	na	na	na	na	na	na	0	na	na	na	na	na	na	na	0	na	na	na	na	na	na	0	na	1	1	0	0	na
MeadBaseStaminaLingering	1	1	0	0	0	na	na	na	na	na	na	na	na	na	na	na	na	na	na	na	0	na	na	na	na	na	na	na	0	na	na	na	na	na	na	0	na	1	1	0	0	na
MeadBaseStaminaMedium	1	1	0	0	0	na	na	na	na	na	na	na	na	na	na	na	na	na	na	na	0	na	na	na	na	na	na	na	0	na	na	na	na	na	na	0	na	1	1	0	0	na
MeadBaseStaminaMinor	1	1	0	0	0	na	na	na	na	na	na	na	na	na	na	na	na	na	na	na	0	na	na	na	na	na	na	na	0	na	na	na	na	na	na	0	na	1	1	0	0	na
MeadBaseStrength	1	1	0	0	0	na	na	na	na	na	na	na	na	na	na	na	na	na	na	na	0	na	na	na	na	na	na	na	0	na	na	na	na	na	na	0	na	1	1	0	0	na
MeadBaseSwimmer	1	1	0	0	0	na	na	na	na	na	na	na	na	na	na	na	na	na	na	na	0	na	na	na	na	na	na	na	0	na	na	na	na	na	na	0	na	1	1	0	0	na
MeadBaseTamer	1	1	0	0	0	na	na	na	na	na	na	na	na	na	na	na	na	na	na	na	0	na	na	na	na	na	na	na	0	na	na	na	na	na	na	0	na	1	1	0	0	na
MeadBaseTasty	1	1	0	0	0	na	na	na	na	na	na	na	na	na	na	na	na	na	na	na	0	na	na	na	na	na	na	na	0	na	na	na	na	na	na	0	na	1	1	0	0	na
MeadBugRepellent	1	1	0	0	1	0	1	0	0	0	0	0	1	0	1	0	1	0	7	$item_mead_bugrepellent	1	0	10	0	1	1	0	0	0	na	na	na	na	na	na	0	na	1	1.5	0	0	na
MeadBzerker	1	1	0	0	1	0	1	0	0	0	0	0	1	0	1	0	1	0	7	$item_mead_bzerker	1	0	10	0	1	1	0	0	0	na	na	na	na	na	na	0	na	1	1.5	0	0	na
MeadEitrLingering	1	1	0	0	1	0	1	0	0	0	0	0	1	0	1	0	1	0	7	$item_mead_eitr_lingering	1	0	10	0	1	1	0	0	0	na	na	na	na	na	na	0	na	1	1	0	0	na
MeadEitrMinor	1	1	0	0	1	0	1	0	0	0	0	0	1	0	1	0	1	0	7	$item_mead_eitr_minor	1	0	10	0	1	1	0	0	0	na	na	na	na	na	na	0	na	1	1	0	0	na
MeadFrostResist	1	1	0	0	1	0	1	0	0	0	0	0	1	0	1	0	1	0	7	$item_mead_frostres	1	0	10	0	1	1	0	0	0	na	na	na	na	na	na	0	na	1	1	0	0	na
MeadHasty	1	1	0	0	1	0	1	0	0	0	0	0	1	0	1	0	1	0	7	$item_mead_hasty	1	0	10	0	1	1	0	0	0	na	na	na	na	na	na	0	na	1	1.5	0	0	na
MeadHealthLingering	1	1	0	0	1	0	1	0	0	0	0	0	1	0	1	0	1	0	7	$item_mead_hp_lingering	1	0	10	0	1	1	0	0	0	na	na	na	na	na	na	0	na	1	1	0	0	na
MeadHealthMajor	1	1	0	0	1	0	1	0	0	0	0	0	1	0	1	0	1	0	7	$item_mead_hp_major	1	0	10	0	1	1	0	0	0	na	na	na	na	na	na	0	na	1	1	0	0	na
MeadHealthMedium	1	1	0	0	1	0	1	0	0	0	0	0	1	0	1	0	1	0	7	$item_mead_hp_medium	1	0	10	0	1	1	0	0	0	na	na	na	na	na	na	0	na	1	1	0	0	na
MeadHealthMinor	1	1	0	0	1	0	1	0	0	0	0	0	1	0	1	0	1	0	7	$item_mead_hp_minor	1	0	10	0	1	1	0	0	0	na	na	na	na	na	na	0	na	1	1	0	0	na
MeadLightfoot	1	1	0	0	1	0	1	0	0	0	0	0	1	0	1	0	1	0	7	$item_mead_lightfoot	1	0	10	0	1	1	0	0	0	na	na	na	na	na	na	0	na	1	1.5	0	0	na
MeadPoisonResist	1	1	0	0	1	0	1	0	0	0	0	0	1	0	1	0	1	0	7	$item_mead_poisonres	1	0	10	0	1	1	0	0	0	na	na	na	na	na	na	0	na	1	1	0	0	na
MeadStaminaLingering	1	1	0	0	1	0	1	0	0	0	0	0	1	0	1	0	1	0	7	$item_mead_stamina_lingering	1	0	10	0	1	1	0	0	0	na	na	na	na	na	na	0	na	1	1	0	0	na
MeadStaminaMedium	1	1	0	0	1	0	1	0	0	0	0	0	1	0	1	0	1	0	7	$item_mead_stamina_medium	1	0	10	0	1	1	0	0	0	na	na	na	na	na	na	0	na	1	1	0	0	na
MeadStaminaMinor	1	1	0	0	1	0	1	0	0	0	0	0	1	0	1	0	1	0	7	$item_mead_stamina_minor	1	0	10	0	1	1	0	0	0	na	na	na	na	na	na	0	na	1	1	0	0	na
MeadStrength	1	1	0	0	1	0	1	0	0	0	0	0	1	0	1	0	1	0	7	$item_mead_strength	1	0	10	0	1	1	0	0	0	na	na	na	na	na	na	0	na	1	1.5	0	0	na
MeadSwimmer	1	1	0	0	1	0	1	0	0	0	0	0	1	0	1	0	1	0	7	$item_mead_swimmer	1	0	10	0	1	1	0	0	0	na	na	na	na	na	na	1	0.75	1	1.5	0	0	na
MeadTamer	1	1	0	0	1	0	1	0	0	0	0	0	1	0	1	0	1	0	7	$item_mead_tamer	1	0	10	0	1	1	0	0	0	na	na	na	na	na	na	0	na	1	1.5	0	0	na
MeadTasty	1	1	0	0	1	0	1	0	0	0	0	0	1	0	1	0	1	0	7	$item_mead_tasty	1	0	10	0	1	1	0	0	0	na	na	na	na	na	na	0	na	1	1.5	0	0	na
MeadTrollPheromones	1	1	0	0	1	0	1	0	0	0	0	0	1	0	1	0	1	0	7	$item_mead_trollpheromones	1	0	10	0	1	1	0	0	0	na	na	na	na	na	na	0	na	1	1.5	0	0	na
MeatballsMashedPoteitr	1	1	0	0	1	0	1	0	0	0	0	0	1	0	1	0	0	0	6	$item_meatballsmashedpoteitr	1	0	10	0	1	1	0	0	0	na	na	na	na	na	na	0	na	1	1	0	0	na
MeatPlatter	1	1	0	0	1	0	1	0	0	0	0	0	1	0	1	0	0	0	6	$item_meatplatter	1	0	10	0	1	1	0	0	0	na	na	na	na	na	na	0	na	1	1	0	0	na
MeatPlatterUncooked	1	1	0	0	0	na	na	na	na	na	na	na	na	na	na	na	na	na	na	na	0	na	na	na	na	na	na	na	0	na	na	na	na	na	na	0	na	1	1	0	0	na
MechanicalSpring	1	1	0	0	0	na	na	na	na	na	na	na	na	na	na	na	na	na	na	na	0	na	na	na	na	na	na	na	0	na	na	na	na	na	na	0	na	1	1	0	0	na
MemorialCoal	1	1	0	0	0	na	na	na	na	na	na	na	na	na	na	na	na	na	na	na	0	na	na	na	na	na	na	na	0	na	na	na	na	na	na	0	na	1	1	0	0	na
MemorialStone_Large	1	1	0	2	0	na	na	na	na	na	na	na	na	na	na	na	na	na	na	na	0	na	na	na	na	na	na	na	0	na	na	na	na	na	na	0	na	0	na	na	0	na
MemorialStone_Medium	1	1	0	2	0	na	na	na	na	na	na	na	na	na	na	na	na	na	na	na	0	na	na	na	na	na	na	na	0	na	na	na	na	na	na	0	na	0	na	na	0	na
MemorialStone_Small	1	1	0	2	0	na	na	na	na	na	na	na	na	na	na	na	na	na	na	na	0	na	na	na	na	na	na	na	0	na	na	na	na	na	na	0	na	0	na	na	0	na
metalbar_1x2	1	1	0	2	1	0	0	0	0	0	0	0	0	0	0	0	0	0	2	$piece_blackmarble1x1	1	2	1500	1	1	0	0	0	0	na	na	na	na	na	na	0	na	0	na	na	0	na
MinceMeatSauce	1	1	0	0	1	0	1	0	0	0	0	0	1	0	1	0	0	0	6	$item_mincemeatsauce	1	0	10	0	1	1	0	0	0	na	na	na	na	na	na	0	na	1	1	0	0	na
MineRock_Copper	1	1	0	0	0	na	na	na	na	na	na	na	na	na	na	na	na	na	na	na	0	na	na	na	na	na	na	na	0	na	na	na	na	na	na	0	na	0	na	na	0	na
MineRock_Iron	1	1	0	0	0	na	na	na	na	na	na	na	na	na	na	na	na	na	na	na	0	na	na	na	na	na	na	na	0	na	na	na	na	na	na	0	na	0	na	na	0	na
MineRock_Meteorite	1	1	0	0	0	na	na	na	na	na	na	na	na	na	na	na	na	na	na	na	0	na	na	na	na	na	na	na	0	na	na	na	na	na	na	0	na	0	na	na	0	na
MineRock_Obsidian	1	1	0	0	0	na	na	na	na	na	na	na	na	na	na	na	na	na	na	na	0	na	na	na	na	na	na	na	0	na	na	na	na	na	na	0	na	0	na	na	0	na
MineRock_Stone	1	1	0	0	0	na	na	na	na	na	na	na	na	na	na	na	na	na	na	na	0	na	na	na	na	na	na	na	0	na	na	na	na	na	na	0	na	0	na	na	0	na
MineRock_Tin	1	1	0	0	0	na	na	na	na	na	na	na	na	na	na	na	na	na	na	na	0	na	na	na	na	na	na	na	0	na	na	na	na	na	na	0	na	0	na	na	0	na
MistArea	1	1	1	2	0	na	na	na	na	na	na	na	na	na	na	na	na	na	na	na	0	na	na	na	na	na	na	na	0	na	na	na	na	na	na	0	na	0	na	na	0	na
MistArea_edge	1	1	1	2	0	na	na	na	na	na	na	na	na	na	na	na	na	na	na	na	0	na	na	na	na	na	na	na	0	na	na	na	na	na	na	0	na	0	na	na	0	na
MistArea_small	1	1	1	2	0	na	na	na	na	na	na	na	na	na	na	na	na	na	na	na	0	na	na	na	na	na	na	na	0	na	na	na	na	na	na	0	na	0	na	na	0	na
MisthareSupreme	1	1	0	0	1	0	1	0	0	0	0	0	1	0	1	0	0	0	6	$item_mistharesupreme	1	0	10	0	1	1	0	0	0	na	na	na	na	na	na	0	na	1	1	0	0	na
MisthareSupremeUncooked	1	1	0	0	0	na	na	na	na	na	na	na	na	na	na	na	na	na	na	na	0	na	na	na	na	na	na	na	0	na	na	na	na	na	na	0	na	1	1	0	0	na
Mistile	1	1	0	0	0	na	na	na	na	na	na	na	na	na	na	na	na	na	na	na	0	na	na	na	na	na	na	na	0	na	na	na	na	na	na	0	na	1	5	0	0	na
Mistile_kamikaze	1	1	0	0	0	na	na	na	na	na	na	na	na	na	na	na	na	na	na	na	0	na	na	na	na	na	na	na	0	na	na	na	na	na	na	0	na	1	1	0	0	na
mistvolume	1	1	1	0	0	na	na	na	na	na	na	na	na	na	na	na	na	na	na	na	0	na	na	na	na	na	na	na	0	na	na	na	na	na	na	0	na	0	na	na	0	na
MoldArmorGoldChest	1	1	0	0	0	na	na	na	na	na	na	na	na	na	na	na	na	na	na	na	0	na	na	na	na	na	na	na	0	na	na	na	na	na	na	0	na	1	1	0	0	na
MoldArmorGoldHelmet	1	1	0	0	0	na	na	na	na	na	na	na	na	na	na	na	na	na	na	na	0	na	na	na	na	na	na	na	0	na	na	na	na	na	na	0	na	1	1	0	0	na
MoldArmorGoldLegs	1	1	0	0	0	na	na	na	na	na	na	na	na	na	na	na	na	na	na	na	0	na	na	na	na	na	na	na	0	na	na	na	na	na	na	0	na	1	1	0	0	na
MoldArmorMageChest	1	1	0	0	0	na	na	na	na	na	na	na	na	na	na	na	na	na	na	na	0	na	na	na	na	na	na	na	0	na	na	na	na	na	na	0	na	1	1	0	0	na
MoldArmorMageHelmet	1	1	0	0	0	na	na	na	na	na	na	na	na	na	na	na	na	na	na	na	0	na	na	na	na	na	na	na	0	na	na	na	na	na	na	0	na	1	1	0	0	na
MoldArmorMageLegs	1	1	0	0	0	na	na	na	na	na	na	na	na	na	na	na	na	na	na	na	0	na	na	na	na	na	na	na	0	na	na	na	na	na	na	0	na	1	1	0	0	na
MoldArmormediumChest	1	1	0	0	0	na	na	na	na	na	na	na	na	na	na	na	na	na	na	na	0	na	na	na	na	na	na	na	0	na	na	na	na	na	na	0	na	1	1	0	0	na
MoldArmorMediumHelmet	1	1	0	0	0	na	na	na	na	na	na	na	na	na	na	na	na	na	na	na	0	na	na	na	na	na	na	na	0	na	na	na	na	na	na	0	na	1	1	0	0	na
MoldArmorMediumLegs	1	1	0	0	0	na	na	na	na	na	na	na	na	na	na	na	na	na	na	na	0	na	na	na	na	na	na	na	0	na	na	na	na	na	na	0	na	1	1	0	0	na
MoldAtgeir	1	1	0	0	0	na	na	na	na	na	na	na	na	na	na	na	na	na	na	na	0	na	na	na	na	na	na	na	0	na	na	na	na	na	na	0	na	1	1	0	0	na
MoldAxe	1	1	0	0	0	na	na	na	na	na	na	na	na	na	na	na	na	na	na	na	0	na	na	na	na	na	na	na	0	na	na	na	na	na	na	0	na	1	1	0	0	na
MoldAxe2H	1	1	0	0	0	na	na	na	na	na	na	na	na	na	na	na	na	na	na	na	0	na	na	na	na	na	na	na	0	na	na	na	na	na	na	0	na	1	1	0	0	na
MoldBow	1	1	0	0	0	na	na	na	na	na	na	na	na	na	na	na	na	na	na	na	0	na	na	na	na	na	na	na	0	na	na	na	na	na	na	0	na	1	1	0	0	na
MoldCrossbow	1	1	0	0	0	na	na	na	na	na	na	na	na	na	na	na	na	na	na	na	0	na	na	na	na	na	na	na	0	na	na	na	na	na	na	0	na	1	1	0	0	na
MoldFistweapon	1	1	0	0	0	na	na	na	na	na	na	na	na	na	na	na	na	na	na	na	0	na	na	na	na	na	na	na	0	na	na	na	na	na	na	0	na	1	1	0	0	na
MoldKeys	1	1	0	0	0	na	na	na	na	na	na	na	na	na	na	na	na	na	na	na	0	na	na	na	na	na	na	na	0	na	na	na	na	na	na	0	na	1	1	0	0	na
MoldKnife	1	1	0	0	0	na	na	na	na	na	na	na	na	na	na	na	na	na	na	na	0	na	na	na	na	na	na	na	0	na	na	na	na	na	na	0	na	1	1	0	0	na
MoldMace	1	1	0	0	0	na	na	na	na	na	na	na	na	na	na	na	na	na	na	na	0	na	na	na	na	na	na	na	0	na	na	na	na	na	na	0	na	1	1	0	0	na
MoldMace2H	1	1	0	0	0	na	na	na	na	na	na	na	na	na	na	na	na	na	na	na	0	na	na	na	na	na	na	na	0	na	na	na	na	na	na	0	na	1	1	0	0	na
MoldShieldBuckler	1	1	0	0	0	na	na	na	na	na	na	na	na	na	na	na	na	na	na	na	0	na	na	na	na	na	na	na	0	na	na	na	na	na	na	0	na	1	1	0	0	na
MoldShieldRound	1	1	0	0	0	na	na	na	na	na	na	na	na	na	na	na	na	na	na	na	0	na	na	na	na	na	na	na	0	na	na	na	na	na	na	0	na	1	1	0	0	na
MoldShieldTower	1	1	0	0	0	na	na	na	na	na	na	na	na	na	na	na	na	na	na	na	0	na	na	na	na	na	na	na	0	na	na	na	na	na	na	0	na	1	1	0	0	na
MoldSmallParts	1	1	0	0	0	na	na	na	na	na	na	na	na	na	na	na	na	na	na	na	0	na	na	na	na	na	na	na	0	na	na	na	na	na	na	0	na	1	1	0	0	na
MoldSpear	1	1	0	0	0	na	na	na	na	na	na	na	na	na	na	na	na	na	na	na	0	na	na	na	na	na	na	na	0	na	na	na	na	na	na	0	na	1	1	0	0	na
MoldStafffrostorbs	1	1	0	0	0	na	na	na	na	na	na	na	na	na	na	na	na	na	na	na	0	na	na	na	na	na	na	na	0	na	na	na	na	na	na	0	na	1	1	0	0	na
MoldStaffOrbofAhri	1	1	0	0	0	na	na	na	na	na	na	na	na	na	na	na	na	na	na	na	0	na	na	na	na	na	na	na	0	na	na	na	na	na	na	0	na	1	1	0	0	na
MoldStaffspiritcaller	1	1	0	0	0	na	na	na	na	na	na	na	na	na	na	na	na	na	na	na	0	na	na	na	na	na	na	na	0	na	na	na	na	na	na	0	na	1	1	0	0	na
MoldStaffthunderblood	1	1	0	0	0	na	na	na	na	na	na	na	na	na	na	na	na	na	na	na	0	na	na	na	na	na	na	na	0	na	na	na	na	na	na	0	na	1	1	0	0	na
MoldSword	1	1	0	0	0	na	na	na	na	na	na	na	na	na	na	na	na	na	na	na	0	na	na	na	na	na	na	na	0	na	na	na	na	na	na	0	na	1	1	0	0	na
MoldSword2H	1	1	0	0	0	na	na	na	na	na	na	na	na	na	na	na	na	na	na	na	0	na	na	na	na	na	na	na	0	na	na	na	na	na	na	0	na	1	1	0	0	na
MoleClaws	1	1	0	0	0	na	na	na	na	na	na	na	na	na	na	na	na	na	na	na	0	na	na	na	na	na	na	na	0	na	na	na	na	na	na	0	na	1	1	0	0	na
MoltenCore	1	1	0	0	0	na	na	na	na	na	na	na	na	na	na	na	na	na	na	na	0	na	na	na	na	na	na	na	0	na	na	na	na	na	na	0	na	1	1	0	0	na
Moose	1	1	0	0	0	na	na	na	na	na	na	na	na	na	na	na	na	na	na	na	0	na	na	na	na	na	na	na	0	na	na	na	na	na	na	0	na	1	60	0	0	na
Moose_calf	1	1	0	0	0	na	na	na	na	na	na	na	na	na	na	na	na	na	na	na	0	na	na	na	na	na	na	na	0	na	na	na	na	na	na	0	na	1	20	0	0	na
Moose_Calf_Ragdoll	1	0	0	0	0	na	na	na	na	na	na	na	na	na	na	na	na	na	na	na	0	na	na	na	na	na	na	na	0	na	na	na	na	na	na	0	na	0	na	na	0	na
Moose_Ragdoll	1	0	0	0	0	na	na	na	na	na	na	na	na	na	na	na	na	na	na	na	0	na	na	na	na	na	na	na	0	na	na	na	na	na	na	0	na	0	na	na	0	na
Moose_spiritcaller	1	1	0	0	0	na	na	na	na	na	na	na	na	na	na	na	na	na	na	na	0	na	na	na	na	na	na	na	0	na	na	na	na	na	na	0	na	1	60	0	0	na
MooseHide	1	1	0	0	0	na	na	na	na	na	na	na	na	na	na	na	na	na	na	na	0	na	na	na	na	na	na	na	0	na	na	na	na	na	na	0	na	1	1	0	0	na
MooseKebab	1	1	0	0	1	0	1	0	0	0	0	0	1	0	1	0	0	0	6	$item_moosekebab	1	0	10	0	1	1	0	0	0	na	na	na	na	na	na	0	na	1	1	0	0	na
MooseMeat	1	1	0	0	0	na	na	na	na	na	na	na	na	na	na	na	na	na	na	na	0	na	na	na	na	na	na	na	0	na	na	na	na	na	na	0	na	1	1	0	0	na
MooseSinew	1	1	0	0	0	na	na	na	na	na	na	na	na	na	na	na	na	na	na	na	0	na	na	na	na	na	na	na	0	na	na	na	na	na	na	0	na	1	1	0	0	na
Morgen	1	1	0	0	0	na	na	na	na	na	na	na	na	na	na	na	na	na	na	na	0	na	na	na	na	na	na	na	0	na	na	na	na	na	na	0	na	1	50	0	0	na
Morgen_NonSleeping	1	1	0	0	0	na	na	na	na	na	na	na	na	na	na	na	na	na	na	na	0	na	na	na	na	na	na	na	0	na	na	na	na	na	na	0	na	1	50	0	0	na
MorgenHeart	1	1	0	0	0	na	na	na	na	na	na	na	na	na	na	na	na	na	na	na	0	na	na	na	na	na	na	na	0	na	na	na	na	na	na	0	na	1	1	0	0	na
morgenhole_pile	1	1	0	2	0	na	na	na	na	na	na	na	na	na	na	na	na	na	na	na	0	na	na	na	na	na	na	na	0	na	na	na	na	na	na	0	na	0	na	na	0	na
MorgenSinew	1	1	0	0	0	na	na	na	na	na	na	na	na	na	na	na	na	na	na	na	0	na	na	na	na	na	na	na	0	na	na	na	na	na	na	0	na	1	1	0	0	na
Morkborg_gate	1	1	0	0	0	na	na	na	na	na	na	na	na	na	na	na	na	na	na	na	0	na	na	na	na	na	na	na	0	na	na	na	na	na	na	0	na	0	na	na	0	na
Morkhalla_Banner1	1	1	0	2	0	na	na	na	na	na	na	na	na	na	na	na	na	na	na	na	1	0	200	0	1	0	0	0	0	na	na	na	na	na	na	0	na	0	na	na	0	na
Morkhalla_Banner2	1	1	0	2	0	na	na	na	na	na	na	na	na	na	na	na	na	na	na	na	1	0	200	0	1	0	0	0	0	na	na	na	na	na	na	0	na	0	na	na	0	na
Morkhalla_Bedroll1	1	1	0	2	0	na	na	na	na	na	na	na	na	na	na	na	na	na	na	na	0	na	na	na	na	na	na	na	0	na	na	na	na	na	na	0	na	0	na	na	0	na
Morkhalla_Bedroll2	1	1	0	2	0	na	na	na	na	na	na	na	na	na	na	na	na	na	na	na	0	na	na	na	na	na	na	na	0	na	na	na	na	na	na	0	na	0	na	na	0	na
Morkhalla_Bench	1	1	0	2	0	na	na	na	na	na	na	na	na	na	na	na	na	na	na	na	1	0	100	1	1	1	0	0	0	na	na	na	na	na	na	0	na	0	na	na	0	na
Morkhalla_Block	1	1	0	0	0	na	na	na	na	na	na	na	na	na	na	na	na	na	na	na	0	na	na	na	na	na	na	na	0	na	na	na	na	na	na	0	na	0	na	na	0	na
Morkhalla_bridge_davinci	1	1	0	0	0	na	na	na	na	na	na	na	na	na	na	na	na	na	na	na	0	na	na	na	na	na	na	na	0	na	na	na	na	na	na	0	na	0	na	na	0	na
Morkhalla_Chain	1	1	0	0	0	na	na	na	na	na	na	na	na	na	na	na	na	na	na	na	0	na	na	na	na	na	na	na	0	na	na	na	na	na	na	0	na	0	na	na	0	na
Morkhalla_ChestAncient	1	1	0	0	1	0	1	0	0	0	0	0	1	0	1	0	0	0	4	$piece_morkhallachestancient	1	2	1000	0	1	0	0	0	0	na	na	na	na	na	na	0	na	0	na	na	1	32
Morkhalla_coal_pile_memorial	1	1	0	2	0	na	na	na	na	na	na	na	na	na	na	na	na	na	na	na	1	0	200	0	1	0	0	0	0	na	na	na	na	na	na	0	na	0	na	na	0	na
Morkhalla_Drawbridge	1	1	0	2	0	na	na	na	na	na	na	na	na	na	na	na	na	na	na	na	0	na	na	na	na	na	na	na	0	na	na	na	na	na	na	0	na	0	na	na	0	na
Morkhalla_Eye1	1	1	0	0	0	na	na	na	na	na	na	na	na	na	na	na	na	na	na	na	0	na	na	na	na	na	na	na	0	na	na	na	na	na	na	0	na	0	na	na	0	na
Morkhalla_Eye2	1	1	0	0	0	na	na	na	na	na	na	na	na	na	na	na	na	na	na	na	0	na	na	na	na	na	na	na	0	na	na	na	na	na	na	0	na	0	na	na	0	na
Morkhalla_Eye3	1	1	0	0	0	na	na	na	na	na	na	na	na	na	na	na	na	na	na	na	0	na	na	na	na	na	na	na	0	na	na	na	na	na	na	0	na	0	na	na	0	na
Morkhalla_Eye4	1	1	0	0	0	na	na	na	na	na	na	na	na	na	na	na	na	na	na	na	0	na	na	na	na	na	na	na	0	na	na	na	na	na	na	0	na	0	na	na	0	na
Morkhalla_Eye5_gemstone	1	1	0	0	0	na	na	na	na	na	na	na	na	na	na	na	na	na	na	na	0	na	na	na	na	na	na	na	0	na	na	na	na	na	na	0	na	0	na	na	0	na
Morkhalla_Eye6_gemstone	1	1	0	0	0	na	na	na	na	na	na	na	na	na	na	na	na	na	na	na	0	na	na	na	na	na	na	na	0	na	na	na	na	na	na	0	na	0	na	na	0	na
Morkhalla_Eye7_gemstone	1	1	0	0	0	na	na	na	na	na	na	na	na	na	na	na	na	na	na	na	0	na	na	na	na	na	na	na	0	na	na	na	na	na	na	0	na	0	na	na	0	na
Morkhalla_firepit	1	1	0	2	1	0	1	0	0	0	0	1	1	0	1	0	0	0	0	$piece_firepit	0	na	na	na	na	na	na	na	0	na	na	na	na	na	na	0	na	0	na	na	0	na
Morkhalla_Floor_2x2	1	1	0	0	0	na	na	na	na	na	na	na	na	na	na	na	na	na	na	na	0	na	na	na	na	na	na	na	0	na	na	na	na	na	na	0	na	0	na	na	0	na
Morkhalla_Floor_4x4	1	1	0	0	0	na	na	na	na	na	na	na	na	na	na	na	na	na	na	na	0	na	na	na	na	na	na	na	0	na	na	na	na	na	na	0	na	0	na	na	0	na
Morkhalla_Floor_4x4_broken01	1	1	0	0	0	na	na	na	na	na	na	na	na	na	na	na	na	na	na	na	0	na	na	na	na	na	na	na	0	na	na	na	na	na	na	0	na	0	na	na	0	na
Morkhalla_Floor_4x4_broken02	1	1	0	0	0	na	na	na	na	na	na	na	na	na	na	na	na	na	na	na	0	na	na	na	na	na	na	na	0	na	na	na	na	na	na	0	na	0	na	na	0	na
Morkhalla_GateDoor	1	1	0	0	0	na	na	na	na	na	na	na	na	na	na	na	na	na	na	na	0	na	na	na	na	na	na	na	0	na	na	na	na	na	na	0	na	0	na	na	0	na
Morkhalla_GateDoor02	1	1	0	0	0	na	na	na	na	na	na	na	na	na	na	na	na	na	na	na	0	na	na	na	na	na	na	na	0	na	na	na	na	na	na	0	na	0	na	na	0	na
Morkhalla_GateDoor03	1	1	0	0	0	na	na	na	na	na	na	na	na	na	na	na	na	na	na	na	0	na	na	na	na	na	na	na	0	na	na	na	na	na	na	0	na	0	na	na	0	na
Morkhalla_giant_railing	1	1	0	0	0	na	na	na	na	na	na	na	na	na	na	na	na	na	na	na	0	na	na	na	na	na	na	na	0	na	na	na	na	na	na	0	na	0	na	na	0	na
Morkhalla_giant_railing_corner	1	1	0	0	0	na	na	na	na	na	na	na	na	na	na	na	na	na	na	na	0	na	na	na	na	na	na	na	0	na	na	na	na	na	na	0	na	0	na	na	0	na
Morkhalla_giant_railing_deco	1	1	0	0	0	na	na	na	na	na	na	na	na	na	na	na	na	na	na	na	0	na	na	na	na	na	na	na	0	na	na	na	na	na	na	0	na	0	na	na	0	na
Morkhalla_giant_railing_half	1	1	0	0	0	na	na	na	na	na	na	na	na	na	na	na	na	na	na	na	0	na	na	na	na	na	na	na	0	na	na	na	na	na	na	0	na	0	na	na	0	na
Morkhalla_giant_railing_single	1	1	0	0	0	na	na	na	na	na	na	na	na	na	na	na	na	na	na	na	0	na	na	na	na	na	na	na	0	na	na	na	na	na	na	0	na	0	na	na	0	na
Morkhalla_giant_railing_torch	1	1	0	0	0	na	na	na	na	na	na	na	na	na	na	na	na	na	na	na	0	na	na	na	na	na	na	na	0	na	na	na	na	na	na	0	na	0	na	na	0	na
Morkhalla_giant_railing_torch_unlit	1	1	0	0	0	na	na	na	na	na	na	na	na	na	na	na	na	na	na	na	0	na	na	na	na	na	na	na	0	na	na	na	na	na	na	0	na	0	na	na	0	na
Morkhalla_jotun_gate	1	1	0	0	0	na	na	na	na	na	na	na	na	na	na	na	na	na	na	na	0	na	na	na	na	na	na	na	0	na	na	na	na	na	na	0	na	0	na	na	0	na
Morkhalla_MetalBar	1	1	0	0	0	na	na	na	na	na	na	na	na	na	na	na	na	na	na	na	0	na	na	na	na	na	na	na	0	na	na	na	na	na	na	0	na	0	na	na	0	na
Morkhalla_Rubble_Destroyed	1	0	0	0	0	na	na	na	na	na	na	na	na	na	na	na	na	na	na	na	0	na	na	na	na	na	na	na	0	na	na	na	na	na	na	0	na	0	na	na	0	na
Morkhalla_rubble_trashpile	1	1	0	2	0	na	na	na	na	na	na	na	na	na	na	na	na	na	na	na	0	na	na	na	na	na	na	na	0	na	na	na	na	na	na	0	na	0	na	na	0	na
Morkhalla_rubble_trashpile_destruction	1	0	0	0	0	na	na	na	na	na	na	na	na	na	na	na	na	na	na	na	0	na	na	na	na	na	na	na	0	na	na	na	na	na	na	0	na	0	na	na	0	na
Morkhalla_Rubble1	1	1	0	0	0	na	na	na	na	na	na	na	na	na	na	na	na	na	na	na	0	na	na	na	na	na	na	na	0	na	na	na	na	na	na	0	na	0	na	na	0	na
Morkhalla_Rubble1_fall	1	1	0	0	0	na	na	na	na	na	na	na	na	na	na	na	na	na	na	na	0	na	na	na	na	na	na	na	0	na	na	na	na	na	na	0	na	0	na	na	0	na
Morkhalla_Rubble2	1	1	0	0	0	na	na	na	na	na	na	na	na	na	na	na	na	na	na	na	0	na	na	na	na	na	na	na	0	na	na	na	na	na	na	0	na	0	na	na	0	na
Morkhalla_Rubble2_fall	1	1	0	0	0	na	na	na	na	na	na	na	na	na	na	na	na	na	na	na	0	na	na	na	na	na	na	na	0	na	na	na	na	na	na	0	na	0	na	na	0	na
Morkhalla_Rubble3	1	1	0	0	0	na	na	na	na	na	na	na	na	na	na	na	na	na	na	na	0	na	na	na	na	na	na	na	0	na	na	na	na	na	na	0	na	0	na	na	0	na
Morkhalla_Rubble4	1	1	0	0	0	na	na	na	na	na	na	na	na	na	na	na	na	na	na	na	0	na	na	na	na	na	na	na	0	na	na	na	na	na	na	0	na	0	na	na	0	na
Morkhalla_Rug_corner	1	1	0	0	0	na	na	na	na	na	na	na	na	na	na	na	na	na	na	na	0	na	na	na	na	na	na	na	0	na	na	na	na	na	na	0	na	0	na	na	0	na
Morkhalla_Rug_end1	1	1	0	0	0	na	na	na	na	na	na	na	na	na	na	na	na	na	na	na	0	na	na	na	na	na	na	na	0	na	na	na	na	na	na	0	na	0	na	na	0	na
Morkhalla_Rug_end2	1	1	0	0	0	na	na	na	na	na	na	na	na	na	na	na	na	na	na	na	0	na	na	na	na	na	na	na	0	na	na	na	na	na	na	0	na	0	na	na	0	na
Morkhalla_Rug_middle	1	1	0	0	0	na	na	na	na	na	na	na	na	na	na	na	na	na	na	na	0	na	na	na	na	na	na	na	0	na	na	na	na	na	na	0	na	0	na	na	0	na
Morkhalla_Rug_stair	1	1	0	0	0	na	na	na	na	na	na	na	na	na	na	na	na	na	na	na	0	na	na	na	na	na	na	na	0	na	na	na	na	na	na	0	na	0	na	na	0	na
Morkhalla_Stairs_giant_railing	1	1	0	0	0	na	na	na	na	na	na	na	na	na	na	na	na	na	na	na	0	na	na	na	na	na	na	na	0	na	na	na	na	na	na	0	na	0	na	na	0	na
Morkhalla_Stairs_giant_short	1	1	0	0	0	na	na	na	na	na	na	na	na	na	na	na	na	na	na	na	0	na	na	na	na	na	na	na	0	na	na	na	na	na	na	0	na	0	na	na	0	na
Morkhalla_Stairs_giant_short_broken1	1	1	0	0	0	na	na	na	na	na	na	na	na	na	na	na	na	na	na	na	0	na	na	na	na	na	na	na	0	na	na	na	na	na	na	0	na	0	na	na	0	na
Morkhalla_Stairs_giant_short_broken2	1	1	0	0	0	na	na	na	na	na	na	na	na	na	na	na	na	na	na	na	0	na	na	na	na	na	na	na	0	na	na	na	na	na	na	0	na	0	na	na	0	na
Morkhalla_StatuePieceArmL	1	1	0	0	0	na	na	na	na	na	na	na	na	na	na	na	na	na	na	na	0	na	na	na	na	na	na	na	0	na	na	na	na	na	na	0	na	0	na	na	0	na
Morkhalla_StatuePieceArmL_big	1	1	0	0	0	na	na	na	na	na	na	na	na	na	na	na	na	na	na	na	0	na	na	na	na	na	na	na	0	na	na	na	na	na	na	0	na	0	na	na	0	na
Morkhalla_StatuePieceArmR	1	1	0	0	0	na	na	na	na	na	na	na	na	na	na	na	na	na	na	na	0	na	na	na	na	na	na	na	0	na	na	na	na	na	na	0	na	0	na	na	0	na
Morkhalla_StatuePieceArmR_big	1	1	0	0	0	na	na	na	na	na	na	na	na	na	na	na	na	na	na	na	0	na	na	na	na	na	na	na	0	na	na	na	na	na	na	0	na	0	na	na	0	na
Morkhalla_StatuePieceFace	1	1	0	0	0	na	na	na	na	na	na	na	na	na	na	na	na	na	na	na	0	na	na	na	na	na	na	na	0	na	na	na	na	na	na	0	na	0	na	na	0	na
Morkhalla_StatuePieceFace_big	1	1	0	0	0	na	na	na	na	na	na	na	na	na	na	na	na	na	na	na	0	na	na	na	na	na	na	na	0	na	na	na	na	na	na	0	na	0	na	na	0	na
Morkhalla_StatuePieceFeet	1	1	0	0	0	na	na	na	na	na	na	na	na	na	na	na	na	na	na	na	0	na	na	na	na	na	na	na	0	na	na	na	na	na	na	0	na	0	na	na	0	na
Morkhalla_StatuePieceFeet_big	1	1	0	0	0	na	na	na	na	na	na	na	na	na	na	na	na	na	na	na	0	na	na	na	na	na	na	na	0	na	na	na	na	na	na	0	na	0	na	na	0	na
Morkhalla_StatuePieceHorn	1	1	0	0	0	na	na	na	na	na	na	na	na	na	na	na	na	na	na	na	0	na	na	na	na	na	na	na	0	na	na	na	na	na	na	0	na	0	na	na	0	na
Morkhalla_StatuePieceHorn_big	1	1	0	0	0	na	na	na	na	na	na	na	na	na	na	na	na	na	na	na	0	na	na	na	na	na	na	na	0	na	na	na	na	na	na	0	na	0	na	na	0	na
Morkhalla_StatuePieceHorn2	1	1	0	0	0	na	na	na	na	na	na	na	na	na	na	na	na	na	na	na	0	na	na	na	na	na	na	na	0	na	na	na	na	na	na	0	na	0	na	na	0	na
Morkhalla_StatuePieceHorn2_big	1	1	0	0	0	na	na	na	na	na	na	na	na	na	na	na	na	na	na	na	0	na	na	na	na	na	na	na	0	na	na	na	na	na	na	0	na	0	na	na	0	na
Morkhalla_StatuePieceLegs	1	1	0	0	0	na	na	na	na	na	na	na	na	na	na	na	na	na	na	na	0	na	na	na	na	na	na	na	0	na	na	na	na	na	na	0	na	0	na	na	0	na
Morkhalla_StatuePieceLegs_big	1	1	0	0	0	na	na	na	na	na	na	na	na	na	na	na	na	na	na	na	0	na	na	na	na	na	na	na	0	na	na	na	na	na	na	0	na	0	na	na	0	na
Morkhalla_StatuePieceSword	1	1	0	0	0	na	na	na	na	na	na	na	na	na	na	na	na	na	na	na	0	na	na	na	na	na	na	na	0	na	na	na	na	na	na	0	na	0	na	na	0	na
Morkhalla_StatuePieceSword_big	1	1	0	0	0	na	na	na	na	na	na	na	na	na	na	na	na	na	na	na	0	na	na	na	na	na	na	na	0	na	na	na	na	na	na	0	na	0	na	na	0	na
Morkhalla_StatuePieceTorso	1	1	0	0	0	na	na	na	na	na	na	na	na	na	na	na	na	na	na	na	0	na	na	na	na	na	na	na	0	na	na	na	na	na	na	0	na	0	na	na	0	na
Morkhalla_StatuePieceTorso_big	1	1	0	0	0	na	na	na	na	na	na	na	na	na	na	na	na	na	na	na	0	na	na	na	na	na	na	na	0	na	na	na	na	na	na	0	na	0	na	na	0	na
Morkhalla_StatueSword	1	1	0	0	0	na	na	na	na	na	na	na	na	na	na	na	na	na	na	na	0	na	na	na	na	na	na	na	0	na	na	na	na	na	na	0	na	0	na	na	0	na
Morkhalla_StatueSword_hanging	1	1	0	0	0	na	na	na	na	na	na	na	na	na	na	na	na	na	na	na	0	na	na	na	na	na	na	na	0	na	na	na	na	na	na	0	na	0	na	na	0	na
Morkhalla_Stonepile	1	1	0	2	1	0	0	0	0	0	0	0	0	0	0	0	0	0	0	$piece_marblepile	1	0	100	0	1	0	0	0	0	na	na	na	na	na	na	0	na	0	na	na	0	na
Morkhalla_Stool	1	1	0	2	0	na	na	na	na	na	na	na	na	na	na	na	na	na	na	na	1	3	500	0	1	1	0	0	0	na	na	na	na	na	na	0	na	0	na	na	0	na
Morkhalla_Table	1	1	0	0	0	na	na	na	na	na	na	na	na	na	na	na	na	na	na	na	1	0	100	1	1	1	0	0	0	na	na	na	na	na	na	0	na	0	na	na	0	na
Morkhalla_Trainingdummy1	1	1	0	0	0	na	na	na	na	na	na	na	na	na	na	na	na	na	na	na	1	0	800	0	1	1	0	0	0	na	na	na	na	na	na	0	na	0	na	na	0	na
Morkhalla_Trainingdummy2	1	1	0	0	0	na	na	na	na	na	na	na	na	na	na	na	na	na	na	na	1	0	200	0	1	1	0	0	0	na	na	na	na	na	na	0	na	0	na	na	0	na
Morkhalla_WallChain1	1	1	0	0	0	na	na	na	na	na	na	na	na	na	na	na	na	na	na	na	0	na	na	na	na	na	na	na	0	na	na	na	na	na	na	0	na	0	na	na	0	na
Morkhalla_WeaponStand	1	1	0	2	0	na	na	na	na	na	na	na	na	na	na	na	na	na	na	na	0	na	na	na	na	na	na	na	0	na	na	na	na	na	na	0	na	0	na	na	0	na
morkhalla_web_corner	1	1	0	0	0	na	na	na	na	na	na	na	na	na	na	na	na	na	na	na	0	na	na	na	na	na	na	na	0	na	na	na	na	na	na	0	na	0	na	na	0	na
morkhalla_web_horisontal	1	1	0	0	0	na	na	na	na	na	na	na	na	na	na	na	na	na	na	na	0	na	na	na	na	na	na	na	0	na	na	na	na	na	na	0	na	0	na	na	0	na
morkhalla_web_tunnel	1	1	0	0	0	na	na	na	na	na	na	na	na	na	na	na	na	na	na	na	0	na	na	na	na	na	na	na	0	na	na	na	na	na	na	0	na	0	na	na	0	na
Morkhalla_WoodBoards	1	1	0	0	0	na	na	na	na	na	na	na	na	na	na	na	na	na	na	na	0	na	na	na	na	na	na	na	0	na	na	na	na	na	na	0	na	0	na	na	0	na
Morkhalla_woodboards_Destroyed	1	0	0	0	0	na	na	na	na	na	na	na	na	na	na	na	na	na	na	na	0	na	na	na	na	na	na	na	0	na	na	na	na	na	na	0	na	0	na	na	0	na
MountainGraveStone01	1	1	0	0	0	na	na	na	na	na	na	na	na	na	na	na	na	na	na	na	0	na	na	na	na	na	na	na	0	na	na	na	na	na	na	0	na	0	na	na	0	na
MountainKit_brazier	1	1	0	2	0	na	na	na	na	na	na	na	na	na	na	na	na	na	na	na	0	na	na	na	na	na	na	na	0	na	na	na	na	na	na	0	na	0	na	na	0	na
MountainKit_brazier_blue	1	1	0	2	0	na	na	na	na	na	na	na	na	na	na	na	na	na	na	na	0	na	na	na	na	na	na	na	0	na	na	na	na	na	na	0	na	0	na	na	0	na
MountainKit_brazier_purple	1	1	0	2	0	na	na	na	na	na	na	na	na	na	na	na	na	na	na	na	1	2	100	0	1	0	0	0	0	na	na	na	na	na	na	0	na	0	na	na	0	na
mountainkit_chair	1	1	0	2	0	na	na	na	na	na	na	na	na	na	na	na	na	na	na	na	0	na	na	na	na	na	na	na	0	na	na	na	na	na	na	0	na	0	na	na	0	na
mountainkit_table	1	1	0	2	0	na	na	na	na	na	na	na	na	na	na	na	na	na	na	na	0	na	na	na	na	na	na	na	0	na	na	na	na	na	na	0	na	0	na	na	0	na
MountainKit_wood_gate	1	1	0	0	0	na	na	na	na	na	na	na	na	na	na	na	na	na	na	na	0	na	na	na	na	na	na	na	0	na	na	na	na	na	na	0	na	0	na	na	0	na
mud_road	1	1	0	2	1	0	0	0	1	0	0	0	0	0	0	1	0	0	0	$piece_levelground	0	na	na	na	na	na	na	na	0	na	na	na	na	na	na	0	na	0	na	na	0	na
mudpile	1	1	0	2	0	na	na	na	na	na	na	na	na	na	na	na	na	na	na	na	0	na	na	na	na	na	na	na	0	na	na	na	na	na	na	0	na	0	na	na	0	na
mudpile_beacon	1	1	0	2	0	na	na	na	na	na	na	na	na	na	na	na	na	na	na	na	0	na	na	na	na	na	na	na	0	na	na	na	na	na	na	0	na	0	na	na	0	na
mudpile_frac	1	1	0	2	0	na	na	na	na	na	na	na	na	na	na	na	na	na	na	na	0	na	na	na	na	na	na	na	0	na	na	na	na	na	na	0	na	0	na	na	0	na
mudpile_old	1	1	0	0	0	na	na	na	na	na	na	na	na	na	na	na	na	na	na	na	0	na	na	na	na	na	na	na	0	na	na	na	na	na	na	0	na	0	na	na	0	na
mudpile2	1	1	0	2	0	na	na	na	na	na	na	na	na	na	na	na	na	na	na	na	0	na	na	na	na	na	na	na	0	na	na	na	na	na	na	0	na	0	na	na	0	na
mudpile2_frac	1	1	0	2	0	na	na	na	na	na	na	na	na	na	na	na	na	na	na	na	0	na	na	na	na	na	na	na	0	na	na	na	na	na	na	0	na	0	na	na	0	na
Mushroom	1	1	0	0	1	0	1	0	0	0	0	0	1	0	1	0	0	0	6	$item_mushroomcommon	1	0	10	0	1	1	0	0	0	na	na	na	na	na	na	0	na	1	1	0	0	na
MushroomBlue	1	1	0	0	0	na	na	na	na	na	na	na	na	na	na	na	na	na	na	na	0	na	na	na	na	na	na	na	0	na	na	na	na	na	na	0	na	1	1	0	0	na
MushroomBzerker	1	1	0	0	1	0	1	0	0	0	0	0	1	0	1	0	0	0	6	$item_mushroom_bzerker	1	0	10	0	1	1	0	0	0	na	na	na	na	na	na	0	na	1	1	0	0	na
MushroomJotunPuffs	1	1	0	0	1	0	1	0	0	0	0	0	1	0	1	0	0	0	6	$item_jotunpuffs	1	0	10	0	1	1	0	0	0	na	na	na	na	na	na	0	na	1	1	0	0	na
MushroomMagecap	1	1	0	0	1	0	1	0	0	0	0	0	1	0	1	0	0	0	6	$item_magecap	1	0	10	0	1	1	0	0	0	na	na	na	na	na	na	0	na	1	1	0	0	na
MushroomOmelette	1	1	0	0	1	0	1	0	0	0	0	0	1	0	1	0	0	0	6	$item_mushroomomelette	1	0	10	0	1	1	0	0	0	na	na	na	na	na	na	0	na	1	1	0	0	na
MushroomSmokePuff	1	1	0	0	1	0	1	0	0	0	0	0	1	0	1	0	0	0	6	$item_smokepuff	1	0	10	0	1	1	0	0	0	na	na	na	na	na	na	0	na	1	1	0	0	na
MushroomYellow	1	1	0	0	1	0	1	0	0	0	0	0	1	0	1	0	0	0	6	$item_mushroomyellow	1	0	10	0	1	1	0	0	0	na	na	na	na	na	na	0	na	1	1	0	0	na
Music_FulingCamp	1	1	0	0	0	na	na	na	na	na	na	na	na	na	na	na	na	na	na	na	0	na	na	na	na	na	na	na	0	na	na	na	na	na	na	0	na	0	na	na	0	na
Music_GreydwarfCamp	1	1	0	0	0	na	na	na	na	na	na	na	na	na	na	na	na	na	na	na	0	na	na	na	na	na	na	na	0	na	na	na	na	na	na	0	na	0	na	na	0	na
Music_MeadowsVillageFarm	1	1	0	0	0	na	na	na	na	na	na	na	na	na	na	na	na	na	na	na	0	na	na	na	na	na	na	na	0	na	na	na	na	na	na	0	na	0	na	na	0	na
Music_MountainCottage	1	1	0	0	0	na	na	na	na	na	na	na	na	na	na	na	na	na	na	na	0	na	na	na	na	na	na	na	0	na	na	na	na	na	na	0	na	0	na	na	0	na
Music_SealedTower	1	1	0	0	0	na	na	na	na	na	na	na	na	na	na	na	na	na	na	na	0	na	na	na	na	na	na	na	0	na	na	na	na	na	na	0	na	0	na	na	0	na
Music_StoneHenge	1	1	0	0	0	na	na	na	na	na	na	na	na	na	na	na	na	na	na	na	0	na	na	na	na	na	na	na	0	na	na	na	na	na	na	0	na	0	na	na	0	na
Neck	1	1	0	0	0	na	na	na	na	na	na	na	na	na	na	na	na	na	na	na	0	na	na	na	na	na	na	na	0	na	na	na	na	na	na	0	na	1	8	0	0	na
Neck_Ragdoll	1	0	0	0	0	na	na	na	na	na	na	na	na	na	na	na	na	na	na	na	0	na	na	na	na	na	na	na	0	na	na	na	na	na	na	0	na	0	na	na	0	na
NeckTail	1	1	0	0	0	na	na	na	na	na	na	na	na	na	na	na	na	na	na	na	0	na	na	na	na	na	na	na	0	na	na	na	na	na	na	0	na	1	1	0	0	na
NeckTailGrilled	1	1	0	0	1	0	1	0	0	0	0	0	1	0	1	0	0	0	6	$item_necktailgrilled	1	0	10	0	1	1	0	0	0	na	na	na	na	na	na	0	na	1	1	0	0	na
Needle	1	1	0	0	0	na	na	na	na	na	na	na	na	na	na	na	na	na	na	na	0	na	na	na	na	na	na	na	0	na	na	na	na	na	na	0	na	1	1	0	0	na
NornThread	1	1	0	0	0	na	na	na	na	na	na	na	na	na	na	na	na	na	na	na	0	na	na	na	na	na	na	na	0	na	na	na	na	na	na	0	na	1	1	0	0	na
Oak_log	1	1	0	0	0	na	na	na	na	na	na	na	na	na	na	na	na	na	na	na	0	na	na	na	na	na	na	na	0	na	na	na	na	na	na	1	0.3	1	100	0	0	na
Oak_log_half	1	1	0	0	0	na	na	na	na	na	na	na	na	na	na	na	na	na	na	na	0	na	na	na	na	na	na	na	0	na	na	na	na	na	na	1	0.3	1	50	0	0	na
Oak_Sapling	1	1	0	0	1	0	1	1	0	1	0	0	0	0	0	0	0	0	0	$prop_oak_sapling	0	na	na	na	na	na	na	na	0	na	na	na	na	na	na	0	na	0	na	na	0	na
Oak1	1	1	1	2	0	na	na	na	na	na	na	na	na	na	na	na	na	na	na	na	0	na	na	na	na	na	na	na	0	na	na	na	na	na	na	0	na	0	na	na	0	na
OakStub	1	1	0	2	0	na	na	na	na	na	na	na	na	na	na	na	na	na	na	na	0	na	na	na	na	na	na	na	0	na	na	na	na	na	na	0	na	0	na	na	0	na
Oat	1	1	0	0	1	0	1	0	0	0	0	0	1	0	1	0	0	0	6	$item_oat	1	0	10	0	1	1	0	0	0	na	na	na	na	na	na	0	na	1	1	0	0	na
OatFlour	1	1	0	0	0	na	na	na	na	na	na	na	na	na	na	na	na	na	na	na	0	na	na	na	na	na	na	na	0	na	na	na	na	na	na	0	na	1	1	0	0	na
OatmealLingonberryJam	1	1	0	0	1	0	1	0	0	0	0	0	1	0	1	0	0	0	6	$item_oatmeallingonberryjam	1	0	10	0	1	1	0	0	0	na	na	na	na	na	na	0	na	1	1	0	0	na
OatMilk	1	1	0	0	1	0	1	0	0	0	0	0	1	0	1	0	0	0	6	$item_oatmilk	1	0	10	0	1	1	0	0	0	na	na	na	na	na	na	0	na	1	1	0	0	na
OatSeeds	1	1	0	0	0	na	na	na	na	na	na	na	na	na	na	na	na	na	na	na	0	na	na	na	na	na	na	na	0	na	na	na	na	na	na	0	na	1	1	0	0	na
Obsidian	1	1	0	0	0	na	na	na	na	na	na	na	na	na	na	na	na	na	na	na	0	na	na	na	na	na	na	na	0	na	na	na	na	na	na	0	na	1	1	0	0	na
obsidian_pile	1	1	0	2	1	0	0	0	0	0	0	0	0	0	0	0	0	0	0	$piece_obsidianpile	1	0	50	0	1	0	0	0	0	na	na	na	na	na	na	0	na	0	na	na	0	na
odin	1	1	0	0	0	na	na	na	na	na	na	na	na	na	na	na	na	na	na	na	0	na	na	na	na	na	na	na	0	na	na	na	na	na	na	0	na	1	1	0	0	na
offeraltar_FrozenKing_bossroom	1	1	0	2	0	na	na	na	na	na	na	na	na	na	na	na	na	na	na	na	0	na	na	na	na	na	na	na	0	na	na	na	na	na	na	0	na	0	na	na	0	na
OLD_wood_roof	1	1	0	0	1	0	0	0	0	0	0	0	0	0	0	0	0	0	2	Wood roof	1	0	500	1	1	0	0	0	0	na	na	na	na	na	na	0	na	0	na	na	0	na
OLD_wood_roof_icorner	1	1	0	0	1	0	0	0	0	0	0	0	0	0	0	0	0	0	2	Wood roof icorner	1	0	500	1	1	0	0	0	0	na	na	na	na	na	na	0	na	0	na	na	0	na
OLD_wood_roof_ocorner	1	1	0	0	1	0	0	0	0	0	0	0	0	0	0	0	0	0	2	Wood roof ocorner	1	0	500	1	1	0	0	0	0	na	na	na	na	na	na	0	na	0	na	na	0	na
OLD_wood_roof_top	1	1	0	0	1	0	0	0	0	0	0	0	0	0	0	0	0	0	2	Wood roof ridge	1	0	500	1	1	0	0	0	0	na	na	na	na	na	na	0	na	0	na	na	0	na
OLD_wood_wall_roof	1	1	0	0	1	0	0	0	0	0	0	0	0	0	0	0	0	0	2	Wood wall roof	1	0	500	1	1	0	0	0	0	na	na	na	na	na	na	0	na	0	na	na	0	na
Onion	1	1	0	0	1	0	1	0	0	0	0	0	1	0	1	0	0	0	6	$item_onion	1	0	10	0	1	1	0	0	0	na	na	na	na	na	na	0	na	1	1	0	0	na
OnionSeeds	1	1	0	0	0	na	na	na	na	na	na	na	na	na	na	na	na	na	na	na	0	na	na	na	na	na	na	na	0	na	na	na	na	na	na	0	na	1	1	0	0	na
OnionSoup	1	1	0	0	1	0	1	0	0	0	0	0	1	0	1	0	0	0	6	$item_onionsoup	1	0	10	0	1	1	0	0	0	na	na	na	na	na	na	0	na	1	1	0	0	na
Ooze	1	1	0	0	0	na	na	na	na	na	na	na	na	na	na	na	na	na	na	na	0	na	na	na	na	na	na	na	0	na	na	na	na	na	na	0	na	1	1	0	0	na
oozebomb_explosion	1	0	0	0	0	na	na	na	na	na	na	na	na	na	na	na	na	na	na	na	0	na	na	na	na	na	na	na	0	na	na	na	na	na	na	0	na	0	na	na	0	na
oozebomb_projectile	1	0	0	0	0	na	na	na	na	na	na	na	na	na	na	na	na	na	na	na	0	na	na	na	na	na	na	na	0	na	na	na	na	na	na	0	na	0	na	na	0	na
OozeMork	1	1	0	0	0	na	na	na	na	na	na	na	na	na	na	na	na	na	na	na	0	na	na	na	na	na	na	na	0	na	na	na	na	na	na	0	na	1	1	0	0	na
OrbFrostFire	1	1	0	0	0	na	na	na	na	na	na	na	na	na	na	na	na	na	na	na	0	na	na	na	na	na	na	na	0	na	na	na	na	na	na	0	na	1	1	0	0	na
OrbThunderBlood	1	1	0	0	0	na	na	na	na	na	na	na	na	na	na	na	na	na	na	na	0	na	na	na	na	na	na	na	0	na	na	na	na	na	na	0	na	1	1	0	0	na
OvenPancake	1	1	0	0	1	0	1	0	0	0	0	0	1	0	1	0	0	0	6	$item_ovenpancake	1	0	10	0	1	1	0	0	0	na	na	na	na	na	na	0	na	1	1	0	0	na
OvenPancakeUncooked	1	1	0	0	0	na	na	na	na	na	na	na	na	na	na	na	na	na	na	na	0	na	na	na	na	na	na	na	0	na	na	na	na	na	na	0	na	1	1	0	0	na
Pancakes	1	1	0	0	1	0	1	0	0	0	0	0	1	0	1	0	0	0	6	$item_pancakes	1	0	10	0	1	1	0	0	0	na	na	na	na	na	na	0	na	1	1	0	0	na
path	1	1	0	2	1	0	0	0	1	0	0	0	0	0	0	0	0	0	0	$piece_path	0	na	na	na	na	na	na	na	0	na	na	na	na	na	na	0	na	0	na	na	0	na
paved_road	1	1	0	2	1	0	0	0	1	0	0	0	0	0	0	1	0	0	0	$piece_pavedroad	0	na	na	na	na	na	na	na	0	na	na	na	na	na	na	0	na	0	na	na	0	na
Pickable_Ashstone	1	1	0	0	0	na	na	na	na	na	na	na	na	na	na	na	na	na	na	na	0	na	na	na	na	na	na	na	0	na	na	na	na	na	na	0	na	0	na	na	0	na
Pickable_Barley	1	1	0	0	0	na	na	na	na	na	na	na	na	na	na	na	na	na	na	na	0	na	na	na	na	na	na	na	0	na	na	na	na	na	na	0	na	0	na	na	0	na
Pickable_Barley_Wild	1	1	0	0	0	na	na	na	na	na	na	na	na	na	na	na	na	na	na	na	0	na	na	na	na	na	na	na	0	na	na	na	na	na	na	0	na	0	na	na	0	na
Pickable_BlackCoreStand	1	1	0	0	0	na	na	na	na	na	na	na	na	na	na	na	na	na	na	na	0	na	na	na	na	na	na	na	0	na	na	na	na	na	na	0	na	0	na	na	0	na
Pickable_BogIronOre	1	1	0	0	0	na	na	na	na	na	na	na	na	na	na	na	na	na	na	na	0	na	na	na	na	na	na	na	0	na	na	na	na	na	na	0	na	0	na	na	0	na
Pickable_Branch	1	1	0	0	0	na	na	na	na	na	na	na	na	na	na	na	na	na	na	na	0	na	na	na	na	na	na	na	0	na	na	na	na	na	na	0	na	0	na	na	0	na
Pickable_Branch_Snow	1	1	0	0	0	na	na	na	na	na	na	na	na	na	na	na	na	na	na	na	0	na	na	na	na	na	na	na	0	na	na	na	na	na	na	0	na	0	na	na	0	na
Pickable_Carrot	1	1	0	0	0	na	na	na	na	na	na	na	na	na	na	na	na	na	na	na	0	na	na	na	na	na	na	na	0	na	na	na	na	na	na	0	na	0	na	na	0	na
Pickable_Charredskull	1	1	0	0	0	na	na	na	na	na	na	na	na	na	na	na	na	na	na	na	0	na	na	na	na	na	na	na	0	na	na	na	na	na	na	0	na	0	na	na	0	na
Pickable_Dandelion	1	1	0	0	0	na	na	na	na	na	na	na	na	na	na	na	na	na	na	na	0	na	na	na	na	na	na	na	0	na	na	na	na	na	na	0	na	0	na	na	0	na
Pickable_DolmenTreasure	1	1	0	0	0	na	na	na	na	na	na	na	na	na	na	na	na	na	na	na	0	na	na	na	na	na	na	na	0	na	na	na	na	na	na	0	na	0	na	na	0	na
Pickable_DragonEgg	1	1	0	0	0	na	na	na	na	na	na	na	na	na	na	na	na	na	na	na	0	na	na	na	na	na	na	na	0	na	na	na	na	na	na	0	na	0	na	na	0	na
Pickable_DvergerThing	1	1	0	0	0	na	na	na	na	na	na	na	na	na	na	na	na	na	na	na	0	na	na	na	na	na	na	na	0	na	na	na	na	na	na	0	na	0	na	na	0	na
Pickable_DvergrLantern	1	1	0	0	0	na	na	na	na	na	na	na	na	na	na	na	na	na	na	na	0	na	na	na	na	na	na	na	0	na	na	na	na	na	na	0	na	0	na	na	0	na
Pickable_DvergrMineTreasure	1	1	0	0	0	na	na	na	na	na	na	na	na	na	na	na	na	na	na	na	0	na	na	na	na	na	na	na	0	na	na	na	na	na	na	0	na	0	na	na	0	na
Pickable_DvergrStein	1	1	0	0	0	na	na	na	na	na	na	na	na	na	na	na	na	na	na	na	0	na	na	na	na	na	na	na	0	na	na	na	na	na	na	0	na	0	na	na	0	na
Pickable_Fiddlehead	1	1	0	0	0	na	na	na	na	na	na	na	na	na	na	na	na	na	na	na	0	na	na	na	na	na	na	na	0	na	na	na	na	na	na	0	na	0	na	na	0	na
Pickable_Fishingrod	1	1	0	0	0	na	na	na	na	na	na	na	na	na	na	na	na	na	na	na	0	na	na	na	na	na	na	na	0	na	na	na	na	na	na	0	na	0	na	na	0	na
Pickable_Flax	1	1	0	0	0	na	na	na	na	na	na	na	na	na	na	na	na	na	na	na	0	na	na	na	na	na	na	na	0	na	na	na	na	na	na	0	na	0	na	na	0	na
Pickable_Flax_Wild	1	1	0	0	0	na	na	na	na	na	na	na	na	na	na	na	na	na	na	na	0	na	na	na	na	na	na	na	0	na	na	na	na	na	na	0	na	0	na	na	0	na
Pickable_Flint	1	1	0	0	0	na	na	na	na	na	na	na	na	na	na	na	na	na	na	na	0	na	na	na	na	na	na	na	0	na	na	na	na	na	na	0	na	0	na	na	0	na
Pickable_ForestCryptRandom	1	1	0	0	0	na	na	na	na	na	na	na	na	na	na	na	na	na	na	na	0	na	na	na	na	na	na	na	0	na	na	na	na	na	na	0	na	0	na	na	0	na
Pickable_ForestCryptRemains01	1	1	0	0	0	na	na	na	na	na	na	na	na	na	na	na	na	na	na	na	0	na	na	na	na	na	na	na	0	na	na	na	na	na	na	0	na	0	na	na	0	na
Pickable_ForestCryptRemains02	1	1	0	0	0	na	na	na	na	na	na	na	na	na	na	na	na	na	na	na	0	na	na	na	na	na	na	na	0	na	na	na	na	na	na	0	na	0	na	na	0	na
Pickable_ForestCryptRemains03	1	1	0	0	0	na	na	na	na	na	na	na	na	na	na	na	na	na	na	na	0	na	na	na	na	na	na	na	0	na	na	na	na	na	na	0	na	0	na	na	0	na
Pickable_ForestCryptRemains04	1	1	0	0	0	na	na	na	na	na	na	na	na	na	na	na	na	na	na	na	0	na	na	na	na	na	na	na	0	na	na	na	na	na	na	0	na	0	na	na	0	na
Pickable_FrostCoreHanger	1	1	0	0	0	na	na	na	na	na	na	na	na	na	na	na	na	na	na	na	0	na	na	na	na	na	na	na	0	na	na	na	na	na	na	0	na	0	na	na	0	na
Pickable_GlowWorm	1	1	0	0	0	na	na	na	na	na	na	na	na	na	na	na	na	na	na	na	0	na	na	na	na	na	na	na	0	na	na	na	na	na	na	0	na	0	na	na	0	na
Pickable_Hairstrands01	1	1	0	0	0	na	na	na	na	na	na	na	na	na	na	na	na	na	na	na	0	na	na	na	na	na	na	na	0	na	na	na	na	na	na	0	na	0	na	na	0	na
Pickable_Hairstrands02	1	1	0	0	0	na	na	na	na	na	na	na	na	na	na	na	na	na	na	na	0	na	na	na	na	na	na	na	0	na	na	na	na	na	na	0	na	0	na	na	0	na
Pickable_HardRockOffspring	1	1	0	0	0	na	na	na	na	na	na	na	na	na	na	na	na	na	na	na	0	na	na	na	na	na	na	na	0	na	na	na	na	na	na	0	na	0	na	na	0	na
Pickable_Item	1	1	0	0	0	na	na	na	na	na	na	na	na	na	na	na	na	na	na	na	0	na	na	na	na	na	na	na	0	na	na	na	na	na	na	0	na	0	na	na	0	na
Pickable_Kale	1	1	0	0	0	na	na	na	na	na	na	na	na	na	na	na	na	na	na	na	0	na	na	na	na	na	na	na	0	na	na	na	na	na	na	0	na	0	na	na	0	na
Pickable_MeatPile	1	1	0	0	0	na	na	na	na	na	na	na	na	na	na	na	na	na	na	na	0	na	na	na	na	na	na	na	0	na	na	na	na	na	na	0	na	0	na	na	0	na
Pickable_Meteorite	1	1	0	0	0	na	na	na	na	na	na	na	na	na	na	na	na	na	na	na	0	na	na	na	na	na	na	na	0	na	na	na	na	na	na	0	na	0	na	na	0	na
Pickable_MoltenCoreStand	1	1	0	0	0	na	na	na	na	na	na	na	na	na	na	na	na	na	na	na	0	na	na	na	na	na	na	na	0	na	na	na	na	na	na	0	na	0	na	na	0	na
Pickable_MorkHallaTreasure	1	1	0	0	0	na	na	na	na	na	na	na	na	na	na	na	na	na	na	na	0	na	na	na	na	na	na	na	0	na	na	na	na	na	na	0	na	0	na	na	0	na
Pickable_MountainCaveCrystal	1	1	0	0	0	na	na	na	na	na	na	na	na	na	na	na	na	na	na	na	0	na	na	na	na	na	na	na	0	na	na	na	na	na	na	0	na	0	na	na	0	na
Pickable_MountainCaveObsidian	1	1	0	0	0	na	na	na	na	na	na	na	na	na	na	na	na	na	na	na	0	na	na	na	na	na	na	na	0	na	na	na	na	na	na	0	na	0	na	na	0	na
Pickable_MountainCaveRandom	1	1	0	0	0	na	na	na	na	na	na	na	na	na	na	na	na	na	na	na	0	na	na	na	na	na	na	na	0	na	na	na	na	na	na	0	na	0	na	na	0	na
Pickable_MountainRemains01_buried	1	1	0	0	0	na	na	na	na	na	na	na	na	na	na	na	na	na	na	na	0	na	na	na	na	na	na	na	0	na	na	na	na	na	na	0	na	0	na	na	0	na
Pickable_Mushroom	1	1	0	0	0	na	na	na	na	na	na	na	na	na	na	na	na	na	na	na	0	na	na	na	na	na	na	na	0	na	na	na	na	na	na	0	na	0	na	na	0	na
Pickable_Mushroom_blue	1	1	0	0	0	na	na	na	na	na	na	na	na	na	na	na	na	na	na	na	0	na	na	na	na	na	na	na	0	na	na	na	na	na	na	0	na	0	na	na	0	na
Pickable_Mushroom_JotunPuffs	1	1	0	0	0	na	na	na	na	na	na	na	na	na	na	na	na	na	na	na	0	na	na	na	na	na	na	na	0	na	na	na	na	na	na	0	na	0	na	na	0	na
Pickable_Mushroom_Magecap	1	1	0	0	0	na	na	na	na	na	na	na	na	na	na	na	na	na	na	na	0	na	na	na	na	na	na	na	0	na	na	na	na	na	na	0	na	0	na	na	0	na
Pickable_Mushroom_yellow	1	1	0	0	0	na	na	na	na	na	na	na	na	na	na	na	na	na	na	na	0	na	na	na	na	na	na	na	0	na	na	na	na	na	na	0	na	0	na	na	0	na
Pickable_Oat	1	1	0	0	0	na	na	na	na	na	na	na	na	na	na	na	na	na	na	na	0	na	na	na	na	na	na	na	0	na	na	na	na	na	na	0	na	0	na	na	0	na
Pickable_Obsidian	1	1	0	0	0	na	na	na	na	na	na	na	na	na	na	na	na	na	na	na	0	na	na	na	na	na	na	na	0	na	na	na	na	na	na	0	na	0	na	na	0	na
Pickable_Onion	1	1	0	0	0	na	na	na	na	na	na	na	na	na	na	na	na	na	na	na	0	na	na	na	na	na	na	na	0	na	na	na	na	na	na	0	na	0	na	na	0	na
Pickable_Pot_Shard	1	1	0	0	0	na	na	na	na	na	na	na	na	na	na	na	na	na	na	na	0	na	na	na	na	na	na	na	0	na	na	na	na	na	na	0	na	0	na	na	0	na
Pickable_Poteitr	1	1	0	0	0	na	na	na	na	na	na	na	na	na	na	na	na	na	na	na	0	na	na	na	na	na	na	na	0	na	na	na	na	na	na	0	na	0	na	na	0	na
Pickable_RandomFood	1	1	0	0	0	na	na	na	na	na	na	na	na	na	na	na	na	na	na	na	0	na	na	na	na	na	na	na	0	na	na	na	na	na	na	0	na	0	na	na	0	na
Pickable_RoyalJelly	1	1	0	0	0	na	na	na	na	na	na	na	na	na	na	na	na	na	na	na	0	na	na	na	na	na	na	na	0	na	na	na	na	na	na	0	na	0	na	na	0	na
Pickable_SeedCarrot	1	1	0	0	0	na	na	na	na	na	na	na	na	na	na	na	na	na	na	na	0	na	na	na	na	na	na	na	0	na	na	na	na	na	na	0	na	0	na	na	0	na
Pickable_SeedKale	1	1	0	0	0	na	na	na	na	na	na	na	na	na	na	na	na	na	na	na	0	na	na	na	na	na	na	na	0	na	na	na	na	na	na	0	na	0	na	na	0	na
Pickable_SeedOnion	1	1	0	0	0	na	na	na	na	na	na	na	na	na	na	na	na	na	na	na	0	na	na	na	na	na	na	na	0	na	na	na	na	na	na	0	na	0	na	na	0	na
Pickable_SeedTurnip	1	1	0	0	0	na	na	na	na	na	na	na	na	na	na	na	na	na	na	na	0	na	na	na	na	na	na	na	0	na	na	na	na	na	na	0	na	0	na	na	0	na
Pickable_SmokePuff	1	1	0	0	0	na	na	na	na	na	na	na	na	na	na	na	na	na	na	na	0	na	na	na	na	na	na	na	0	na	na	na	na	na	na	0	na	0	na	na	0	na
Pickable_Snowball	1	1	0	0	0	na	na	na	na	na	na	na	na	na	na	na	na	na	na	na	0	na	na	na	na	na	na	na	0	na	na	na	na	na	na	0	na	0	na	na	0	na
Pickable_Stone	1	1	0	0	0	na	na	na	na	na	na	na	na	na	na	na	na	na	na	na	0	na	na	na	na	na	na	na	0	na	na	na	na	na	na	0	na	0	na	na	0	na
Pickable_StoneRock	1	1	0	0	0	na	na	na	na	na	na	na	na	na	na	na	na	na	na	na	0	na	na	na	na	na	na	na	0	na	na	na	na	na	na	0	na	0	na	na	0	na
Pickable_SulfurRock	1	1	0	0	0	na	na	na	na	na	na	na	na	na	na	na	na	na	na	na	0	na	na	na	na	na	na	na	0	na	na	na	na	na	na	0	na	0	na	na	0	na
Pickable_SunkenCryptRandom	1	1	0	0	0	na	na	na	na	na	na	na	na	na	na	na	na	na	na	na	0	na	na	na	na	na	na	na	0	na	na	na	na	na	na	0	na	0	na	na	0	na
Pickable_SurtlingCoreStand	1	1	0	0	0	na	na	na	na	na	na	na	na	na	na	na	na	na	na	na	0	na	na	na	na	na	na	na	0	na	na	na	na	na	na	0	na	0	na	na	0	na
Pickable_Swordpiece1	1	1	0	0	0	na	na	na	na	na	na	na	na	na	na	na	na	na	na	na	0	na	na	na	na	na	na	na	0	na	na	na	na	na	na	0	na	0	na	na	0	na
Pickable_Swordpiece2	1	1	0	0	0	na	na	na	na	na	na	na	na	na	na	na	na	na	na	na	0	na	na	na	na	na	na	na	0	na	na	na	na	na	na	0	na	0	na	na	0	na
Pickable_Swordpiece3	1	1	0	0	0	na	na	na	na	na	na	na	na	na	na	na	na	na	na	na	0	na	na	na	na	na	na	na	0	na	na	na	na	na	na	0	na	0	na	na	0	na
Pickable_Tar	1	1	0	0	0	na	na	na	na	na	na	na	na	na	na	na	na	na	na	na	0	na	na	na	na	na	na	na	0	na	na	na	na	na	na	1	0.1	1	1	0	0	na
Pickable_TarBig	1	1	0	0	0	na	na	na	na	na	na	na	na	na	na	na	na	na	na	na	0	na	na	na	na	na	na	na	0	na	na	na	na	na	na	0	na	0	na	na	0	na
Pickable_Thistle	1	1	0	0	0	na	na	na	na	na	na	na	na	na	na	na	na	na	na	na	0	na	na	na	na	na	na	na	0	na	na	na	na	na	na	0	na	0	na	na	0	na
Pickable_Tin	1	1	0	0	0	na	na	na	na	na	na	na	na	na	na	na	na	na	na	na	0	na	na	na	na	na	na	na	0	na	na	na	na	na	na	0	na	0	na	na	0	na
Pickable_Turnip	1	1	0	0	0	na	na	na	na	na	na	na	na	na	na	na	na	na	na	na	0	na	na	na	na	na	na	na	0	na	na	na	na	na	na	0	na	0	na	na	0	na
Pickable_VoltureEgg	1	1	0	0	0	na	na	na	na	na	na	na	na	na	na	na	na	na	na	na	0	na	na	na	na	na	na	na	0	na	na	na	na	na	na	0	na	0	na	na	0	na
PickaxeAntler	1	1	0	0	0	na	na	na	na	na	na	na	na	na	na	na	na	na	na	na	0	na	na	na	na	na	na	na	0	na	na	na	na	na	na	0	na	1	1	0	0	na
PickaxeBlackMetal	1	1	0	0	0	na	na	na	na	na	na	na	na	na	na	na	na	na	na	na	0	na	na	na	na	na	na	na	0	na	na	na	na	na	na	0	na	1	1	0	0	na
PickaxeBronze	1	1	0	0	0	na	na	na	na	na	na	na	na	na	na	na	na	na	na	na	0	na	na	na	na	na	na	na	0	na	na	na	na	na	na	0	na	1	1	0	0	na
PickaxeIron	1	1	0	0	0	na	na	na	na	na	na	na	na	na	na	na	na	na	na	na	0	na	na	na	na	na	na	na	0	na	na	na	na	na	na	0	na	1	1	0	0	na
PickaxeStone	1	1	0	0	0	na	na	na	na	na	na	na	na	na	na	na	na	na	na	na	0	na	na	na	na	na	na	na	0	na	na	na	na	na	na	0	na	1	1	0	0	na
piece_ArcheryTarget	1	1	0	2	1	0	1	0	0	0	0	0	0	1	0	0	0	0	0	$piece_archerytarget	1	0	500	0	1	0	0	0	0	na	na	na	na	na	na	0	na	0	na	na	0	na
piece_artisanstation	1	1	0	2	1	0	1	0	0	0	0	0	1	0	1	0	0	0	1	$piece_artisanstation	1	0	200	0	1	1	0	0	0	na	na	na	na	na	na	0	na	0	na	na	0	na
piece_asksvinskeleton	1	1	0	2	1	0	0	0	0	0	0	0	1	0	1	0	1	0	4	$piece_asksvinskeleton	1	0	150	0	1	1	0	0	0	na	na	na	na	na	na	0	na	0	na	na	0	na
piece_banner01	1	1	0	0	1	0	0	0	0	0	0	0	0	1	0	0	1	0	4	$piece_banner01	1	0	50	1	1	0	0	0	0	na	na	na	na	na	na	0	na	0	na	na	0	na
piece_banner02	1	1	0	0	1	0	0	0	0	0	0	0	0	1	0	0	1	0	4	$piece_banner02	1	0	50	1	1	0	0	0	0	na	na	na	na	na	na	0	na	0	na	na	0	na
piece_banner03	1	1	0	0	1	0	0	0	0	0	0	0	0	1	0	0	1	0	4	$piece_banner03	1	0	50	1	1	0	0	0	0	na	na	na	na	na	na	0	na	0	na	na	0	na
piece_banner04	1	1	0	0	1	0	0	0	0	0	0	0	0	1	0	0	1	0	4	$piece_banner04	1	0	50	1	1	0	0	0	0	na	na	na	na	na	na	0	na	0	na	na	0	na
piece_banner05	1	1	0	0	1	0	0	0	0	0	0	0	0	1	0	0	1	0	4	$piece_banner05	1	0	50	1	1	0	0	0	0	na	na	na	na	na	na	0	na	0	na	na	0	na
piece_banner06	1	1	0	0	1	0	0	0	0	0	0	0	0	1	0	0	1	0	4	$piece_banner06	1	0	50	1	1	0	0	0	0	na	na	na	na	na	na	0	na	0	na	na	0	na
piece_banner07	1	1	0	0	1	0	0	0	0	0	0	0	0	1	0	0	1	0	4	$piece_banner07	1	0	50	1	1	0	0	0	0	na	na	na	na	na	na	0	na	0	na	na	0	na
piece_banner08	1	1	0	0	1	0	0	0	0	0	0	0	0	1	0	0	1	0	4	$piece_banner08	1	0	50	1	1	0	0	0	0	na	na	na	na	na	na	0	na	0	na	na	0	na
piece_banner09	1	1	0	0	1	0	0	0	0	0	0	0	0	1	0	0	1	0	4	$piece_banner09	1	0	50	1	1	0	0	0	0	na	na	na	na	na	na	0	na	0	na	na	0	na
piece_banner10	1	1	0	0	1	0	0	0	0	0	0	0	0	1	0	0	1	0	4	$piece_banner10	1	0	50	1	1	0	0	0	0	na	na	na	na	na	na	0	na	0	na	na	0	na
piece_banner11	1	1	0	0	1	0	0	0	0	0	0	0	0	1	0	0	1	0	4	$piece_banner11	1	0	50	1	1	0	0	0	0	na	na	na	na	na	na	0	na	0	na	na	0	na
piece_barber	1	1	0	2	1	0	1	0	0	0	0	0	1	0	1	0	1	0	4	$piece_barber	1	0	200	1	1	1	0	0	0	na	na	na	na	na	na	0	na	0	na	na	0	na
piece_bathtub	1	1	0	2	1	0	1	0	0	0	0	0	1	0	1	0	2	0	4	$piece_bathtub	1	0	400	1	1	0	0	0	0	na	na	na	na	na	na	0	na	0	na	na	0	na
piece_bed02	1	1	0	2	1	0	1	0	0	0	0	0	1	0	1	0	2	0	4	$piece_bed02	1	0	300	1	1	1	0	0	0	na	na	na	na	na	na	0	na	0	na	na	0	na
piece_beehive	1	1	0	2	1	0	0	0	0	0	0	0	0	0	1	0	0	0	1	$piece_beehive	1	0	100	1	1	0	0	0	0	na	na	na	na	na	na	0	na	0	na	na	0	na
piece_bench_runed	1	1	0	2	1	0	1	0	0	0	0	0	1	0	1	0	1	0	5	$piece_bench_runed	1	0	100	1	1	1	0	0	0	na	na	na	na	na	na	0	na	0	na	na	0	na
piece_bench01	1	1	0	2	1	0	1	0	0	0	0	0	1	0	1	0	1	0	4	$piece_bench01	1	0	100	1	1	1	0	0	0	na	na	na	na	na	na	0	na	0	na	na	0	na
piece_birdnest	1	1	0	2	1	0	0	0	0	0	0	0	0	1	1	0	0	0	1	$piece_birdnest	1	0	100	1	1	0	0	0	0	na	na	na	na	na	na	0	na	0	na	na	0	na
piece_blackmarble_bench	1	1	0	2	1	0	1	0	0	0	0	0	1	0	1	0	1	0	4	$piece_blackmarble_bench	1	4	200	1	1	0	0	0	0	na	na	na	na	na	na	0	na	0	na	na	0	na
piece_blackmarble_table	1	1	0	2	1	0	1	0	0	0	0	0	1	0	1	0	1	0	4	$piece_blackmarble_table	1	4	100	1	1	0	0	0	0	na	na	na	na	na	na	0	na	0	na	na	0	na
piece_blackmarble_throne	1	1	0	2	1	0	1	0	0	0	0	0	1	0	1	0	3	0	4	$piece_blackmarble_throne	1	4	500	1	1	0	0	0	0	na	na	na	na	na	na	0	na	0	na	na	0	na
piece_blackwood_bench	1	1	0	2	1	0	1	0	0	0	0	0	1	0	1	0	1	0	4	$piece_bench01	1	0	200	0	1	1	0	0	0	na	na	na	na	na	na	0	na	0	na	na	0	na
piece_blackwood_bench01	1	1	0	2	1	0	1	0	0	0	0	0	1	0	1	0	1	0	4	$piece_blackwoodbench01	1	0	200	0	1	1	0	0	0	na	na	na	na	na	na	0	na	0	na	na	0	na
piece_bone_throne	1	1	0	2	1	0	1	0	0	0	0	0	1	0	1	0	3	0	4	$piece_bone_throne	1	4	500	1	1	0	0	0	0	na	na	na	na	na	na	0	na	0	na	na	0	na
piece_brazierceiling01	1	1	0	2	1	0	1	0	0	0	0	0	0	0	1	0	1	0	4	$piece_brazierceiling01	1	0	100	1	1	0	0	0	0	na	na	na	na	na	na	0	na	0	na	na	0	na
piece_brazierfloor01	1	1	0	2	1	0	1	0	0	0	0	0	1	0	1	0	1	0	4	$piece_brazierfloor01	1	0	100	0	1	0	0	0	0	na	na	na	na	na	na	0	na	0	na	na	0	na
piece_brazierfloor02	1	1	0	2	1	0	1	0	0	0	0	0	1	0	1	0	1	0	4	$piece_brazierfloor02	1	0	100	0	1	0	0	0	0	na	na	na	na	na	na	0	na	0	na	na	0	na
piece_cartographytable	1	1	0	2	1	0	1	0	0	0	0	0	1	0	1	0	0	0	0	$piece_cartographytable	1	0	100	0	1	1	0	0	0	na	na	na	na	na	na	0	na	0	na	na	0	na
piece_cauldron	1	1	0	2	1	0	1	0	0	0	1	0	0	0	1	0	0	0	1	$piece_cauldron	1	0	100	0	1	0	0	0	0	na	na	na	na	na	na	0	na	0	na	na	0	na
piece_CelebrationGarland	1	1	0	2	1	0	0	0	0	0	0	0	0	1	0	0	1	0	4	$piece_celebrationgarland	1	0	50	0	1	1	0	0	0	na	na	na	na	na	na	0	na	0	na	na	0	na
piece_chair	1	1	0	2	1	0	1	0	0	0	0	0	1	0	1	0	1	0	4	$piece_stool	1	0	100	1	1	1	0	0	0	na	na	na	na	na	na	0	na	0	na	na	0	na
piece_chair_runed	1	1	0	2	1	0	1	0	0	0	0	0	1	0	1	0	2	0	5	$piece_chair_runed	1	0	200	1	1	1	0	0	0	na	na	na	na	na	na	0	na	0	na	na	0	na
piece_chair02	1	1	0	2	1	0	1	0	0	0	0	0	1	0	1	0	2	0	4	$piece_chair	1	0	100	1	1	1	0	0	0	na	na	na	na	na	na	0	na	0	na	na	0	na
piece_chair03	1	1	0	2	1	0	1	0	0	0	0	0	1	0	1	0	2	0	4	$piece_darkwoodchair	1	0	200	1	1	0	0	0	0	na	na	na	na	na	na	0	na	0	na	na	0	na
piece_Charred_Balista	1	1	0	2	0	na	na	na	na	na	na	na	na	na	na	na	na	na	na	na	1	0	400	0	1	1	0	0	0	na	na	na	na	na	na	0	na	0	na	na	0	na
piece_chest	1	1	0	2	1	0	1	0	0	0	0	0	1	0	1	0	0	0	4	$piece_chest	1	0	1000	0	1	1	0	0	0	na	na	na	na	na	na	0	na	0	na	na	1	24
piece_chest_barrel	1	1	0	2	1	0	1	0	0	0	0	0	1	0	1	0	0	0	4	$piece_chestbarrel	1	2	200	0	1	0	0	0	0	na	na	na	na	na	na	0	na	0	na	na	1	12
piece_chest_blackmetal	1	1	0	2	1	0	1	0	0	0	0	0	1	0	1	0	0	0	4	$piece_chestblackmetal	1	2	1000	0	1	0	0	0	0	na	na	na	na	na	na	0	na	0	na	na	1	32
piece_chest_grausten	1	1	0	2	1	0	1	0	0	0	0	0	1	0	1	0	0	0	5	$piece_chestgrausten	1	2	1000	0	1	0	0	0	0	na	na	na	na	na	na	0	na	0	na	na	1	40
piece_chest_private	1	1	0	2	1	0	1	0	0	0	0	0	1	0	1	0	0	0	4	$piece_chestprivate	1	0	10000	0	1	1	0	0	0	na	na	na	na	na	na	0	na	0	na	na	1	6
piece_chest_treasure	1	1	0	2	1	0	1	0	0	0	0	0	1	0	1	0	0	0	0	$piece_chesttreasure	1	0	200	0	1	1	0	0	0	na	na	na	na	na	na	0	na	0	na	na	0	na
piece_chest_warderobe	1	1	0	2	1	0	1	0	0	0	0	0	1	0	1	0	0	0	5	$piece_chestwarderobe	1	2	1000	0	1	0	0	0	0	na	na	na	na	na	na	0	na	0	na	na	1	50
piece_chest_wood	1	1	0	2	1	0	1	0	0	0	0	0	1	0	1	0	0	0	4	$piece_chestwood	1	0	100	0	1	1	0	0	0	na	na	na	na	na	na	0	na	0	na	na	1	10
piece_cloth_hanging_door	1	1	0	2	1	0	0	0	0	0	0	0	0	1	0	0	2	0	4	$piece_clothdoor	1	0	50	1	1	0	0	0	0	na	na	na	na	na	na	0	na	0	na	na	0	na
piece_cloth_hanging_door_blue	1	1	0	2	1	0	0	0	0	0	0	0	0	1	0	0	2	0	4	$piece_hanging_cloth_blue1	1	0	50	1	1	0	0	0	0	na	na	na	na	na	na	0	na	0	na	na	0	na
piece_cloth_hanging_door_blue2	1	1	0	2	1	0	0	0	0	0	0	0	0	1	0	0	2	0	4	$piece_hanging_cloth_blue2	1	0	50	0	1	1	0	0	0	na	na	na	na	na	na	0	na	0	na	na	0	na
piece_cookingstation	1	1	0	0	1	0	1	0	0	0	1	0	0	0	1	0	0	0	1	$piece_cookingstation	1	0	20	1	1	0	0	0	0	na	na	na	na	na	na	0	na	0	na	na	0	na
piece_cookingstation_iron	1	1	0	0	1	0	1	0	0	0	1	0	0	0	1	0	0	0	1	$piece_cookingstation_iron	1	2	500	0	1	1	0	0	0	na	na	na	na	na	na	0	na	0	na	na	0	na
piece_drawbridge	1	1	0	2	1	0	0	0	0	0	0	0	0	0	0	0	0	0	2	$piece_drawbridge_dn	1	0	1000	1	1	0	0	0	0	na	na	na	na	na	na	0	na	0	na	na	0	na
piece_drawbridge_log	1	1	0	2	1	0	0	0	0	0	0	0	0	0	0	0	0	0	2	$piece_drawbridge_log	1	0	1000	1	1	0	0	0	0	na	na	na	na	na	na	0	na	0	na	na	0	na
piece_dvergr_lantern	1	1	0	2	1	0	0	0	0	0	0	0	0	1	0	0	1	0	4	$piece_dvergr_lantern	1	2	200	0	1	0	0	0	0	na	na	na	na	na	na	0	na	0	na	na	0	na
piece_dvergr_lantern_pole	1	1	0	2	1	0	0	0	0	0	0	0	0	0	1	0	1	0	4	$piece_dvergr_lantern_pole	1	2	300	0	1	0	0	0	0	na	na	na	na	na	na	0	na	0	na	na	0	na
piece_dvergr_metal_wall_2x2	1	1	0	2	1	0	0	0	0	0	0	0	0	0	0	0	0	0	3	$piece_dvergr_metal_wall	1	2	1000	1	1	1	0	0	0	na	na	na	na	na	na	0	na	0	na	na	0	na
piece_dvergr_pole	1	1	0	2	1	0	0	0	0	0	0	0	0	0	0	0	0	0	2	$piece_dvergr_pole	1	3	800	1	1	1	0	0	0	na	na	na	na	na	na	0	na	0	na	na	0	na
piece_dvergr_sharpstakes	1	1	0	2	1	0	0	1	0	1	0	0	0	0	1	0	0	0	0	$piece_dvergr_sharpstakes	1	3	500	0	1	0	0	0	0	na	na	na	na	na	na	0	na	0	na	na	0	na
piece_dvergr_spiralstair	1	1	0	2	1	0	0	0	0	0	0	0	0	0	0	0	0	0	2	$piece_dvergr_spiralstair	1	3	800	1	1	1	0	0	0	na	na	na	na	na	na	0	na	0	na	na	0	na
piece_dvergr_spiralstair_right	1	1	0	2	1	0	0	0	0	0	0	0	0	0	0	0	0	0	2	$piece_dvergr_spiralstair_right	1	3	800	1	1	1	0	0	0	na	na	na	na	na	na	0	na	0	na	na	0	na
piece_dvergr_stake_wall	1	1	0	2	1	0	0	0	0	1	0	0	0	0	0	0	0	0	0	$piece_dvergr_stake_wall	1	3	2000	1	1	0	0	0	0	na	na	na	na	na	na	0	na	0	na	na	0	na
piece_dvergr_wood_door	1	1	0	2	1	0	0	0	0	0	0	0	0	0	0	0	0	0	2	$piece_dvergr_door	1	3	500	0	1	1	0	0	0	na	na	na	na	na	na	0	na	0	na	na	0	na
piece_dvergr_wood_wall	1	1	0	2	1	0	0	0	0	0	0	0	0	0	0	0	0	0	2	$piece_dvergr_woodwall	1	3	1000	1	1	1	0	0	0	na	na	na	na	na	na	0	na	0	na	na	0	na
piece_EternalPyre	1	1	0	2	1	0	1	0	0	0	0	0	1	0	1	0	0	0	1	$piece_faderember	1	1	100	0	1	1	0	0	0	na	na	na	na	na	na	0	na	0	na	na	0	na
piece_FaderEmbers	1	1	0	2	1	0	1	0	0	0	0	0	1	0	1	0	0	0	1	$piece_faderember	1	1	100	0	1	1	0	0	0	na	na	na	na	na	na	0	na	0	na	na	0	na
piece_FairylightGarland	1	1	0	2	1	0	0	0	0	0	0	0	0	1	0	0	1	0	4	$piece_fairylightgarland	1	0	50	0	1	1	0	0	0	na	na	na	na	na	na	0	na	0	na	na	0	na
Piece_flametal_beam	1	1	0	2	1	0	0	0	0	0	0	0	0	0	0	0	0	0	3	$piece_flametal_beam	1	2	1000	1	1	1	0	0	0	na	na	na	na	na	na	0	na	0	na	na	0	na
Piece_flametal_pillar	1	1	0	2	1	0	0	0	0	0	0	0	0	0	0	0	0	0	3	$piece_flametal_pillar	1	2	1000	1	1	0	0	0	0	na	na	na	na	na	na	0	na	0	na	na	0	na
piece_FrostFoundry	1	1	0	2	1	0	1	0	0	1	0	0	1	0	1	0	0	0	1	$piece_frostfoundry	1	1	500	1	1	0	0	0	0	na	na	na	na	na	na	0	na	0	na	na	0	na
piece_FrostKiln	1	1	0	2	1	0	1	0	0	1	0	1	1	0	1	0	0	0	1	$piece_frostkiln	1	1	1500	1	1	0	0	0	0	na	na	na	na	na	na	0	na	0	na	na	0	na
piece_gift1	1	1	0	2	1	0	1	0	0	0	0	0	1	0	1	0	0	0	4	$piece_yuleklapp	1	0	10	1	1	0	0	0	0	na	na	na	na	na	na	0	na	0	na	na	1	1
piece_gift2	1	1	0	2	1	0	1	0	0	0	0	0	1	0	1	0	0	0	4	$piece_yuleklapp	1	0	10	1	1	0	0	0	0	na	na	na	na	na	na	0	na	0	na	na	1	2
piece_gift3	1	1	0	2	1	0	1	0	0	0	0	0	1	0	1	0	0	0	4	$piece_yuleklapp	1	0	10	1	1	0	0	0	0	na	na	na	na	na	na	0	na	0	na	na	1	3
Piece_grausten_floor_1x1	1	1	0	2	1	0	0	0	0	0	0	0	0	0	0	0	0	0	3	$piece_grausten_floor1x1	1	5	1000	1	1	0	0	0	0	na	na	na	na	na	na	0	na	0	na	na	0	na
Piece_grausten_floor_2x2	1	1	0	2	1	0	0	0	0	0	0	0	0	0	0	0	0	0	3	$piece_grausten_floor2x2	1	5	2000	1	1	0	0	0	0	na	na	na	na	na	na	0	na	0	na	na	0	na
Piece_grausten_floor_4x4	1	1	0	2	1	0	0	0	0	0	0	0	0	0	0	0	0	0	3	$piece_grausten_floor4x4	1	5	4000	1	1	0	0	0	0	na	na	na	na	na	na	0	na	0	na	na	0	na
Piece_grausten_pillar_arch	1	1	0	2	1	0	0	0	0	0	0	0	0	0	0	0	0	0	3	$piece_grausten_archmedium	1	5	800	1	1	0	0	0	0	na	na	na	na	na	na	0	na	0	na	na	0	na
Piece_grausten_pillar_arch_small	1	1	0	2	1	0	0	0	0	0	0	0	0	0	0	0	0	0	3	$piece_grausten_archsmall	1	5	400	1	1	0	0	0	0	na	na	na	na	na	na	0	na	0	na	na	0	na
Piece_grausten_pillarbase_medium	1	1	0	2	1	0	0	0	0	0	0	0	0	0	0	0	0	0	3	$piece_grausten_pillarmedium	1	5	800	1	1	0	0	0	0	na	na	na	na	na	na	0	na	0	na	na	0	na
Piece_grausten_pillarbase_small	1	1	0	2	1	0	0	0	0	0	0	0	0	0	0	0	0	0	3	$piece_grausten_pillarsmall	1	5	400	1	1	0	0	0	0	na	na	na	na	na	na	0	na	0	na	na	0	na
Piece_grausten_pillarbase_tapered	1	1	0	2	1	0	0	0	0	0	0	0	0	0	0	0	0	0	3	$piece_grausten_pillartapered	1	5	800	1	1	0	0	0	0	na	na	na	na	na	na	0	na	0	na	na	0	na
Piece_grausten_pillarbase_tapered_inverted	1	1	0	2	1	0	0	0	0	0	0	0	0	0	0	0	0	0	3	$piece_grausten_pillartaperedinverted	1	5	800	1	1	0	0	0	0	na	na	na	na	na	na	0	na	0	na	na	0	na
Piece_grausten_pillarbeam_medium	1	1	0	2	1	0	0	0	0	0	0	0	0	0	0	0	0	0	3	$piece_grausten_beammedium	1	5	800	1	1	1	0	0	0	na	na	na	na	na	na	0	na	0	na	na	0	na
Piece_grausten_pillarbeam_small	1	1	0	2	1	0	0	0	0	0	0	0	0	0	0	0	0	0	3	$piece_grausten_beamsmall	1	5	400	1	1	1	0	0	0	na	na	na	na	na	na	0	na	0	na	na	0	na
piece_grausten_roof_45	1	1	0	2	1	0	0	0	0	0	0	0	0	0	0	0	0	0	3	$piece_grausten_roof45	1	5	800	1	1	0	0	0	0	na	na	na	na	na	na	0	na	0	na	na	0	na
piece_grausten_roof_45_arch	1	1	0	2	1	0	0	0	0	0	0	0	0	0	0	0	0	0	3	$piece_grausten_roof45_arch	1	5	800	1	1	0	0	0	0	na	na	na	na	na	na	0	na	0	na	na	0	na
piece_grausten_roof_45_arch_corner	1	1	0	2	1	0	0	0	0	0	0	0	0	0	0	0	0	0	3	$piece_grausten_roof45_archcorner	1	5	800	1	1	0	0	0	0	na	na	na	na	na	na	0	na	0	na	na	0	na
piece_grausten_roof_45_arch_corner2	1	1	0	2	1	0	0	0	0	0	0	0	0	0	0	0	0	0	3	$piece_grausten_roof45_archcorner2	1	5	800	1	1	0	0	0	0	na	na	na	na	na	na	0	na	0	na	na	0	na
piece_grausten_roof_45_corner	1	1	0	2	1	0	0	0	0	0	0	0	0	0	0	0	0	0	3	$piece_grausten_roof45_corner	1	5	800	1	1	0	0	0	0	na	na	na	na	na	na	0	na	0	na	na	0	na
piece_grausten_roof_45_corner2	1	1	0	2	1	0	0	0	0	0	0	0	0	0	0	0	0	0	3	$piece_grausten_roof45_corner2	1	5	800	1	1	0	0	0	0	na	na	na	na	na	na	0	na	0	na	na	0	na
Piece_grausten_stone_ladder	1	1	0	2	1	0	0	0	0	0	0	0	0	0	0	0	0	0	3	$piece_grausten_stoneladder	1	5	800	1	1	0	0	0	0	na	na	na	na	na	na	0	na	0	na	na	0	na
piece_grausten_stonestair	1	1	0	2	1	0	0	0	0	0	0	0	0	0	0	0	0	0	3	$piece_grausten_stair	1	5	2000	1	1	0	0	0	0	na	na	na	na	na	na	0	na	0	na	na	0	na
Piece_grausten_wall_1x2	1	1	0	2	1	0	0	0	0	0	0	0	0	0	0	0	0	0	3	$piece_grausten_wall1x2	1	5	1000	1	1	0	0	0	0	na	na	na	na	na	na	0	na	0	na	na	0	na
Piece_grausten_wall_2x2	1	1	0	2	1	0	0	0	0	0	0	0	0	0	0	0	0	0	3	$piece_grausten_wall2x2	1	5	2000	1	1	0	0	0	0	na	na	na	na	na	na	0	na	0	na	na	0	na
Piece_grausten_wall_4x2	1	1	0	2	1	0	0	0	0	0	0	0	0	0	0	0	0	0	3	$piece_grausten_wall4x2	1	5	3000	1	1	0	0	0	0	na	na	na	na	na	na	0	na	0	na	na	0	na
Piece_grausten_wall_arch	1	1	0	2	1	0	0	0	0	0	0	0	0	0	0	0	0	0	3	$piece_grausten_wallarch	1	5	800	1	1	0	0	0	0	na	na	na	na	na	na	0	na	0	na	na	0	na
Piece_grausten_wall_arch_inverted	1	1	0	2	1	0	0	0	0	0	0	0	0	0	0	0	0	0	3	$piece_grausten_wallarchinv	1	5	800	1	1	0	0	0	0	na	na	na	na	na	na	0	na	0	na	na	0	na
Piece_grausten_window_2x2	1	1	0	2	1	0	0	0	0	0	0	0	0	0	0	0	0	0	3	$piece_grausten_window2x2	1	5	1250	1	1	0	0	0	0	na	na	na	na	na	na	0	na	0	na	na	0	na
Piece_grausten_window_4x2	1	1	0	2	1	0	0	0	0	0	0	0	0	0	0	0	0	0	3	$piece_grausten_window4x2	1	5	2500	1	1	0	0	0	0	na	na	na	na	na	na	0	na	0	na	na	0	na
piece_groundtorch	1	1	0	0	1	0	0	0	0	0	0	0	1	0	0	0	0	0	4	$piece_groundtorch	1	0	200	0	1	0	0	0	0	na	na	na	na	na	na	0	na	0	na	na	0	na
piece_groundtorch_blue	1	1	0	0	1	0	0	0	0	0	0	0	1	0	0	0	0	0	4	$piece_groundtorchblue	1	0	200	0	1	0	0	0	0	na	na	na	na	na	na	0	na	0	na	na	0	na
piece_groundtorch_green	1	1	0	0	1	0	0	0	0	0	0	0	1	0	0	0	0	0	4	$piece_groundtorchgreen	1	0	200	0	1	0	0	0	0	na	na	na	na	na	na	0	na	0	na	na	0	na
piece_groundtorch_mist	1	1	0	0	1	0	0	0	0	0	0	0	1	0	0	0	0	0	4	$piece_groundtorchdemister	1	0	200	0	1	0	0	0	0	na	na	na	na	na	na	0	na	0	na	na	0	na
piece_groundtorch_wood	1	1	0	0	1	0	0	0	0	0	0	0	1	0	0	0	0	0	4	$piece_groundtorchwood	1	0	100	0	1	0	0	0	0	na	na	na	na	na	na	0	na	0	na	na	0	na
piece_hexagonal_door	1	1	0	2	1	0	0	0	0	0	0	0	0	0	0	0	0	0	2	$piece_hexagonalgate	1	3	1500	0	1	1	0	0	0	na	na	na	na	na	na	0	na	0	na	na	0	na
piece_hoodedlantern	1	1	0	2	1	0	0	0	0	0	0	0	0	0	0	0	0	0	0	$piece_hoodedlantern	1	0	100	0	1	0	0	0	0	na	na	na	na	na	na	0	na	0	na	na	0	na
piece_icecube	1	1	0	2	1	0	0	0	0	0	0	0	0	0	0	0	0	0	3	$piece_icecube	1	7	10	1	1	0	0	0	0	na	na	na	na	na	na	0	na	0	na	na	0	na
piece_jackoturnip	1	1	0	0	1	0	0	0	0	0	0	0	0	0	0	0	2	0	4	$piece_jackoturnip	1	0	200	0	1	0	0	0	0	na	na	na	na	na	na	0	na	0	na	na	0	na
piece_Lavalantern	1	1	0	2	1	0	1	0	0	0	0	0	1	0	1	0	2	0	4	$piece_lavalantern	1	0	100	0	1	0	0	0	0	na	na	na	na	na	na	0	na	0	na	na	0	na
piece_logbench01	1	1	0	2	1	0	1	0	0	0	0	0	1	0	1	0	1	0	4	$piece_benchlog	1	0	100	0	1	1	0	0	0	na	na	na	na	na	na	0	na	0	na	na	0	na
piece_magetable	1	1	0	2	1	0	1	0	0	0	0	0	1	0	1	0	0	0	1	$piece_magetable	1	0	200	0	1	1	0	0	0	na	na	na	na	na	na	0	na	0	na	na	0	na
piece_magetable_ext	1	1	0	2	1	0	1	0	0	0	0	0	1	0	1	0	0	2	1	$piece_magetable_ext	1	0	100	0	1	1	0	0	0	na	na	na	na	na	na	0	na	0	na	na	0	na
piece_magetable_ext2	1	1	0	2	1	0	1	0	0	0	0	0	1	0	1	0	0	2	1	$piece_magetable_ext2	1	0	100	0	1	1	0	0	0	na	na	na	na	na	na	0	na	0	na	na	0	na
piece_magetable_ext3	1	1	0	2	1	0	1	0	0	0	0	0	0	1	1	0	0	2	1	$piece_magetable_ext3	1	0	100	0	1	1	0	0	0	na	na	na	na	na	na	0	na	0	na	na	0	na
piece_magetable_ext4	1	1	0	2	1	0	1	0	0	0	0	0	1	0	1	0	0	2	1	$piece_magetable_ext4	1	0	100	0	1	1	0	0	0	na	na	na	na	na	na	0	na	0	na	na	0	na
piece_maypole	1	1	0	2	1	0	0	0	0	0	0	0	0	0	0	0	1	0	4	$piece_maypole	1	0	50	0	1	0	0	0	0	na	na	na	na	na	na	0	na	0	na	na	0	na
piece_MeadCauldron	1	1	0	2	1	0	1	0	0	0	1	0	0	0	1	0	0	0	1	$piece_meadcauldron	1	0	200	0	1	1	0	0	0	na	na	na	na	na	na	0	na	0	na	na	0	na
piece_mistletoe	1	1	0	2	1	0	0	0	0	0	0	0	0	0	0	0	1	0	4	$piece_mistletoe	1	0	10	0	1	1	0	0	0	na	na	na	na	na	na	0	na	0	na	na	0	na
piece_moose_throne	1	1	0	2	1	0	1	0	0	0	0	0	1	0	1	0	3	0	4	$piece_moose_throne	1	0	500	1	1	1	0	0	0	na	na	na	na	na	na	0	na	0	na	na	0	na
piece_oven	1	1	0	2	1	0	1	0	0	1	0	0	1	0	1	0	0	0	1	$piece_oven	1	1	500	1	1	0	0	0	0	na	na	na	na	na	na	0	na	0	na	na	0	na
piece_pot1	1	1	0	2	1	0	1	0	0	0	0	0	1	0	1	0	1	0	4	$piece_pot_medium_green	1	0	40	0	1	0	0	0	0	na	na	na	na	na	na	0	na	0	na	na	1	2
piece_pot1_cracked	1	1	0	2	1	0	1	0	0	0	0	0	1	0	1	0	0	0	4	$piece_pot_medium_cracked	1	0	40	0	1	0	0	0	0	na	na	na	na	na	na	0	na	0	na	na	1	2
piece_pot1_red	1	1	0	2	1	0	1	0	0	0	0	0	1	0	1	0	0	0	4	$piece_pot_medium_red	1	0	40	0	1	0	0	0	0	na	na	na	na	na	na	0	na	0	na	na	1	2
piece_pot2	1	1	0	2	1	0	1	0	0	0	0	0	1	0	1	0	1	0	4	$piece_pot_large_green	1	0	50	0	1	0	0	0	0	na	na	na	na	na	na	0	na	0	na	na	1	3
piece_pot2_cracked	1	1	0	2	1	0	1	0	0	0	0	0	1	0	1	0	0	0	4	$piece_pot_large_cracked	1	0	50	0	1	0	0	0	0	na	na	na	na	na	na	0	na	0	na	na	1	3
piece_pot2_red	1	1	0	2	1	0	1	0	0	0	0	0	1	0	1	0	0	0	4	$piece_pot_large_red	1	0	50	0	1	0	0	0	0	na	na	na	na	na	na	0	na	0	na	na	1	3
piece_pot3	1	1	0	2	1	0	1	0	0	0	0	0	1	0	1	0	1	0	4	$piece_pot_small_green	1	0	30	0	1	0	0	0	0	na	na	na	na	na	na	0	na	0	na	na	1	1
piece_pot3_cracked	1	1	0	2	1	0	1	0	0	0	0	0	1	0	1	0	0	0	4	$piece_pot_small_cracked	1	0	30	0	1	0	0	0	0	na	na	na	na	na	na	0	na	0	na	na	1	1
piece_pot3_red	1	1	0	2	1	0	1	0	0	0	0	0	1	0	1	0	0	0	4	$piece_pot_small_red	1	0	30	0	1	0	0	0	0	na	na	na	na	na	na	0	na	0	na	na	1	1
piece_preptable	1	1	0	2	1	0	1	0	0	0	1	0	0	0	1	0	0	0	1	$piece_preptable	1	0	200	0	1	1	0	0	0	na	na	na	na	na	na	0	na	0	na	na	0	na
piece_sapcollector	1	1	0	2	1	0	0	0	0	0	0	0	0	0	1	0	0	0	1	$piece_sapcollector	1	0	100	0	1	0	0	0	0	na	na	na	na	na	na	0	na	0	na	na	0	na
piece_sharpstakes	1	1	0	2	1	0	0	1	0	1	0	0	0	0	1	0	0	0	0	$piece_sharpstakes	1	0	200	0	1	0	0	0	0	na	na	na	na	na	na	0	na	0	na	na	0	na
piece_shieldgenerator	1	1	0	2	1	0	1	0	0	0	0	0	1	0	0	0	0	0	0	$piece_shieldgenerator	1	1	1500	1	1	0	0	0	0	na	na	na	na	na	na	0	na	0	na	na	0	na
piece_snowlantern	1	1	0	2	1	0	1	0	0	0	0	0	1	0	1	0	2	0	5	$piece_snowlantern	1	0	70	1	1	1	0	0	0	na	na	na	na	na	na	0	na	0	na	na	0	na
piece_spinningwheel	1	1	0	2	1	0	1	0	0	1	0	0	1	0	1	0	0	0	1	$piece_spinningwheel	1	0	200	0	1	1	0	0	0	na	na	na	na	na	na	0	na	0	na	na	0	na
piece_stakewall_blackwood	1	1	0	2	1	0	0	0	0	0	0	0	0	0	0	0	0	0	0	$piece_BlackwoodStakewall	1	0	450	1	1	0	0	0	0	na	na	na	na	na	na	0	na	0	na	na	0	na
piece_stonecutter	1	1	0	2	1	0	1	0	0	0	0	0	1	0	1	0	0	0	1	$piece_stonecutter	1	0	200	0	1	1	0	0	0	na	na	na	na	na	na	0	na	0	na	na	0	na
piece_table	1	1	0	2	1	0	1	0	0	0	0	0	1	0	1	0	1	0	4	$piece_table	1	0	100	1	1	1	0	0	0	na	na	na	na	na	na	0	na	0	na	na	0	na
piece_table_oak	1	1	0	2	1	0	1	0	0	0	0	0	1	0	1	0	2	0	4	$piece_table_oak	1	0	200	1	1	1	0	0	0	na	na	na	na	na	na	0	na	0	na	na	0	na
piece_table_round	1	1	0	2	1	0	1	0	0	0	0	0	1	0	1	0	2	0	4	$piece_table_round	1	0	150	1	1	1	0	0	0	na	na	na	na	na	na	0	na	0	na	na	0	na
piece_table_runed	1	1	0	2	1	0	1	0	0	0	0	0	1	0	1	0	2	0	5	$piece_table_runed	1	0	200	1	1	1	0	0	0	na	na	na	na	na	na	0	na	0	na	na	0	na
piece_table_runed_small	1	1	0	2	1	0	1	0	0	0	0	0	1	0	1	0	1	0	5	$piece_table_runed_small	1	0	200	1	1	0	0	0	0	na	na	na	na	na	na	0	na	0	na	na	0	na
piece_throne01	1	1	0	2	1	0	1	0	0	0	0	0	1	0	1	0	3	0	4	$piece_throne01	1	0	250	1	1	1	0	0	0	na	na	na	na	na	na	0	na	0	na	na	0	na
piece_throne02	1	1	0	2	1	0	1	0	0	0	0	0	1	0	1	0	3	0	4	$piece_stonethrone	1	1	500	1	1	0	0	0	0	na	na	na	na	na	na	0	na	0	na	na	0	na
piece_TrainingDummy	1	1	0	0	1	0	1	0	0	0	0	0	0	0	0	0	0	0	0	$piece_trainingdummy	0	na	na	na	na	na	na	na	0	na	na	na	na	na	na	0	na	1	15000	0	0	na
piece_trap_troll	1	1	0	2	1	0	0	0	0	0	0	0	1	0	1	0	0	0	0	$piece_trap	1	2	300	0	1	0	0	0	0	na	na	na	na	na	na	0	na	0	na	na	0	na
piece_turret	1	1	0	2	1	0	0	0	0	0	0	0	1	0	1	0	0	0	0	$piece_turret	1	0	400	0	1	0	0	0	0	na	na	na	na	na	na	0	na	0	na	na	0	na
piece_walltorch	1	1	0	0	1	0	0	0	0	0	0	0	0	0	0	0	0	0	4	$piece_sconce	1	0	100	0	1	0	0	0	0	na	na	na	na	na	na	0	na	0	na	na	0	na
piece_wisplure	1	1	0	2	1	0	1	0	0	0	0	0	1	0	1	0	0	0	1	$piece_wisplure	1	1	100	0	1	1	0	0	0	na	na	na	na	na	na	0	na	0	na	na	0	na
piece_workbench	1	1	0	2	1	0	1	0	0	0	0	0	1	0	1	0	0	0	1	$piece_workbench	1	0	200	0	1	1	0	0	0	na	na	na	na	na	na	0	na	0	na	na	0	na
piece_workbench_ext1	1	1	0	2	1	0	1	0	0	0	0	0	1	0	1	0	0	2	1	$piece_workbench_ext1	1	0	100	0	1	1	0	0	0	na	na	na	na	na	na	0	na	0	na	na	0	na
piece_workbench_ext2	1	1	0	2	1	0	1	0	0	0	0	0	1	0	1	0	0	2	1	$piece_workbench_ext2	1	0	100	0	1	1	0	0	0	na	na	na	na	na	na	0	na	0	na	na	0	na
piece_workbench_ext3	1	1	0	2	1	0	1	0	0	0	0	0	1	0	1	0	0	2	1	$piece_workbench_ext3	1	0	100	0	1	1	0	0	0	na	na	na	na	na	na	0	na	0	na	na	0	na
piece_workbench_ext4	1	1	0	2	1	0	1	0	0	0	0	0	0	1	1	0	0	2	1	$piece_workbench_ext4	1	0	100	0	1	1	0	0	0	na	na	na	na	na	na	0	na	0	na	na	0	na
piece_xmascrown	1	1	0	2	1	0	0	0	0	0	0	0	0	1	0	0	1	0	4	$piece_yulecrown	1	0	50	0	1	1	0	0	0	na	na	na	na	na	na	0	na	0	na	na	0	na
piece_xmasgarland	1	1	0	2	1	0	0	0	0	0	0	0	0	1	0	0	1	0	4	$piece_yulegarland	1	0	50	0	1	1	0	0	0	na	na	na	na	na	na	0	na	0	na	na	0	na
piece_xmastree	1	1	0	2	1	0	0	0	0	0	0	0	1	0	1	0	1	0	4	$piece_yuletree	1	0	50	0	1	0	0	0	0	na	na	na	na	na	na	0	na	0	na	na	0	na
PineCone	1	1	0	0	0	na	na	na	na	na	na	na	na	na	na	na	na	na	na	na	0	na	na	na	na	na	na	na	0	na	na	na	na	na	na	1	0	1	10	0	0	na
PineTree	1	1	0	0	0	na	na	na	na	na	na	na	na	na	na	na	na	na	na	na	0	na	na	na	na	na	na	na	0	na	na	na	na	na	na	0	na	0	na	na	0	na
Pinetree_01	1	1	1	2	0	na	na	na	na	na	na	na	na	na	na	na	na	na	na	na	0	na	na	na	na	na	na	na	0	na	na	na	na	na	na	0	na	0	na	na	0	na
Pinetree_01_Stub	1	1	0	0	0	na	na	na	na	na	na	na	na	na	na	na	na	na	na	na	0	na	na	na	na	na	na	na	0	na	na	na	na	na	na	0	na	0	na	na	0	na
PineTree_log	1	1	0	0	0	na	na	na	na	na	na	na	na	na	na	na	na	na	na	na	0	na	na	na	na	na	na	na	0	na	na	na	na	na	na	1	0.3	1	100	0	0	na
PineTree_log_half	1	1	0	0	0	na	na	na	na	na	na	na	na	na	na	na	na	na	na	na	0	na	na	na	na	na	na	na	0	na	na	na	na	na	na	1	0.3	1	50	0	0	na
PineTree_log_halfOLD	1	1	0	0	0	na	na	na	na	na	na	na	na	na	na	na	na	na	na	na	0	na	na	na	na	na	na	na	0	na	na	na	na	na	na	1	0.3	1	100	0	0	na
PineTree_logOLD	1	1	0	0	0	na	na	na	na	na	na	na	na	na	na	na	na	na	na	na	0	na	na	na	na	na	na	na	0	na	na	na	na	na	na	1	0.3	1	100	0	0	na
PineTree_Sapling	1	1	0	0	1	0	1	1	0	1	0	0	0	0	0	0	0	0	0	$prop_pine_sapling	0	na	na	na	na	na	na	na	0	na	na	na	na	na	na	0	na	0	na	na	0	na
Pinetree_Snow	1	1	1	2	0	na	na	na	na	na	na	na	na	na	na	na	na	na	na	na	0	na	na	na	na	na	na	na	0	na	na	na	na	na	na	0	na	0	na	na	0	na
Pinetree_Snow_dead	1	1	1	2	0	na	na	na	na	na	na	na	na	na	na	na	na	na	na	na	0	na	na	na	na	na	na	na	0	na	na	na	na	na	na	0	na	0	na	na	0	na
PineTree_Snow_log	1	1	0	0	0	na	na	na	na	na	na	na	na	na	na	na	na	na	na	na	0	na	na	na	na	na	na	na	0	na	na	na	na	na	na	1	0.3	1	100	0	0	na
PineTree_Snow_log_half	1	1	0	0	0	na	na	na	na	na	na	na	na	na	na	na	na	na	na	na	0	na	na	na	na	na	na	na	0	na	na	na	na	na	na	1	0.3	1	50	0	0	na
PineTree_Snow_log_half_frost_troll	1	1	0	0	0	na	na	na	na	na	na	na	na	na	na	na	na	na	na	na	0	na	na	na	na	na	na	na	0	na	na	na	na	na	na	1	0.3	1	50	0	0	na
PineTree_Snow_log_XL	1	1	0	0	0	na	na	na	na	na	na	na	na	na	na	na	na	na	na	na	0	na	na	na	na	na	na	na	0	na	na	na	na	na	na	1	0.3	1	100	0	0	na
PineTree_Snow_log_XL_half	1	1	0	0	0	na	na	na	na	na	na	na	na	na	na	na	na	na	na	na	0	na	na	na	na	na	na	na	0	na	na	na	na	na	na	1	0.3	1	50	0	0	na
Pinetree_Snow_Stub	1	1	0	0	0	na	na	na	na	na	na	na	na	na	na	na	na	na	na	na	0	na	na	na	na	na	na	na	0	na	na	na	na	na	na	0	na	0	na	na	0	na
PineTree_snowfall	1	0	0	0	0	na	na	na	na	na	na	na	na	na	na	na	na	na	na	na	0	na	na	na	na	na	na	na	0	na	na	na	na	na	na	0	na	0	na	na	0	na
PiquantPie	1	1	0	0	1	0	1	0	0	0	0	0	1	0	1	0	0	0	6	$item_piquantpie	1	0	10	0	1	1	0	0	0	na	na	na	na	na	na	0	na	1	1	0	0	na
PiquantPieUncooked	1	1	0	0	0	na	na	na	na	na	na	na	na	na	na	na	na	na	na	na	0	na	na	na	na	na	na	na	0	na	na	na	na	na	na	0	na	1	1	0	0	na
placeable_bigrock_01	1	0	0	0	1	0	0	0	0	0	0	0	0	0	0	0	0	0	0	$piece_rock_01	0	na	na	na	na	na	na	na	0	na	na	na	na	na	na	0	na	0	na	na	0	na
placeable_bigrock_02	1	0	0	0	1	0	0	0	0	0	0	0	0	0	0	0	0	0	0	$piece_rock_02	0	na	na	na	na	na	na	na	0	na	na	na	na	na	na	0	na	0	na	na	0	na
Placeable_HardRock	1	1	0	0	1	0	0	0	0	0	0	0	1	0	0	0	0	0	0	$item_hardrock	1	0	200	0	1	1	0	0	0	na	na	na	na	na	na	0	na	0	na	na	0	na
Placeable_Stone	1	1	0	0	1	0	0	0	0	0	0	0	0	0	0	0	0	0	0	$item_stone	1	1	10	0	1	1	0	0	0	na	na	na	na	na	na	0	na	0	na	na	0	na
Player	1	0	0	1	0	na	na	na	na	na	na	na	na	na	na	na	na	na	na	na	0	na	na	na	na	na	na	na	0	na	na	na	na	na	na	0	na	1	10	0	0	na
Player_ragdoll	1	0	0	0	0	na	na	na	na	na	na	na	na	na	na	na	na	na	na	na	0	na	na	na	na	na	na	na	0	na	na	na	na	na	na	0	na	0	na	na	0	na
Player_ragdoll_old	1	0	0	0	0	na	na	na	na	na	na	na	na	na	na	na	na	na	na	na	0	na	na	na	na	na	na	na	0	na	na	na	na	na	na	0	na	0	na	na	0	na
Player_tombstone	1	1	0	0	0	na	na	na	na	na	na	na	na	na	na	na	na	na	na	na	0	na	na	na	na	na	na	na	0	na	na	na	na	na	na	1	0.8	1	1	0	1	32
PlayerUnarmed	1	1	0	0	0	na	na	na	na	na	na	na	na	na	na	na	na	na	na	na	0	na	na	na	na	na	na	na	0	na	na	na	na	na	na	1	0.67	1	1	0	0	na
portal	1	1	0	2	1	0	1	0	0	0	0	0	1	0	1	0	0	0	0	$piece_portal	1	1	1000	1	1	0	0	0	0	na	na	na	na	na	na	0	na	0	na	na	0	na
portal_stone	1	1	0	2	1	0	1	0	0	0	0	0	1	0	1	0	0	0	0	$piece_portal_stone	1	1	1000	1	1	0	0	0	0	na	na	na	na	na	na	0	na	0	na	na	0	na
portal_wood	1	1	0	2	1	0	1	0	0	0	0	0	1	0	1	0	0	0	0	$piece_portal	1	0	400	1	1	0	0	0	0	na	na	na	na	na	na	0	na	0	na	na	0	na
Pot_Shard_Green	1	1	0	0	0	na	na	na	na	na	na	na	na	na	na	na	na	na	na	na	0	na	na	na	na	na	na	na	0	na	na	na	na	na	na	0	na	1	1	0	0	na
Pot_Shard_Red	1	1	0	0	0	na	na	na	na	na	na	na	na	na	na	na	na	na	na	na	0	na	na	na	na	na	na	na	0	na	na	na	na	na	na	0	na	1	1	0	0	na
Poteitr	1	1	0	0	1	0	1	0	0	0	0	0	1	0	1	0	0	0	6	$item_poteitr	1	0	10	0	1	1	0	0	0	na	na	na	na	na	na	0	na	1	1	0	0	na
PoteitrSeeds	1	1	0	0	0	na	na	na	na	na	na	na	na	na	na	na	na	na	na	na	0	na	na	na	na	na	na	na	0	na	na	na	na	na	na	0	na	1	1	0	0	na
PowderedDragonEgg	1	1	0	0	0	na	na	na	na	na	na	na	na	na	na	na	na	na	na	na	0	na	na	na	na	na	na	na	0	na	na	na	na	na	na	0	na	1	1	0	0	na
projectile_ashlandmeteor	1	0	0	0	0	na	na	na	na	na	na	na	na	na	na	na	na	na	na	na	0	na	na	na	na	na	na	na	0	na	na	na	na	na	na	0	na	0	na	na	0	na
projectile_ashlandmeteor2	1	0	0	0	0	na	na	na	na	na	na	na	na	na	na	na	na	na	na	na	0	na	na	na	na	na	na	na	0	na	na	na	na	na	na	0	na	0	na	na	0	na
projectile_beam	1	0	0	0	0	na	na	na	na	na	na	na	na	na	na	na	na	na	na	na	0	na	na	na	na	na	na	na	0	na	na	na	na	na	na	0	na	0	na	na	0	na
projectile_chitinharpoon	1	0	0	0	0	na	na	na	na	na	na	na	na	na	na	na	na	na	na	na	0	na	na	na	na	na	na	na	0	na	na	na	na	na	na	0	na	0	na	na	0	na
projectile_FimbulvinterMeteor	1	0	0	0	0	na	na	na	na	na	na	na	na	na	na	na	na	na	na	na	0	na	na	na	na	na	na	na	0	na	na	na	na	na	na	0	na	0	na	na	0	na
Projectile_GrapplingHook	1	0	0	0	0	na	na	na	na	na	na	na	na	na	na	na	na	na	na	na	0	na	na	na	na	na	na	na	0	na	na	na	na	na	na	0	na	0	na	na	0	na
Projectile_GrapplingHook_secondary	1	0	0	0	0	na	na	na	na	na	na	na	na	na	na	na	na	na	na	na	0	na	na	na	na	na	na	na	0	na	na	na	na	na	na	0	na	0	na	na	0	na
projectile_lavaRock	1	0	0	0	0	na	na	na	na	na	na	na	na	na	na	na	na	na	na	na	0	na	na	na	na	na	na	na	0	na	na	na	na	na	na	0	na	0	na	na	0	na
projectile_meteor	1	0	0	0	0	na	na	na	na	na	na	na	na	na	na	na	na	na	na	na	0	na	na	na	na	na	na	na	0	na	na	na	na	na	na	0	na	0	na	na	0	na
projectile_meteor_fader	1	0	0	0	0	na	na	na	na	na	na	na	na	na	na	na	na	na	na	na	0	na	na	na	na	na	na	na	0	na	na	na	na	na	na	0	na	0	na	na	0	na
projectile_spikes_frozenking	1	0	0	0	0	na	na	na	na	na	na	na	na	na	na	na	na	na	na	na	0	na	na	na	na	na	na	na	0	na	na	na	na	na	na	0	na	0	na	na	0	na
projectile_splitner	1	0	0	0	0	na	na	na	na	na	na	na	na	na	na	na	na	na	na	na	0	na	na	na	na	na	na	na	0	na	na	na	na	na	na	0	na	0	na	na	0	na
projectile_splitner_blood	1	0	0	0	0	na	na	na	na	na	na	na	na	na	na	na	na	na	na	na	0	na	na	na	na	na	na	na	0	na	na	na	na	na	na	0	na	0	na	na	0	na
projectile_splitner_lightning	1	0	0	0	0	na	na	na	na	na	na	na	na	na	na	na	na	na	na	na	0	na	na	na	na	na	na	na	0	na	na	na	na	na	na	0	na	0	na	na	0	na
projectile_splitner_nature	1	0	0	0	0	na	na	na	na	na	na	na	na	na	na	na	na	na	na	na	0	na	na	na	na	na	na	na	0	na	na	na	na	na	na	0	na	0	na	na	0	na
projectile_wolffang	1	0	0	0	0	na	na	na	na	na	na	na	na	na	na	na	na	na	na	na	0	na	na	na	na	na	na	na	0	na	na	na	na	na	na	0	na	0	na	na	0	na
prop_ashwood_bed	1	1	0	2	0	na	na	na	na	na	na	na	na	na	na	na	na	na	na	na	0	na	na	na	na	na	na	na	0	na	na	na	na	na	na	0	na	0	na	na	0	na
prop_bed02	1	1	0	2	0	na	na	na	na	na	na	na	na	na	na	na	na	na	na	na	0	na	na	na	na	na	na	na	0	na	na	na	na	na	na	0	na	0	na	na	0	na
prop_bonfire	1	1	0	2	0	na	na	na	na	na	na	na	na	na	na	na	na	na	na	na	0	na	na	na	na	na	na	na	0	na	na	na	na	na	na	0	na	0	na	na	0	na
prop_cauldron_ext1_spice	1	1	0	2	0	na	na	na	na	na	na	na	na	na	na	na	na	na	na	na	0	na	na	na	na	na	na	na	0	na	na	na	na	na	na	0	na	0	na	na	0	na
prop_cauldron_ext3_butchertable	1	1	0	2	0	na	na	na	na	na	na	na	na	na	na	na	na	na	na	na	0	na	na	na	na	na	na	na	0	na	na	na	na	na	na	0	na	0	na	na	0	na
prop_cauldron_ext5_mortarandpestle	1	1	0	2	0	na	na	na	na	na	na	na	na	na	na	na	na	na	na	na	0	na	na	na	na	na	na	na	0	na	na	na	na	na	na	0	na	0	na	na	0	na
prop_cauldron_ext6_rollingpins	1	1	0	2	0	na	na	na	na	na	na	na	na	na	na	na	na	na	na	na	0	na	na	na	na	na	na	na	0	na	na	na	na	na	na	0	na	0	na	na	0	na
prop_chest_warderobe	1	1	0	2	0	na	na	na	na	na	na	na	na	na	na	na	na	na	na	na	0	na	na	na	na	na	na	na	0	na	na	na	na	na	na	0	na	0	na	na	0	na
prop_FeastAshlands	1	1	0	2	0	na	na	na	na	na	na	na	na	na	na	na	na	na	na	na	0	na	na	na	na	na	na	na	0	na	na	na	na	na	na	0	na	0	na	na	0	na
prop_FeastMeadows	1	1	0	2	0	na	na	na	na	na	na	na	na	na	na	na	na	na	na	na	0	na	na	na	na	na	na	na	0	na	na	na	na	na	na	0	na	0	na	na	0	na
prop_forge_ext2	1	1	0	2	0	na	na	na	na	na	na	na	na	na	na	na	na	na	na	na	0	na	na	na	na	na	na	na	0	na	na	na	na	na	na	0	na	0	na	na	0	na
prop_forge_ext5	1	1	0	2	0	na	na	na	na	na	na	na	na	na	na	na	na	na	na	na	0	na	na	na	na	na	na	na	0	na	na	na	na	na	na	0	na	0	na	na	0	na
prop_hearth	1	1	0	2	0	na	na	na	na	na	na	na	na	na	na	na	na	na	na	na	0	na	na	na	na	na	na	na	0	na	na	na	na	na	na	0	na	0	na	na	0	na
prop_itemstand	1	1	0	0	0	na	na	na	na	na	na	na	na	na	na	na	na	na	na	na	0	na	na	na	na	na	na	na	0	na	na	na	na	na	na	0	na	0	na	na	0	na
prop_itemstand_TrophyDraugrElite	1	1	0	0	0	na	na	na	na	na	na	na	na	na	na	na	na	na	na	na	0	na	na	na	na	na	na	na	0	na	na	na	na	na	na	0	na	0	na	na	0	na
prop_itemstand_TrophyGoblinBrute	1	1	0	0	0	na	na	na	na	na	na	na	na	na	na	na	na	na	na	na	0	na	na	na	na	na	na	na	0	na	na	na	na	na	na	0	na	0	na	na	0	na
prop_itemstand_TrophyGoblinShaman	1	1	0	0	0	na	na	na	na	na	na	na	na	na	na	na	na	na	na	na	0	na	na	na	na	na	na	na	0	na	na	na	na	na	na	0	na	0	na	na	0	na
prop_itemstand_TrophyGreydwarf	1	1	0	0	0	na	na	na	na	na	na	na	na	na	na	na	na	na	na	na	0	na	na	na	na	na	na	na	0	na	na	na	na	na	na	0	na	0	na	na	0	na
prop_itemstand_TrophyGreydwarfBrute	1	1	0	0	0	na	na	na	na	na	na	na	na	na	na	na	na	na	na	na	0	na	na	na	na	na	na	na	0	na	na	na	na	na	na	0	na	0	na	na	0	na
prop_itemstand_TrophySeekerBrute	1	1	0	0	0	na	na	na	na	na	na	na	na	na	na	na	na	na	na	na	0	na	na	na	na	na	na	na	0	na	na	na	na	na	na	0	na	0	na	na	0	na
prop_piece_bench_runed	1	1	0	2	0	na	na	na	na	na	na	na	na	na	na	na	na	na	na	na	0	na	na	na	na	na	na	na	0	na	na	na	na	na	na	0	na	0	na	na	0	na
prop_piece_brazierfloor01	1	1	0	2	0	na	na	na	na	na	na	na	na	na	na	na	na	na	na	na	0	na	na	na	na	na	na	na	0	na	na	na	na	na	na	0	na	0	na	na	0	na
prop_piece_cauldron	1	1	0	2	0	na	na	na	na	na	na	na	na	na	na	na	na	na	na	na	0	na	na	na	na	na	na	na	0	na	na	na	na	na	na	0	na	0	na	na	0	na
prop_piece_chair03	1	1	0	2	0	na	na	na	na	na	na	na	na	na	na	na	na	na	na	na	0	na	na	na	na	na	na	na	0	na	na	na	na	na	na	0	na	0	na	na	0	na
prop_piece_cookingstation	1	1	0	0	0	na	na	na	na	na	na	na	na	na	na	na	na	na	na	na	0	na	na	na	na	na	na	na	0	na	na	na	na	na	na	0	na	0	na	na	0	na
prop_piece_MeadCauldron	1	1	0	2	0	na	na	na	na	na	na	na	na	na	na	na	na	na	na	na	0	na	na	na	na	na	na	na	0	na	na	na	na	na	na	0	na	0	na	na	0	na
prop_piece_workbench_ext1	1	1	0	2	0	na	na	na	na	na	na	na	na	na	na	na	na	na	na	na	0	na	na	na	na	na	na	na	0	na	na	na	na	na	na	0	na	0	na	na	0	na
prop_piece_workbench_ext2	1	1	0	2	0	na	na	na	na	na	na	na	na	na	na	na	na	na	na	na	0	na	na	na	na	na	na	na	0	na	na	na	na	na	na	0	na	0	na	na	0	na
prop_piece_workbench_ext3	1	1	0	2	0	na	na	na	na	na	na	na	na	na	na	na	na	na	na	na	0	na	na	na	na	na	na	na	0	na	na	na	na	na	na	0	na	0	na	na	0	na
prop_piece_workbench_ext4	1	1	0	2	0	na	na	na	na	na	na	na	na	na	na	na	na	na	na	na	0	na	na	na	na	na	na	na	0	na	na	na	na	na	na	0	na	0	na	na	0	na
prop_preptable	1	1	0	2	0	na	na	na	na	na	na	na	na	na	na	na	na	na	na	na	0	na	na	na	na	na	na	na	0	na	na	na	na	na	na	0	na	0	na	na	0	na
prop_Tankard	1	1	0	2	0	na	na	na	na	na	na	na	na	na	na	na	na	na	na	na	0	na	na	na	na	na	na	na	0	na	na	na	na	na	na	0	na	0	na	na	0	na
prop_wood_stack	1	1	0	2	0	na	na	na	na	na	na	na	na	na	na	na	na	na	na	na	0	na	na	na	na	na	na	na	0	na	na	na	na	na	na	0	na	0	na	na	0	na
PropFeastDeepNorth	1	1	0	2	0	na	na	na	na	na	na	na	na	na	na	na	na	na	na	na	0	na	na	na	na	na	na	na	0	na	na	na	na	na	na	0	na	0	na	na	0	na
ProustitePowder	1	1	0	0	0	na	na	na	na	na	na	na	na	na	na	na	na	na	na	na	0	na	na	na	na	na	na	na	0	na	na	na	na	na	na	0	na	1	1	0	0	na
Pukeberries	1	1	0	0	1	0	1	0	0	0	0	0	1	0	1	0	0	0	6	$item_pukeberries	1	0	10	0	1	1	0	0	0	na	na	na	na	na	na	0	na	1	1	0	0	na
PulledBear	1	1	0	0	1	0	1	0	0	0	0	0	1	0	1	0	0	0	6	$item_pulledbear	1	0	10	0	1	1	0	0	0	na	na	na	na	na	na	0	na	1	1	0	0	na
PungentPebbles	1	1	0	0	0	na	na	na	na	na	na	na	na	na	na	na	na	na	na	na	0	na	na	na	na	na	na	na	0	na	na	na	na	na	na	0	na	1	1	0	0	na
QueenBee	1	1	0	0	0	na	na	na	na	na	na	na	na	na	na	na	na	na	na	na	0	na	na	na	na	na	na	na	0	na	na	na	na	na	na	0	na	1	1	0	0	na
QueenDrop	1	1	0	0	0	na	na	na	na	na	na	na	na	na	na	na	na	na	na	na	0	na	na	na	na	na	na	na	0	na	na	na	na	na	na	1	0.6	1	1	0	0	na
QueensJam	1	1	0	0	1	0	1	0	0	0	0	0	1	0	1	0	0	0	6	$item_queensjam	1	0	10	0	1	1	0	0	0	na	na	na	na	na	na	0	na	1	1	0	0	na
radiation	1	0	0	0	0	na	na	na	na	na	na	na	na	na	na	na	na	na	na	na	0	na	na	na	na	na	na	na	0	na	na	na	na	na	na	0	na	0	na	na	0	na
Raft	1	1	0	1	1	1	0	0	0	0	0	0	0	0	1	0	0	0	0	$ship_raft	1	0	300	1	0	0	0	0	1	0.5	-0.5	1.5	10	0	1	0	na	1	1000	0	0	na
Ragdoll_Asksvin	1	0	0	0	0	na	na	na	na	na	na	na	na	na	na	na	na	na	na	na	0	na	na	na	na	na	na	na	0	na	na	na	na	na	na	0	na	0	na	na	0	na
Ragdoll_Asksvin_Hatchling	1	0	0	0	0	na	na	na	na	na	na	na	na	na	na	na	na	na	na	na	0	na	na	na	na	na	na	na	0	na	na	na	na	na	na	0	na	0	na	na	0	na
raise	1	1	0	2	1	0	0	0	1	0	0	0	0	0	0	0	0	0	0	$piece_raise	0	na	na	na	na	na	na	na	0	na	na	na	na	na	na	0	na	0	na	na	0	na
Raspberry	1	1	0	0	1	0	1	0	0	0	0	0	1	0	1	0	0	0	6	$item_raspberries	1	0	10	0	1	1	0	0	0	na	na	na	na	na	na	0	na	1	1	0	0	na
RaspberryBush	1	1	0	0	0	na	na	na	na	na	na	na	na	na	na	na	na	na	na	na	0	na	na	na	na	na	na	na	0	na	na	na	na	na	na	0	na	0	na	na	0	na
RawMeat	1	1	0	0	0	na	na	na	na	na	na	na	na	na	na	na	na	na	na	na	0	na	na	na	na	na	na	na	0	na	na	na	na	na	na	0	na	1	1	0	0	na
replant	1	1	0	0	1	0	0	0	1	0	0	0	0	0	0	0	0	0	0	$piece_replant	0	na	na	na	na	na	na	na	0	na	na	na	na	na	na	0	na	0	na	na	0	na
Resin	1	1	0	0	0	na	na	na	na	na	na	na	na	na	na	na	na	na	na	na	0	na	na	na	na	na	na	na	0	na	na	na	na	na	na	0	na	1	1	0	0	na
RoastedCrustPie	1	1	0	0	1	0	1	0	0	0	0	0	1	0	1	0	0	0	6	$item_roastedcrustpie	1	0	10	0	1	1	0	0	0	na	na	na	na	na	na	0	na	1	1	0	0	na
RoastedCrustPieUncooked	1	1	0	0	0	na	na	na	na	na	na	na	na	na	na	na	na	na	na	na	0	na	na	na	na	na	na	na	0	na	na	na	na	na	na	0	na	1	1	0	0	na
Rock_3	1	1	0	2	0	na	na	na	na	na	na	na	na	na	na	na	na	na	na	na	0	na	na	na	na	na	na	na	0	na	na	na	na	na	na	0	na	0	na	na	0	na
Rock_3_deepnorth	1	1	0	2	0	na	na	na	na	na	na	na	na	na	na	na	na	na	na	na	0	na	na	na	na	na	na	na	0	na	na	na	na	na	na	0	na	0	na	na	0	na
Rock_3_deepnorth_frac	1	1	0	2	0	na	na	na	na	na	na	na	na	na	na	na	na	na	na	na	0	na	na	na	na	na	na	na	0	na	na	na	na	na	na	0	na	0	na	na	0	na
Rock_3_frac	1	1	0	2	0	na	na	na	na	na	na	na	na	na	na	na	na	na	na	na	0	na	na	na	na	na	na	na	0	na	na	na	na	na	na	0	na	0	na	na	0	na
Rock_4	1	1	0	2	0	na	na	na	na	na	na	na	na	na	na	na	na	na	na	na	0	na	na	na	na	na	na	na	0	na	na	na	na	na	na	0	na	0	na	na	0	na
Rock_4_deepnorth	1	1	0	2	0	na	na	na	na	na	na	na	na	na	na	na	na	na	na	na	0	na	na	na	na	na	na	na	0	na	na	na	na	na	na	0	na	0	na	na	0	na
Rock_4_plains	1	1	0	2	0	na	na	na	na	na	na	na	na	na	na	na	na	na	na	na	0	na	na	na	na	na	na	na	0	na	na	na	na	na	na	0	na	0	na	na	0	na
Rock_7	1	1	0	2	0	na	na	na	na	na	na	na	na	na	na	na	na	na	na	na	0	na	na	na	na	na	na	na	0	na	na	na	na	na	na	0	na	0	na	na	0	na
Rock_7_deepnorth	1	1	0	2	0	na	na	na	na	na	na	na	na	na	na	na	na	na	na	na	0	na	na	na	na	na	na	na	0	na	na	na	na	na	na	0	na	0	na	na	0	na
Rock_7_meadows	1	1	0	2	0	na	na	na	na	na	na	na	na	na	na	na	na	na	na	na	0	na	na	na	na	na	na	na	0	na	na	na	na	na	na	0	na	0	na	na	0	na
Rock_destructible	1	1	0	2	0	na	na	na	na	na	na	na	na	na	na	na	na	na	na	na	0	na	na	na	na	na	na	na	0	na	na	na	na	na	na	0	na	0	na	na	0	na
Rock_destructible_test	1	1	0	0	0	na	na	na	na	na	na	na	na	na	na	na	na	na	na	na	0	na	na	na	na	na	na	na	0	na	na	na	na	na	na	0	na	0	na	na	0	na
rock_mistlands1	1	1	0	2	0	na	na	na	na	na	na	na	na	na	na	na	na	na	na	na	0	na	na	na	na	na	na	na	0	na	na	na	na	na	na	0	na	0	na	na	0	na
rock_mistlands1_frac	1	1	1	2	0	na	na	na	na	na	na	na	na	na	na	na	na	na	na	na	0	na	na	na	na	na	na	na	0	na	na	na	na	na	na	0	na	0	na	na	0	na
rock_mistlands2	1	1	0	2	0	na	na	na	na	na	na	na	na	na	na	na	na	na	na	na	0	na	na	na	na	na	na	na	0	na	na	na	na	na	na	0	na	0	na	na	0	na
rock1_mistlands	1	1	1	2	0	na	na	na	na	na	na	na	na	na	na	na	na	na	na	na	0	na	na	na	na	na	na	na	0	na	na	na	na	na	na	0	na	0	na	na	0	na
rock1_mountain	1	1	1	2	0	na	na	na	na	na	na	na	na	na	na	na	na	na	na	na	0	na	na	na	na	na	na	na	0	na	na	na	na	na	na	0	na	0	na	na	0	na
rock1_mountain_frac	1	1	1	2	0	na	na	na	na	na	na	na	na	na	na	na	na	na	na	na	0	na	na	na	na	na	na	na	0	na	na	na	na	na	na	0	na	0	na	na	0	na
rock2_heath	1	1	1	2	0	na	na	na	na	na	na	na	na	na	na	na	na	na	na	na	0	na	na	na	na	na	na	na	0	na	na	na	na	na	na	0	na	0	na	na	0	na
rock2_heath_frac	1	1	1	2	0	na	na	na	na	na	na	na	na	na	na	na	na	na	na	na	0	na	na	na	na	na	na	na	0	na	na	na	na	na	na	0	na	0	na	na	0	na
rock2_mountain	1	1	1	2	0	na	na	na	na	na	na	na	na	na	na	na	na	na	na	na	0	na	na	na	na	na	na	na	0	na	na	na	na	na	na	0	na	0	na	na	0	na
rock2_mountain_frac	1	1	1	2	0	na	na	na	na	na	na	na	na	na	na	na	na	na	na	na	0	na	na	na	na	na	na	na	0	na	na	na	na	na	na	0	na	0	na	na	0	na
rock3_ice	1	1	1	2	0	na	na	na	na	na	na	na	na	na	na	na	na	na	na	na	0	na	na	na	na	na	na	na	0	na	na	na	na	na	na	0	na	0	na	na	0	na
rock3_ice_frac	1	1	1	2	0	na	na	na	na	na	na	na	na	na	na	na	na	na	na	na	0	na	na	na	na	na	na	na	0	na	na	na	na	na	na	0	na	0	na	na	0	na
rock3_mountain	1	1	1	2	0	na	na	na	na	na	na	na	na	na	na	na	na	na	na	na	0	na	na	na	na	na	na	na	0	na	na	na	na	na	na	0	na	0	na	na	0	na
rock3_mountain_1	1	1	1	2	0	na	na	na	na	na	na	na	na	na	na	na	na	na	na	na	0	na	na	na	na	na	na	na	0	na	na	na	na	na	na	0	na	0	na	na	0	na
rock3_mountain_1_frac	1	1	1	2	0	na	na	na	na	na	na	na	na	na	na	na	na	na	na	na	0	na	na	na	na	na	na	na	0	na	na	na	na	na	na	0	na	0	na	na	0	na
rock3_mountain_frac	1	1	1	2	0	na	na	na	na	na	na	na	na	na	na	na	na	na	na	na	0	na	na	na	na	na	na	na	0	na	na	na	na	na	na	0	na	0	na	na	0	na
rock3_silver	1	1	1	2	0	na	na	na	na	na	na	na	na	na	na	na	na	na	na	na	0	na	na	na	na	na	na	na	0	na	na	na	na	na	na	0	na	0	na	na	0	na
rock3_silver_frac	1	1	1	2	0	na	na	na	na	na	na	na	na	na	na	na	na	na	na	na	0	na	na	na	na	na	na	na	0	na	na	na	na	na	na	0	na	0	na	na	0	na
rock4_ashlands_frac	1	1	0	2	0	na	na	na	na	na	na	na	na	na	na	na	na	na	na	na	0	na	na	na	na	na	na	na	0	na	na	na	na	na	na	0	na	0	na	na	0	na
rock4_bigrock_frac	1	1	0	2	0	na	na	na	na	na	na	na	na	na	na	na	na	na	na	na	0	na	na	na	na	na	na	na	0	na	na	na	na	na	na	0	na	0	na	na	0	na
rock4_coast	1	1	0	2	0	na	na	na	na	na	na	na	na	na	na	na	na	na	na	na	0	na	na	na	na	na	na	na	0	na	na	na	na	na	na	0	na	0	na	na	0	na
rock4_coast_frac	1	1	0	2	0	na	na	na	na	na	na	na	na	na	na	na	na	na	na	na	0	na	na	na	na	na	na	na	0	na	na	na	na	na	na	0	na	0	na	na	0	na
rock4_copper	1	1	0	2	0	na	na	na	na	na	na	na	na	na	na	na	na	na	na	na	0	na	na	na	na	na	na	na	0	na	na	na	na	na	na	0	na	0	na	na	0	na
rock4_copper_frac	1	1	0	2	0	na	na	na	na	na	na	na	na	na	na	na	na	na	na	na	0	na	na	na	na	na	na	na	0	na	na	na	na	na	na	0	na	0	na	na	0	na
rock4_forest	1	1	0	2	0	na	na	na	na	na	na	na	na	na	na	na	na	na	na	na	0	na	na	na	na	na	na	na	0	na	na	na	na	na	na	0	na	0	na	na	0	na
rock4_forest_frac	1	1	0	2	0	na	na	na	na	na	na	na	na	na	na	na	na	na	na	na	0	na	na	na	na	na	na	na	0	na	na	na	na	na	na	0	na	0	na	na	0	na
rock4_heath	1	1	0	2	0	na	na	na	na	na	na	na	na	na	na	na	na	na	na	na	0	na	na	na	na	na	na	na	0	na	na	na	na	na	na	0	na	0	na	na	0	na
rock4_heath_frac	1	1	0	2	0	na	na	na	na	na	na	na	na	na	na	na	na	na	na	na	0	na	na	na	na	na	na	na	0	na	na	na	na	na	na	0	na	0	na	na	0	na
RockDolmen_1	1	1	0	2	0	na	na	na	na	na	na	na	na	na	na	na	na	na	na	na	0	na	na	na	na	na	na	na	0	na	na	na	na	na	na	0	na	0	na	na	0	na
RockDolmen_2	1	1	0	2	0	na	na	na	na	na	na	na	na	na	na	na	na	na	na	na	0	na	na	na	na	na	na	na	0	na	na	na	na	na	na	0	na	0	na	na	0	na
RockDolmen_3	1	1	0	2	0	na	na	na	na	na	na	na	na	na	na	na	na	na	na	na	0	na	na	na	na	na	na	na	0	na	na	na	na	na	na	0	na	0	na	na	0	na
RockFinger	1	1	1	2	0	na	na	na	na	na	na	na	na	na	na	na	na	na	na	na	0	na	na	na	na	na	na	na	0	na	na	na	na	na	na	0	na	0	na	na	0	na
RockFinger_frac	1	1	1	2	0	na	na	na	na	na	na	na	na	na	na	na	na	na	na	na	0	na	na	na	na	na	na	na	0	na	na	na	na	na	na	0	na	0	na	na	0	na
RockFingerBroken	1	1	1	2	0	na	na	na	na	na	na	na	na	na	na	na	na	na	na	na	0	na	na	na	na	na	na	na	0	na	na	na	na	na	na	0	na	0	na	na	0	na
RockFingerBroken_frac	1	1	1	2	0	na	na	na	na	na	na	na	na	na	na	na	na	na	na	na	0	na	na	na	na	na	na	na	0	na	na	na	na	na	na	0	na	0	na	na	0	na
rockformation1	1	1	1	2	0	na	na	na	na	na	na	na	na	na	na	na	na	na	na	na	0	na	na	na	na	na	na	na	0	na	na	na	na	na	na	0	na	0	na	na	0	na
RockThumb	1	1	1	2	0	na	na	na	na	na	na	na	na	na	na	na	na	na	na	na	0	na	na	na	na	na	na	na	0	na	na	na	na	na	na	0	na	0	na	na	0	na
RockThumb_frac	1	1	1	2	0	na	na	na	na	na	na	na	na	na	na	na	na	na	na	na	0	na	na	na	na	na	na	na	0	na	na	na	na	na	na	0	na	0	na	na	0	na
Root	1	1	0	0	0	na	na	na	na	na	na	na	na	na	na	na	na	na	na	na	0	na	na	na	na	na	na	na	0	na	na	na	na	na	na	1	0.7	1	1	0	0	na
root07	1	1	0	0	0	na	na	na	na	na	na	na	na	na	na	na	na	na	na	na	0	na	na	na	na	na	na	na	0	na	na	na	na	na	na	0	na	0	na	na	0	na
root08	1	1	0	0	0	na	na	na	na	na	na	na	na	na	na	na	na	na	na	na	0	na	na	na	na	na	na	na	0	na	na	na	na	na	na	0	na	0	na	na	0	na
root11	1	1	0	0	0	na	na	na	na	na	na	na	na	na	na	na	na	na	na	na	0	na	na	na	na	na	na	na	0	na	na	na	na	na	na	0	na	0	na	na	0	na
root12	1	1	0	0	0	na	na	na	na	na	na	na	na	na	na	na	na	na	na	na	0	na	na	na	na	na	na	na	0	na	na	na	na	na	na	0	na	0	na	na	0	na
RottenMeat	1	1	0	0	1	0	1	0	0	0	0	0	1	0	1	0	0	0	6	$item_meat_rotten	1	0	10	0	1	1	0	0	0	na	na	na	na	na	na	0	na	1	1	0	0	na
RoundLog	1	1	0	0	0	na	na	na	na	na	na	na	na	na	na	na	na	na	na	na	0	na	na	na	na	na	na	na	0	na	na	na	na	na	na	1	0.52	1	10	0	0	na
RoyalJelly	1	1	0	0	1	0	1	0	0	0	0	0	1	0	1	0	0	0	6	$item_royaljelly	1	0	10	0	1	1	0	0	0	na	na	na	na	na	na	0	na	1	1	0	0	na
Ruby	1	1	0	0	0	na	na	na	na	na	na	na	na	na	na	na	na	na	na	na	0	na	na	na	na	na	na	na	0	na	na	na	na	na	na	0	na	1	1	0	0	na
rug_asksvin	1	1	0	0	1	0	0	0	0	0	1	0	1	0	0	0	1	0	4	$piece_rug_asksvin	1	0	50	1	1	0	0	0	0	na	na	na	na	na	na	0	na	0	na	na	0	na
rug_Bjorn	1	1	0	0	1	0	0	0	0	0	1	0	1	0	0	0	2	0	4	$piece_rug_bjorn	1	0	50	1	1	0	0	0	0	na	na	na	na	na	na	0	na	0	na	na	0	na
rug_bogwitch_deer	1	1	0	0	0	na	na	na	na	na	na	na	na	na	na	na	na	na	na	na	0	na	na	na	na	na	na	na	0	na	na	na	na	na	na	0	na	0	na	na	0	na
rug_bogwitch_fur	1	1	0	0	0	na	na	na	na	na	na	na	na	na	na	na	na	na	na	na	0	na	na	na	na	na	na	na	0	na	na	na	na	na	na	0	na	0	na	na	0	na
rug_bogwitch_wolf	1	1	0	0	0	na	na	na	na	na	na	na	na	na	na	na	na	na	na	na	0	na	na	na	na	na	na	na	0	na	na	na	na	na	na	0	na	0	na	na	0	na
rug_deer	1	1	0	0	1	0	0	0	0	0	1	0	1	0	0	0	1	0	4	$piece_rug_deer	1	0	50	1	1	0	0	0	0	na	na	na	na	na	na	0	na	0	na	na	0	na
rug_fur	1	1	0	0	1	0	0	0	0	0	1	0	1	0	0	0	2	0	4	$piece_rug_lox	1	0	50	1	1	0	0	0	0	na	na	na	na	na	na	0	na	0	na	na	0	na
rug_hare	1	1	0	0	1	0	0	0	0	0	1	0	1	0	0	0	1	0	4	$piece_rug_hare	1	0	50	1	1	0	0	0	0	na	na	na	na	na	na	0	na	0	na	na	0	na
rug_moose	1	1	0	0	1	0	0	0	0	0	1	0	1	0	0	0	2	0	4	$piece_rug_moose	1	0	50	1	1	0	0	0	0	na	na	na	na	na	na	0	na	0	na	na	0	na
rug_seal	1	1	0	0	1	0	0	0	0	0	1	0	1	0	0	0	1	0	5	$piece_rug_seal	1	0	50	1	1	0	0	0	0	na	na	na	na	na	na	0	na	0	na	na	0	na
rug_straw	1	1	0	0	1	0	0	0	0	0	1	0	1	0	0	0	1	0	4	$piece_rug_straw	1	0	50	1	1	0	0	0	0	na	na	na	na	na	na	0	na	0	na	na	0	na
rug_wolf	1	1	0	0	1	0	0	0	0	0	1	0	1	0	0	0	2	0	4	$piece_rug_wolf	1	0	50	1	1	0	0	0	0	na	na	na	na	na	na	0	na	0	na	na	0	na
SaddleAsksvin	1	1	0	0	0	na	na	na	na	na	na	na	na	na	na	na	na	na	na	na	0	na	na	na	na	na	na	na	0	na	na	na	na	na	na	1	0.6	1	1	0	0	na
SaddleLox	1	1	0	0	0	na	na	na	na	na	na	na	na	na	na	na	na	na	na	na	0	na	na	na	na	na	na	na	0	na	na	na	na	na	na	1	0.6	1	1	0	0	na
SaddleMoose	1	1	0	0	0	na	na	na	na	na	na	na	na	na	na	na	na	na	na	na	0	na	na	na	na	na	na	na	0	na	na	na	na	na	na	1	0.6	1	1	0	0	na
Salad	1	1	0	0	1	0	1	0	0	0	0	0	1	0	1	0	0	0	6	$item_salad	1	0	10	0	1	1	0	0	0	na	na	na	na	na	na	0	na	1	1	0	0	na
Sap	1	1	0	0	0	na	na	na	na	na	na	na	na	na	na	na	na	na	na	na	0	na	na	na	na	na	na	na	0	na	na	na	na	na	na	0	na	1	1	0	0	na
sapling_barley	1	1	0	0	1	0	1	0	0	1	0	0	0	0	0	0	0	0	0	$piece_sapling_barley	0	na	na	na	na	na	na	na	0	na	na	na	na	na	na	0	na	0	na	na	0	na
sapling_carrot	1	1	0	0	1	0	1	0	0	1	0	0	0	0	0	0	0	0	0	$piece_sapling_carrot	0	na	na	na	na	na	na	na	0	na	na	na	na	na	na	0	na	0	na	na	0	na
sapling_flax	1	1	0	0	1	0	1	0	0	1	0	0	0	0	0	0	0	0	0	$piece_sapling_flax	0	na	na	na	na	na	na	na	0	na	na	na	na	na	na	0	na	0	na	na	0	na
sapling_jotunpuffs	1	1	0	0	1	0	1	0	0	1	0	0	0	0	0	0	0	0	0	$item_jotunpuffs	0	na	na	na	na	na	na	na	0	na	na	na	na	na	na	0	na	0	na	na	0	na
sapling_Kale	1	1	0	0	1	0	1	0	0	1	0	0	0	0	0	0	0	0	0	$piece_sapling_kale	0	na	na	na	na	na	na	na	0	na	na	na	na	na	na	0	na	0	na	na	0	na
sapling_magecap	1	1	0	0	1	0	1	0	0	1	0	0	0	0	0	0	0	0	0	$item_magecap	0	na	na	na	na	na	na	na	0	na	na	na	na	na	na	0	na	0	na	na	0	na
sapling_oat	1	1	0	0	1	0	1	0	0	1	0	0	0	0	0	0	0	0	0	$piece_sapling_oat	0	na	na	na	na	na	na	na	0	na	na	na	na	na	na	0	na	0	na	na	0	na
sapling_onion	1	1	0	0	1	0	1	0	0	1	0	0	0	0	0	0	0	0	0	$piece_sapling_onion	0	na	na	na	na	na	na	na	0	na	na	na	na	na	na	0	na	0	na	na	0	na
sapling_poteitr	1	1	0	0	1	0	1	0	0	1	0	0	0	0	0	0	0	0	0	$piece_sapling_poteitr	0	na	na	na	na	na	na	na	0	na	na	na	na	na	na	0	na	0	na	na	0	na
sapling_seedcarrot	1	1	0	0	1	0	1	0	0	1	0	0	0	0	0	0	0	0	0	$piece_sapling_seedcarrot	0	na	na	na	na	na	na	na	0	na	na	na	na	na	na	0	na	0	na	na	0	na
sapling_seedkale	1	1	0	0	1	0	1	0	0	1	0	0	0	0	0	0	0	0	0	$piece_sapling_seedkale	0	na	na	na	na	na	na	na	0	na	na	na	na	na	na	0	na	0	na	na	0	na
sapling_seedonion	1	1	0	0	1	0	1	0	0	1	0	0	0	0	0	0	0	0	0	$piece_sapling_seedonion	0	na	na	na	na	na	na	na	0	na	na	na	na	na	na	0	na	0	na	na	0	na
sapling_seedturnip	1	1	0	0	1	0	1	0	0	1	0	0	0	0	0	0	0	0	0	$piece_sapling_seedturnip	0	na	na	na	na	na	na	na	0	na	na	na	na	na	na	0	na	0	na	na	0	na
sapling_turnip	1	1	0	0	1	0	1	0	0	1	0	0	0	0	0	0	0	0	0	$piece_sapling_turnip	0	na	na	na	na	na	na	na	0	na	na	na	na	na	na	0	na	0	na	na	0	na
Sausages	1	1	0	0	1	0	1	0	0	0	0	0	1	0	1	0	0	0	6	$item_sausages	1	0	10	0	1	1	0	0	0	na	na	na	na	na	na	0	na	1	1	0	0	na
scale_halfwall_1x2	1	1	0	2	1	0	0	0	0	0	0	0	0	0	0	0	0	0	5	$piece_scale_halfwall	1	0	400	1	1	1	0	0	0	na	na	na	na	na	na	0	na	0	na	na	0	na
scale_quarterwall_1x1	1	1	0	2	1	0	0	0	0	0	0	0	0	0	0	0	0	0	5	$piece_scale_quarterwall	1	0	400	1	1	1	0	0	0	na	na	na	na	na	na	0	na	0	na	na	0	na
scale_wall_2x2	1	1	0	2	1	0	0	0	0	0	0	0	0	0	0	0	0	0	5	$piece_scale_wall	1	0	400	1	1	1	0	0	0	na	na	na	na	na	na	0	na	0	na	na	0	na
scale_wall_roof_26	1	1	0	2	1	0	0	0	0	0	0	0	0	0	0	0	0	0	5	$piece_scale_26	1	0	400	1	1	0	0	0	0	na	na	na	na	na	na	0	na	0	na	na	0	na
scale_wall_roof_26_flipped	1	1	0	2	1	0	0	0	0	0	0	0	0	0	0	0	0	0	5	$piece_scale_26_flipped	1	0	400	1	1	0	0	0	0	na	na	na	na	na	na	0	na	0	na	na	0	na
scale_wall_roof_26_upsidedown	1	1	0	2	1	0	0	0	0	0	0	0	0	0	0	0	0	0	5	$piece_scale_26_upsidedown	1	0	400	1	1	0	0	0	0	na	na	na	na	na	na	0	na	0	na	na	0	na
scale_wall_roof_26_upsidedown_flipped	1	1	0	2	1	0	0	0	0	0	0	0	0	0	0	0	0	0	5	$piece_scale_26_upsidedown_flipped	1	0	400	1	1	0	0	0	0	na	na	na	na	na	na	0	na	0	na	na	0	na
scale_wall_roof_45	1	1	0	2	1	0	0	0	0	0	0	0	0	0	0	0	0	0	5	$piece_scale_45	1	0	400	1	1	0	0	0	0	na	na	na	na	na	na	0	na	0	na	na	0	na
scale_wall_roof_45_flipped	1	1	0	2	1	0	0	0	0	0	0	0	0	0	0	0	0	0	5	$piece_scale_45_flipped	1	0	400	1	1	0	0	0	0	na	na	na	na	na	na	0	na	0	na	na	0	na
scale_wall_roof_45_upsidedown	1	1	0	2	1	0	0	0	0	0	0	0	0	0	0	0	0	0	5	$piece_scale_45_upsidedown	1	0	400	1	1	0	0	0	0	na	na	na	na	na	na	0	na	0	na	na	0	na
scale_wall_roof_45_upsidedown_flipped	1	1	0	2	1	0	0	0	0	0	0	0	0	0	0	0	0	0	5	$piece_scale_45_upsidedown_flipped	1	0	400	1	1	0	0	0	0	na	na	na	na	na	na	0	na	0	na	na	0	na
scale_wall_roof_67	1	1	0	2	1	0	0	0	0	0	0	0	0	0	0	0	0	0	5	$piece_scale_67	1	0	400	1	1	0	0	0	0	na	na	na	na	na	na	0	na	0	na	na	0	na
scale_wall_roof_67_flipped	1	1	0	2	1	0	0	0	0	0	0	0	0	0	0	0	0	0	5	$piece_scale_67_flipped	1	0	400	1	1	0	0	0	0	na	na	na	na	na	na	0	na	0	na	na	0	na
scale_wall_roof_67_upsidedown	1	1	0	2	1	0	0	0	0	0	0	0	0	0	0	0	0	0	5	$piece_scale_67_upsidedown	1	0	400	1	1	0	0	0	0	na	na	na	na	na	na	0	na	0	na	na	0	na
scale_wall_roof_67_upsidedown_flipped	1	1	0	2	1	0	0	0	0	0	0	0	0	0	0	0	0	0	5	$piece_scale_67_upsidedown_flipped	1	0	400	1	1	0	0	0	0	na	na	na	na	na	na	0	na	0	na	na	0	na
ScaleHide	1	1	0	0	0	na	na	na	na	na	na	na	na	na	na	na	na	na	na	na	0	na	na	na	na	na	na	na	0	na	na	na	na	na	na	0	na	1	1	0	0	na
ScorchingMedley	1	1	0	0	1	0	1	0	0	0	0	0	1	0	1	0	0	0	6	$item_scorchingmedley	1	0	10	0	1	1	0	0	0	na	na	na	na	na	na	0	na	1	1	0	0	na
Scythe	1	1	0	0	0	na	na	na	na	na	na	na	na	na	na	na	na	na	na	na	0	na	na	na	na	na	na	na	0	na	na	na	na	na	na	0	na	1	1.5	0	0	na
ScytheHandle	1	1	0	0	0	na	na	na	na	na	na	na	na	na	na	na	na	na	na	na	0	na	na	na	na	na	na	na	0	na	na	na	na	na	na	0	na	1	1	0	0	na
Seagal	1	1	0	0	0	na	na	na	na	na	na	na	na	na	na	na	na	na	na	na	0	na	na	na	na	na	na	na	0	na	na	na	na	na	na	0	na	0	na	na	0	na
Seal	1	1	0	0	0	na	na	na	na	na	na	na	na	na	na	na	na	na	na	na	0	na	na	na	na	na	na	na	0	na	na	na	na	na	na	0	na	1	50	0	0	na
Seal_Pup	1	1	0	0	0	na	na	na	na	na	na	na	na	na	na	na	na	na	na	na	0	na	na	na	na	na	na	na	0	na	na	na	na	na	na	0	na	1	20	0	0	na
seal_pup_ragdoll	1	1	0	0	0	na	na	na	na	na	na	na	na	na	na	na	na	na	na	na	0	na	na	na	na	na	na	na	0	na	na	na	na	na	na	0	na	0	na	na	0	na
seal_ragdoll	1	1	0	0	0	na	na	na	na	na	na	na	na	na	na	na	na	na	na	na	0	na	na	na	na	na	na	na	0	na	na	na	na	na	na	0	na	0	na	na	0	na
SealBlubber	1	1	0	0	0	na	na	na	na	na	na	na	na	na	na	na	na	na	na	na	0	na	na	na	na	na	na	na	0	na	na	na	na	na	na	0	na	1	1	0	0	na
SealHide	1	1	0	0	0	na	na	na	na	na	na	na	na	na	na	na	na	na	na	na	0	na	na	na	na	na	na	na	0	na	na	na	na	na	na	0	na	1	1	0	0	na
SealSoup	1	1	0	0	1	0	1	0	0	0	0	0	1	0	1	0	0	0	6	$item_sealsoup	1	0	10	0	1	1	0	0	0	na	na	na	na	na	na	0	na	1	1	0	0	na
Seeker	1	1	0	0	0	na	na	na	na	na	na	na	na	na	na	na	na	na	na	na	0	na	na	na	na	na	na	na	0	na	na	na	na	na	na	0	na	1	10	0	0	na
SeekerAspic	1	1	0	0	1	0	1	0	0	0	0	0	1	0	1	0	0	0	6	$item_seekeraspic	1	0	10	0	1	1	0	0	0	na	na	na	na	na	na	0	na	1	1	0	0	na
SeekerBrood	1	1	0	0	0	na	na	na	na	na	na	na	na	na	na	na	na	na	na	na	0	na	na	na	na	na	na	na	0	na	na	na	na	na	na	0	na	1	5	0	0	na
SeekerBrute	1	1	0	0	0	na	na	na	na	na	na	na	na	na	na	na	na	na	na	na	0	na	na	na	na	na	na	na	0	na	na	na	na	na	na	0	na	1	50	0	0	na
SeekerBrute_Taunt	1	1	0	0	0	na	na	na	na	na	na	na	na	na	na	na	na	na	na	na	0	na	na	na	na	na	na	na	0	na	na	na	na	na	na	0	na	1	1	0	0	na
SeekerEgg	1	1	0	0	0	na	na	na	na	na	na	na	na	na	na	na	na	na	na	na	0	na	na	na	na	na	na	na	0	na	na	na	na	na	na	0	na	0	na	na	0	na
SeekerEgg_alwayshatch	1	1	0	0	0	na	na	na	na	na	na	na	na	na	na	na	na	na	na	na	0	na	na	na	na	na	na	na	0	na	na	na	na	na	na	0	na	0	na	na	0	na
SeekerQueen	1	1	0	0	0	na	na	na	na	na	na	na	na	na	na	na	na	na	na	na	0	na	na	na	na	na	na	na	0	na	na	na	na	na	na	0	na	1	100	0	0	na
SeekerQueen_Call	1	1	0	0	0	na	na	na	na	na	na	na	na	na	na	na	na	na	na	na	0	na	na	na	na	na	na	na	0	na	na	na	na	na	na	0	na	1	1	0	0	na
SeekerQueen_projectile_spit	1	0	0	0	0	na	na	na	na	na	na	na	na	na	na	na	na	na	na	na	0	na	na	na	na	na	na	na	0	na	na	na	na	na	na	0	na	0	na	na	0	na
SeekerQueen_projectile_teleport	1	0	0	0	0	na	na	na	na	na	na	na	na	na	na	na	na	na	na	na	0	na	na	na	na	na	na	na	0	na	na	na	na	na	na	0	na	0	na	na	0	na
SeekerQueen_spithit	1	0	0	0	0	na	na	na	na	na	na	na	na	na	na	na	na	na	na	na	0	na	na	na	na	na	na	na	0	na	na	na	na	na	na	0	na	0	na	na	0	na
SeekerQueen_Teleport	1	1	0	0	0	na	na	na	na	na	na	na	na	na	na	na	na	na	na	na	0	na	na	na	na	na	na	na	0	na	na	na	na	na	na	0	na	1	1	0	0	na
Serpent	1	1	0	0	0	na	na	na	na	na	na	na	na	na	na	na	na	na	na	na	0	na	na	na	na	na	na	na	0	na	na	na	na	na	na	0	na	1	30	0	0	na
SerpentMeat	1	1	0	0	0	na	na	na	na	na	na	na	na	na	na	na	na	na	na	na	0	na	na	na	na	na	na	na	0	na	na	na	na	na	na	1	0.45	1	1	0	0	na
SerpentMeatCooked	1	1	0	0	1	0	1	0	0	0	0	0	1	0	1	0	0	0	6	$item_serpentmeatcooked	1	0	10	0	1	1	0	0	0	na	na	na	na	na	na	0	na	1	1	0	0	na
SerpentScale	1	1	0	0	0	na	na	na	na	na	na	na	na	na	na	na	na	na	na	na	0	na	na	na	na	na	na	na	0	na	na	na	na	na	na	0	na	1	1	0	0	na
SerpentStew	1	1	0	0	1	0	1	0	0	0	0	0	1	0	1	0	0	0	6	$item_serpentstew	1	0	10	0	1	1	0	0	0	na	na	na	na	na	na	0	na	1	1	0	0	na
sfx_abomination_arise_end	1	0	0	0	0	na	na	na	na	na	na	na	na	na	na	na	na	na	na	na	0	na	na	na	na	na	na	na	0	na	na	na	na	na	na	0	na	0	na	na	0	na
sfx_Abomination_attack	1	0	0	0	0	na	na	na	na	na	na	na	na	na	na	na	na	na	na	na	0	na	na	na	na	na	na	na	0	na	na	na	na	na	na	0	na	0	na	na	0	na
sfx_Abomination_Attack2_slam_whoosh	1	0	0	0	0	na	na	na	na	na	na	na	na	na	na	na	na	na	na	na	0	na	na	na	na	na	na	na	0	na	na	na	na	na	na	0	na	0	na	na	0	na
sfx_Abomination_swing	1	0	0	0	0	na	na	na	na	na	na	na	na	na	na	na	na	na	na	na	0	na	na	na	na	na	na	na	0	na	na	na	na	na	na	0	na	0	na	na	0	na
sfx_arbalest_fire	1	0	0	0	0	na	na	na	na	na	na	na	na	na	na	na	na	na	na	na	0	na	na	na	na	na	na	na	0	na	na	na	na	na	na	0	na	0	na	na	0	na
sfx_archery_target_hit	1	0	0	0	0	na	na	na	na	na	na	na	na	na	na	na	na	na	na	na	0	na	na	na	na	na	na	na	0	na	na	na	na	na	na	0	na	0	na	na	0	na
sfx_arrow_hit	1	0	0	0	0	na	na	na	na	na	na	na	na	na	na	na	na	na	na	na	0	na	na	na	na	na	na	na	0	na	na	na	na	na	na	0	na	0	na	na	0	na
sfx_asksvin_alert	1	0	0	0	0	na	na	na	na	na	na	na	na	na	na	na	na	na	na	na	0	na	na	na	na	na	na	na	0	na	na	na	na	na	na	0	na	0	na	na	0	na
sfx_asksvin_bite	1	0	0	0	0	na	na	na	na	na	na	na	na	na	na	na	na	na	na	na	0	na	na	na	na	na	na	na	0	na	na	na	na	na	na	0	na	0	na	na	0	na
sfx_asksvin_death	1	0	0	0	0	na	na	na	na	na	na	na	na	na	na	na	na	na	na	na	0	na	na	na	na	na	na	na	0	na	na	na	na	na	na	0	na	0	na	na	0	na
sfx_asksvin_footstep	1	0	0	0	0	na	na	na	na	na	na	na	na	na	na	na	na	na	na	na	0	na	na	na	na	na	na	na	0	na	na	na	na	na	na	0	na	0	na	na	0	na
sfx_asksvin_idle	1	0	0	0	0	na	na	na	na	na	na	na	na	na	na	na	na	na	na	na	0	na	na	na	na	na	na	na	0	na	na	na	na	na	na	0	na	0	na	na	0	na
sfx_asksvin_pounce	1	0	0	0	0	na	na	na	na	na	na	na	na	na	na	na	na	na	na	na	0	na	na	na	na	na	na	na	0	na	na	na	na	na	na	0	na	0	na	na	0	na
sfx_atgeir_attack	1	0	0	0	0	na	na	na	na	na	na	na	na	na	na	na	na	na	na	na	0	na	na	na	na	na	na	na	0	na	na	na	na	na	na	0	na	0	na	na	0	na
sfx_atgeir_attack_secondary	1	0	0	0	0	na	na	na	na	na	na	na	na	na	na	na	na	na	na	na	0	na	na	na	na	na	na	na	0	na	na	na	na	na	na	0	na	0	na	na	0	na
sfx_axe_flint_hit	1	0	0	0	0	na	na	na	na	na	na	na	na	na	na	na	na	na	na	na	0	na	na	na	na	na	na	na	0	na	na	na	na	na	na	0	na	0	na	na	0	na
sfx_axe_hit	1	0	0	0	0	na	na	na	na	na	na	na	na	na	na	na	na	na	na	na	0	na	na	na	na	na	na	na	0	na	na	na	na	na	na	0	na	0	na	na	0	na
sfx_axe_swing	1	0	0	0	0	na	na	na	na	na	na	na	na	na	na	na	na	na	na	na	0	na	na	na	na	na	na	na	0	na	na	na	na	na	na	0	na	0	na	na	0	na
sfx_babyseal_idle	1	0	0	0	0	na	na	na	na	na	na	na	na	na	na	na	na	na	na	na	0	na	na	na	na	na	na	na	0	na	na	na	na	na	na	0	na	0	na	na	0	na
sfx_barley_hit	1	0	0	0	0	na	na	na	na	na	na	na	na	na	na	na	na	na	na	na	0	na	na	na	na	na	na	na	0	na	na	na	na	na	na	0	na	0	na	na	0	na
sfx_barnacle_destroyed	1	0	0	0	0	na	na	na	na	na	na	na	na	na	na	na	na	na	na	na	0	na	na	na	na	na	na	na	0	na	na	na	na	na	na	0	na	0	na	na	0	na
sfx_bat_alerted	1	0	0	0	0	na	na	na	na	na	na	na	na	na	na	na	na	na	na	na	0	na	na	na	na	na	na	na	0	na	na	na	na	na	na	0	na	0	na	na	0	na
sfx_bat_attack	1	0	0	0	0	na	na	na	na	na	na	na	na	na	na	na	na	na	na	na	0	na	na	na	na	na	na	na	0	na	na	na	na	na	na	0	na	0	na	na	0	na
sfx_bat_idle	1	0	0	0	0	na	na	na	na	na	na	na	na	na	na	na	na	na	na	na	0	na	na	na	na	na	na	na	0	na	na	na	na	na	na	0	na	0	na	na	0	na
sfx_battering_ram_anticipation	1	0	0	0	0	na	na	na	na	na	na	na	na	na	na	na	na	na	na	na	0	na	na	na	na	na	na	na	0	na	na	na	na	na	na	0	na	0	na	na	0	na
sfx_battleaxe_hit	1	0	0	0	0	na	na	na	na	na	na	na	na	na	na	na	na	na	na	na	0	na	na	na	na	na	na	na	0	na	na	na	na	na	na	0	na	0	na	na	0	na
sfx_battleaxe_swing_start	1	0	0	0	0	na	na	na	na	na	na	na	na	na	na	na	na	na	na	na	0	na	na	na	na	na	na	na	0	na	na	na	na	na	na	0	na	0	na	na	0	na
sfx_battleaxe_swing_wosh	1	0	0	0	0	na	na	na	na	na	na	na	na	na	na	na	na	na	na	na	0	na	na	na	na	na	na	na	0	na	na	na	na	na	na	0	na	0	na	na	0	na
sfx_bear_bite_attack	1	0	0	0	0	na	na	na	na	na	na	na	na	na	na	na	na	na	na	na	0	na	na	na	na	na	na	na	0	na	na	na	na	na	na	0	na	0	na	na	0	na
sfx_bear_bite_attack_impact	1	0	0	0	0	na	na	na	na	na	na	na	na	na	na	na	na	na	na	na	0	na	na	na	na	na	na	na	0	na	na	na	na	na	na	0	na	0	na	na	0	na
sfx_bear_claw_attack	1	0	0	0	0	na	na	na	na	na	na	na	na	na	na	na	na	na	na	na	0	na	na	na	na	na	na	na	0	na	na	na	na	na	na	0	na	0	na	na	0	na
sfx_bear_claw_attack slash	1	0	0	0	0	na	na	na	na	na	na	na	na	na	na	na	na	na	na	na	0	na	na	na	na	na	na	na	0	na	na	na	na	na	na	0	na	0	na	na	0	na
sfx_bear_death	1	0	0	0	0	na	na	na	na	na	na	na	na	na	na	na	na	na	na	na	0	na	na	na	na	na	na	na	0	na	na	na	na	na	na	0	na	0	na	na	0	na
sfx_bear_footstep	1	0	0	0	0	na	na	na	na	na	na	na	na	na	na	na	na	na	na	na	0	na	na	na	na	na	na	na	0	na	na	na	na	na	na	0	na	0	na	na	0	na
sfx_bear_hurt	1	0	0	0	0	na	na	na	na	na	na	na	na	na	na	na	na	na	na	na	0	na	na	na	na	na	na	na	0	na	na	na	na	na	na	0	na	0	na	na	0	na
sfx_bear_idle	1	0	0	0	0	na	na	na	na	na	na	na	na	na	na	na	na	na	na	na	0	na	na	na	na	na	na	na	0	na	na	na	na	na	na	0	na	0	na	na	0	na
sfx_beehive_destroyed	1	0	0	0	0	na	na	na	na	na	na	na	na	na	na	na	na	na	na	na	0	na	na	na	na	na	na	na	0	na	na	na	na	na	na	0	na	0	na	na	0	na
sfx_beehive_hit	1	0	0	0	0	na	na	na	na	na	na	na	na	na	na	na	na	na	na	na	0	na	na	na	na	na	na	na	0	na	na	na	na	na	na	0	na	0	na	na	0	na
sfx_blob_alerted	1	0	0	0	0	na	na	na	na	na	na	na	na	na	na	na	na	na	na	na	0	na	na	na	na	na	na	na	0	na	na	na	na	na	na	0	na	0	na	na	0	na
sfx_blob_attack	1	0	0	0	0	na	na	na	na	na	na	na	na	na	na	na	na	na	na	na	0	na	na	na	na	na	na	na	0	na	na	na	na	na	na	0	na	0	na	na	0	na
sfx_blob_death	1	0	0	0	0	na	na	na	na	na	na	na	na	na	na	na	na	na	na	na	0	na	na	na	na	na	na	na	0	na	na	na	na	na	na	0	na	0	na	na	0	na
sfx_blob_hit	1	0	0	0	0	na	na	na	na	na	na	na	na	na	na	na	na	na	na	na	0	na	na	na	na	na	na	na	0	na	na	na	na	na	na	0	na	0	na	na	0	na
sfx_blob_idle	1	0	0	0	0	na	na	na	na	na	na	na	na	na	na	na	na	na	na	na	0	na	na	na	na	na	na	na	0	na	na	na	na	na	na	0	na	0	na	na	0	na
sfx_blob_jump	1	0	0	0	0	na	na	na	na	na	na	na	na	na	na	na	na	na	na	na	0	na	na	na	na	na	na	na	0	na	na	na	na	na	na	0	na	0	na	na	0	na
sfx_bloblava_alert	1	0	0	0	0	na	na	na	na	na	na	na	na	na	na	na	na	na	na	na	0	na	na	na	na	na	na	na	0	na	na	na	na	na	na	0	na	0	na	na	0	na
sfx_bloblava_death	1	0	0	0	0	na	na	na	na	na	na	na	na	na	na	na	na	na	na	na	0	na	na	na	na	na	na	na	0	na	na	na	na	na	na	0	na	0	na	na	0	na
sfx_blobLava_explosion	1	0	0	0	0	na	na	na	na	na	na	na	na	na	na	na	na	na	na	na	0	na	na	na	na	na	na	na	0	na	na	na	na	na	na	0	na	0	na	na	0	na
sfx_bloblava_grow	1	0	0	0	0	na	na	na	na	na	na	na	na	na	na	na	na	na	na	na	0	na	na	na	na	na	na	na	0	na	na	na	na	na	na	0	na	0	na	na	0	na
sfx_bloblava_idle	1	0	0	0	0	na	na	na	na	na	na	na	na	na	na	na	na	na	na	na	0	na	na	na	na	na	na	na	0	na	na	na	na	na	na	0	na	0	na	na	0	na
sfx_bloblava_jump	1	0	0	0	0	na	na	na	na	na	na	na	na	na	na	na	na	na	na	na	0	na	na	na	na	na	na	na	0	na	na	na	na	na	na	0	na	0	na	na	0	na
sfx_blobtar_attack_spit	1	0	0	0	0	na	na	na	na	na	na	na	na	na	na	na	na	na	na	na	0	na	na	na	na	na	na	na	0	na	na	na	na	na	na	0	na	0	na	na	0	na
sfx_blobtar_idle	1	0	0	0	0	na	na	na	na	na	na	na	na	na	na	na	na	na	na	na	0	na	na	na	na	na	na	na	0	na	na	na	na	na	na	0	na	0	na	na	0	na
sfx_boar_alerted	1	0	0	0	0	na	na	na	na	na	na	na	na	na	na	na	na	na	na	na	0	na	na	na	na	na	na	na	0	na	na	na	na	na	na	0	na	0	na	na	0	na
sfx_boar_attack	1	0	0	0	0	na	na	na	na	na	na	na	na	na	na	na	na	na	na	na	0	na	na	na	na	na	na	na	0	na	na	na	na	na	na	0	na	0	na	na	0	na
sfx_boar_birth	1	0	0	0	0	na	na	na	na	na	na	na	na	na	na	na	na	na	na	na	0	na	na	na	na	na	na	na	0	na	na	na	na	na	na	0	na	0	na	na	0	na
sfx_boar_death	1	0	0	0	0	na	na	na	na	na	na	na	na	na	na	na	na	na	na	na	0	na	na	na	na	na	na	na	0	na	na	na	na	na	na	0	na	0	na	na	0	na
sfx_boar_hit	1	0	0	0	0	na	na	na	na	na	na	na	na	na	na	na	na	na	na	na	0	na	na	na	na	na	na	na	0	na	na	na	na	na	na	0	na	0	na	na	0	na
sfx_boar_idle	1	0	0	0	0	na	na	na	na	na	na	na	na	na	na	na	na	na	na	na	0	na	na	na	na	na	na	na	0	na	na	na	na	na	na	0	na	0	na	na	0	na
sfx_boar_love	1	0	0	0	0	na	na	na	na	na	na	na	na	na	na	na	na	na	na	na	0	na	na	na	na	na	na	na	0	na	na	na	na	na	na	0	na	0	na	na	0	na
sfx_bogwitch_creak	1	0	0	0	0	na	na	na	na	na	na	na	na	na	na	na	na	na	na	na	0	na	na	na	na	na	na	na	0	na	na	na	na	na	na	0	na	0	na	na	0	na
sfx_bogwitch_greet	1	0	0	0	0	na	na	na	na	na	na	na	na	na	na	na	na	na	na	na	0	na	na	na	na	na	na	na	0	na	na	na	na	na	na	0	na	0	na	na	0	na
sfx_bogwitch_random	1	0	0	0	0	na	na	na	na	na	na	na	na	na	na	na	na	na	na	na	0	na	na	na	na	na	na	na	0	na	na	na	na	na	na	0	na	0	na	na	0	na
sfx_bogwitch_trade	1	0	0	0	0	na	na	na	na	na	na	na	na	na	na	na	na	na	na	na	0	na	na	na	na	na	na	na	0	na	na	na	na	na	na	0	na	0	na	na	0	na
sfx_bomb_throw	1	0	0	0	0	na	na	na	na	na	na	na	na	na	na	na	na	na	na	na	0	na	na	na	na	na	na	na	0	na	na	na	na	na	na	0	na	0	na	na	0	na
sfx_bombdynamite_drop	1	0	0	0	0	na	na	na	na	na	na	na	na	na	na	na	na	na	na	na	0	na	na	na	na	na	na	na	0	na	na	na	na	na	na	0	na	0	na	na	0	na
sfx_bombdynamite_explosion	1	0	0	0	0	na	na	na	na	na	na	na	na	na	na	na	na	na	na	na	0	na	na	na	na	na	na	na	0	na	na	na	na	na	na	0	na	0	na	na	0	na
sfx_bomblava_crumble	1	0	0	0	0	na	na	na	na	na	na	na	na	na	na	na	na	na	na	na	0	na	na	na	na	na	na	na	0	na	na	na	na	na	na	0	na	0	na	na	0	na
sfx_bomblava_fail	1	0	0	0	0	na	na	na	na	na	na	na	na	na	na	na	na	na	na	na	0	na	na	na	na	na	na	na	0	na	na	na	na	na	na	0	na	0	na	na	0	na
sfx_bomblava_rocks	1	0	0	0	0	na	na	na	na	na	na	na	na	na	na	na	na	na	na	na	0	na	na	na	na	na	na	na	0	na	na	na	na	na	na	0	na	0	na	na	0	na
sfx_Bonemass_alert	1	0	0	0	0	na	na	na	na	na	na	na	na	na	na	na	na	na	na	na	0	na	na	na	na	na	na	na	0	na	na	na	na	na	na	0	na	0	na	na	0	na
sfx_Bonemass_death	1	0	0	0	0	na	na	na	na	na	na	na	na	na	na	na	na	na	na	na	0	na	na	na	na	na	na	na	0	na	na	na	na	na	na	0	na	0	na	na	0	na
sfx_Bonemass_Hit	1	0	0	0	0	na	na	na	na	na	na	na	na	na	na	na	na	na	na	na	0	na	na	na	na	na	na	na	0	na	na	na	na	na	na	0	na	0	na	na	0	na
sfx_Bonemass_idle	1	0	0	0	0	na	na	na	na	na	na	na	na	na	na	na	na	na	na	na	0	na	na	na	na	na	na	na	0	na	na	na	na	na	na	0	na	0	na	na	0	na
sfx_bonemaw_serpent_alert	1	0	0	0	0	na	na	na	na	na	na	na	na	na	na	na	na	na	na	na	0	na	na	na	na	na	na	na	0	na	na	na	na	na	na	0	na	0	na	na	0	na
sfx_bonemaw_serpent_bite	1	0	0	0	0	na	na	na	na	na	na	na	na	na	na	na	na	na	na	na	0	na	na	na	na	na	na	na	0	na	na	na	na	na	na	0	na	0	na	na	0	na
sfx_bonemaw_serpent_death	1	0	0	0	0	na	na	na	na	na	na	na	na	na	na	na	na	na	na	na	0	na	na	na	na	na	na	na	0	na	na	na	na	na	na	0	na	0	na	na	0	na
sfx_bonemaw_serpent_spit	1	0	0	0	0	na	na	na	na	na	na	na	na	na	na	na	na	na	na	na	0	na	na	na	na	na	na	na	0	na	na	na	na	na	na	0	na	0	na	na	0	na
sfx_bonemaw_serpent_spit_hit	1	0	0	0	0	na	na	na	na	na	na	na	na	na	na	na	na	na	na	na	0	na	na	na	na	na	na	na	0	na	na	na	na	na	na	0	na	0	na	na	0	na
sfx_bonepile_destroyed	1	0	0	0	0	na	na	na	na	na	na	na	na	na	na	na	na	na	na	na	0	na	na	na	na	na	na	na	0	na	na	na	na	na	na	0	na	0	na	na	0	na
sfx_bones_pick	1	0	0	0	0	na	na	na	na	na	na	na	na	na	na	na	na	na	na	na	0	na	na	na	na	na	na	na	0	na	na	na	na	na	na	0	na	0	na	na	0	na
sfx_bow_draw	1	0	0	0	0	na	na	na	na	na	na	na	na	na	na	na	na	na	na	na	0	na	na	na	na	na	na	na	0	na	na	na	na	na	na	0	na	0	na	na	0	na
sfx_bow_fire	1	0	0	0	0	na	na	na	na	na	na	na	na	na	na	na	na	na	na	na	0	na	na	na	na	na	na	na	0	na	na	na	na	na	na	0	na	0	na	na	0	na
sfx_bow_fire_silent	1	0	0	0	0	na	na	na	na	na	na	na	na	na	na	na	na	na	na	na	0	na	na	na	na	na	na	na	0	na	na	na	na	na	na	0	na	0	na	na	0	na
sfx_bowl_AddItem	1	0	0	0	0	na	na	na	na	na	na	na	na	na	na	na	na	na	na	na	0	na	na	na	na	na	na	na	0	na	na	na	na	na	na	0	na	0	na	na	0	na
sfx_branch_break	1	0	0	0	0	na	na	na	na	na	na	na	na	na	na	na	na	na	na	na	0	na	na	na	na	na	na	na	0	na	na	na	na	na	na	0	na	0	na	na	0	na
sfx_branch_hit	1	0	0	0	0	na	na	na	na	na	na	na	na	na	na	na	na	na	na	na	0	na	na	na	na	na	na	na	0	na	na	na	na	na	na	0	na	0	na	na	0	na
sfx_build_cultivator	1	0	0	0	0	na	na	na	na	na	na	na	na	na	na	na	na	na	na	na	0	na	na	na	na	na	na	na	0	na	na	na	na	na	na	0	na	0	na	na	0	na
sfx_build_hammer_crystal	1	0	0	0	0	na	na	na	na	na	na	na	na	na	na	na	na	na	na	na	0	na	na	na	na	na	na	na	0	na	na	na	na	na	na	0	na	0	na	na	0	na
sfx_build_hammer_default	1	0	0	0	0	na	na	na	na	na	na	na	na	na	na	na	na	na	na	na	0	na	na	na	na	na	na	na	0	na	na	na	na	na	na	0	na	0	na	na	0	na
sfx_build_hammer_ice	1	0	0	0	0	na	na	na	na	na	na	na	na	na	na	na	na	na	na	na	0	na	na	na	na	na	na	na	0	na	na	na	na	na	na	0	na	0	na	na	0	na
sfx_build_hammer_metal	1	0	0	0	0	na	na	na	na	na	na	na	na	na	na	na	na	na	na	na	0	na	na	na	na	na	na	na	0	na	na	na	na	na	na	0	na	0	na	na	0	na
sfx_build_hammer_stone	1	0	0	0	0	na	na	na	na	na	na	na	na	na	na	na	na	na	na	na	0	na	na	na	na	na	na	na	0	na	na	na	na	na	na	0	na	0	na	na	0	na
sfx_build_hammer_wood	1	0	0	0	0	na	na	na	na	na	na	na	na	na	na	na	na	na	na	na	0	na	na	na	na	na	na	na	0	na	na	na	na	na	na	0	na	0	na	na	0	na
sfx_build_hoe	1	0	0	0	0	na	na	na	na	na	na	na	na	na	na	na	na	na	na	na	0	na	na	na	na	na	na	na	0	na	na	na	na	na	na	0	na	0	na	na	0	na
sfx_bush_hit	1	0	0	0	0	na	na	na	na	na	na	na	na	na	na	na	na	na	na	na	0	na	na	na	na	na	na	na	0	na	na	na	na	na	na	0	na	0	na	na	0	na
sfx_carrion_destroyed	1	0	0	0	0	na	na	na	na	na	na	na	na	na	na	na	na	na	na	na	0	na	na	na	na	na	na	na	0	na	na	na	na	na	na	0	na	0	na	na	0	na
sfx_cart_hit	1	0	0	0	0	na	na	na	na	na	na	na	na	na	na	na	na	na	na	na	0	na	na	na	na	na	na	na	0	na	na	na	na	na	na	0	na	0	na	na	0	na
sfx_catapult_ammo_load	1	0	0	0	0	na	na	na	na	na	na	na	na	na	na	na	na	na	na	na	0	na	na	na	na	na	na	na	0	na	na	na	na	na	na	0	na	0	na	na	0	na
sfx_catapult_charge	1	0	0	0	0	na	na	na	na	na	na	na	na	na	na	na	na	na	na	na	0	na	na	na	na	na	na	na	0	na	na	na	na	na	na	0	na	0	na	na	0	na
sfx_catapult_legs_down	1	0	0	0	0	na	na	na	na	na	na	na	na	na	na	na	na	na	na	na	0	na	na	na	na	na	na	na	0	na	na	na	na	na	na	0	na	0	na	na	0	na
sfx_catapult_legs_up	1	0	0	0	0	na	na	na	na	na	na	na	na	na	na	na	na	na	na	na	0	na	na	na	na	na	na	na	0	na	na	na	na	na	na	0	na	0	na	na	0	na
sfx_catapult_place_item	1	0	0	0	0	na	na	na	na	na	na	na	na	na	na	na	na	na	na	na	0	na	na	na	na	na	na	na	0	na	na	na	na	na	na	0	na	0	na	na	0	na
sfx_catapult_shoot	1	0	0	0	0	na	na	na	na	na	na	na	na	na	na	na	na	na	na	na	0	na	na	na	na	na	na	na	0	na	na	na	na	na	na	0	na	0	na	na	0	na
sfx_charred_alert	1	0	0	0	0	na	na	na	na	na	na	na	na	na	na	na	na	na	na	na	0	na	na	na	na	na	na	na	0	na	na	na	na	na	na	0	na	0	na	na	0	na
sfx_charred_archer_bow_draw	1	0	0	0	0	na	na	na	na	na	na	na	na	na	na	na	na	na	na	na	0	na	na	na	na	na	na	na	0	na	na	na	na	na	na	0	na	0	na	na	0	na
sfx_charred_archer_bow_release	1	0	0	0	0	na	na	na	na	na	na	na	na	na	na	na	na	na	na	na	0	na	na	na	na	na	na	na	0	na	na	na	na	na	na	0	na	0	na	na	0	na
sfx_charred_archer_volley_draw	1	0	0	0	0	na	na	na	na	na	na	na	na	na	na	na	na	na	na	na	0	na	na	na	na	na	na	na	0	na	na	na	na	na	na	0	na	0	na	na	0	na
sfx_charred_archer_volley_release	1	0	0	0	0	na	na	na	na	na	na	na	na	na	na	na	na	na	na	na	0	na	na	na	na	na	na	na	0	na	na	na	na	na	na	0	na	0	na	na	0	na
sfx_charred_death	1	0	0	0	0	na	na	na	na	na	na	na	na	na	na	na	na	na	na	na	0	na	na	na	na	na	na	na	0	na	na	na	na	na	na	0	na	0	na	na	0	na
sfx_charred_hurt	1	0	0	0	0	na	na	na	na	na	na	na	na	na	na	na	na	na	na	na	0	na	na	na	na	na	na	na	0	na	na	na	na	na	na	0	na	0	na	na	0	na
sfx_charred_idle	1	0	0	0	0	na	na	na	na	na	na	na	na	na	na	na	na	na	na	na	0	na	na	na	na	na	na	na	0	na	na	na	na	na	na	0	na	0	na	na	0	na
sfx_charred_mage_alert	1	0	0	0	0	na	na	na	na	na	na	na	na	na	na	na	na	na	na	na	0	na	na	na	na	na	na	na	0	na	na	na	na	na	na	0	na	0	na	na	0	na
sfx_charred_mage_attack_charge	1	0	0	0	0	na	na	na	na	na	na	na	na	na	na	na	na	na	na	na	0	na	na	na	na	na	na	na	0	na	na	na	na	na	na	0	na	0	na	na	0	na
sfx_charred_mage_attack_shoot	1	0	0	0	0	na	na	na	na	na	na	na	na	na	na	na	na	na	na	na	0	na	na	na	na	na	na	na	0	na	na	na	na	na	na	0	na	0	na	na	0	na
sfx_charred_mage_spawn_staff	1	0	0	0	0	na	na	na	na	na	na	na	na	na	na	na	na	na	na	na	0	na	na	na	na	na	na	na	0	na	na	na	na	na	na	0	na	0	na	na	0	na
sfx_charred_melee_attack_lift	1	0	0	0	0	na	na	na	na	na	na	na	na	na	na	na	na	na	na	na	0	na	na	na	na	na	na	na	0	na	na	na	na	na	na	0	na	0	na	na	0	na
sfx_charred_melee_attack_stab	1	0	0	0	0	na	na	na	na	na	na	na	na	na	na	na	na	na	na	na	0	na	na	na	na	na	na	na	0	na	na	na	na	na	na	0	na	0	na	na	0	na
sfx_charred_melee_attack_swing	1	0	0	0	0	na	na	na	na	na	na	na	na	na	na	na	na	na	na	na	0	na	na	na	na	na	na	na	0	na	na	na	na	na	na	0	na	0	na	na	0	na
sfx_charred_spawner_destroy	1	0	0	0	0	na	na	na	na	na	na	na	na	na	na	na	na	na	na	na	0	na	na	na	na	na	na	na	0	na	na	na	na	na	na	0	na	0	na	na	0	na
sfx_charred_twitcher_alert	1	0	0	0	0	na	na	na	na	na	na	na	na	na	na	na	na	na	na	na	0	na	na	na	na	na	na	na	0	na	na	na	na	na	na	0	na	0	na	na	0	na
sfx_charred_twitcher_attack	1	0	0	0	0	na	na	na	na	na	na	na	na	na	na	na	na	na	na	na	0	na	na	na	na	na	na	na	0	na	na	na	na	na	na	0	na	0	na	na	0	na
sfx_charred_twitcher_death	1	0	0	0	0	na	na	na	na	na	na	na	na	na	na	na	na	na	na	na	0	na	na	na	na	na	na	na	0	na	na	na	na	na	na	0	na	0	na	na	0	na
sfx_charred_twitcher_hurt	1	0	0	0	0	na	na	na	na	na	na	na	na	na	na	na	na	na	na	na	0	na	na	na	na	na	na	na	0	na	na	na	na	na	na	0	na	0	na	na	0	na
sfx_charred_twitcher_idle	1	0	0	0	0	na	na	na	na	na	na	na	na	na	na	na	na	na	na	na	0	na	na	na	na	na	na	na	0	na	na	na	na	na	na	0	na	0	na	na	0	na
sfx_charred_twitcher_summoned_alert	1	0	0	0	0	na	na	na	na	na	na	na	na	na	na	na	na	na	na	na	0	na	na	na	na	na	na	na	0	na	na	na	na	na	na	0	na	0	na	na	0	na
sfx_charred_twitcher_throw	1	0	0	0	0	na	na	na	na	na	na	na	na	na	na	na	na	na	na	na	0	na	na	na	na	na	na	na	0	na	na	na	na	na	na	0	na	0	na	na	0	na
sfx_charred_twitcher_throw_impact	1	0	0	0	0	na	na	na	na	na	na	na	na	na	na	na	na	na	na	na	0	na	na	na	na	na	na	na	0	na	na	na	na	na	na	0	na	0	na	na	0	na
sfx_chest_close	1	0	0	0	0	na	na	na	na	na	na	na	na	na	na	na	na	na	na	na	0	na	na	na	na	na	na	na	0	na	na	na	na	na	na	0	na	0	na	na	0	na
sfx_chest_open	1	0	0	0	0	na	na	na	na	na	na	na	na	na	na	na	na	na	na	na	0	na	na	na	na	na	na	na	0	na	na	na	na	na	na	0	na	0	na	na	0	na
sfx_chick_hurt	1	0	0	0	0	na	na	na	na	na	na	na	na	na	na	na	na	na	na	na	0	na	na	na	na	na	na	na	0	na	na	na	na	na	na	0	na	0	na	na	0	na
sfx_chicken_death	1	0	0	0	0	na	na	na	na	na	na	na	na	na	na	na	na	na	na	na	0	na	na	na	na	na	na	na	0	na	na	na	na	na	na	0	na	0	na	na	0	na
sfx_chicken_eat	1	0	0	0	0	na	na	na	na	na	na	na	na	na	na	na	na	na	na	na	0	na	na	na	na	na	na	na	0	na	na	na	na	na	na	0	na	0	na	na	0	na
sfx_chicken_footstep	1	0	0	0	0	na	na	na	na	na	na	na	na	na	na	na	na	na	na	na	0	na	na	na	na	na	na	na	0	na	na	na	na	na	na	0	na	0	na	na	0	na
sfx_chicken_hurt	1	0	0	0	0	na	na	na	na	na	na	na	na	na	na	na	na	na	na	na	0	na	na	na	na	na	na	na	0	na	na	na	na	na	na	0	na	0	na	na	0	na
sfx_chicken_idle_vocal	1	0	0	0	0	na	na	na	na	na	na	na	na	na	na	na	na	na	na	na	0	na	na	na	na	na	na	na	0	na	na	na	na	na	na	0	na	0	na	na	0	na
sfx_chicken_idle_wingflap	1	0	0	0	0	na	na	na	na	na	na	na	na	na	na	na	na	na	na	na	0	na	na	na	na	na	na	na	0	na	na	na	na	na	na	0	na	0	na	na	0	na
sfx_cinder_rain_hit	1	0	0	0	0	na	na	na	na	na	na	na	na	na	na	na	na	na	na	na	0	na	na	na	na	na	na	na	0	na	na	na	na	na	na	0	na	0	na	na	0	na
sfx_claw_swing	1	0	0	0	0	na	na	na	na	na	na	na	na	na	na	na	na	na	na	na	0	na	na	na	na	na	na	na	0	na	na	na	na	na	na	0	na	0	na	na	0	na
sfx_clay_pot_break	1	0	0	0	0	na	na	na	na	na	na	na	na	na	na	na	na	na	na	na	0	na	na	na	na	na	na	na	0	na	na	na	na	na	na	0	na	0	na	na	0	na
sfx_club_hit	1	0	0	0	0	na	na	na	na	na	na	na	na	na	na	na	na	na	na	na	0	na	na	na	na	na	na	na	0	na	na	na	na	na	na	0	na	0	na	na	0	na
sfx_club_swing	1	0	0	0	0	na	na	na	na	na	na	na	na	na	na	na	na	na	na	na	0	na	na	na	na	na	na	na	0	na	na	na	na	na	na	0	na	0	na	na	0	na
sfx_coins_destroyed	1	0	0	0	0	na	na	na	na	na	na	na	na	na	na	na	na	na	na	na	0	na	na	na	na	na	na	na	0	na	na	na	na	na	na	0	na	0	na	na	0	na
sfx_coins_pile_destroyed	1	0	0	0	0	na	na	na	na	na	na	na	na	na	na	na	na	na	na	na	0	na	na	na	na	na	na	na	0	na	na	na	na	na	na	0	na	0	na	na	0	na
sfx_coins_pile_placed	1	0	0	0	0	na	na	na	na	na	na	na	na	na	na	na	na	na	na	na	0	na	na	na	na	na	na	na	0	na	na	na	na	na	na	0	na	0	na	na	0	na
sfx_coins_placed	1	0	0	0	0	na	na	na	na	na	na	na	na	na	na	na	na	na	na	na	0	na	na	na	na	na	na	na	0	na	na	na	na	na	na	0	na	0	na	na	0	na
sfx_cooking_station_burnt	1	0	0	0	0	na	na	na	na	na	na	na	na	na	na	na	na	na	na	na	0	na	na	na	na	na	na	na	0	na	na	na	na	na	na	0	na	0	na	na	0	na
sfx_cooking_station_done	1	0	0	0	0	na	na	na	na	na	na	na	na	na	na	na	na	na	na	na	0	na	na	na	na	na	na	na	0	na	na	na	na	na	na	0	na	0	na	na	0	na
sfx_cooking_station_take	1	0	0	0	0	na	na	na	na	na	na	na	na	na	na	na	na	na	na	na	0	na	na	na	na	na	na	na	0	na	na	na	na	na	na	0	na	0	na	na	0	na
sfx_creature_consume	1	0	0	0	0	na	na	na	na	na	na	na	na	na	na	na	na	na	na	na	0	na	na	na	na	na	na	na	0	na	na	na	na	na	na	0	na	0	na	na	0	na
sfx_crow_death	1	0	0	0	0	na	na	na	na	na	na	na	na	na	na	na	na	na	na	na	0	na	na	na	na	na	na	na	0	na	na	na	na	na	na	0	na	0	na	na	0	na
sfx_deathsquito_attack	1	0	0	0	0	na	na	na	na	na	na	na	na	na	na	na	na	na	na	na	0	na	na	na	na	na	na	na	0	na	na	na	na	na	na	0	na	0	na	na	0	na
sfx_deepnorth_gate_activate	1	0	0	0	0	na	na	na	na	na	na	na	na	na	na	na	na	na	na	na	0	na	na	na	na	na	na	na	0	na	na	na	na	na	na	0	na	0	na	na	0	na
sfx_deepnorth_gate_close_loop	1	0	0	0	0	na	na	na	na	na	na	na	na	na	na	na	na	na	na	na	0	na	na	na	na	na	na	na	0	na	na	na	na	na	na	0	na	0	na	na	0	na
sfx_deepnorth_gate_open_loop	1	0	0	0	0	na	na	na	na	na	na	na	na	na	na	na	na	na	na	na	0	na	na	na	na	na	na	na	0	na	na	na	na	na	na	0	na	0	na	na	0	na
sfx_deer_alerted	1	0	0	0	0	na	na	na	na	na	na	na	na	na	na	na	na	na	na	na	0	na	na	na	na	na	na	na	0	na	na	na	na	na	na	0	na	0	na	na	0	na
sfx_deer_death	1	0	0	0	0	na	na	na	na	na	na	na	na	na	na	na	na	na	na	na	0	na	na	na	na	na	na	na	0	na	na	na	na	na	na	0	na	0	na	na	0	na
sfx_deer_idle	1	0	0	0	0	na	na	na	na	na	na	na	na	na	na	na	na	na	na	na	0	na	na	na	na	na	na	na	0	na	na	na	na	na	na	0	na	0	na	na	0	na
sfx_demister_start	1	0	0	0	0	na	na	na	na	na	na	na	na	na	na	na	na	na	na	na	0	na	na	na	na	na	na	na	0	na	na	na	na	na	na	0	na	0	na	na	0	na
sfx_dodge	1	0	0	0	0	na	na	na	na	na	na	na	na	na	na	na	na	na	na	na	0	na	na	na	na	na	na	na	0	na	na	na	na	na	na	0	na	0	na	na	0	na
sfx_dragon_alerted	1	0	0	0	0	na	na	na	na	na	na	na	na	na	na	na	na	na	na	na	0	na	na	na	na	na	na	na	0	na	na	na	na	na	na	0	na	0	na	na	0	na
sfx_dragon_coldball_explode	1	0	0	0	0	na	na	na	na	na	na	na	na	na	na	na	na	na	na	na	0	na	na	na	na	na	na	na	0	na	na	na	na	na	na	0	na	0	na	na	0	na
sfx_dragon_coldball_launch	1	0	0	0	0	na	na	na	na	na	na	na	na	na	na	na	na	na	na	na	0	na	na	na	na	na	na	na	0	na	na	na	na	na	na	0	na	0	na	na	0	na
sfx_dragon_coldball_start	1	0	0	0	0	na	na	na	na	na	na	na	na	na	na	na	na	na	na	na	0	na	na	na	na	na	na	na	0	na	na	na	na	na	na	0	na	0	na	na	0	na
sfx_dragon_coldbreath_start	1	0	0	0	0	na	na	na	na	na	na	na	na	na	na	na	na	na	na	na	0	na	na	na	na	na	na	na	0	na	na	na	na	na	na	0	na	0	na	na	0	na
sfx_dragon_coldbreath_trailon	1	0	0	0	0	na	na	na	na	na	na	na	na	na	na	na	na	na	na	na	0	na	na	na	na	na	na	na	0	na	na	na	na	na	na	0	na	0	na	na	0	na
sfx_dragon_death	1	0	0	0	0	na	na	na	na	na	na	na	na	na	na	na	na	na	na	na	0	na	na	na	na	na	na	na	0	na	na	na	na	na	na	0	na	0	na	na	0	na
sfx_dragon_hurt	1	0	0	0	0	na	na	na	na	na	na	na	na	na	na	na	na	na	na	na	0	na	na	na	na	na	na	na	0	na	na	na	na	na	na	0	na	0	na	na	0	na
sfx_dragon_idle	1	0	0	0	0	na	na	na	na	na	na	na	na	na	na	na	na	na	na	na	0	na	na	na	na	na	na	na	0	na	na	na	na	na	na	0	na	0	na	na	0	na
sfx_dragon_melee_hit	1	0	0	0	0	na	na	na	na	na	na	na	na	na	na	na	na	na	na	na	0	na	na	na	na	na	na	na	0	na	na	na	na	na	na	0	na	0	na	na	0	na
sfx_dragon_melee_start	1	0	0	0	0	na	na	na	na	na	na	na	na	na	na	na	na	na	na	na	0	na	na	na	na	na	na	na	0	na	na	na	na	na	na	0	na	0	na	na	0	na
sfx_dragon_scream	1	0	0	0	0	na	na	na	na	na	na	na	na	na	na	na	na	na	na	na	0	na	na	na	na	na	na	na	0	na	na	na	na	na	na	0	na	0	na	na	0	na
sfx_dragonegg_destroy	1	0	0	0	0	na	na	na	na	na	na	na	na	na	na	na	na	na	na	na	0	na	na	na	na	na	na	na	0	na	na	na	na	na	na	0	na	0	na	na	0	na
sfx_draugr_alerted	1	0	0	0	0	na	na	na	na	na	na	na	na	na	na	na	na	na	na	na	0	na	na	na	na	na	na	na	0	na	na	na	na	na	na	0	na	0	na	na	0	na
sfx_draugr_death	1	0	0	0	0	na	na	na	na	na	na	na	na	na	na	na	na	na	na	na	0	na	na	na	na	na	na	na	0	na	na	na	na	na	na	0	na	0	na	na	0	na
sfx_draugr_hit	1	0	0	0	0	na	na	na	na	na	na	na	na	na	na	na	na	na	na	na	0	na	na	na	na	na	na	na	0	na	na	na	na	na	na	0	na	0	na	na	0	na
sfx_draugr_idle	1	0	0	0	0	na	na	na	na	na	na	na	na	na	na	na	na	na	na	na	0	na	na	na	na	na	na	na	0	na	na	na	na	na	na	0	na	0	na	na	0	na
sfx_draugrpile_destroyed	1	0	0	0	0	na	na	na	na	na	na	na	na	na	na	na	na	na	na	na	0	na	na	na	na	na	na	na	0	na	na	na	na	na	na	0	na	0	na	na	0	na
sfx_draugrpile_hit	1	0	0	0	0	na	na	na	na	na	na	na	na	na	na	na	na	na	na	na	0	na	na	na	na	na	na	na	0	na	na	na	na	na	na	0	na	0	na	na	0	na
sfx_DraugrSpawn	1	0	0	0	0	na	na	na	na	na	na	na	na	na	na	na	na	na	na	na	0	na	na	na	na	na	na	na	0	na	na	na	na	na	na	0	na	0	na	na	0	na
sfx_drink	1	0	0	0	0	na	na	na	na	na	na	na	na	na	na	na	na	na	na	na	0	na	na	na	na	na	na	na	0	na	na	na	na	na	na	0	na	0	na	na	0	na
sfx_dverger_ball_start	1	0	0	0	0	na	na	na	na	na	na	na	na	na	na	na	na	na	na	na	0	na	na	na	na	na	na	na	0	na	na	na	na	na	na	0	na	0	na	na	0	na
sfx_dverger_fireball_rain_shot	1	0	0	0	0	na	na	na	na	na	na	na	na	na	na	na	na	na	na	na	0	na	na	na	na	na	na	na	0	na	na	na	na	na	na	0	na	0	na	na	0	na
sfx_dverger_fireball_rain_start	1	0	0	0	0	na	na	na	na	na	na	na	na	na	na	na	na	na	na	na	0	na	na	na	na	na	na	na	0	na	na	na	na	na	na	0	na	0	na	na	0	na
sfx_dverger_footsteps	1	0	0	0	0	na	na	na	na	na	na	na	na	na	na	na	na	na	na	na	0	na	na	na	na	na	na	na	0	na	na	na	na	na	na	0	na	0	na	na	0	na
sfx_dverger_heal_finish	1	0	0	0	0	na	na	na	na	na	na	na	na	na	na	na	na	na	na	na	0	na	na	na	na	na	na	na	0	na	na	na	na	na	na	0	na	0	na	na	0	na
sfx_dverger_heal_start	1	0	0	0	0	na	na	na	na	na	na	na	na	na	na	na	na	na	na	na	0	na	na	na	na	na	na	na	0	na	na	na	na	na	na	0	na	0	na	na	0	na
sfx_dverger_heavyattack_launch	1	0	0	0	0	na	na	na	na	na	na	na	na	na	na	na	na	na	na	na	0	na	na	na	na	na	na	na	0	na	na	na	na	na	na	0	na	0	na	na	0	na
sfx_dverger_ice_aoe_start	1	0	0	0	0	na	na	na	na	na	na	na	na	na	na	na	na	na	na	na	0	na	na	na	na	na	na	na	0	na	na	na	na	na	na	0	na	0	na	na	0	na
sfx_dverger_ice_projectile_start	1	0	0	0	0	na	na	na	na	na	na	na	na	na	na	na	na	na	na	na	0	na	na	na	na	na	na	na	0	na	na	na	na	na	na	0	na	0	na	na	0	na
sfx_dverger_staff_baseattack_foley	1	0	0	0	0	na	na	na	na	na	na	na	na	na	na	na	na	na	na	na	0	na	na	na	na	na	na	na	0	na	na	na	na	na	na	0	na	0	na	na	0	na
sfx_dverger_staff_kolvattack_foley	1	0	0	0	0	na	na	na	na	na	na	na	na	na	na	na	na	na	na	na	0	na	na	na	na	na	na	na	0	na	na	na	na	na	na	0	na	0	na	na	0	na
sfx_dverger_staff_poke_foley	1	0	0	0	0	na	na	na	na	na	na	na	na	na	na	na	na	na	na	na	0	na	na	na	na	na	na	na	0	na	na	na	na	na	na	0	na	0	na	na	0	na
sfx_dverger_vo_alerted	1	0	0	0	0	na	na	na	na	na	na	na	na	na	na	na	na	na	na	na	0	na	na	na	na	na	na	na	0	na	na	na	na	na	na	0	na	0	na	na	0	na
sfx_dverger_vo_attack	1	0	0	0	0	na	na	na	na	na	na	na	na	na	na	na	na	na	na	na	0	na	na	na	na	na	na	na	0	na	na	na	na	na	na	0	na	0	na	na	0	na
sfx_dverger_vo_death	1	0	0	0	0	na	na	na	na	na	na	na	na	na	na	na	na	na	na	na	0	na	na	na	na	na	na	na	0	na	na	na	na	na	na	0	na	0	na	na	0	na
sfx_dverger_vo_hurt	1	0	0	0	0	na	na	na	na	na	na	na	na	na	na	na	na	na	na	na	0	na	na	na	na	na	na	na	0	na	na	na	na	na	na	0	na	0	na	na	0	na
sfx_dverger_vo_idle	1	0	0	0	0	na	na	na	na	na	na	na	na	na	na	na	na	na	na	na	0	na	na	na	na	na	na	na	0	na	na	na	na	na	na	0	na	0	na	na	0	na
sfx_eat	1	0	0	0	0	na	na	na	na	na	na	na	na	na	na	na	na	na	na	na	0	na	na	na	na	na	na	na	0	na	na	na	na	na	na	0	na	0	na	na	0	na
sfx_eikthyr_alert	1	0	0	0	0	na	na	na	na	na	na	na	na	na	na	na	na	na	na	na	0	na	na	na	na	na	na	na	0	na	na	na	na	na	na	0	na	0	na	na	0	na
sfx_eikthyr_death	1	0	0	0	0	na	na	na	na	na	na	na	na	na	na	na	na	na	na	na	0	na	na	na	na	na	na	na	0	na	na	na	na	na	na	0	na	0	na	na	0	na
sfx_eikthyr_hit	1	0	0	0	0	na	na	na	na	na	na	na	na	na	na	na	na	na	na	na	0	na	na	na	na	na	na	na	0	na	na	na	na	na	na	0	na	0	na	na	0	na
sfx_eikthyr_idle	1	0	0	0	0	na	na	na	na	na	na	na	na	na	na	na	na	na	na	na	0	na	na	na	na	na	na	na	0	na	na	na	na	na	na	0	na	0	na	na	0	na
sfx_elaking_alerted	1	0	0	0	0	na	na	na	na	na	na	na	na	na	na	na	na	na	na	na	0	na	na	na	na	na	na	na	0	na	na	na	na	na	na	0	na	0	na	na	0	na
sfx_elaking_alerted_old	1	0	0	0	0	na	na	na	na	na	na	na	na	na	na	na	na	na	na	na	0	na	na	na	na	na	na	na	0	na	na	na	na	na	na	0	na	0	na	na	0	na
sfx_elaking_attack_claw	1	0	0	0	0	na	na	na	na	na	na	na	na	na	na	na	na	na	na	na	0	na	na	na	na	na	na	na	0	na	na	na	na	na	na	0	na	0	na	na	0	na
sfx_elaking_attack_claw_impact	1	0	0	0	0	na	na	na	na	na	na	na	na	na	na	na	na	na	na	na	0	na	na	na	na	na	na	na	0	na	na	na	na	na	na	0	na	0	na	na	0	na
sfx_elaking_attack_jump	1	0	0	0	0	na	na	na	na	na	na	na	na	na	na	na	na	na	na	na	0	na	na	na	na	na	na	na	0	na	na	na	na	na	na	0	na	0	na	na	0	na
sfx_elaking_attack_jump_impact	1	0	0	0	0	na	na	na	na	na	na	na	na	na	na	na	na	na	na	na	0	na	na	na	na	na	na	na	0	na	na	na	na	na	na	0	na	0	na	na	0	na
sfx_elaking_death	1	0	0	0	0	na	na	na	na	na	na	na	na	na	na	na	na	na	na	na	0	na	na	na	na	na	na	na	0	na	na	na	na	na	na	0	na	0	na	na	0	na
sfx_elaking_death_old	1	0	0	0	0	na	na	na	na	na	na	na	na	na	na	na	na	na	na	na	0	na	na	na	na	na	na	na	0	na	na	na	na	na	na	0	na	0	na	na	0	na
sfx_elaking_hit	1	0	0	0	0	na	na	na	na	na	na	na	na	na	na	na	na	na	na	na	0	na	na	na	na	na	na	na	0	na	na	na	na	na	na	0	na	0	na	na	0	na
sfx_elaking_hit_old	1	0	0	0	0	na	na	na	na	na	na	na	na	na	na	na	na	na	na	na	0	na	na	na	na	na	na	na	0	na	na	na	na	na	na	0	na	0	na	na	0	na
sfx_elaking_idle	1	0	0	0	0	na	na	na	na	na	na	na	na	na	na	na	na	na	na	na	0	na	na	na	na	na	na	na	0	na	na	na	na	na	na	0	na	0	na	na	0	na
sfx_elaking_idle_old	1	0	0	0	0	na	na	na	na	na	na	na	na	na	na	na	na	na	na	na	0	na	na	na	na	na	na	na	0	na	na	na	na	na	na	0	na	0	na	na	0	na
sfx_equip	1	0	0	0	0	na	na	na	na	na	na	na	na	na	na	na	na	na	na	na	0	na	na	na	na	na	na	na	0	na	na	na	na	na	na	0	na	0	na	na	0	na
sfx_equip_start	1	0	0	0	0	na	na	na	na	na	na	na	na	na	na	na	na	na	na	na	0	na	na	na	na	na	na	na	0	na	na	na	na	na	na	0	na	0	na	na	0	na
sfx_equip_vibration_only	1	0	0	0	0	na	na	na	na	na	na	na	na	na	na	na	na	na	na	na	0	na	na	na	na	na	na	na	0	na	na	na	na	na	na	0	na	0	na	na	0	na
sfx_fader_bell	1	0	0	0	0	na	na	na	na	na	na	na	na	na	na	na	na	na	na	na	0	na	na	na	na	na	na	na	0	na	na	na	na	na	na	0	na	0	na	na	0	na
sfx_fader_bite_pre	1	0	0	0	0	na	na	na	na	na	na	na	na	na	na	na	na	na	na	na	0	na	na	na	na	na	na	na	0	na	na	na	na	na	na	0	na	0	na	na	0	na
sfx_fader_bite_snarl	1	0	0	0	0	na	na	na	na	na	na	na	na	na	na	na	na	na	na	na	0	na	na	na	na	na	na	na	0	na	na	na	na	na	na	0	na	0	na	na	0	na
sfx_fader_claw_pre	1	0	0	0	0	na	na	na	na	na	na	na	na	na	na	na	na	na	na	na	0	na	na	na	na	na	na	na	0	na	na	na	na	na	na	0	na	0	na	na	0	na
sfx_fader_claw_swipe	1	0	0	0	0	na	na	na	na	na	na	na	na	na	na	na	na	na	na	na	0	na	na	na	na	na	na	na	0	na	na	na	na	na	na	0	na	0	na	na	0	na
sfx_fader_death_explosion	1	0	0	0	0	na	na	na	na	na	na	na	na	na	na	na	na	na	na	na	0	na	na	na	na	na	na	na	0	na	na	na	na	na	na	0	na	0	na	na	0	na
sfx_fader_death_start	1	0	0	0	0	na	na	na	na	na	na	na	na	na	na	na	na	na	na	na	0	na	na	na	na	na	na	na	0	na	na	na	na	na	na	0	na	0	na	na	0	na
sfx_fader_firebreath_in	1	0	0	0	0	na	na	na	na	na	na	na	na	na	na	na	na	na	na	na	0	na	na	na	na	na	na	na	0	na	na	na	na	na	na	0	na	0	na	na	0	na
sfx_fader_firebreath_out	1	0	0	0	0	na	na	na	na	na	na	na	na	na	na	na	na	na	na	na	0	na	na	na	na	na	na	na	0	na	na	na	na	na	na	0	na	0	na	na	0	na
sfx_fader_firewall_fireburst	1	0	0	0	0	na	na	na	na	na	na	na	na	na	na	na	na	na	na	na	0	na	na	na	na	na	na	na	0	na	na	na	na	na	na	0	na	0	na	na	0	na
sfx_fader_firewall_start	1	0	0	0	0	na	na	na	na	na	na	na	na	na	na	na	na	na	na	na	0	na	na	na	na	na	na	na	0	na	na	na	na	na	na	0	na	0	na	na	0	na
sfx_fader_fissure	1	0	0	0	0	na	na	na	na	na	na	na	na	na	na	na	na	na	na	na	0	na	na	na	na	na	na	na	0	na	na	na	na	na	na	0	na	0	na	na	0	na
sfx_fader_fissure_footimpact	1	0	0	0	0	na	na	na	na	na	na	na	na	na	na	na	na	na	na	na	0	na	na	na	na	na	na	na	0	na	na	na	na	na	na	0	na	0	na	na	0	na
sfx_fader_fissure_footslide	1	0	0	0	0	na	na	na	na	na	na	na	na	na	na	na	na	na	na	na	0	na	na	na	na	na	na	na	0	na	na	na	na	na	na	0	na	0	na	na	0	na
sfx_fader_idle	1	0	0	0	0	na	na	na	na	na	na	na	na	na	na	na	na	na	na	na	0	na	na	na	na	na	na	na	0	na	na	na	na	na	na	0	na	0	na	na	0	na
sfx_fader_spawn_meteor_ambience	1	0	0	0	0	na	na	na	na	na	na	na	na	na	na	na	na	na	na	na	0	na	na	na	na	na	na	na	0	na	na	na	na	na	na	0	na	0	na	na	0	na
sfx_fader_spawn_meteor_arrival	1	0	0	0	0	na	na	na	na	na	na	na	na	na	na	na	na	na	na	na	0	na	na	na	na	na	na	na	0	na	na	na	na	na	na	0	na	0	na	na	0	na
sfx_fader_spawn_meteor_impact	1	0	0	0	0	na	na	na	na	na	na	na	na	na	na	na	na	na	na	na	0	na	na	na	na	na	na	na	0	na	na	na	na	na	na	0	na	0	na	na	0	na
sfx_fader_spin	1	0	0	0	0	na	na	na	na	na	na	na	na	na	na	na	na	na	na	na	0	na	na	na	na	na	na	na	0	na	na	na	na	na	na	0	na	0	na	na	0	na
sfx_fader_taunt	1	0	0	0	0	na	na	na	na	na	na	na	na	na	na	na	na	na	na	na	0	na	na	na	na	na	na	na	0	na	na	na	na	na	na	0	na	0	na	na	0	na
sfx_fallenvalkyrie_alert	1	0	0	0	0	na	na	na	na	na	na	na	na	na	na	na	na	na	na	na	0	na	na	na	na	na	na	na	0	na	na	na	na	na	na	0	na	0	na	na	0	na
sfx_fallenvalkyrie_attack	1	0	0	0	0	na	na	na	na	na	na	na	na	na	na	na	na	na	na	na	0	na	na	na	na	na	na	na	0	na	na	na	na	na	na	0	na	0	na	na	0	na
sfx_fallenvalkyrie_attack_claw	1	0	0	0	0	na	na	na	na	na	na	na	na	na	na	na	na	na	na	na	0	na	na	na	na	na	na	na	0	na	na	na	na	na	na	0	na	0	na	na	0	na
sfx_fallenvalkyrie_attack_spin_charge	1	0	0	0	0	na	na	na	na	na	na	na	na	na	na	na	na	na	na	na	0	na	na	na	na	na	na	na	0	na	na	na	na	na	na	0	na	0	na	na	0	na
sfx_fallenvalkyrie_attack_spin_release	1	0	0	0	0	na	na	na	na	na	na	na	na	na	na	na	na	na	na	na	0	na	na	na	na	na	na	na	0	na	na	na	na	na	na	0	na	0	na	na	0	na
sfx_fallenvalkyrie_attack_spit_charge	1	0	0	0	0	na	na	na	na	na	na	na	na	na	na	na	na	na	na	na	0	na	na	na	na	na	na	na	0	na	na	na	na	na	na	0	na	0	na	na	0	na
sfx_fallenvalkyrie_attack_spit_projectile	1	0	0	0	0	na	na	na	na	na	na	na	na	na	na	na	na	na	na	na	0	na	na	na	na	na	na	na	0	na	na	na	na	na	na	0	na	0	na	na	0	na
sfx_fallenvalkyrie_attack_spit_projectile_impact	1	0	0	0	0	na	na	na	na	na	na	na	na	na	na	na	na	na	na	na	0	na	na	na	na	na	na	na	0	na	na	na	na	na	na	0	na	0	na	na	0	na
sfx_fallenvalkyrie_attack_spit_vocal	1	0	0	0	0	na	na	na	na	na	na	na	na	na	na	na	na	na	na	na	0	na	na	na	na	na	na	na	0	na	na	na	na	na	na	0	na	0	na	na	0	na
sfx_fallenvalkyrie_death	1	0	0	0	0	na	na	na	na	na	na	na	na	na	na	na	na	na	na	na	0	na	na	na	na	na	na	na	0	na	na	na	na	na	na	0	na	0	na	na	0	na
sfx_fallenvalkyrie_idle	1	0	0	0	0	na	na	na	na	na	na	na	na	na	na	na	na	na	na	na	0	na	na	na	na	na	na	na	0	na	na	na	na	na	na	0	na	0	na	na	0	na
sfx_fallenvalkyrie_screech	1	0	0	0	0	na	na	na	na	na	na	na	na	na	na	na	na	na	na	na	0	na	na	na	na	na	na	na	0	na	na	na	na	na	na	0	na	0	na	na	0	na
sfx_fallenvalkyrie_taunt	1	0	0	0	0	na	na	na	na	na	na	na	na	na	na	na	na	na	na	na	0	na	na	na	na	na	na	na	0	na	na	na	na	na	na	0	na	0	na	na	0	na
sfx_fallenvalkyrie_wingflap	1	0	0	0	0	na	na	na	na	na	na	na	na	na	na	na	na	na	na	na	0	na	na	na	na	na	na	na	0	na	na	na	na	na	na	0	na	0	na	na	0	na
sfx_fallenwarrior_attack	1	0	0	0	0	na	na	na	na	na	na	na	na	na	na	na	na	na	na	na	0	na	na	na	na	na	na	na	0	na	na	na	na	na	na	0	na	0	na	na	0	na
sfx_fallenwarrior_attack_impact	1	0	0	0	0	na	na	na	na	na	na	na	na	na	na	na	na	na	na	na	0	na	na	na	na	na	na	na	0	na	na	na	na	na	na	0	na	0	na	na	0	na
sfx_fallenwarrior_death	1	0	0	0	0	na	na	na	na	na	na	na	na	na	na	na	na	na	na	na	0	na	na	na	na	na	na	na	0	na	na	na	na	na	na	0	na	0	na	na	0	na
sfx_fallenwarrior_hurt	1	0	0	0	0	na	na	na	na	na	na	na	na	na	na	na	na	na	na	na	0	na	na	na	na	na	na	na	0	na	na	na	na	na	na	0	na	0	na	na	0	na
sfx_fallenwarrior_idle	1	0	0	0	0	na	na	na	na	na	na	na	na	na	na	na	na	na	na	na	0	na	na	na	na	na	na	na	0	na	na	na	na	na	na	0	na	0	na	na	0	na
sfx_feast_destroyed	1	0	0	0	0	na	na	na	na	na	na	na	na	na	na	na	na	na	na	na	0	na	na	na	na	na	na	na	0	na	na	na	na	na	na	0	na	0	na	na	0	na
sfx_fenring_alerted	1	0	0	0	0	na	na	na	na	na	na	na	na	na	na	na	na	na	na	na	0	na	na	na	na	na	na	na	0	na	na	na	na	na	na	0	na	0	na	na	0	na
sfx_fenring_claw_hit	1	0	0	0	0	na	na	na	na	na	na	na	na	na	na	na	na	na	na	na	0	na	na	na	na	na	na	na	0	na	na	na	na	na	na	0	na	0	na	na	0	na
sfx_fenring_claw_start	1	0	0	0	0	na	na	na	na	na	na	na	na	na	na	na	na	na	na	na	0	na	na	na	na	na	na	na	0	na	na	na	na	na	na	0	na	0	na	na	0	na
sfx_fenring_claw_trailstart	1	0	0	0	0	na	na	na	na	na	na	na	na	na	na	na	na	na	na	na	0	na	na	na	na	na	na	na	0	na	na	na	na	na	na	0	na	0	na	na	0	na
sfx_fenring_death	1	0	0	0	0	na	na	na	na	na	na	na	na	na	na	na	na	na	na	na	0	na	na	na	na	na	na	na	0	na	na	na	na	na	na	0	na	0	na	na	0	na
sfx_fenring_fireclaw	1	0	0	0	0	na	na	na	na	na	na	na	na	na	na	na	na	na	na	na	0	na	na	na	na	na	na	na	0	na	na	na	na	na	na	0	na	0	na	na	0	na
sfx_fenring_howl	1	0	0	0	0	na	na	na	na	na	na	na	na	na	na	na	na	na	na	na	0	na	na	na	na	na	na	na	0	na	na	na	na	na	na	0	na	0	na	na	0	na
sfx_fenring_idle	1	0	0	0	0	na	na	na	na	na	na	na	na	na	na	na	na	na	na	na	0	na	na	na	na	na	na	na	0	na	na	na	na	na	na	0	na	0	na	na	0	na
sfx_fenring_jump_start	1	0	0	0	0	na	na	na	na	na	na	na	na	na	na	na	na	na	na	na	0	na	na	na	na	na	na	na	0	na	na	na	na	na	na	0	na	0	na	na	0	na
sfx_fenring_jump_trailstart	1	0	0	0	0	na	na	na	na	na	na	na	na	na	na	na	na	na	na	na	0	na	na	na	na	na	na	na	0	na	na	na	na	na	na	0	na	0	na	na	0	na
sfx_fenring_jump_trigger	1	0	0	0	0	na	na	na	na	na	na	na	na	na	na	na	na	na	na	na	0	na	na	na	na	na	na	na	0	na	na	na	na	na	na	0	na	0	na	na	0	na
sfx_fermenter_add	1	0	0	0	0	na	na	na	na	na	na	na	na	na	na	na	na	na	na	na	0	na	na	na	na	na	na	na	0	na	na	na	na	na	na	0	na	0	na	na	0	na
sfx_fermenter_tap	1	0	0	0	0	na	na	na	na	na	na	na	na	na	na	na	na	na	na	na	0	na	na	na	na	na	na	na	0	na	na	na	na	na	na	0	na	0	na	na	0	na
sfx_FireAddFuel	1	0	0	0	0	na	na	na	na	na	na	na	na	na	na	na	na	na	na	na	0	na	na	na	na	na	na	na	0	na	na	na	na	na	na	0	na	0	na	na	0	na
sfx_firestaff_launch	1	0	0	0	0	na	na	na	na	na	na	na	na	na	na	na	na	na	na	na	0	na	na	na	na	na	na	na	0	na	na	na	na	na	na	0	na	0	na	na	0	na
sfx_firework_explode	1	0	0	0	0	na	na	na	na	na	na	na	na	na	na	na	na	na	na	na	0	na	na	na	na	na	na	na	0	na	na	na	na	na	na	0	na	0	na	na	0	na
sfx_fishingrod_linebreak	1	0	0	0	0	na	na	na	na	na	na	na	na	na	na	na	na	na	na	na	0	na	na	na	na	na	na	na	0	na	na	na	na	na	na	0	na	0	na	na	0	na
sfx_fishingrod_swing	1	0	0	0	0	na	na	na	na	na	na	na	na	na	na	na	na	na	na	na	0	na	na	na	na	na	na	na	0	na	na	na	na	na	na	0	na	0	na	na	0	na
sfx_fist_metal_blocked	1	0	0	0	0	na	na	na	na	na	na	na	na	na	na	na	na	na	na	na	0	na	na	na	na	na	na	na	0	na	na	na	na	na	na	0	na	0	na	na	0	na
sfx_Frost_Start	1	0	0	0	0	na	na	na	na	na	na	na	na	na	na	na	na	na	na	na	0	na	na	na	na	na	na	na	0	na	na	na	na	na	na	0	na	0	na	na	0	na
sfx_frostfoundry_activate	1	0	0	0	0	na	na	na	na	na	na	na	na	na	na	na	na	na	na	na	0	na	na	na	na	na	na	na	0	na	na	na	na	na	na	0	na	0	na	na	0	na
sfx_frostfoundry_deactivate	1	0	0	0	0	na	na	na	na	na	na	na	na	na	na	na	na	na	na	na	0	na	na	na	na	na	na	na	0	na	na	na	na	na	na	0	na	0	na	na	0	na
sfx_frozenking_attackmelee_double_chain	1	0	0	0	0	na	na	na	na	na	na	na	na	na	na	na	na	na	na	na	0	na	na	na	na	na	na	na	0	na	na	na	na	na	na	0	na	0	na	na	0	na
sfx_frozenking_attackmelee_double_impact	1	0	0	0	0	na	na	na	na	na	na	na	na	na	na	na	na	na	na	na	0	na	na	na	na	na	na	na	0	na	na	na	na	na	na	0	na	0	na	na	0	na
sfx_frozenking_attackmelee_double_whoosh_follow	1	0	0	0	0	na	na	na	na	na	na	na	na	na	na	na	na	na	na	na	0	na	na	na	na	na	na	na	0	na	na	na	na	na	na	0	na	0	na	na	0	na
sfx_frozenking_attackmelee_double_whoosh_lead	1	0	0	0	0	na	na	na	na	na	na	na	na	na	na	na	na	na	na	na	0	na	na	na	na	na	na	na	0	na	na	na	na	na	na	0	na	0	na	na	0	na
sfx_frozenking_attackmelee_single_chainback	1	0	0	0	0	na	na	na	na	na	na	na	na	na	na	na	na	na	na	na	0	na	na	na	na	na	na	na	0	na	na	na	na	na	na	0	na	0	na	na	0	na
sfx_frozenking_attackmelee_single_charge	1	0	0	0	0	na	na	na	na	na	na	na	na	na	na	na	na	na	na	na	0	na	na	na	na	na	na	na	0	na	na	na	na	na	na	0	na	0	na	na	0	na
sfx_frozenking_attackmelee_single_impact	1	0	0	0	0	na	na	na	na	na	na	na	na	na	na	na	na	na	na	na	0	na	na	na	na	na	na	na	0	na	na	na	na	na	na	0	na	0	na	na	0	na
sfx_frozenking_attackmelee_single_whsh	1	0	0	0	0	na	na	na	na	na	na	na	na	na	na	na	na	na	na	na	0	na	na	na	na	na	na	na	0	na	na	na	na	na	na	0	na	0	na	na	0	na
sfx_frozenking_chainflurry_chain	1	0	0	0	0	na	na	na	na	na	na	na	na	na	na	na	na	na	na	na	0	na	na	na	na	na	na	na	0	na	na	na	na	na	na	0	na	0	na	na	0	na
sfx_frozenking_chainflurry_coldvortex	1	0	0	0	0	na	na	na	na	na	na	na	na	na	na	na	na	na	na	na	0	na	na	na	na	na	na	na	0	na	na	na	na	na	na	0	na	0	na	na	0	na
sfx_frozenking_chainflurry_fly	1	0	0	0	0	na	na	na	na	na	na	na	na	na	na	na	na	na	na	na	0	na	na	na	na	na	na	na	0	na	na	na	na	na	na	0	na	0	na	na	0	na
sfx_frozenking_chainflurry_start	1	0	0	0	0	na	na	na	na	na	na	na	na	na	na	na	na	na	na	na	0	na	na	na	na	na	na	na	0	na	na	na	na	na	na	0	na	0	na	na	0	na
sfx_frozenking_charge_chainback	1	0	0	0	0	na	na	na	na	na	na	na	na	na	na	na	na	na	na	na	0	na	na	na	na	na	na	na	0	na	na	na	na	na	na	0	na	0	na	na	0	na
sfx_frozenking_charge_doublehookup	1	0	0	0	0	na	na	na	na	na	na	na	na	na	na	na	na	na	na	na	0	na	na	na	na	na	na	na	0	na	na	na	na	na	na	0	na	0	na	na	0	na
sfx_frozenking_charge_start	1	0	0	0	0	na	na	na	na	na	na	na	na	na	na	na	na	na	na	na	0	na	na	na	na	na	na	na	0	na	na	na	na	na	na	0	na	0	na	na	0	na
sfx_frozenking_charge_whoosh	1	0	0	0	0	na	na	na	na	na	na	na	na	na	na	na	na	na	na	na	0	na	na	na	na	na	na	na	0	na	na	na	na	na	na	0	na	0	na	na	0	na
sfx_frozenking_death_crystal_break	1	0	0	0	0	na	na	na	na	na	na	na	na	na	na	na	na	na	na	na	0	na	na	na	na	na	na	na	0	na	na	na	na	na	na	0	na	0	na	na	0	na
sfx_frozenking_death_crystal_sequence	1	0	0	0	0	na	na	na	na	na	na	na	na	na	na	na	na	na	na	na	0	na	na	na	na	na	na	na	0	na	na	na	na	na	na	0	na	0	na	na	0	na
sfx_frozenking_death_p3_sequence	1	0	0	0	0	na	na	na	na	na	na	na	na	na	na	na	na	na	na	na	0	na	na	na	na	na	na	na	0	na	na	na	na	na	na	0	na	0	na	na	0	na
sfx_frozenking_doubleslam_explosion	1	0	0	0	0	na	na	na	na	na	na	na	na	na	na	na	na	na	na	na	0	na	na	na	na	na	na	na	0	na	na	na	na	na	na	0	na	0	na	na	0	na
sfx_frozenking_frozenspark_whip	1	0	0	0	0	na	na	na	na	na	na	na	na	na	na	na	na	na	na	na	0	na	na	na	na	na	na	na	0	na	na	na	na	na	na	0	na	0	na	na	0	na
sfx_frozenking_frozentwirl_charge	1	0	0	0	0	na	na	na	na	na	na	na	na	na	na	na	na	na	na	na	0	na	na	na	na	na	na	na	0	na	na	na	na	na	na	0	na	0	na	na	0	na
sfx_frozenking_frozentwirl_coldvortex	1	0	0	0	0	na	na	na	na	na	na	na	na	na	na	na	na	na	na	na	0	na	na	na	na	na	na	na	0	na	na	na	na	na	na	0	na	0	na	na	0	na
sfx_frozenking_frozentwirl_tornado	1	0	0	0	0	na	na	na	na	na	na	na	na	na	na	na	na	na	na	na	0	na	na	na	na	na	na	na	0	na	na	na	na	na	na	0	na	0	na	na	0	na
sfx_frozenking_frozentwirl_wind	1	0	0	0	0	na	na	na	na	na	na	na	na	na	na	na	na	na	na	na	0	na	na	na	na	na	na	na	0	na	na	na	na	na	na	0	na	0	na	na	0	na
sfx_frozenking_idle_breath	1	0	0	0	0	na	na	na	na	na	na	na	na	na	na	na	na	na	na	na	0	na	na	na	na	na	na	na	0	na	na	na	na	na	na	0	na	0	na	na	0	na
sfx_frozenking_idle_chained	1	0	0	0	0	na	na	na	na	na	na	na	na	na	na	na	na	na	na	na	0	na	na	na	na	na	na	na	0	na	na	na	na	na	na	0	na	0	na	na	0	na
sfx_frozenking_intro_chainpressure	1	0	0	0	0	na	na	na	na	na	na	na	na	na	na	na	na	na	na	na	0	na	na	na	na	na	na	na	0	na	na	na	na	na	na	0	na	0	na	na	0	na
sfx_frozenking_intro_icepillar_left_break	1	0	0	0	0	na	na	na	na	na	na	na	na	na	na	na	na	na	na	na	0	na	na	na	na	na	na	na	0	na	na	na	na	na	na	0	na	0	na	na	0	na
sfx_frozenking_intro_icepillar_right_break	1	0	0	0	0	na	na	na	na	na	na	na	na	na	na	na	na	na	na	na	0	na	na	na	na	na	na	na	0	na	na	na	na	na	na	0	na	0	na	na	0	na
sfx_frozenking_intro_rise	1	0	0	0	0	na	na	na	na	na	na	na	na	na	na	na	na	na	na	na	0	na	na	na	na	na	na	na	0	na	na	na	na	na	na	0	na	0	na	na	0	na
sfx_frozenking_punchaoe_chain_end	1	0	0	0	0	na	na	na	na	na	na	na	na	na	na	na	na	na	na	na	0	na	na	na	na	na	na	na	0	na	na	na	na	na	na	0	na	0	na	na	0	na
sfx_frozenking_punchaoe_chain_start	1	0	0	0	0	na	na	na	na	na	na	na	na	na	na	na	na	na	na	na	0	na	na	na	na	na	na	na	0	na	na	na	na	na	na	0	na	0	na	na	0	na
sfx_frozenking_punchaoe_debris	1	0	0	0	0	na	na	na	na	na	na	na	na	na	na	na	na	na	na	na	0	na	na	na	na	na	na	na	0	na	na	na	na	na	na	0	na	0	na	na	0	na
sfx_frozenking_punchaoe_punch_first	1	0	0	0	0	na	na	na	na	na	na	na	na	na	na	na	na	na	na	na	0	na	na	na	na	na	na	na	0	na	na	na	na	na	na	0	na	0	na	na	0	na
sfx_frozenking_punchaoe_punch_second	1	0	0	0	0	na	na	na	na	na	na	na	na	na	na	na	na	na	na	na	0	na	na	na	na	na	na	na	0	na	na	na	na	na	na	0	na	0	na	na	0	na
sfx_frozenking_punchaoe_punch_third	1	0	0	0	0	na	na	na	na	na	na	na	na	na	na	na	na	na	na	na	0	na	na	na	na	na	na	na	0	na	na	na	na	na	na	0	na	0	na	na	0	na
sfx_frozenking_punchaoe_whoosh_punch	1	0	0	0	0	na	na	na	na	na	na	na	na	na	na	na	na	na	na	na	0	na	na	na	na	na	na	na	0	na	na	na	na	na	na	0	na	0	na	na	0	na
sfx_frozenking_punchaoe_whoosh_start	1	0	0	0	0	na	na	na	na	na	na	na	na	na	na	na	na	na	na	na	0	na	na	na	na	na	na	na	0	na	na	na	na	na	na	0	na	0	na	na	0	na
sfx_frozenking_spikerain_chain	1	0	0	0	0	na	na	na	na	na	na	na	na	na	na	na	na	na	na	na	0	na	na	na	na	na	na	na	0	na	na	na	na	na	na	0	na	0	na	na	0	na
sfx_frozenking_spikerain_explosion	1	0	0	0	0	na	na	na	na	na	na	na	na	na	na	na	na	na	na	na	0	na	na	na	na	na	na	na	0	na	na	na	na	na	na	0	na	0	na	na	0	na
sfx_frozenking_spikerain_flyby	1	0	0	0	0	na	na	na	na	na	na	na	na	na	na	na	na	na	na	na	0	na	na	na	na	na	na	na	0	na	na	na	na	na	na	0	na	0	na	na	0	na
sfx_frozenking_spikerain_iceceiling	1	0	0	0	0	na	na	na	na	na	na	na	na	na	na	na	na	na	na	na	0	na	na	na	na	na	na	na	0	na	na	na	na	na	na	0	na	0	na	na	0	na
sfx_frozenking_spikerain_shards	1	0	0	0	0	na	na	na	na	na	na	na	na	na	na	na	na	na	na	na	0	na	na	na	na	na	na	na	0	na	na	na	na	na	na	0	na	0	na	na	0	na
sfx_frozenking_spirit_death	1	0	0	0	0	na	na	na	na	na	na	na	na	na	na	na	na	na	na	na	0	na	na	na	na	na	na	na	0	na	na	na	na	na	na	0	na	0	na	na	0	na
sfx_frozenking_spirit_summon	1	0	0	0	0	na	na	na	na	na	na	na	na	na	na	na	na	na	na	na	0	na	na	na	na	na	na	na	0	na	na	na	na	na	na	0	na	0	na	na	0	na
sfx_frozenking_tendril_attack	1	0	0	0	0	na	na	na	na	na	na	na	na	na	na	na	na	na	na	na	0	na	na	na	na	na	na	na	0	na	na	na	na	na	na	0	na	0	na	na	0	na
sfx_frozenking_tendril_death	1	0	0	0	0	na	na	na	na	na	na	na	na	na	na	na	na	na	na	na	0	na	na	na	na	na	na	na	0	na	na	na	na	na	na	0	na	0	na	na	0	na
sfx_frozenking_tendril_grow	1	0	0	0	0	na	na	na	na	na	na	na	na	na	na	na	na	na	na	na	0	na	na	na	na	na	na	na	0	na	na	na	na	na	na	0	na	0	na	na	0	na
sfx_frozenking_tendril_summon	1	0	0	0	0	na	na	na	na	na	na	na	na	na	na	na	na	na	na	na	0	na	na	na	na	na	na	na	0	na	na	na	na	na	na	0	na	0	na	na	0	na
sfx_frozenking_turn	1	0	0	0	0	na	na	na	na	na	na	na	na	na	na	na	na	na	na	na	0	na	na	na	na	na	na	na	0	na	na	na	na	na	na	0	na	0	na	na	0	na
sfx_frozenking_voice_attack	1	0	0	0	0	na	na	na	na	na	na	na	na	na	na	na	na	na	na	na	0	na	na	na	na	na	na	na	0	na	na	na	na	na	na	0	na	0	na	na	0	na
sfx_frozenking_voice_scream	1	0	0	0	0	na	na	na	na	na	na	na	na	na	na	na	na	na	na	na	0	na	na	na	na	na	na	na	0	na	na	na	na	na	na	0	na	0	na	na	0	na
sfx_gameltroll_death	1	0	0	0	0	na	na	na	na	na	na	na	na	na	na	na	na	na	na	na	0	na	na	na	na	na	na	na	0	na	na	na	na	na	na	0	na	0	na	na	0	na
sfx_gameltroll_hurt	1	0	0	0	0	na	na	na	na	na	na	na	na	na	na	na	na	na	na	na	0	na	na	na	na	na	na	na	0	na	na	na	na	na	na	0	na	0	na	na	0	na
sfx_gameltroll_idle	1	0	0	0	0	na	na	na	na	na	na	na	na	na	na	na	na	na	na	na	0	na	na	na	na	na	na	na	0	na	na	na	na	na	na	0	na	0	na	na	0	na
sfx_gameltroll_melee_attack	1	0	0	0	0	na	na	na	na	na	na	na	na	na	na	na	na	na	na	na	0	na	na	na	na	na	na	na	0	na	na	na	na	na	na	0	na	0	na	na	0	na
sfx_gameltroll_melee_attack_Impact	1	0	0	0	0	na	na	na	na	na	na	na	na	na	na	na	na	na	na	na	0	na	na	na	na	na	na	na	0	na	na	na	na	na	na	0	na	0	na	na	0	na
sfx_gameltroll_stomp_attack	1	0	0	0	0	na	na	na	na	na	na	na	na	na	na	na	na	na	na	na	0	na	na	na	na	na	na	na	0	na	na	na	na	na	na	0	na	0	na	na	0	na
sfx_gameltroll_stomp_attack_impact	1	0	0	0	0	na	na	na	na	na	na	na	na	na	na	na	na	na	na	na	0	na	na	na	na	na	na	na	0	na	na	na	na	na	na	0	na	0	na	na	0	na
sfx_gameltroll_stoneturn_death	1	0	0	0	0	na	na	na	na	na	na	na	na	na	na	na	na	na	na	na	0	na	na	na	na	na	na	na	0	na	na	na	na	na	na	0	na	0	na	na	0	na
sfx_gameltroll_throw_attack	1	0	0	0	0	na	na	na	na	na	na	na	na	na	na	na	na	na	na	na	0	na	na	na	na	na	na	na	0	na	na	na	na	na	na	0	na	0	na	na	0	na
sfx_gameltroll_throw_attack_impact	1	0	0	0	0	na	na	na	na	na	na	na	na	na	na	na	na	na	na	na	0	na	na	na	na	na	na	na	0	na	na	na	na	na	na	0	na	0	na	na	0	na
sfx_gdking_alert	1	0	0	0	0	na	na	na	na	na	na	na	na	na	na	na	na	na	na	na	0	na	na	na	na	na	na	na	0	na	na	na	na	na	na	0	na	0	na	na	0	na
sfx_gdking_death	1	0	0	0	0	na	na	na	na	na	na	na	na	na	na	na	na	na	na	na	0	na	na	na	na	na	na	na	0	na	na	na	na	na	na	0	na	0	na	na	0	na
sfx_gdking_idle	1	0	0	0	0	na	na	na	na	na	na	na	na	na	na	na	na	na	na	na	0	na	na	na	na	na	na	na	0	na	na	na	na	na	na	0	na	0	na	na	0	na
sfx_gdking_punch	1	0	0	0	0	na	na	na	na	na	na	na	na	na	na	na	na	na	na	na	0	na	na	na	na	na	na	na	0	na	na	na	na	na	na	0	na	0	na	na	0	na
sfx_gdking_rock_destroyed	1	0	0	0	0	na	na	na	na	na	na	na	na	na	na	na	na	na	na	na	0	na	na	na	na	na	na	na	0	na	na	na	na	na	na	0	na	0	na	na	0	na
sfx_gdking_scream	1	0	0	0	0	na	na	na	na	na	na	na	na	na	na	na	na	na	na	na	0	na	na	na	na	na	na	na	0	na	na	na	na	na	na	0	na	0	na	na	0	na
sfx_gdking_shoot_start	1	0	0	0	0	na	na	na	na	na	na	na	na	na	na	na	na	na	na	na	0	na	na	na	na	na	na	na	0	na	na	na	na	na	na	0	na	0	na	na	0	na
sfx_gdking_shoot_trigger	1	0	0	0	0	na	na	na	na	na	na	na	na	na	na	na	na	na	na	na	0	na	na	na	na	na	na	na	0	na	na	na	na	na	na	0	na	0	na	na	0	na
sfx_gdking_spawn	1	0	0	0	0	na	na	na	na	na	na	na	na	na	na	na	na	na	na	na	0	na	na	na	na	na	na	na	0	na	na	na	na	na	na	0	na	0	na	na	0	na
sfx_gdking_stomp	1	0	0	0	0	na	na	na	na	na	na	na	na	na	na	na	na	na	na	na	0	na	na	na	na	na	na	na	0	na	na	na	na	na	na	0	na	0	na	na	0	na
sfx_ghost_alert	1	0	0	0	0	na	na	na	na	na	na	na	na	na	na	na	na	na	na	na	0	na	na	na	na	na	na	na	0	na	na	na	na	na	na	0	na	0	na	na	0	na
sfx_ghost_attack	1	0	0	0	0	na	na	na	na	na	na	na	na	na	na	na	na	na	na	na	0	na	na	na	na	na	na	na	0	na	na	na	na	na	na	0	na	0	na	na	0	na
sfx_ghost_attack_hit	1	0	0	0	0	na	na	na	na	na	na	na	na	na	na	na	na	na	na	na	0	na	na	na	na	na	na	na	0	na	na	na	na	na	na	0	na	0	na	na	0	na
sfx_ghost_death	1	0	0	0	0	na	na	na	na	na	na	na	na	na	na	na	na	na	na	na	0	na	na	na	na	na	na	na	0	na	na	na	na	na	na	0	na	0	na	na	0	na
sfx_ghost_hurt	1	0	0	0	0	na	na	na	na	na	na	na	na	na	na	na	na	na	na	na	0	na	na	na	na	na	na	na	0	na	na	na	na	na	na	0	na	0	na	na	0	na
sfx_ghost_idle	1	0	0	0	0	na	na	na	na	na	na	na	na	na	na	na	na	na	na	na	0	na	na	na	na	na	na	na	0	na	na	na	na	na	na	0	na	0	na	na	0	na
sfx_ghosts_death	1	0	0	0	0	na	na	na	na	na	na	na	na	na	na	na	na	na	na	na	0	na	na	na	na	na	na	na	0	na	na	na	na	na	na	0	na	0	na	na	0	na
sfx_ghosts_footstep	1	0	0	0	0	na	na	na	na	na	na	na	na	na	na	na	na	na	na	na	0	na	na	na	na	na	na	na	0	na	na	na	na	na	na	0	na	0	na	na	0	na
sfx_ghosts_hurt	1	0	0	0	0	na	na	na	na	na	na	na	na	na	na	na	na	na	na	na	0	na	na	na	na	na	na	na	0	na	na	na	na	na	na	0	na	0	na	na	0	na
sfx_ghosts_idle	1	0	0	0	0	na	na	na	na	na	na	na	na	na	na	na	na	na	na	na	0	na	na	na	na	na	na	na	0	na	na	na	na	na	na	0	na	0	na	na	0	na
sfx_ghosts_melee_attack	1	0	0	0	0	na	na	na	na	na	na	na	na	na	na	na	na	na	na	na	0	na	na	na	na	na	na	na	0	na	na	na	na	na	na	0	na	0	na	na	0	na
sfx_ghosts_melee_attack_impact	1	0	0	0	0	na	na	na	na	na	na	na	na	na	na	na	na	na	na	na	0	na	na	na	na	na	na	na	0	na	na	na	na	na	na	0	na	0	na	na	0	na
sfx_gjall_alerted	1	0	0	0	0	na	na	na	na	na	na	na	na	na	na	na	na	na	na	na	0	na	na	na	na	na	na	na	0	na	na	na	na	na	na	0	na	0	na	na	0	na
sfx_gjall_attack_shake	1	0	0	0	0	na	na	na	na	na	na	na	na	na	na	na	na	na	na	na	0	na	na	na	na	na	na	na	0	na	na	na	na	na	na	0	na	0	na	na	0	na
sfx_gjall_attack_tick_drop	1	0	0	0	0	na	na	na	na	na	na	na	na	na	na	na	na	na	na	na	0	na	na	na	na	na	na	na	0	na	na	na	na	na	na	0	na	0	na	na	0	na
sfx_gjall_death	1	0	0	0	0	na	na	na	na	na	na	na	na	na	na	na	na	na	na	na	0	na	na	na	na	na	na	na	0	na	na	na	na	na	na	0	na	0	na	na	0	na
sfx_gjall_idle_blowout	1	0	0	0	0	na	na	na	na	na	na	na	na	na	na	na	na	na	na	na	0	na	na	na	na	na	na	na	0	na	na	na	na	na	na	0	na	0	na	na	0	na
sfx_gjall_idle_shiver	1	0	0	0	0	na	na	na	na	na	na	na	na	na	na	na	na	na	na	na	0	na	na	na	na	na	na	na	0	na	na	na	na	na	na	0	na	0	na	na	0	na
sfx_gjall_idle_vocals	1	0	0	0	0	na	na	na	na	na	na	na	na	na	na	na	na	na	na	na	0	na	na	na	na	na	na	na	0	na	na	na	na	na	na	0	na	0	na	na	0	na
sfx_gjall_spit	1	0	0	0	0	na	na	na	na	na	na	na	na	na	na	na	na	na	na	na	0	na	na	na	na	na	na	na	0	na	na	na	na	na	na	0	na	0	na	na	0	na
sfx_gjall_spit_fx	1	0	0	0	0	na	na	na	na	na	na	na	na	na	na	na	na	na	na	na	0	na	na	na	na	na	na	na	0	na	na	na	na	na	na	0	na	0	na	na	0	na
sfx_gjall_spit_impact	1	0	0	0	0	na	na	na	na	na	na	na	na	na	na	na	na	na	na	na	0	na	na	na	na	na	na	na	0	na	na	na	na	na	na	0	na	0	na	na	0	na
sfx_gjall_tick_drop	1	0	0	0	0	na	na	na	na	na	na	na	na	na	na	na	na	na	na	na	0	na	na	na	na	na	na	na	0	na	na	na	na	na	na	0	na	0	na	na	0	na
sfx_glowworm_pickup	1	0	0	0	0	na	na	na	na	na	na	na	na	na	na	na	na	na	na	na	0	na	na	na	na	na	na	na	0	na	na	na	na	na	na	0	na	0	na	na	0	na
sfx_goblin_alerted	1	0	0	0	0	na	na	na	na	na	na	na	na	na	na	na	na	na	na	na	0	na	na	na	na	na	na	na	0	na	na	na	na	na	na	0	na	0	na	na	0	na
sfx_goblin_death	1	0	0	0	0	na	na	na	na	na	na	na	na	na	na	na	na	na	na	na	0	na	na	na	na	na	na	na	0	na	na	na	na	na	na	0	na	0	na	na	0	na
sfx_goblin_hit	1	0	0	0	0	na	na	na	na	na	na	na	na	na	na	na	na	na	na	na	0	na	na	na	na	na	na	na	0	na	na	na	na	na	na	0	na	0	na	na	0	na
sfx_goblin_idle	1	0	0	0	0	na	na	na	na	na	na	na	na	na	na	na	na	na	na	na	0	na	na	na	na	na	na	na	0	na	na	na	na	na	na	0	na	0	na	na	0	na
sfx_goblinbrute_alerted	1	0	0	0	0	na	na	na	na	na	na	na	na	na	na	na	na	na	na	na	0	na	na	na	na	na	na	na	0	na	na	na	na	na	na	0	na	0	na	na	0	na
sfx_goblinbrute_clubhit	1	0	0	0	0	na	na	na	na	na	na	na	na	na	na	na	na	na	na	na	0	na	na	na	na	na	na	na	0	na	na	na	na	na	na	0	na	0	na	na	0	na
sfx_goblinbrute_clubswing	1	0	0	0	0	na	na	na	na	na	na	na	na	na	na	na	na	na	na	na	0	na	na	na	na	na	na	na	0	na	na	na	na	na	na	0	na	0	na	na	0	na
sfx_goblinbrute_death	1	0	0	0	0	na	na	na	na	na	na	na	na	na	na	na	na	na	na	na	0	na	na	na	na	na	na	na	0	na	na	na	na	na	na	0	na	0	na	na	0	na
sfx_goblinbrute_hit	1	0	0	0	0	na	na	na	na	na	na	na	na	na	na	na	na	na	na	na	0	na	na	na	na	na	na	na	0	na	na	na	na	na	na	0	na	0	na	na	0	na
sfx_goblinking_beam	1	0	0	0	0	na	na	na	na	na	na	na	na	na	na	na	na	na	na	na	0	na	na	na	na	na	na	na	0	na	na	na	na	na	na	0	na	0	na	na	0	na
sfx_goblinking_taunt	1	0	0	0	0	na	na	na	na	na	na	na	na	na	na	na	na	na	na	na	0	na	na	na	na	na	na	na	0	na	na	na	na	na	na	0	na	0	na	na	0	na
sfx_GoblinShaman_alerted	1	0	0	0	0	na	na	na	na	na	na	na	na	na	na	na	na	na	na	na	0	na	na	na	na	na	na	na	0	na	na	na	na	na	na	0	na	0	na	na	0	na
sfx_GoblinShaman_death	1	0	0	0	0	na	na	na	na	na	na	na	na	na	na	na	na	na	na	na	0	na	na	na	na	na	na	na	0	na	na	na	na	na	na	0	na	0	na	na	0	na
sfx_GoblinShaman_fireball_launch	1	0	0	0	0	na	na	na	na	na	na	na	na	na	na	na	na	na	na	na	0	na	na	na	na	na	na	na	0	na	na	na	na	na	na	0	na	0	na	na	0	na
sfx_GoblinShaman_hurt	1	0	0	0	0	na	na	na	na	na	na	na	na	na	na	na	na	na	na	na	0	na	na	na	na	na	na	na	0	na	na	na	na	na	na	0	na	0	na	na	0	na
sfx_GoblinShaman_idle	1	0	0	0	0	na	na	na	na	na	na	na	na	na	na	na	na	na	na	na	0	na	na	na	na	na	na	na	0	na	na	na	na	na	na	0	na	0	na	na	0	na
sfx_grapplinghook_detach	1	0	0	0	0	na	na	na	na	na	na	na	na	na	na	na	na	na	na	na	0	na	na	na	na	na	na	na	0	na	na	na	na	na	na	0	na	0	na	na	0	na
sfx_grapplinghook_fire	1	0	0	0	0	na	na	na	na	na	na	na	na	na	na	na	na	na	na	na	0	na	na	na	na	na	na	na	0	na	na	na	na	na	na	0	na	0	na	na	0	na
sfx_grapplinghook_hit	1	0	0	0	0	na	na	na	na	na	na	na	na	na	na	na	na	na	na	na	0	na	na	na	na	na	na	na	0	na	na	na	na	na	na	0	na	0	na	na	0	na
sfx_grapplinghook_reload	1	0	0	0	0	na	na	na	na	na	na	na	na	na	na	na	na	na	na	na	0	na	na	na	na	na	na	na	0	na	na	na	na	na	na	0	na	0	na	na	0	na
sfx_grapplinghook_repel	1	0	0	0	0	na	na	na	na	na	na	na	na	na	na	na	na	na	na	na	0	na	na	na	na	na	na	na	0	na	na	na	na	na	na	0	na	0	na	na	0	na
sfx_greydwarf_alerted	1	0	0	0	0	na	na	na	na	na	na	na	na	na	na	na	na	na	na	na	0	na	na	na	na	na	na	na	0	na	na	na	na	na	na	0	na	0	na	na	0	na
sfx_greydwarf_attack	1	0	0	0	0	na	na	na	na	na	na	na	na	na	na	na	na	na	na	na	0	na	na	na	na	na	na	na	0	na	na	na	na	na	na	0	na	0	na	na	0	na
sfx_greydwarf_attack_hit	1	0	0	0	0	na	na	na	na	na	na	na	na	na	na	na	na	na	na	na	0	na	na	na	na	na	na	na	0	na	na	na	na	na	na	0	na	0	na	na	0	na
sfx_greydwarf_death	1	0	0	0	0	na	na	na	na	na	na	na	na	na	na	na	na	na	na	na	0	na	na	na	na	na	na	na	0	na	na	na	na	na	na	0	na	0	na	na	0	na
sfx_greydwarf_deepnorth_death	1	0	0	0	0	na	na	na	na	na	na	na	na	na	na	na	na	na	na	na	0	na	na	na	na	na	na	na	0	na	na	na	na	na	na	0	na	0	na	na	0	na
sfx_greydwarf_deepnorth_verse_attack	1	0	0	0	0	na	na	na	na	na	na	na	na	na	na	na	na	na	na	na	0	na	na	na	na	na	na	na	0	na	na	na	na	na	na	0	na	0	na	na	0	na
sfx_greydwarf_elite_alerted	1	0	0	0	0	na	na	na	na	na	na	na	na	na	na	na	na	na	na	na	0	na	na	na	na	na	na	na	0	na	na	na	na	na	na	0	na	0	na	na	0	na
sfx_greydwarf_elite_attack	1	0	0	0	0	na	na	na	na	na	na	na	na	na	na	na	na	na	na	na	0	na	na	na	na	na	na	na	0	na	na	na	na	na	na	0	na	0	na	na	0	na
sfx_greydwarf_elite_death	1	0	0	0	0	na	na	na	na	na	na	na	na	na	na	na	na	na	na	na	0	na	na	na	na	na	na	na	0	na	na	na	na	na	na	0	na	0	na	na	0	na
sfx_greydwarf_elite_idle	1	0	0	0	0	na	na	na	na	na	na	na	na	na	na	na	na	na	na	na	0	na	na	na	na	na	na	na	0	na	na	na	na	na	na	0	na	0	na	na	0	na
sfx_greydwarf_hit	1	0	0	0	0	na	na	na	na	na	na	na	na	na	na	na	na	na	na	na	0	na	na	na	na	na	na	na	0	na	na	na	na	na	na	0	na	0	na	na	0	na
sfx_greydwarf_idle	1	0	0	0	0	na	na	na	na	na	na	na	na	na	na	na	na	na	na	na	0	na	na	na	na	na	na	na	0	na	na	na	na	na	na	0	na	0	na	na	0	na
sfx_greydwarf_shaman_attack	1	0	0	0	0	na	na	na	na	na	na	na	na	na	na	na	na	na	na	na	0	na	na	na	na	na	na	na	0	na	na	na	na	na	na	0	na	0	na	na	0	na
sfx_greydwarf_shaman_heal	1	0	0	0	0	na	na	na	na	na	na	na	na	na	na	na	na	na	na	na	0	na	na	na	na	na	na	na	0	na	na	na	na	na	na	0	na	0	na	na	0	na
sfx_greydwarf_stone_hit	1	0	0	0	0	na	na	na	na	na	na	na	na	na	na	na	na	na	na	na	0	na	na	na	na	na	na	na	0	na	na	na	na	na	na	0	na	0	na	na	0	na
sfx_greydwarf_throw	1	0	0	0	0	na	na	na	na	na	na	na	na	na	na	na	na	na	na	na	0	na	na	na	na	na	na	na	0	na	na	na	na	na	na	0	na	0	na	na	0	na
sfx_greydwarfnest_destroyed	1	0	0	0	0	na	na	na	na	na	na	na	na	na	na	na	na	na	na	na	0	na	na	na	na	na	na	na	0	na	na	na	na	na	na	0	na	0	na	na	0	na
sfx_greydwarfnest_hit	1	0	0	0	0	na	na	na	na	na	na	na	na	na	na	na	na	na	na	na	0	na	na	na	na	na	na	na	0	na	na	na	na	na	na	0	na	0	na	na	0	na
sfx_greyling_alerted	1	0	0	0	0	na	na	na	na	na	na	na	na	na	na	na	na	na	na	na	0	na	na	na	na	na	na	na	0	na	na	na	na	na	na	0	na	0	na	na	0	na
sfx_greyling_attack	1	0	0	0	0	na	na	na	na	na	na	na	na	na	na	na	na	na	na	na	0	na	na	na	na	na	na	na	0	na	na	na	na	na	na	0	na	0	na	na	0	na
sfx_greyling_death	1	0	0	0	0	na	na	na	na	na	na	na	na	na	na	na	na	na	na	na	0	na	na	na	na	na	na	na	0	na	na	na	na	na	na	0	na	0	na	na	0	na
sfx_greyling_hit	1	0	0	0	0	na	na	na	na	na	na	na	na	na	na	na	na	na	na	na	0	na	na	na	na	na	na	na	0	na	na	na	na	na	na	0	na	0	na	na	0	na
sfx_greyling_idle	1	0	0	0	0	na	na	na	na	na	na	na	na	na	na	na	na	na	na	na	0	na	na	na	na	na	na	na	0	na	na	na	na	na	na	0	na	0	na	na	0	na
sfx_GuckSackDestroyed	1	0	0	0	0	na	na	na	na	na	na	na	na	na	na	na	na	na	na	na	0	na	na	na	na	na	na	na	0	na	na	na	na	na	na	0	na	0	na	na	0	na
sfx_GuckSackHit	1	0	0	0	0	na	na	na	na	na	na	na	na	na	na	na	na	na	na	na	0	na	na	na	na	na	na	na	0	na	na	na	na	na	na	0	na	0	na	na	0	na
sfx_gui_craftitem	1	0	0	0	0	na	na	na	na	na	na	na	na	na	na	na	na	na	na	na	0	na	na	na	na	na	na	na	0	na	na	na	na	na	na	0	na	0	na	na	0	na
sfx_gui_craftitem_cauldron	1	0	0	0	0	na	na	na	na	na	na	na	na	na	na	na	na	na	na	na	0	na	na	na	na	na	na	na	0	na	na	na	na	na	na	0	na	0	na	na	0	na
sfx_gui_craftitem_cauldron_end	1	0	0	0	0	na	na	na	na	na	na	na	na	na	na	na	na	na	na	na	0	na	na	na	na	na	na	na	0	na	na	na	na	na	na	0	na	0	na	na	0	na
sfx_gui_craftitem_end	1	0	0	0	0	na	na	na	na	na	na	na	na	na	na	na	na	na	na	na	0	na	na	na	na	na	na	na	0	na	na	na	na	na	na	0	na	0	na	na	0	na
sfx_gui_craftitem_forge	1	0	0	0	0	na	na	na	na	na	na	na	na	na	na	na	na	na	na	na	0	na	na	na	na	na	na	na	0	na	na	na	na	na	na	0	na	0	na	na	0	na
sfx_gui_craftitem_forge_end	1	0	0	0	0	na	na	na	na	na	na	na	na	na	na	na	na	na	na	na	0	na	na	na	na	na	na	na	0	na	na	na	na	na	na	0	na	0	na	na	0	na
sfx_gui_craftitem_workbench	1	0	0	0	0	na	na	na	na	na	na	na	na	na	na	na	na	na	na	na	0	na	na	na	na	na	na	na	0	na	na	na	na	na	na	0	na	0	na	na	0	na
sfx_gui_craftitem_workbench_end	1	0	0	0	0	na	na	na	na	na	na	na	na	na	na	na	na	na	na	na	0	na	na	na	na	na	na	na	0	na	na	na	na	na	na	0	na	0	na	na	0	na
sfx_gui_repairitem_forge	1	0	0	0	0	na	na	na	na	na	na	na	na	na	na	na	na	na	na	na	0	na	na	na	na	na	na	na	0	na	na	na	na	na	na	0	na	0	na	na	0	na
sfx_gui_repairitem_workbench	1	0	0	0	0	na	na	na	na	na	na	na	na	na	na	na	na	na	na	na	0	na	na	na	na	na	na	na	0	na	na	na	na	na	na	0	na	0	na	na	0	na
sfx_haldor_greet	1	0	0	0	0	na	na	na	na	na	na	na	na	na	na	na	na	na	na	na	0	na	na	na	na	na	na	na	0	na	na	na	na	na	na	0	na	0	na	na	0	na
sfx_haldor_laugh	1	0	0	0	0	na	na	na	na	na	na	na	na	na	na	na	na	na	na	na	0	na	na	na	na	na	na	na	0	na	na	na	na	na	na	0	na	0	na	na	0	na
sfx_haldor_yea	1	0	0	0	0	na	na	na	na	na	na	na	na	na	na	na	na	na	na	na	0	na	na	na	na	na	na	na	0	na	na	na	na	na	na	0	na	0	na	na	0	na
sfx_hare_alerted	1	0	0	0	0	na	na	na	na	na	na	na	na	na	na	na	na	na	na	na	0	na	na	na	na	na	na	na	0	na	na	na	na	na	na	0	na	0	na	na	0	na
sfx_hare_death_vocal	1	0	0	0	0	na	na	na	na	na	na	na	na	na	na	na	na	na	na	na	0	na	na	na	na	na	na	na	0	na	na	na	na	na	na	0	na	0	na	na	0	na
sfx_hare_idle	1	0	0	0	0	na	na	na	na	na	na	na	na	na	na	na	na	na	na	na	0	na	na	na	na	na	na	na	0	na	na	na	na	na	na	0	na	0	na	na	0	na
sfx_hare_idle_eating	1	0	0	0	0	na	na	na	na	na	na	na	na	na	na	na	na	na	na	na	0	na	na	na	na	na	na	na	0	na	na	na	na	na	na	0	na	0	na	na	0	na
sfx_hatchling_alerted	1	0	0	0	0	na	na	na	na	na	na	na	na	na	na	na	na	na	na	na	0	na	na	na	na	na	na	na	0	na	na	na	na	na	na	0	na	0	na	na	0	na
sfx_hatchling_coldball_explode	1	0	0	0	0	na	na	na	na	na	na	na	na	na	na	na	na	na	na	na	0	na	na	na	na	na	na	na	0	na	na	na	na	na	na	0	na	0	na	na	0	na
sfx_hatchling_coldball_launch	1	0	0	0	0	na	na	na	na	na	na	na	na	na	na	na	na	na	na	na	0	na	na	na	na	na	na	na	0	na	na	na	na	na	na	0	na	0	na	na	0	na
sfx_hatchling_coldball_start	1	0	0	0	0	na	na	na	na	na	na	na	na	na	na	na	na	na	na	na	0	na	na	na	na	na	na	na	0	na	na	na	na	na	na	0	na	0	na	na	0	na
sfx_hatchling_death	1	0	0	0	0	na	na	na	na	na	na	na	na	na	na	na	na	na	na	na	0	na	na	na	na	na	na	na	0	na	na	na	na	na	na	0	na	0	na	na	0	na
sfx_hatchling_idle	1	0	0	0	0	na	na	na	na	na	na	na	na	na	na	na	na	na	na	na	0	na	na	na	na	na	na	na	0	na	na	na	na	na	na	0	na	0	na	na	0	na
sfx_hatcling_hurt	1	0	0	0	0	na	na	na	na	na	na	na	na	na	na	na	na	na	na	na	0	na	na	na	na	na	na	na	0	na	na	na	na	na	na	0	na	0	na	na	0	na
sfx_hit	1	0	0	0	0	na	na	na	na	na	na	na	na	na	na	na	na	na	na	na	0	na	na	na	na	na	na	na	0	na	na	na	na	na	na	0	na	0	na	na	0	na
sfx_hit_vibration_only	1	0	0	0	0	na	na	na	na	na	na	na	na	na	na	na	na	na	na	na	0	na	na	na	na	na	na	na	0	na	na	na	na	na	na	0	na	0	na	na	0	na
sfx_HiveQueen_acitspit	1	0	0	0	0	na	na	na	na	na	na	na	na	na	na	na	na	na	na	na	0	na	na	na	na	na	na	na	0	na	na	na	na	na	na	0	na	0	na	na	0	na
sfx_HiveQueen_alerted	1	0	0	0	0	na	na	na	na	na	na	na	na	na	na	na	na	na	na	na	0	na	na	na	na	na	na	na	0	na	na	na	na	na	na	0	na	0	na	na	0	na
sfx_HiveQueen_backslam	1	0	0	0	0	na	na	na	na	na	na	na	na	na	na	na	na	na	na	na	0	na	na	na	na	na	na	na	0	na	na	na	na	na	na	0	na	0	na	na	0	na
sfx_HiveQueen_bite	1	0	0	0	0	na	na	na	na	na	na	na	na	na	na	na	na	na	na	na	0	na	na	na	na	na	na	na	0	na	na	na	na	na	na	0	na	0	na	na	0	na
sfx_HiveQueen_burrow	1	0	0	0	0	na	na	na	na	na	na	na	na	na	na	na	na	na	na	na	0	na	na	na	na	na	na	na	0	na	na	na	na	na	na	0	na	0	na	na	0	na
sfx_HiveQueen_callout	1	0	0	0	0	na	na	na	na	na	na	na	na	na	na	na	na	na	na	na	0	na	na	na	na	na	na	na	0	na	na	na	na	na	na	0	na	0	na	na	0	na
sfx_HiveQueen_doubleslash	1	0	0	0	0	na	na	na	na	na	na	na	na	na	na	na	na	na	na	na	0	na	na	na	na	na	na	na	0	na	na	na	na	na	na	0	na	0	na	na	0	na
sfx_HiveQueen_idle	1	0	0	0	0	na	na	na	na	na	na	na	na	na	na	na	na	na	na	na	0	na	na	na	na	na	na	na	0	na	na	na	na	na	na	0	na	0	na	na	0	na
sfx_HiveQueen_move	1	0	0	0	0	na	na	na	na	na	na	na	na	na	na	na	na	na	na	na	0	na	na	na	na	na	na	na	0	na	na	na	na	na	na	0	na	0	na	na	0	na
sfx_HiveQueen_pierce	1	0	0	0	0	na	na	na	na	na	na	na	na	na	na	na	na	na	na	na	0	na	na	na	na	na	na	na	0	na	na	na	na	na	na	0	na	0	na	na	0	na
sfx_HiveQueen_rush	1	0	0	0	0	na	na	na	na	na	na	na	na	na	na	na	na	na	na	na	0	na	na	na	na	na	na	na	0	na	na	na	na	na	na	0	na	0	na	na	0	na
sfx_HiveQueen_slash	1	0	0	0	0	na	na	na	na	na	na	na	na	na	na	na	na	na	na	na	0	na	na	na	na	na	na	na	0	na	na	na	na	na	na	0	na	0	na	na	0	na
sfx_HiveQueen_slashcombo	1	0	0	0	0	na	na	na	na	na	na	na	na	na	na	na	na	na	na	na	0	na	na	na	na	na	na	na	0	na	na	na	na	na	na	0	na	0	na	na	0	na
sfx_HiveQueen_spitimpact	1	0	0	0	0	na	na	na	na	na	na	na	na	na	na	na	na	na	na	na	0	na	na	na	na	na	na	na	0	na	na	na	na	na	na	0	na	0	na	na	0	na
sfx_HiveQueen_turn	1	0	0	0	0	na	na	na	na	na	na	na	na	na	na	na	na	na	na	na	0	na	na	na	na	na	na	na	0	na	na	na	na	na	na	0	na	0	na	na	0	na
sfx_ice_destroyed	1	0	0	0	0	na	na	na	na	na	na	na	na	na	na	na	na	na	na	na	0	na	na	na	na	na	na	na	0	na	na	na	na	na	na	0	na	0	na	na	0	na
sfx_ice_hit	1	0	0	0	0	na	na	na	na	na	na	na	na	na	na	na	na	na	na	na	0	na	na	na	na	na	na	na	0	na	na	na	na	na	na	0	na	0	na	na	0	na
sfx_icestaff_start	1	0	0	0	0	na	na	na	na	na	na	na	na	na	na	na	na	na	na	na	0	na	na	na	na	na	na	na	0	na	na	na	na	na	na	0	na	0	na	na	0	na
sfx_imp_alerted	1	0	0	0	0	na	na	na	na	na	na	na	na	na	na	na	na	na	na	na	0	na	na	na	na	na	na	na	0	na	na	na	na	na	na	0	na	0	na	na	0	na
sfx_imp_death	1	0	0	0	0	na	na	na	na	na	na	na	na	na	na	na	na	na	na	na	0	na	na	na	na	na	na	na	0	na	na	na	na	na	na	0	na	0	na	na	0	na
sfx_imp_fireball_explode	1	0	0	0	0	na	na	na	na	na	na	na	na	na	na	na	na	na	na	na	0	na	na	na	na	na	na	na	0	na	na	na	na	na	na	0	na	0	na	na	0	na
sfx_imp_fireball_launch	1	0	0	0	0	na	na	na	na	na	na	na	na	na	na	na	na	na	na	na	0	na	na	na	na	na	na	na	0	na	na	na	na	na	na	0	na	0	na	na	0	na
sfx_imp_hit	1	0	0	0	0	na	na	na	na	na	na	na	na	na	na	na	na	na	na	na	0	na	na	na	na	na	na	na	0	na	na	na	na	na	na	0	na	0	na	na	0	na
sfx_jotunwarrior_attack1	1	0	0	0	0	na	na	na	na	na	na	na	na	na	na	na	na	na	na	na	0	na	na	na	na	na	na	na	0	na	na	na	na	na	na	0	na	0	na	na	0	na
sfx_jotunwarrior_attack2	1	0	0	0	0	na	na	na	na	na	na	na	na	na	na	na	na	na	na	na	0	na	na	na	na	na	na	na	0	na	na	na	na	na	na	0	na	0	na	na	0	na
sfx_jotunwarrior_death	1	0	0	0	0	na	na	na	na	na	na	na	na	na	na	na	na	na	na	na	0	na	na	na	na	na	na	na	0	na	na	na	na	na	na	0	na	0	na	na	0	na
sfx_jotunwarrior_hurt	1	0	0	0	0	na	na	na	na	na	na	na	na	na	na	na	na	na	na	na	0	na	na	na	na	na	na	na	0	na	na	na	na	na	na	0	na	0	na	na	0	na
sfx_jotunwarrior_Idle	1	0	0	0	0	na	na	na	na	na	na	na	na	na	na	na	na	na	na	na	0	na	na	na	na	na	na	na	0	na	na	na	na	na	na	0	na	0	na	na	0	na
sfx_jotunwarrior_impact_flesh	1	0	0	0	0	na	na	na	na	na	na	na	na	na	na	na	na	na	na	na	0	na	na	na	na	na	na	na	0	na	na	na	na	na	na	0	na	0	na	na	0	na
sfx_jotunwarrior_impact_ground	1	0	0	0	0	na	na	na	na	na	na	na	na	na	na	na	na	na	na	na	0	na	na	na	na	na	na	na	0	na	na	na	na	na	na	0	na	0	na	na	0	na
sfx_jotunwitch_attackball	1	0	0	0	0	na	na	na	na	na	na	na	na	na	na	na	na	na	na	na	0	na	na	na	na	na	na	na	0	na	na	na	na	na	na	0	na	0	na	na	0	na
sfx_jotunwitch_attackball_impact	1	0	0	0	0	na	na	na	na	na	na	na	na	na	na	na	na	na	na	na	0	na	na	na	na	na	na	na	0	na	na	na	na	na	na	0	na	0	na	na	0	na
sfx_jotunwitch_attackblast	1	0	0	0	0	na	na	na	na	na	na	na	na	na	na	na	na	na	na	na	0	na	na	na	na	na	na	na	0	na	na	na	na	na	na	0	na	0	na	na	0	na
sfx_jotunwitch_attackbuildup	1	0	0	0	0	na	na	na	na	na	na	na	na	na	na	na	na	na	na	na	0	na	na	na	na	na	na	na	0	na	na	na	na	na	na	0	na	0	na	na	0	na
sfx_jotunwitch_death	1	0	0	0	0	na	na	na	na	na	na	na	na	na	na	na	na	na	na	na	0	na	na	na	na	na	na	na	0	na	na	na	na	na	na	0	na	0	na	na	0	na
sfx_jotunwitch_dodge	1	0	0	0	0	na	na	na	na	na	na	na	na	na	na	na	na	na	na	na	0	na	na	na	na	na	na	na	0	na	na	na	na	na	na	0	na	0	na	na	0	na
sfx_jotunwitch_flight	1	0	0	0	0	na	na	na	na	na	na	na	na	na	na	na	na	na	na	na	0	na	na	na	na	na	na	na	0	na	na	na	na	na	na	0	na	0	na	na	0	na
sfx_jotunwitch_hurt	1	0	0	0	0	na	na	na	na	na	na	na	na	na	na	na	na	na	na	na	0	na	na	na	na	na	na	na	0	na	na	na	na	na	na	0	na	0	na	na	0	na
sfx_jotunwitch_Idle	1	0	0	0	0	na	na	na	na	na	na	na	na	na	na	na	na	na	na	na	0	na	na	na	na	na	na	na	0	na	na	na	na	na	na	0	na	0	na	na	0	na
sfx_jump	1	0	0	0	0	na	na	na	na	na	na	na	na	na	na	na	na	na	na	na	0	na	na	na	na	na	na	na	0	na	na	na	na	na	na	0	na	0	na	na	0	na
sfx_jump_vibration_only	1	0	0	0	0	na	na	na	na	na	na	na	na	na	na	na	na	na	na	na	0	na	na	na	na	na	na	na	0	na	na	na	na	na	na	0	na	0	na	na	0	na
sfx_kiln_addore	1	0	0	0	0	na	na	na	na	na	na	na	na	na	na	na	na	na	na	na	0	na	na	na	na	na	na	na	0	na	na	na	na	na	na	0	na	0	na	na	0	na
sfx_kiln_produce	1	0	0	0	0	na	na	na	na	na	na	na	na	na	na	na	na	na	na	na	0	na	na	na	na	na	na	na	0	na	na	na	na	na	na	0	na	0	na	na	0	na
sfx_knife_swing	1	0	0	0	0	na	na	na	na	na	na	na	na	na	na	na	na	na	na	na	0	na	na	na	na	na	na	na	0	na	na	na	na	na	na	0	na	0	na	na	0	na
sfx_kromsword_swing	1	0	0	0	0	na	na	na	na	na	na	na	na	na	na	na	na	na	na	na	0	na	na	na	na	na	na	na	0	na	na	na	na	na	na	0	na	0	na	na	0	na
sfx_kvastur_death	1	0	0	0	0	na	na	na	na	na	na	na	na	na	na	na	na	na	na	na	0	na	na	na	na	na	na	na	0	na	na	na	na	na	na	0	na	0	na	na	0	na
sfx_land	1	0	0	0	0	na	na	na	na	na	na	na	na	na	na	na	na	na	na	na	0	na	na	na	na	na	na	na	0	na	na	na	na	na	na	0	na	0	na	na	0	na
sfx_land_water	1	0	0	0	0	na	na	na	na	na	na	na	na	na	na	na	na	na	na	na	0	na	na	na	na	na	na	na	0	na	na	na	na	na	na	0	na	0	na	na	0	na
sfx_leech_alerted	1	0	0	0	0	na	na	na	na	na	na	na	na	na	na	na	na	na	na	na	0	na	na	na	na	na	na	na	0	na	na	na	na	na	na	0	na	0	na	na	0	na
sfx_leech_attack	1	0	0	0	0	na	na	na	na	na	na	na	na	na	na	na	na	na	na	na	0	na	na	na	na	na	na	na	0	na	na	na	na	na	na	0	na	0	na	na	0	na
sfx_leech_attack_hit	1	0	0	0	0	na	na	na	na	na	na	na	na	na	na	na	na	na	na	na	0	na	na	na	na	na	na	na	0	na	na	na	na	na	na	0	na	0	na	na	0	na
sfx_leech_death	1	0	0	0	0	na	na	na	na	na	na	na	na	na	na	na	na	na	na	na	0	na	na	na	na	na	na	na	0	na	na	na	na	na	na	0	na	0	na	na	0	na
sfx_leech_hit	1	0	0	0	0	na	na	na	na	na	na	na	na	na	na	na	na	na	na	na	0	na	na	na	na	na	na	na	0	na	na	na	na	na	na	0	na	0	na	na	0	na
sfx_leech_idle	1	0	0	0	0	na	na	na	na	na	na	na	na	na	na	na	na	na	na	na	0	na	na	na	na	na	na	na	0	na	na	na	na	na	na	0	na	0	na	na	0	na
sfx_lootspawn	1	0	0	0	0	na	na	na	na	na	na	na	na	na	na	na	na	na	na	na	0	na	na	na	na	na	na	na	0	na	na	na	na	na	na	0	na	0	na	na	0	na
sfx_lox_alerted	1	0	0	0	0	na	na	na	na	na	na	na	na	na	na	na	na	na	na	na	0	na	na	na	na	na	na	na	0	na	na	na	na	na	na	0	na	0	na	na	0	na
sfx_lox_attack_bite	1	0	0	0	0	na	na	na	na	na	na	na	na	na	na	na	na	na	na	na	0	na	na	na	na	na	na	na	0	na	na	na	na	na	na	0	na	0	na	na	0	na
sfx_lox_attack_stomp	1	0	0	0	0	na	na	na	na	na	na	na	na	na	na	na	na	na	na	na	0	na	na	na	na	na	na	na	0	na	na	na	na	na	na	0	na	0	na	na	0	na
sfx_lox_shout	1	0	0	0	0	na	na	na	na	na	na	na	na	na	na	na	na	na	na	na	0	na	na	na	na	na	na	na	0	na	na	na	na	na	na	0	na	0	na	na	0	na
sfx_loxcalf_alerted	1	0	0	0	0	na	na	na	na	na	na	na	na	na	na	na	na	na	na	na	0	na	na	na	na	na	na	na	0	na	na	na	na	na	na	0	na	0	na	na	0	na
sfx_malicious_ice_break	1	0	0	0	0	na	na	na	na	na	na	na	na	na	na	na	na	na	na	na	0	na	na	na	na	na	na	na	0	na	na	na	na	na	na	0	na	0	na	na	0	na
sfx_MeadBurp	1	0	0	0	0	na	na	na	na	na	na	na	na	na	na	na	na	na	na	na	0	na	na	na	na	na	na	na	0	na	na	na	na	na	na	0	na	0	na	na	0	na
sfx_metal_blocked	1	0	0	0	0	na	na	na	na	na	na	na	na	na	na	na	na	na	na	na	0	na	na	na	na	na	na	na	0	na	na	na	na	na	na	0	na	0	na	na	0	na
sfx_metal_blocked_overlay	1	0	0	0	0	na	na	na	na	na	na	na	na	na	na	na	na	na	na	na	0	na	na	na	na	na	na	na	0	na	na	na	na	na	na	0	na	0	na	na	0	na
sfx_metal_shield_blocked	1	0	0	0	0	na	na	na	na	na	na	na	na	na	na	na	na	na	na	na	0	na	na	na	na	na	na	na	0	na	na	na	na	na	na	0	na	0	na	na	0	na
sfx_metal_shield_blocked_overlay	1	0	0	0	0	na	na	na	na	na	na	na	na	na	na	na	na	na	na	na	0	na	na	na	na	na	na	na	0	na	na	na	na	na	na	0	na	0	na	na	0	na
sfx_metalbars_break	1	0	0	0	0	na	na	na	na	na	na	na	na	na	na	na	na	na	na	na	0	na	na	na	na	na	na	na	0	na	na	na	na	na	na	0	na	0	na	na	0	na
sfx_metalbars_hit	1	0	0	0	0	na	na	na	na	na	na	na	na	na	na	na	na	na	na	na	0	na	na	na	na	na	na	na	0	na	na	na	na	na	na	0	na	0	na	na	0	na
sfx_mill_add	1	0	0	0	0	na	na	na	na	na	na	na	na	na	na	na	na	na	na	na	0	na	na	na	na	na	na	na	0	na	na	na	na	na	na	0	na	0	na	na	0	na
sfx_mill_produce	1	0	0	0	0	na	na	na	na	na	na	na	na	na	na	na	na	na	na	na	0	na	na	na	na	na	na	na	0	na	na	na	na	na	na	0	na	0	na	na	0	na
sfx_moleman_alert	1	0	0	0	0	na	na	na	na	na	na	na	na	na	na	na	na	na	na	na	0	na	na	na	na	na	na	na	0	na	na	na	na	na	na	0	na	0	na	na	0	na
sfx_moleman_attack	1	0	0	0	0	na	na	na	na	na	na	na	na	na	na	na	na	na	na	na	0	na	na	na	na	na	na	na	0	na	na	na	na	na	na	0	na	0	na	na	0	na
sfx_moleman_death	1	0	0	0	0	na	na	na	na	na	na	na	na	na	na	na	na	na	na	na	0	na	na	na	na	na	na	na	0	na	na	na	na	na	na	0	na	0	na	na	0	na
sfx_moleman_footsteps	1	0	0	0	0	na	na	na	na	na	na	na	na	na	na	na	na	na	na	na	0	na	na	na	na	na	na	na	0	na	na	na	na	na	na	0	na	0	na	na	0	na
sfx_moleman_hurt	1	0	0	0	0	na	na	na	na	na	na	na	na	na	na	na	na	na	na	na	0	na	na	na	na	na	na	na	0	na	na	na	na	na	na	0	na	0	na	na	0	na
sfx_moleman_idle	1	0	0	0	0	na	na	na	na	na	na	na	na	na	na	na	na	na	na	na	0	na	na	na	na	na	na	na	0	na	na	na	na	na	na	0	na	0	na	na	0	na
sfx_moleman_spawn	1	0	0	0	0	na	na	na	na	na	na	na	na	na	na	na	na	na	na	na	0	na	na	na	na	na	na	na	0	na	na	na	na	na	na	0	na	0	na	na	0	na
sfx_moleman_stonedust	1	0	0	0	0	na	na	na	na	na	na	na	na	na	na	na	na	na	na	na	0	na	na	na	na	na	na	na	0	na	na	na	na	na	na	0	na	0	na	na	0	na
sfx_moose_alert	1	0	0	0	0	na	na	na	na	na	na	na	na	na	na	na	na	na	na	na	0	na	na	na	na	na	na	na	0	na	na	na	na	na	na	0	na	0	na	na	0	na
sfx_moose_attack_melee	1	0	0	0	0	na	na	na	na	na	na	na	na	na	na	na	na	na	na	na	0	na	na	na	na	na	na	na	0	na	na	na	na	na	na	0	na	0	na	na	0	na
sfx_moose_attack_melee_hit	1	0	0	0	0	na	na	na	na	na	na	na	na	na	na	na	na	na	na	na	0	na	na	na	na	na	na	na	0	na	na	na	na	na	na	0	na	0	na	na	0	na
sfx_moose_attack_melee_movement	1	0	0	0	0	na	na	na	na	na	na	na	na	na	na	na	na	na	na	na	0	na	na	na	na	na	na	na	0	na	na	na	na	na	na	0	na	0	na	na	0	na
sfx_moose_attack_melee_whoosh	1	0	0	0	0	na	na	na	na	na	na	na	na	na	na	na	na	na	na	na	0	na	na	na	na	na	na	na	0	na	na	na	na	na	na	0	na	0	na	na	0	na
sfx_moose_calf_verse	1	0	0	0	0	na	na	na	na	na	na	na	na	na	na	na	na	na	na	na	0	na	na	na	na	na	na	na	0	na	na	na	na	na	na	0	na	0	na	na	0	na
sfx_moose_death	1	0	0	0	0	na	na	na	na	na	na	na	na	na	na	na	na	na	na	na	0	na	na	na	na	na	na	na	0	na	na	na	na	na	na	0	na	0	na	na	0	na
sfx_moose_death_explode	1	0	0	0	0	na	na	na	na	na	na	na	na	na	na	na	na	na	na	na	0	na	na	na	na	na	na	na	0	na	na	na	na	na	na	0	na	0	na	na	0	na
sfx_moose_hurt	1	0	0	0	0	na	na	na	na	na	na	na	na	na	na	na	na	na	na	na	0	na	na	na	na	na	na	na	0	na	na	na	na	na	na	0	na	0	na	na	0	na
sfx_moose_idle	1	0	0	0	0	na	na	na	na	na	na	na	na	na	na	na	na	na	na	na	0	na	na	na	na	na	na	na	0	na	na	na	na	na	na	0	na	0	na	na	0	na
sfx_morgen_alert	1	0	0	0	0	na	na	na	na	na	na	na	na	na	na	na	na	na	na	na	0	na	na	na	na	na	na	na	0	na	na	na	na	na	na	0	na	0	na	na	0	na
sfx_morgen_attack	1	0	0	0	0	na	na	na	na	na	na	na	na	na	na	na	na	na	na	na	0	na	na	na	na	na	na	na	0	na	na	na	na	na	na	0	na	0	na	na	0	na
sfx_morgen_death	1	0	0	0	0	na	na	na	na	na	na	na	na	na	na	na	na	na	na	na	0	na	na	na	na	na	na	na	0	na	na	na	na	na	na	0	na	0	na	na	0	na
sfx_morgen_idle	1	0	0	0	0	na	na	na	na	na	na	na	na	na	na	na	na	na	na	na	0	na	na	na	na	na	na	na	0	na	na	na	na	na	na	0	na	0	na	na	0	na
sfx_morgen_roll_jump	1	0	0	0	0	na	na	na	na	na	na	na	na	na	na	na	na	na	na	na	0	na	na	na	na	na	na	na	0	na	na	na	na	na	na	0	na	0	na	na	0	na
sfx_morgen_roll_land	1	0	0	0	0	na	na	na	na	na	na	na	na	na	na	na	na	na	na	na	0	na	na	na	na	na	na	na	0	na	na	na	na	na	na	0	na	0	na	na	0	na
sfx_morgen_slap	1	0	0	0	0	na	na	na	na	na	na	na	na	na	na	na	na	na	na	na	0	na	na	na	na	na	na	na	0	na	na	na	na	na	na	0	na	0	na	na	0	na
sfx_morgen_slap_delayed	1	0	0	0	0	na	na	na	na	na	na	na	na	na	na	na	na	na	na	na	0	na	na	na	na	na	na	na	0	na	na	na	na	na	na	0	na	0	na	na	0	na
sfx_morgen_spawn	1	0	0	0	0	na	na	na	na	na	na	na	na	na	na	na	na	na	na	na	0	na	na	na	na	na	na	na	0	na	na	na	na	na	na	0	na	0	na	na	0	na
sfx_morkhalla_gate_open_end	1	0	0	0	0	na	na	na	na	na	na	na	na	na	na	na	na	na	na	na	0	na	na	na	na	na	na	na	0	na	na	na	na	na	na	0	na	0	na	na	0	na
sfx_morkhalla_gate_open_start	1	0	0	0	0	na	na	na	na	na	na	na	na	na	na	na	na	na	na	na	0	na	na	na	na	na	na	na	0	na	na	na	na	na	na	0	na	0	na	na	0	na
sfx_morkhalla_gate_slide	1	0	0	0	0	na	na	na	na	na	na	na	na	na	na	na	na	na	na	na	0	na	na	na	na	na	na	na	0	na	na	na	na	na	na	0	na	0	na	na	0	na
sfx_MudDestroyed	1	0	0	0	0	na	na	na	na	na	na	na	na	na	na	na	na	na	na	na	0	na	na	na	na	na	na	na	0	na	na	na	na	na	na	0	na	0	na	na	0	na
sfx_MudHit	1	0	0	0	0	na	na	na	na	na	na	na	na	na	na	na	na	na	na	na	0	na	na	na	na	na	na	na	0	na	na	na	na	na	na	0	na	0	na	na	0	na
sfx_neck_alerted	1	0	0	0	0	na	na	na	na	na	na	na	na	na	na	na	na	na	na	na	0	na	na	na	na	na	na	na	0	na	na	na	na	na	na	0	na	0	na	na	0	na
sfx_neck_attack	1	0	0	0	0	na	na	na	na	na	na	na	na	na	na	na	na	na	na	na	0	na	na	na	na	na	na	na	0	na	na	na	na	na	na	0	na	0	na	na	0	na
sfx_neck_attack_hit	1	0	0	0	0	na	na	na	na	na	na	na	na	na	na	na	na	na	na	na	0	na	na	na	na	na	na	na	0	na	na	na	na	na	na	0	na	0	na	na	0	na
sfx_neck_death	1	0	0	0	0	na	na	na	na	na	na	na	na	na	na	na	na	na	na	na	0	na	na	na	na	na	na	na	0	na	na	na	na	na	na	0	na	0	na	na	0	na
sfx_neck_hit	1	0	0	0	0	na	na	na	na	na	na	na	na	na	na	na	na	na	na	na	0	na	na	na	na	na	na	na	0	na	na	na	na	na	na	0	na	0	na	na	0	na
sfx_neck_idle	1	0	0	0	0	na	na	na	na	na	na	na	na	na	na	na	na	na	na	na	0	na	na	na	na	na	na	na	0	na	na	na	na	na	na	0	na	0	na	na	0	na
sfx_obliterator_close	1	0	0	0	0	na	na	na	na	na	na	na	na	na	na	na	na	na	na	na	0	na	na	na	na	na	na	na	0	na	na	na	na	na	na	0	na	0	na	na	0	na
sfx_obliterator_open	1	0	0	0	0	na	na	na	na	na	na	na	na	na	na	na	na	na	na	na	0	na	na	na	na	na	na	na	0	na	na	na	na	na	na	0	na	0	na	na	0	na
sfx_offering	1	0	0	0	0	na	na	na	na	na	na	na	na	na	na	na	na	na	na	na	0	na	na	na	na	na	na	na	0	na	na	na	na	na	na	0	na	0	na	na	0	na
sfx_oozebomb_explode	1	0	0	0	0	na	na	na	na	na	na	na	na	na	na	na	na	na	na	na	0	na	na	na	na	na	na	na	0	na	na	na	na	na	na	0	na	0	na	na	0	na
sfx_OpenPortal	1	0	0	0	0	na	na	na	na	na	na	na	na	na	na	na	na	na	na	na	0	na	na	na	na	na	na	na	0	na	na	na	na	na	na	0	na	0	na	na	0	na
sfx_oven_burnt	1	0	0	0	0	na	na	na	na	na	na	na	na	na	na	na	na	na	na	na	0	na	na	na	na	na	na	na	0	na	na	na	na	na	na	0	na	0	na	na	0	na
sfx_oven_done	1	0	0	0	0	na	na	na	na	na	na	na	na	na	na	na	na	na	na	na	0	na	na	na	na	na	na	na	0	na	na	na	na	na	na	0	na	0	na	na	0	na
sfx_oven_take	1	0	0	0	0	na	na	na	na	na	na	na	na	na	na	na	na	na	na	na	0	na	na	na	na	na	na	na	0	na	na	na	na	na	na	0	na	0	na	na	0	na
sfx_perfect_dodge	1	0	0	0	0	na	na	na	na	na	na	na	na	na	na	na	na	na	na	na	0	na	na	na	na	na	na	na	0	na	na	na	na	na	na	0	na	0	na	na	0	na
sfx_perfectblock	1	0	0	0	0	na	na	na	na	na	na	na	na	na	na	na	na	na	na	na	0	na	na	na	na	na	na	na	0	na	na	na	na	na	na	0	na	0	na	na	0	na
sfx_pickable_pick	1	0	0	0	0	na	na	na	na	na	na	na	na	na	na	na	na	na	na	na	0	na	na	na	na	na	na	na	0	na	na	na	na	na	na	0	na	0	na	na	0	na
sfx_pickaxe_hit	1	0	0	0	0	na	na	na	na	na	na	na	na	na	na	na	na	na	na	na	0	na	na	na	na	na	na	na	0	na	na	na	na	na	na	0	na	0	na	na	0	na
sfx_pickaxe_hit_vibration_only	1	0	0	0	0	na	na	na	na	na	na	na	na	na	na	na	na	na	na	na	0	na	na	na	na	na	na	na	0	na	na	na	na	na	na	0	na	0	na	na	0	na
sfx_pickaxe_swing	1	0	0	0	0	na	na	na	na	na	na	na	na	na	na	na	na	na	na	na	0	na	na	na	na	na	na	na	0	na	na	na	na	na	na	0	na	0	na	na	0	na
sfx_Poison_Start	1	0	0	0	0	na	na	na	na	na	na	na	na	na	na	na	na	na	na	na	0	na	na	na	na	na	na	na	0	na	na	na	na	na	na	0	na	0	na	na	0	na
sfx_Potion_eitr_minor	1	0	0	0	0	na	na	na	na	na	na	na	na	na	na	na	na	na	na	na	0	na	na	na	na	na	na	na	0	na	na	na	na	na	na	0	na	0	na	na	0	na
sfx_Potion_fireresist_Start	1	0	0	0	0	na	na	na	na	na	na	na	na	na	na	na	na	na	na	na	0	na	na	na	na	na	na	na	0	na	na	na	na	na	na	0	na	0	na	na	0	na
sfx_Potion_frostresist_Start	1	0	0	0	0	na	na	na	na	na	na	na	na	na	na	na	na	na	na	na	0	na	na	na	na	na	na	na	0	na	na	na	na	na	na	0	na	0	na	na	0	na
sfx_Potion_health_large	1	0	0	0	0	na	na	na	na	na	na	na	na	na	na	na	na	na	na	na	0	na	na	na	na	na	na	na	0	na	na	na	na	na	na	0	na	0	na	na	0	na
sfx_Potion_health_medium	1	0	0	0	0	na	na	na	na	na	na	na	na	na	na	na	na	na	na	na	0	na	na	na	na	na	na	na	0	na	na	na	na	na	na	0	na	0	na	na	0	na
sfx_Potion_health_minor	1	0	0	0	0	na	na	na	na	na	na	na	na	na	na	na	na	na	na	na	0	na	na	na	na	na	na	na	0	na	na	na	na	na	na	0	na	0	na	na	0	na
sfx_Potion_health_Start	1	0	0	0	0	na	na	na	na	na	na	na	na	na	na	na	na	na	na	na	0	na	na	na	na	na	na	na	0	na	na	na	na	na	na	0	na	0	na	na	0	na
sfx_Potion_stamina_Start	1	0	0	0	0	na	na	na	na	na	na	na	na	na	na	na	na	na	na	na	0	na	na	na	na	na	na	na	0	na	na	na	na	na	na	0	na	0	na	na	0	na
sfx_Potion_stamina_Start_lingering	1	0	0	0	0	na	na	na	na	na	na	na	na	na	na	na	na	na	na	na	0	na	na	na	na	na	na	na	0	na	na	na	na	na	na	0	na	0	na	na	0	na
sfx_Potion_stamina_Start_medium	1	0	0	0	0	na	na	na	na	na	na	na	na	na	na	na	na	na	na	na	0	na	na	na	na	na	na	na	0	na	na	na	na	na	na	0	na	0	na	na	0	na
sfx_prespawn	1	0	0	0	0	na	na	na	na	na	na	na	na	na	na	na	na	na	na	na	0	na	na	na	na	na	na	na	0	na	na	na	na	na	na	0	na	0	na	na	0	na
sfx_prespawn_fader	1	0	0	0	0	na	na	na	na	na	na	na	na	na	na	na	na	na	na	na	0	na	na	na	na	na	na	na	0	na	na	na	na	na	na	0	na	0	na	na	0	na
sfx_prespawn_fader_vibration_only	1	0	0	0	0	na	na	na	na	na	na	na	na	na	na	na	na	na	na	na	0	na	na	na	na	na	na	na	0	na	na	na	na	na	na	0	na	0	na	na	0	na
sfx_prespawn_vibration_only	1	0	0	0	0	na	na	na	na	na	na	na	na	na	na	na	na	na	na	na	0	na	na	na	na	na	na	na	0	na	na	na	na	na	na	0	na	0	na	na	0	na
sfx_prespawnLastBossGate	1	0	0	0	0	na	na	na	na	na	na	na	na	na	na	na	na	na	na	na	0	na	na	na	na	na	na	na	0	na	na	na	na	na	na	0	na	0	na	na	0	na
sfx_ProjectileHit	1	0	0	0	0	na	na	na	na	na	na	na	na	na	na	na	na	na	na	na	0	na	na	na	na	na	na	na	0	na	na	na	na	na	na	0	na	0	na	na	0	na
sfx_Puke_female	1	0	0	0	0	na	na	na	na	na	na	na	na	na	na	na	na	na	na	na	0	na	na	na	na	na	na	na	0	na	na	na	na	na	na	0	na	0	na	na	0	na
sfx_Puke_male	1	0	0	0	0	na	na	na	na	na	na	na	na	na	na	na	na	na	na	na	0	na	na	na	na	na	na	na	0	na	na	na	na	na	na	0	na	0	na	na	0	na
sfx_reload_done	1	0	0	0	0	na	na	na	na	na	na	na	na	na	na	na	na	na	na	na	0	na	na	na	na	na	na	na	0	na	na	na	na	na	na	0	na	0	na	na	0	na
sfx_reload_dverger_done	1	0	0	0	0	na	na	na	na	na	na	na	na	na	na	na	na	na	na	na	0	na	na	na	na	na	na	na	0	na	na	na	na	na	na	0	na	0	na	na	0	na
sfx_reload_dverger_start	1	0	0	0	0	na	na	na	na	na	na	na	na	na	na	na	na	na	na	na	0	na	na	na	na	na	na	na	0	na	na	na	na	na	na	0	na	0	na	na	0	na
sfx_reload_start	1	0	0	0	0	na	na	na	na	na	na	na	na	na	na	na	na	na	na	na	0	na	na	na	na	na	na	na	0	na	na	na	na	na	na	0	na	0	na	na	0	na
sfx_rock_destroyed	1	0	0	0	0	na	na	na	na	na	na	na	na	na	na	na	na	na	na	na	0	na	na	na	na	na	na	na	0	na	na	na	na	na	na	0	na	0	na	na	0	na
sfx_rock_hit	1	0	0	0	0	na	na	na	na	na	na	na	na	na	na	na	na	na	na	na	0	na	na	na	na	na	na	na	0	na	na	na	na	na	na	0	na	0	na	na	0	na
sfx_rock_wall_crumble	1	0	0	0	0	na	na	na	na	na	na	na	na	na	na	na	na	na	na	na	0	na	na	na	na	na	na	na	0	na	na	na	na	na	na	0	na	0	na	na	0	na
sfx_rooster_idle	1	0	0	0	0	na	na	na	na	na	na	na	na	na	na	na	na	na	na	na	0	na	na	na	na	na	na	na	0	na	na	na	na	na	na	0	na	0	na	na	0	na
sfx_seal_alert	1	0	0	0	0	na	na	na	na	na	na	na	na	na	na	na	na	na	na	na	0	na	na	na	na	na	na	na	0	na	na	na	na	na	na	0	na	0	na	na	0	na
sfx_seal_death	1	0	0	0	0	na	na	na	na	na	na	na	na	na	na	na	na	na	na	na	0	na	na	na	na	na	na	na	0	na	na	na	na	na	na	0	na	0	na	na	0	na
sfx_seal_idle	1	0	0	0	0	na	na	na	na	na	na	na	na	na	na	na	na	na	na	na	0	na	na	na	na	na	na	na	0	na	na	na	na	na	na	0	na	0	na	na	0	na
sfx_secretfound	1	0	0	0	0	na	na	na	na	na	na	na	na	na	na	na	na	na	na	na	0	na	na	na	na	na	na	na	0	na	na	na	na	na	na	0	na	0	na	na	0	na
sfx_serpent_alerted	1	0	0	0	0	na	na	na	na	na	na	na	na	na	na	na	na	na	na	na	0	na	na	na	na	na	na	na	0	na	na	na	na	na	na	0	na	0	na	na	0	na
sfx_serpent_attack	1	0	0	0	0	na	na	na	na	na	na	na	na	na	na	na	na	na	na	na	0	na	na	na	na	na	na	na	0	na	na	na	na	na	na	0	na	0	na	na	0	na
sfx_serpent_attack_hit	1	0	0	0	0	na	na	na	na	na	na	na	na	na	na	na	na	na	na	na	0	na	na	na	na	na	na	na	0	na	na	na	na	na	na	0	na	0	na	na	0	na
sfx_serpent_attack_trigger	1	0	0	0	0	na	na	na	na	na	na	na	na	na	na	na	na	na	na	na	0	na	na	na	na	na	na	na	0	na	na	na	na	na	na	0	na	0	na	na	0	na
sfx_serpent_death	1	0	0	0	0	na	na	na	na	na	na	na	na	na	na	na	na	na	na	na	0	na	na	na	na	na	na	na	0	na	na	na	na	na	na	0	na	0	na	na	0	na
sfx_serpent_hurt	1	0	0	0	0	na	na	na	na	na	na	na	na	na	na	na	na	na	na	na	0	na	na	na	na	na	na	na	0	na	na	na	na	na	na	0	na	0	na	na	0	na
sfx_serpent_idle	1	0	0	0	0	na	na	na	na	na	na	na	na	na	na	na	na	na	na	na	0	na	na	na	na	na	na	na	0	na	na	na	na	na	na	0	na	0	na	na	0	na
sfx_serpent_taunt	1	0	0	0	0	na	na	na	na	na	na	na	na	na	na	na	na	na	na	na	0	na	na	na	na	na	na	na	0	na	na	na	na	na	na	0	na	0	na	na	0	na
sfx_shieldgenerator_hit	1	0	0	0	0	na	na	na	na	na	na	na	na	na	na	na	na	na	na	na	0	na	na	na	na	na	na	na	0	na	na	na	na	na	na	0	na	0	na	na	0	na
sfx_shieldgenerator_refuel	1	0	0	0	0	na	na	na	na	na	na	na	na	na	na	na	na	na	na	na	0	na	na	na	na	na	na	na	0	na	na	na	na	na	na	0	na	0	na	na	0	na
sfx_shieldgenerator_shutdown	1	0	0	0	0	na	na	na	na	na	na	na	na	na	na	na	na	na	na	na	0	na	na	na	na	na	na	na	0	na	na	na	na	na	na	0	na	0	na	na	0	na
sfx_shieldgenerator_startup	1	0	0	0	0	na	na	na	na	na	na	na	na	na	na	na	na	na	na	na	0	na	na	na	na	na	na	na	0	na	na	na	na	na	na	0	na	0	na	na	0	na
sfx_ship_destroyed	1	0	0	0	0	na	na	na	na	na	na	na	na	na	na	na	na	na	na	na	0	na	na	na	na	na	na	na	0	na	na	na	na	na	na	0	na	0	na	na	0	na
sfx_ship_impact	1	0	0	0	0	na	na	na	na	na	na	na	na	na	na	na	na	na	na	na	0	na	na	na	na	na	na	na	0	na	na	na	na	na	na	0	na	0	na	na	0	na
sfx_ship_sailposition_change_vibration_only	1	0	0	0	0	na	na	na	na	na	na	na	na	na	na	na	na	na	na	na	0	na	na	na	na	na	na	na	0	na	na	na	na	na	na	0	na	0	na	na	0	na
sfx_silvermace_hit	1	0	0	0	0	na	na	na	na	na	na	na	na	na	na	na	na	na	na	na	0	na	na	na	na	na	na	na	0	na	na	na	na	na	na	0	na	0	na	na	0	na
sfx_skeleton_alerted	1	0	0	0	0	na	na	na	na	na	na	na	na	na	na	na	na	na	na	na	0	na	na	na	na	na	na	na	0	na	na	na	na	na	na	0	na	0	na	na	0	na
sfx_skeleton_attack	1	0	0	0	0	na	na	na	na	na	na	na	na	na	na	na	na	na	na	na	0	na	na	na	na	na	na	na	0	na	na	na	na	na	na	0	na	0	na	na	0	na
sfx_skeleton_basic_attack_melee	1	0	0	0	0	na	na	na	na	na	na	na	na	na	na	na	na	na	na	na	0	na	na	na	na	na	na	na	0	na	na	na	na	na	na	0	na	0	na	na	0	na
sfx_skeleton_basic_death	1	0	0	0	0	na	na	na	na	na	na	na	na	na	na	na	na	na	na	na	0	na	na	na	na	na	na	na	0	na	na	na	na	na	na	0	na	0	na	na	0	na
sfx_skeleton_basic_verse_attack	1	0	0	0	0	na	na	na	na	na	na	na	na	na	na	na	na	na	na	na	0	na	na	na	na	na	na	na	0	na	na	na	na	na	na	0	na	0	na	na	0	na
sfx_skeleton_basic_verse_idle	1	0	0	0	0	na	na	na	na	na	na	na	na	na	na	na	na	na	na	na	0	na	na	na	na	na	na	na	0	na	na	na	na	na	na	0	na	0	na	na	0	na
sfx_skeleton_big_alerted	1	0	0	0	0	na	na	na	na	na	na	na	na	na	na	na	na	na	na	na	0	na	na	na	na	na	na	na	0	na	na	na	na	na	na	0	na	0	na	na	0	na
sfx_skeleton_big_death	1	0	0	0	0	na	na	na	na	na	na	na	na	na	na	na	na	na	na	na	0	na	na	na	na	na	na	na	0	na	na	na	na	na	na	0	na	0	na	na	0	na
sfx_skeleton_death	1	0	0	0	0	na	na	na	na	na	na	na	na	na	na	na	na	na	na	na	0	na	na	na	na	na	na	na	0	na	na	na	na	na	na	0	na	0	na	na	0	na
sfx_skeleton_frozen_attack_melee	1	0	0	0	0	na	na	na	na	na	na	na	na	na	na	na	na	na	na	na	0	na	na	na	na	na	na	na	0	na	na	na	na	na	na	0	na	0	na	na	0	na
sfx_skeleton_frozen_death	1	0	0	0	0	na	na	na	na	na	na	na	na	na	na	na	na	na	na	na	0	na	na	na	na	na	na	na	0	na	na	na	na	na	na	0	na	0	na	na	0	na
sfx_skeleton_frozen_verse_attack	1	0	0	0	0	na	na	na	na	na	na	na	na	na	na	na	na	na	na	na	0	na	na	na	na	na	na	na	0	na	na	na	na	na	na	0	na	0	na	na	0	na
sfx_skeleton_frozen_verse_idle	1	0	0	0	0	na	na	na	na	na	na	na	na	na	na	na	na	na	na	na	0	na	na	na	na	na	na	na	0	na	na	na	na	na	na	0	na	0	na	na	0	na
sfx_skeleton_hildir_attack_melee	1	0	0	0	0	na	na	na	na	na	na	na	na	na	na	na	na	na	na	na	0	na	na	na	na	na	na	na	0	na	na	na	na	na	na	0	na	0	na	na	0	na
sfx_skeleton_hildir_attack_skill	1	0	0	0	0	na	na	na	na	na	na	na	na	na	na	na	na	na	na	na	0	na	na	na	na	na	na	na	0	na	na	na	na	na	na	0	na	0	na	na	0	na
sfx_skeleton_hildir_death	1	0	0	0	0	na	na	na	na	na	na	na	na	na	na	na	na	na	na	na	0	na	na	na	na	na	na	na	0	na	na	na	na	na	na	0	na	0	na	na	0	na
sfx_skeleton_hildir_verse_attack	1	0	0	0	0	na	na	na	na	na	na	na	na	na	na	na	na	na	na	na	0	na	na	na	na	na	na	na	0	na	na	na	na	na	na	0	na	0	na	na	0	na
sfx_skeleton_hildir_verse_idle	1	0	0	0	0	na	na	na	na	na	na	na	na	na	na	na	na	na	na	na	0	na	na	na	na	na	na	na	0	na	na	na	na	na	na	0	na	0	na	na	0	na
sfx_skeleton_hit	1	0	0	0	0	na	na	na	na	na	na	na	na	na	na	na	na	na	na	na	0	na	na	na	na	na	na	na	0	na	na	na	na	na	na	0	na	0	na	na	0	na
sfx_skeleton_idle	1	0	0	0	0	na	na	na	na	na	na	na	na	na	na	na	na	na	na	na	0	na	na	na	na	na	na	na	0	na	na	na	na	na	na	0	na	0	na	na	0	na
sfx_skeleton_mace_hit	1	0	0	0	0	na	na	na	na	na	na	na	na	na	na	na	na	na	na	na	0	na	na	na	na	na	na	na	0	na	na	na	na	na	na	0	na	0	na	na	0	na
sfx_skeleton_poison_attack_melee	1	0	0	0	0	na	na	na	na	na	na	na	na	na	na	na	na	na	na	na	0	na	na	na	na	na	na	na	0	na	na	na	na	na	na	0	na	0	na	na	0	na
sfx_skeleton_poison_death	1	0	0	0	0	na	na	na	na	na	na	na	na	na	na	na	na	na	na	na	0	na	na	na	na	na	na	na	0	na	na	na	na	na	na	0	na	0	na	na	0	na
sfx_skeleton_poison_verse_attack	1	0	0	0	0	na	na	na	na	na	na	na	na	na	na	na	na	na	na	na	0	na	na	na	na	na	na	na	0	na	na	na	na	na	na	0	na	0	na	na	0	na
sfx_skeleton_poison_verse_idle	1	0	0	0	0	na	na	na	na	na	na	na	na	na	na	na	na	na	na	na	0	na	na	na	na	na	na	na	0	na	na	na	na	na	na	0	na	0	na	na	0	na
sfx_skeleton_rise	1	0	0	0	0	na	na	na	na	na	na	na	na	na	na	na	na	na	na	na	0	na	na	na	na	na	na	na	0	na	na	na	na	na	na	0	na	0	na	na	0	na
sfx_skeleton_swamp_attack_melee	1	0	0	0	0	na	na	na	na	na	na	na	na	na	na	na	na	na	na	na	0	na	na	na	na	na	na	na	0	na	na	na	na	na	na	0	na	0	na	na	0	na
sfx_skeleton_swamp_death	1	0	0	0	0	na	na	na	na	na	na	na	na	na	na	na	na	na	na	na	0	na	na	na	na	na	na	na	0	na	na	na	na	na	na	0	na	0	na	na	0	na
sfx_skeleton_swamp_verse_attack	1	0	0	0	0	na	na	na	na	na	na	na	na	na	na	na	na	na	na	na	0	na	na	na	na	na	na	na	0	na	na	na	na	na	na	0	na	0	na	na	0	na
sfx_skeleton_swamp_verse_idle	1	0	0	0	0	na	na	na	na	na	na	na	na	na	na	na	na	na	na	na	0	na	na	na	na	na	na	na	0	na	na	na	na	na	na	0	na	0	na	na	0	na
sfx_skull_summon_skeleton	1	0	0	0	0	na	na	na	na	na	na	na	na	na	na	na	na	na	na	na	0	na	na	na	na	na	na	na	0	na	na	na	na	na	na	0	na	0	na	na	0	na
sfx_sledge_hit	1	0	0	0	0	na	na	na	na	na	na	na	na	na	na	na	na	na	na	na	0	na	na	na	na	na	na	na	0	na	na	na	na	na	na	0	na	0	na	na	0	na
sfx_sledge_iron_hit	1	0	0	0	0	na	na	na	na	na	na	na	na	na	na	na	na	na	na	na	0	na	na	na	na	na	na	na	0	na	na	na	na	na	na	0	na	0	na	na	0	na
sfx_sledge_swing	1	0	0	0	0	na	na	na	na	na	na	na	na	na	na	na	na	na	na	na	0	na	na	na	na	na	na	na	0	na	na	na	na	na	na	0	na	0	na	na	0	na
sfx_smelter_add	1	0	0	0	0	na	na	na	na	na	na	na	na	na	na	na	na	na	na	na	0	na	na	na	na	na	na	na	0	na	na	na	na	na	na	0	na	0	na	na	0	na
sfx_smelter_produce	1	0	0	0	0	na	na	na	na	na	na	na	na	na	na	na	na	na	na	na	0	na	na	na	na	na	na	na	0	na	na	na	na	na	na	0	na	0	na	na	0	na
sfx_snow_hit_debris	1	0	0	0	0	na	na	na	na	na	na	na	na	na	na	na	na	na	na	na	0	na	na	na	na	na	na	na	0	na	na	na	na	na	na	0	na	0	na	na	0	na
sfx_snow_hit_transient	1	0	0	0	0	na	na	na	na	na	na	na	na	na	na	na	na	na	na	na	0	na	na	na	na	na	na	na	0	na	na	na	na	na	na	0	na	0	na	na	0	na
sfx_spawn	1	0	0	0	0	na	na	na	na	na	na	na	na	na	na	na	na	na	na	na	0	na	na	na	na	na	na	na	0	na	na	na	na	na	na	0	na	0	na	na	0	na
sfx_spawn_vibration_only	1	0	0	0	0	na	na	na	na	na	na	na	na	na	na	na	na	na	na	na	0	na	na	na	na	na	na	na	0	na	na	na	na	na	na	0	na	0	na	na	0	na
sfx_spear_flint_hit	1	0	0	0	0	na	na	na	na	na	na	na	na	na	na	na	na	na	na	na	0	na	na	na	na	na	na	na	0	na	na	na	na	na	na	0	na	0	na	na	0	na
sfx_spear_hit	1	0	0	0	0	na	na	na	na	na	na	na	na	na	na	na	na	na	na	na	0	na	na	na	na	na	na	na	0	na	na	na	na	na	na	0	na	0	na	na	0	na
sfx_spear_poke	1	0	0	0	0	na	na	na	na	na	na	na	na	na	na	na	na	na	na	na	0	na	na	na	na	na	na	na	0	na	na	na	na	na	na	0	na	0	na	na	0	na
sfx_spear_throw	1	0	0	0	0	na	na	na	na	na	na	na	na	na	na	na	na	na	na	na	0	na	na	na	na	na	na	na	0	na	na	na	na	na	na	0	na	0	na	na	0	na
sfx_staff_elder_burst	1	0	0	0	0	na	na	na	na	na	na	na	na	na	na	na	na	na	na	na	0	na	na	na	na	na	na	na	0	na	na	na	na	na	na	0	na	0	na	na	0	na
sfx_staff_elder_cast	1	0	0	0	0	na	na	na	na	na	na	na	na	na	na	na	na	na	na	na	0	na	na	na	na	na	na	na	0	na	na	na	na	na	na	0	na	0	na	na	0	na
sfx_staff_elder_grow	1	0	0	0	0	na	na	na	na	na	na	na	na	na	na	na	na	na	na	na	0	na	na	na	na	na	na	na	0	na	na	na	na	na	na	0	na	0	na	na	0	na
sfx_staff_elder_root_hit	1	0	0	0	0	na	na	na	na	na	na	na	na	na	na	na	na	na	na	na	0	na	na	na	na	na	na	na	0	na	na	na	na	na	na	0	na	0	na	na	0	na
sfx_staff_elder_root_swing	1	0	0	0	0	na	na	na	na	na	na	na	na	na	na	na	na	na	na	na	0	na	na	na	na	na	na	na	0	na	na	na	na	na	na	0	na	0	na	na	0	na
sfx_staff_grenade_cast	1	0	0	0	0	na	na	na	na	na	na	na	na	na	na	na	na	na	na	na	0	na	na	na	na	na	na	na	0	na	na	na	na	na	na	0	na	0	na	na	0	na
sfx_staff_lightning_charge	1	0	0	0	0	na	na	na	na	na	na	na	na	na	na	na	na	na	na	na	0	na	na	na	na	na	na	na	0	na	na	na	na	na	na	0	na	0	na	na	0	na
sfx_staff_lightning_fire	1	0	0	0	0	na	na	na	na	na	na	na	na	na	na	na	na	na	na	na	0	na	na	na	na	na	na	na	0	na	na	na	na	na	na	0	na	0	na	na	0	na
sfx_staff_trollstav_troll_impact	1	0	0	0	0	na	na	na	na	na	na	na	na	na	na	na	na	na	na	na	0	na	na	na	na	na	na	na	0	na	na	na	na	na	na	0	na	0	na	na	0	na
sfx_stafffrostorbs_cast	1	0	0	0	0	na	na	na	na	na	na	na	na	na	na	na	na	na	na	na	0	na	na	na	na	na	na	na	0	na	na	na	na	na	na	0	na	0	na	na	0	na
sfx_stafffrostorbs_shield_spawn	1	0	0	0	0	na	na	na	na	na	na	na	na	na	na	na	na	na	na	na	0	na	na	na	na	na	na	na	0	na	na	na	na	na	na	0	na	0	na	na	0	na
sfx_StaffLightning_charge	1	0	0	0	0	na	na	na	na	na	na	na	na	na	na	na	na	na	na	na	0	na	na	na	na	na	na	na	0	na	na	na	na	na	na	0	na	0	na	na	0	na
sfx_StaffLightning_fire	1	0	0	0	0	na	na	na	na	na	na	na	na	na	na	na	na	na	na	na	0	na	na	na	na	na	na	na	0	na	na	na	na	na	na	0	na	0	na	na	0	na
sfx_stafforbofahri_cast	1	0	0	0	0	na	na	na	na	na	na	na	na	na	na	na	na	na	na	na	0	na	na	na	na	na	na	na	0	na	na	na	na	na	na	0	na	0	na	na	0	na
sfx_stafforbofahri_explosion	1	0	0	0	0	na	na	na	na	na	na	na	na	na	na	na	na	na	na	na	0	na	na	na	na	na	na	na	0	na	na	na	na	na	na	0	na	0	na	na	0	na
sfx_staffspiritcaller_cast	1	0	0	0	0	na	na	na	na	na	na	na	na	na	na	na	na	na	na	na	0	na	na	na	na	na	na	na	0	na	na	na	na	na	na	0	na	0	na	na	0	na
sfx_staffspiritcaller_summon	1	0	0	0	0	na	na	na	na	na	na	na	na	na	na	na	na	na	na	na	0	na	na	na	na	na	na	na	0	na	na	na	na	na	na	0	na	0	na	na	0	na
sfx_staffthunderblood_cast	1	0	0	0	0	na	na	na	na	na	na	na	na	na	na	na	na	na	na	na	0	na	na	na	na	na	na	na	0	na	na	na	na	na	na	0	na	0	na	na	0	na
sfx_staffthunderblood_thunder	1	0	0	0	0	na	na	na	na	na	na	na	na	na	na	na	na	na	na	na	0	na	na	na	na	na	na	na	0	na	na	na	na	na	na	0	na	0	na	na	0	na
sfx_stonegolem_alerted	1	0	0	0	0	na	na	na	na	na	na	na	na	na	na	na	na	na	na	na	0	na	na	na	na	na	na	na	0	na	na	na	na	na	na	0	na	0	na	na	0	na
sfx_stonegolem_attack_hit	1	0	0	0	0	na	na	na	na	na	na	na	na	na	na	na	na	na	na	na	0	na	na	na	na	na	na	na	0	na	na	na	na	na	na	0	na	0	na	na	0	na
sfx_stonegolem_attack_wosh	1	0	0	0	0	na	na	na	na	na	na	na	na	na	na	na	na	na	na	na	0	na	na	na	na	na	na	na	0	na	na	na	na	na	na	0	na	0	na	na	0	na
sfx_stonegolem_death	1	0	0	0	0	na	na	na	na	na	na	na	na	na	na	na	na	na	na	na	0	na	na	na	na	na	na	na	0	na	na	na	na	na	na	0	na	0	na	na	0	na
sfx_stonegolem_hurt	1	0	0	0	0	na	na	na	na	na	na	na	na	na	na	na	na	na	na	na	0	na	na	na	na	na	na	na	0	na	na	na	na	na	na	0	na	0	na	na	0	na
sfx_stonegolem_idle	1	0	0	0	0	na	na	na	na	na	na	na	na	na	na	na	na	na	na	na	0	na	na	na	na	na	na	na	0	na	na	na	na	na	na	0	na	0	na	na	0	na
sfx_stonegolem_primary_start	1	0	0	0	0	na	na	na	na	na	na	na	na	na	na	na	na	na	na	na	0	na	na	na	na	na	na	na	0	na	na	na	na	na	na	0	na	0	na	na	0	na
sfx_stonegolem_second_start	1	0	0	0	0	na	na	na	na	na	na	na	na	na	na	na	na	na	na	na	0	na	na	na	na	na	na	na	0	na	na	na	na	na	na	0	na	0	na	na	0	na
sfx_stonegolem_spikeattack_trailon	1	0	0	0	0	na	na	na	na	na	na	na	na	na	na	na	na	na	na	na	0	na	na	na	na	na	na	na	0	na	na	na	na	na	na	0	na	0	na	na	0	na
sfx_stonegolem_wakeup	1	0	0	0	0	na	na	na	na	na	na	na	na	na	na	na	na	na	na	na	0	na	na	na	na	na	na	na	0	na	na	na	na	na	na	0	na	0	na	na	0	na
sfx_sword_hit	1	0	0	0	0	na	na	na	na	na	na	na	na	na	na	na	na	na	na	na	0	na	na	na	na	na	na	na	0	na	na	na	na	na	na	0	na	0	na	na	0	na
sfx_sword_swing	1	0	0	0	0	na	na	na	na	na	na	na	na	na	na	na	na	na	na	na	0	na	na	na	na	na	na	na	0	na	na	na	na	na	na	0	na	0	na	na	0	na
sfx_tentaroot_attack	1	0	0	0	0	na	na	na	na	na	na	na	na	na	na	na	na	na	na	na	0	na	na	na	na	na	na	na	0	na	na	na	na	na	na	0	na	0	na	na	0	na
sfx_tick_alerted	1	0	0	0	0	na	na	na	na	na	na	na	na	na	na	na	na	na	na	na	0	na	na	na	na	na	na	na	0	na	na	na	na	na	na	0	na	0	na	na	0	na
sfx_tick_attack_drain	1	0	0	0	0	na	na	na	na	na	na	na	na	na	na	na	na	na	na	na	0	na	na	na	na	na	na	na	0	na	na	na	na	na	na	0	na	0	na	na	0	na
sfx_tick_attack_jump	1	0	0	0	0	na	na	na	na	na	na	na	na	na	na	na	na	na	na	na	0	na	na	na	na	na	na	na	0	na	na	na	na	na	na	0	na	0	na	na	0	na
sfx_tick_hurt	1	0	0	0	0	na	na	na	na	na	na	na	na	na	na	na	na	na	na	na	0	na	na	na	na	na	na	na	0	na	na	na	na	na	na	0	na	0	na	na	0	na
sfx_tick_idle	1	0	0	0	0	na	na	na	na	na	na	na	na	na	na	na	na	na	na	na	0	na	na	na	na	na	na	na	0	na	na	na	na	na	na	0	na	0	na	na	0	na
sfx_torch_swing	1	0	0	0	0	na	na	na	na	na	na	na	na	na	na	na	na	na	na	na	0	na	na	na	na	na	na	na	0	na	na	na	na	na	na	0	na	0	na	na	0	na
sfx_trainingdummy_alert	1	0	0	0	0	na	na	na	na	na	na	na	na	na	na	na	na	na	na	na	0	na	na	na	na	na	na	na	0	na	na	na	na	na	na	0	na	0	na	na	0	na
sfx_trainingdummy_heavy_attack	1	0	0	0	0	na	na	na	na	na	na	na	na	na	na	na	na	na	na	na	0	na	na	na	na	na	na	na	0	na	na	na	na	na	na	0	na	0	na	na	0	na
sfx_trainingdummy_heavy_attack impact	1	0	0	0	0	na	na	na	na	na	na	na	na	na	na	na	na	na	na	na	0	na	na	na	na	na	na	na	0	na	na	na	na	na	na	0	na	0	na	na	0	na
sfx_trainingdummy_idle	1	0	0	0	0	na	na	na	na	na	na	na	na	na	na	na	na	na	na	na	0	na	na	na	na	na	na	na	0	na	na	na	na	na	na	0	na	0	na	na	0	na
sfx_trainingdummy_light_attack	1	0	0	0	0	na	na	na	na	na	na	na	na	na	na	na	na	na	na	na	0	na	na	na	na	na	na	na	0	na	na	na	na	na	na	0	na	0	na	na	0	na
sfx_trainingdummy_light_attack impact	1	0	0	0	0	na	na	na	na	na	na	na	na	na	na	na	na	na	na	na	0	na	na	na	na	na	na	na	0	na	na	na	na	na	na	0	na	0	na	na	0	na
sfx_trainingdummy_stagger	1	0	0	0	0	na	na	na	na	na	na	na	na	na	na	na	na	na	na	na	0	na	na	na	na	na	na	na	0	na	na	na	na	na	na	0	na	0	na	na	0	na
sfx_trainingdummy_throw	1	0	0	0	0	na	na	na	na	na	na	na	na	na	na	na	na	na	na	na	0	na	na	na	na	na	na	na	0	na	na	na	na	na	na	0	na	0	na	na	0	na
sfx_trainingdummy_throw_impact	1	0	0	0	0	na	na	na	na	na	na	na	na	na	na	na	na	na	na	na	0	na	na	na	na	na	na	na	0	na	na	na	na	na	na	0	na	0	na	na	0	na
sfx_treasurechest_destroyed	1	0	0	0	0	na	na	na	na	na	na	na	na	na	na	na	na	na	na	na	0	na	na	na	na	na	na	na	0	na	na	na	na	na	na	0	na	0	na	na	0	na
sfx_tree_fall	1	0	0	0	0	na	na	na	na	na	na	na	na	na	na	na	na	na	na	na	0	na	na	na	na	na	na	na	0	na	na	na	na	na	na	0	na	0	na	na	0	na
sfx_tree_fall_abomination	1	0	0	0	0	na	na	na	na	na	na	na	na	na	na	na	na	na	na	na	0	na	na	na	na	na	na	na	0	na	na	na	na	na	na	0	na	0	na	na	0	na
sfx_tree_fall_hit	1	0	0	0	0	na	na	na	na	na	na	na	na	na	na	na	na	na	na	na	0	na	na	na	na	na	na	na	0	na	na	na	na	na	na	0	na	0	na	na	0	na
sfx_tree_hit	1	0	0	0	0	na	na	na	na	na	na	na	na	na	na	na	na	na	na	na	0	na	na	na	na	na	na	na	0	na	na	na	na	na	na	0	na	0	na	na	0	na
sfx_tree_hit_abomination	1	0	0	0	0	na	na	na	na	na	na	na	na	na	na	na	na	na	na	na	0	na	na	na	na	na	na	na	0	na	na	na	na	na	na	0	na	0	na	na	0	na
sfx_troll_alerted	1	0	0	0	0	na	na	na	na	na	na	na	na	na	na	na	na	na	na	na	0	na	na	na	na	na	na	na	0	na	na	na	na	na	na	0	na	0	na	na	0	na
sfx_troll_attack_hit	1	0	0	0	0	na	na	na	na	na	na	na	na	na	na	na	na	na	na	na	0	na	na	na	na	na	na	na	0	na	na	na	na	na	na	0	na	0	na	na	0	na
sfx_troll_attacking	1	0	0	0	0	na	na	na	na	na	na	na	na	na	na	na	na	na	na	na	0	na	na	na	na	na	na	na	0	na	na	na	na	na	na	0	na	0	na	na	0	na
sfx_troll_death	1	0	0	0	0	na	na	na	na	na	na	na	na	na	na	na	na	na	na	na	0	na	na	na	na	na	na	na	0	na	na	na	na	na	na	0	na	0	na	na	0	na
sfx_troll_hit	1	0	0	0	0	na	na	na	na	na	na	na	na	na	na	na	na	na	na	na	0	na	na	na	na	na	na	na	0	na	na	na	na	na	na	0	na	0	na	na	0	na
sfx_troll_idle	1	0	0	0	0	na	na	na	na	na	na	na	na	na	na	na	na	na	na	na	0	na	na	na	na	na	na	na	0	na	na	na	na	na	na	0	na	0	na	na	0	na
sfx_troll_rock_destroyed	1	0	0	0	0	na	na	na	na	na	na	na	na	na	na	na	na	na	na	na	0	na	na	na	na	na	na	na	0	na	na	na	na	na	na	0	na	0	na	na	0	na
sfx_trollfire_attack_club_impact	1	0	0	0	0	na	na	na	na	na	na	na	na	na	na	na	na	na	na	na	0	na	na	na	na	na	na	na	0	na	na	na	na	na	na	0	na	0	na	na	0	na
sfx_trollfire_attack_club_swing_down	1	0	0	0	0	na	na	na	na	na	na	na	na	na	na	na	na	na	na	na	0	na	na	na	na	na	na	na	0	na	na	na	na	na	na	0	na	0	na	na	0	na
sfx_trollfire_attack_club_swing_up	1	0	0	0	0	na	na	na	na	na	na	na	na	na	na	na	na	na	na	na	0	na	na	na	na	na	na	na	0	na	na	na	na	na	na	0	na	0	na	na	0	na
sfx_trollfire_attack_slam_impact	1	0	0	0	0	na	na	na	na	na	na	na	na	na	na	na	na	na	na	na	0	na	na	na	na	na	na	na	0	na	na	na	na	na	na	0	na	0	na	na	0	na
sfx_trollfire_attack_slam_start	1	0	0	0	0	na	na	na	na	na	na	na	na	na	na	na	na	na	na	na	0	na	na	na	na	na	na	na	0	na	na	na	na	na	na	0	na	0	na	na	0	na
sfx_trollfire_attack_slap_impact	1	0	0	0	0	na	na	na	na	na	na	na	na	na	na	na	na	na	na	na	0	na	na	na	na	na	na	na	0	na	na	na	na	na	na	0	na	0	na	na	0	na
sfx_trollfire_attack_slap_start	1	0	0	0	0	na	na	na	na	na	na	na	na	na	na	na	na	na	na	na	0	na	na	na	na	na	na	na	0	na	na	na	na	na	na	0	na	0	na	na	0	na
sfx_trollfire_attack_slap_swing	1	0	0	0	0	na	na	na	na	na	na	na	na	na	na	na	na	na	na	na	0	na	na	na	na	na	na	na	0	na	na	na	na	na	na	0	na	0	na	na	0	na
sfx_trollfire_attack_throw	1	0	0	0	0	na	na	na	na	na	na	na	na	na	na	na	na	na	na	na	0	na	na	na	na	na	na	na	0	na	na	na	na	na	na	0	na	0	na	na	0	na
sfx_trollfire_death	1	0	0	0	0	na	na	na	na	na	na	na	na	na	na	na	na	na	na	na	0	na	na	na	na	na	na	na	0	na	na	na	na	na	na	0	na	0	na	na	0	na
sfx_trollfire_idle	1	0	0	0	0	na	na	na	na	na	na	na	na	na	na	na	na	na	na	na	0	na	na	na	na	na	na	na	0	na	na	na	na	na	na	0	na	0	na	na	0	na
sfx_trollfire_roar	1	0	0	0	0	na	na	na	na	na	na	na	na	na	na	na	na	na	na	na	0	na	na	na	na	na	na	na	0	na	na	na	na	na	na	0	na	0	na	na	0	na
sfx_ulv_death	1	0	0	0	0	na	na	na	na	na	na	na	na	na	na	na	na	na	na	na	0	na	na	na	na	na	na	na	0	na	na	na	na	na	na	0	na	0	na	na	0	na
sfx_unarmed_blocked	1	0	0	0	0	na	na	na	na	na	na	na	na	na	na	na	na	na	na	na	0	na	na	na	na	na	na	na	0	na	na	na	na	na	na	0	na	0	na	na	0	na
sfx_unarmed_hit	1	0	0	0	0	na	na	na	na	na	na	na	na	na	na	na	na	na	na	na	0	na	na	na	na	na	na	na	0	na	na	na	na	na	na	0	na	0	na	na	0	na
sfx_unarmed_swing	1	0	0	0	0	na	na	na	na	na	na	na	na	na	na	na	na	na	na	na	0	na	na	na	na	na	na	na	0	na	na	na	na	na	na	0	na	0	na	na	0	na
sfx_unbjorn_bite_attack	1	0	0	0	0	na	na	na	na	na	na	na	na	na	na	na	na	na	na	na	0	na	na	na	na	na	na	na	0	na	na	na	na	na	na	0	na	0	na	na	0	na
sfx_unbjorn_bite_attack_impact	1	0	0	0	0	na	na	na	na	na	na	na	na	na	na	na	na	na	na	na	0	na	na	na	na	na	na	na	0	na	na	na	na	na	na	0	na	0	na	na	0	na
sfx_unbjorn_claw_attack	1	0	0	0	0	na	na	na	na	na	na	na	na	na	na	na	na	na	na	na	0	na	na	na	na	na	na	na	0	na	na	na	na	na	na	0	na	0	na	na	0	na
sfx_unbjorn_claw_attack_slash	1	0	0	0	0	na	na	na	na	na	na	na	na	na	na	na	na	na	na	na	0	na	na	na	na	na	na	na	0	na	na	na	na	na	na	0	na	0	na	na	0	na
sfx_unbjorn_death	1	0	0	0	0	na	na	na	na	na	na	na	na	na	na	na	na	na	na	na	0	na	na	na	na	na	na	na	0	na	na	na	na	na	na	0	na	0	na	na	0	na
sfx_unbjorn_footstep	1	0	0	0	0	na	na	na	na	na	na	na	na	na	na	na	na	na	na	na	0	na	na	na	na	na	na	na	0	na	na	na	na	na	na	0	na	0	na	na	0	na
sfx_unbjorn_hurt	1	0	0	0	0	na	na	na	na	na	na	na	na	na	na	na	na	na	na	na	0	na	na	na	na	na	na	na	0	na	na	na	na	na	na	0	na	0	na	na	0	na
sfx_unbjorn_idle	1	0	0	0	0	na	na	na	na	na	na	na	na	na	na	na	na	na	na	na	0	na	na	na	na	na	na	na	0	na	na	na	na	na	na	0	na	0	na	na	0	na
sfx_UndeadBurn_Start	1	0	0	0	0	na	na	na	na	na	na	na	na	na	na	na	na	na	na	na	0	na	na	na	na	na	na	na	0	na	na	na	na	na	na	0	na	0	na	na	0	na
sfx_unstablerock_explosion	1	0	0	0	0	na	na	na	na	na	na	na	na	na	na	na	na	na	na	na	0	na	na	na	na	na	na	na	0	na	na	na	na	na	na	0	na	0	na	na	0	na
sfx_vulture_alert	1	0	0	0	0	na	na	na	na	na	na	na	na	na	na	na	na	na	na	na	0	na	na	na	na	na	na	na	0	na	na	na	na	na	na	0	na	0	na	na	0	na
sfx_vulture_attack_claw	1	0	0	0	0	na	na	na	na	na	na	na	na	na	na	na	na	na	na	na	0	na	na	na	na	na	na	na	0	na	na	na	na	na	na	0	na	0	na	na	0	na
sfx_vulture_death	1	0	0	0	0	na	na	na	na	na	na	na	na	na	na	na	na	na	na	na	0	na	na	na	na	na	na	na	0	na	na	na	na	na	na	0	na	0	na	na	0	na
sfx_vulture_eat_bite	1	0	0	0	0	na	na	na	na	na	na	na	na	na	na	na	na	na	na	na	0	na	na	na	na	na	na	na	0	na	na	na	na	na	na	0	na	0	na	na	0	na
sfx_vulture_eat_break	1	0	0	0	0	na	na	na	na	na	na	na	na	na	na	na	na	na	na	na	0	na	na	na	na	na	na	na	0	na	na	na	na	na	na	0	na	0	na	na	0	na
sfx_vulture_eat_swallow	1	0	0	0	0	na	na	na	na	na	na	na	na	na	na	na	na	na	na	na	0	na	na	na	na	na	na	na	0	na	na	na	na	na	na	0	na	0	na	na	0	na
sfx_vulture_footstep	1	0	0	0	0	na	na	na	na	na	na	na	na	na	na	na	na	na	na	na	0	na	na	na	na	na	na	na	0	na	na	na	na	na	na	0	na	0	na	na	0	na
sfx_vulture_idle	1	0	0	0	0	na	na	na	na	na	na	na	na	na	na	na	na	na	na	na	0	na	na	na	na	na	na	na	0	na	na	na	na	na	na	0	na	0	na	na	0	na
sfx_vulture_wing_flap	1	0	0	0	0	na	na	na	na	na	na	na	na	na	na	na	na	na	na	na	0	na	na	na	na	na	na	na	0	na	na	na	na	na	na	0	na	0	na	na	0	na
sfx_weapons_nature_root	1	0	0	0	0	na	na	na	na	na	na	na	na	na	na	na	na	na	na	na	0	na	na	na	na	na	na	na	0	na	na	na	na	na	na	0	na	0	na	na	0	na
sfx_WishbonePing_closer	1	0	0	0	0	na	na	na	na	na	na	na	na	na	na	na	na	na	na	na	0	na	na	na	na	na	na	na	0	na	na	na	na	na	na	0	na	0	na	na	0	na
sfx_WishbonePing_far	1	0	0	0	0	na	na	na	na	na	na	na	na	na	na	na	na	na	na	na	0	na	na	na	na	na	na	na	0	na	na	na	na	na	na	0	na	0	na	na	0	na
sfx_WishbonePing_further	1	0	0	0	0	na	na	na	na	na	na	na	na	na	na	na	na	na	na	na	0	na	na	na	na	na	na	na	0	na	na	na	na	na	na	0	na	0	na	na	0	na
sfx_WishbonePing_med	1	0	0	0	0	na	na	na	na	na	na	na	na	na	na	na	na	na	na	na	0	na	na	na	na	na	na	na	0	na	na	na	na	na	na	0	na	0	na	na	0	na
sfx_WishbonePing_near	1	0	0	0	0	na	na	na	na	na	na	na	na	na	na	na	na	na	na	na	0	na	na	na	na	na	na	na	0	na	na	na	na	na	na	0	na	0	na	na	0	na
sfx_wolf_alerted	1	0	0	0	0	na	na	na	na	na	na	na	na	na	na	na	na	na	na	na	0	na	na	na	na	na	na	na	0	na	na	na	na	na	na	0	na	0	na	na	0	na
sfx_wolf_attack	1	0	0	0	0	na	na	na	na	na	na	na	na	na	na	na	na	na	na	na	0	na	na	na	na	na	na	na	0	na	na	na	na	na	na	0	na	0	na	na	0	na
sfx_wolf_attack_hit	1	0	0	0	0	na	na	na	na	na	na	na	na	na	na	na	na	na	na	na	0	na	na	na	na	na	na	na	0	na	na	na	na	na	na	0	na	0	na	na	0	na
sfx_wolf_birth	1	0	0	0	0	na	na	na	na	na	na	na	na	na	na	na	na	na	na	na	0	na	na	na	na	na	na	na	0	na	na	na	na	na	na	0	na	0	na	na	0	na
sfx_wolf_death	1	0	0	0	0	na	na	na	na	na	na	na	na	na	na	na	na	na	na	na	0	na	na	na	na	na	na	na	0	na	na	na	na	na	na	0	na	0	na	na	0	na
sfx_wolf_hit	1	0	0	0	0	na	na	na	na	na	na	na	na	na	na	na	na	na	na	na	0	na	na	na	na	na	na	na	0	na	na	na	na	na	na	0	na	0	na	na	0	na
sfx_wolf_love	1	0	0	0	0	na	na	na	na	na	na	na	na	na	na	na	na	na	na	na	0	na	na	na	na	na	na	na	0	na	na	na	na	na	na	0	na	0	na	na	0	na
sfx_wood_blocked	1	0	0	0	0	na	na	na	na	na	na	na	na	na	na	na	na	na	na	na	0	na	na	na	na	na	na	na	0	na	na	na	na	na	na	0	na	0	na	na	0	na
sfx_wood_blocked_overlay	1	0	0	0	0	na	na	na	na	na	na	na	na	na	na	na	na	na	na	na	0	na	na	na	na	na	na	na	0	na	na	na	na	na	na	0	na	0	na	na	0	na
sfx_wood_break	1	0	0	0	0	na	na	na	na	na	na	na	na	na	na	na	na	na	na	na	0	na	na	na	na	na	na	na	0	na	na	na	na	na	na	0	na	0	na	na	0	na
sfx_wood_destroyed	1	0	0	0	0	na	na	na	na	na	na	na	na	na	na	na	na	na	na	na	0	na	na	na	na	na	na	na	0	na	na	na	na	na	na	0	na	0	na	na	0	na
sfx_wood_hit	1	0	0	0	0	na	na	na	na	na	na	na	na	na	na	na	na	na	na	na	0	na	na	na	na	na	na	na	0	na	na	na	na	na	na	0	na	0	na	na	0	na
sfx_woosh_scythe	1	0	0	0	0	na	na	na	na	na	na	na	na	na	na	na	na	na	na	na	0	na	na	na	na	na	na	na	0	na	na	na	na	na	na	0	na	0	na	na	0	na
sfx_wraith_alerted	1	0	0	0	0	na	na	na	na	na	na	na	na	na	na	na	na	na	na	na	0	na	na	na	na	na	na	na	0	na	na	na	na	na	na	0	na	0	na	na	0	na
sfx_wraith_attack	1	0	0	0	0	na	na	na	na	na	na	na	na	na	na	na	na	na	na	na	0	na	na	na	na	na	na	na	0	na	na	na	na	na	na	0	na	0	na	na	0	na
sfx_wraith_attack_hit	1	0	0	0	0	na	na	na	na	na	na	na	na	na	na	na	na	na	na	na	0	na	na	na	na	na	na	na	0	na	na	na	na	na	na	0	na	0	na	na	0	na
sfx_wraith_death	1	0	0	0	0	na	na	na	na	na	na	na	na	na	na	na	na	na	na	na	0	na	na	na	na	na	na	na	0	na	na	na	na	na	na	0	na	0	na	na	0	na
sfx_wraith_hit	1	0	0	0	0	na	na	na	na	na	na	na	na	na	na	na	na	na	na	na	0	na	na	na	na	na	na	na	0	na	na	na	na	na	na	0	na	0	na	na	0	na
sfx_wraith_idle	1	0	0	0	0	na	na	na	na	na	na	na	na	na	na	na	na	na	na	na	0	na	na	na	na	na	na	na	0	na	na	na	na	na	na	0	na	0	na	na	0	na
sfx_writhan_bite	1	0	0	0	0	na	na	na	na	na	na	na	na	na	na	na	na	na	na	na	0	na	na	na	na	na	na	na	0	na	na	na	na	na	na	0	na	0	na	na	0	na
sfx_writhan_bite_attack	1	0	0	0	0	na	na	na	na	na	na	na	na	na	na	na	na	na	na	na	0	na	na	na	na	na	na	na	0	na	na	na	na	na	na	0	na	0	na	na	0	na
sfx_writhan_bite_attack_impact	1	0	0	0	0	na	na	na	na	na	na	na	na	na	na	na	na	na	na	na	0	na	na	na	na	na	na	na	0	na	na	na	na	na	na	0	na	0	na	na	0	na
sfx_writhan_death_charge	1	0	0	0	0	na	na	na	na	na	na	na	na	na	na	na	na	na	na	na	0	na	na	na	na	na	na	na	0	na	na	na	na	na	na	0	na	0	na	na	0	na
sfx_writhan_death_explosion	1	0	0	0	0	na	na	na	na	na	na	na	na	na	na	na	na	na	na	na	0	na	na	na	na	na	na	na	0	na	na	na	na	na	na	0	na	0	na	na	0	na
sfx_writhan_fizz	1	0	0	0	0	na	na	na	na	na	na	na	na	na	na	na	na	na	na	na	0	na	na	na	na	na	na	na	0	na	na	na	na	na	na	0	na	0	na	na	0	na
sfx_writhan_idle	1	0	0	0	0	na	na	na	na	na	na	na	na	na	na	na	na	na	na	na	0	na	na	na	na	na	na	na	0	na	na	na	na	na	na	0	na	0	na	na	0	na
sfx_writhan_step	1	0	0	0	0	na	na	na	na	na	na	na	na	na	na	na	na	na	na	na	0	na	na	na	na	na	na	na	0	na	na	na	na	na	na	0	na	0	na	na	0	na
sfx_writhan_verse_attack	1	0	0	0	0	na	na	na	na	na	na	na	na	na	na	na	na	na	na	na	0	na	na	na	na	na	na	na	0	na	na	na	na	na	na	0	na	0	na	na	0	na
sfx_writhan_verse_death	1	0	0	0	0	na	na	na	na	na	na	na	na	na	na	na	na	na	na	na	0	na	na	na	na	na	na	na	0	na	na	na	na	na	na	0	na	0	na	na	0	na
ShadowPerson	1	1	0	0	0	na	na	na	na	na	na	na	na	na	na	na	na	na	na	na	0	na	na	na	na	na	na	na	0	na	na	na	na	na	na	0	na	1	20	0	0	na
shaman_attack_aoe	1	0	0	0	0	na	na	na	na	na	na	na	na	na	na	na	na	na	na	na	0	na	na	na	na	na	na	na	0	na	na	na	na	na	na	0	na	0	na	na	0	na
shaman_attack_aoe_frozen	1	0	0	0	0	na	na	na	na	na	na	na	na	na	na	na	na	na	na	na	0	na	na	na	na	na	na	na	0	na	na	na	na	na	na	0	na	0	na	na	0	na
shaman_heal_aoe	1	0	0	0	0	na	na	na	na	na	na	na	na	na	na	na	na	na	na	na	0	na	na	na	na	na	na	na	0	na	na	na	na	na	na	0	na	0	na	na	0	na
shaman_heal_aoe_frozen	1	0	0	0	0	na	na	na	na	na	na	na	na	na	na	na	na	na	na	na	0	na	na	na	na	na	na	na	0	na	na	na	na	na	na	0	na	0	na	na	0	na
SharpeningStone	1	1	0	0	0	na	na	na	na	na	na	na	na	na	na	na	na	na	na	na	0	na	na	na	na	na	na	na	0	na	na	na	na	na	na	0	na	1	1	0	0	na
ShieldBanded	1	1	0	0	0	na	na	na	na	na	na	na	na	na	na	na	na	na	na	na	0	na	na	na	na	na	na	na	0	na	na	na	na	na	na	1	0.67	1	1	0	0	na
ShieldBlackmetal	1	1	0	0	0	na	na	na	na	na	na	na	na	na	na	na	na	na	na	na	0	na	na	na	na	na	na	na	0	na	na	na	na	na	na	1	0.67	1	1	0	0	na
ShieldBlackmetalTower	1	1	0	0	0	na	na	na	na	na	na	na	na	na	na	na	na	na	na	na	0	na	na	na	na	na	na	na	0	na	na	na	na	na	na	1	0.67	1	1	0	0	na
ShieldBoneTower	1	1	0	0	0	na	na	na	na	na	na	na	na	na	na	na	na	na	na	na	0	na	na	na	na	na	na	na	0	na	na	na	na	na	na	1	0.7	1	1	0	0	na
ShieldBronzeBuckler	1	1	0	0	0	na	na	na	na	na	na	na	na	na	na	na	na	na	na	na	0	na	na	na	na	na	na	na	0	na	na	na	na	na	na	0	na	1	1	0	0	na
ShieldBucklerGoldUncooked	1	1	0	0	0	na	na	na	na	na	na	na	na	na	na	na	na	na	na	na	0	na	na	na	na	na	na	na	0	na	na	na	na	na	na	0	na	1	1	0	0	na
ShieldCarapace	1	1	0	0	0	na	na	na	na	na	na	na	na	na	na	na	na	na	na	na	0	na	na	na	na	na	na	na	0	na	na	na	na	na	na	1	0.67	1	1	0	0	na
ShieldCarapaceBuckler	1	1	0	0	0	na	na	na	na	na	na	na	na	na	na	na	na	na	na	na	0	na	na	na	na	na	na	na	0	na	na	na	na	na	na	1	0.67	1	1	0	0	na
ShieldCore	1	1	0	0	0	na	na	na	na	na	na	na	na	na	na	na	na	na	na	na	0	na	na	na	na	na	na	na	0	na	na	na	na	na	na	0	na	1	1	0	0	na
ShieldFlametal	1	1	0	0	0	na	na	na	na	na	na	na	na	na	na	na	na	na	na	na	0	na	na	na	na	na	na	na	0	na	na	na	na	na	na	1	0.67	1	1	0	0	na
ShieldFlametalTower	1	1	0	0	0	na	na	na	na	na	na	na	na	na	na	na	na	na	na	na	0	na	na	na	na	na	na	na	0	na	na	na	na	na	na	1	0.67	1	1	0	0	na
shieldgenerator_attack	1	0	0	0	0	na	na	na	na	na	na	na	na	na	na	na	na	na	na	na	0	na	na	na	na	na	na	na	0	na	na	na	na	na	na	0	na	0	na	na	0	na
ShieldGold	1	1	0	0	0	na	na	na	na	na	na	na	na	na	na	na	na	na	na	na	0	na	na	na	na	na	na	na	0	na	na	na	na	na	na	1	0.67	1	1	0	0	na
ShieldGoldBuckler	1	1	0	0	0	na	na	na	na	na	na	na	na	na	na	na	na	na	na	na	0	na	na	na	na	na	na	na	0	na	na	na	na	na	na	0	na	1	1	0	0	na
ShieldGoldTower	1	1	0	0	0	na	na	na	na	na	na	na	na	na	na	na	na	na	na	na	0	na	na	na	na	na	na	na	0	na	na	na	na	na	na	1	0.67	1	1	0	0	na
ShieldIronBuckler	1	1	0	0	0	na	na	na	na	na	na	na	na	na	na	na	na	na	na	na	0	na	na	na	na	na	na	na	0	na	na	na	na	na	na	0	na	1	1	0	0	na
ShieldIronSquare	1	1	0	0	0	na	na	na	na	na	na	na	na	na	na	na	na	na	na	na	0	na	na	na	na	na	na	na	0	na	na	na	na	na	na	1	0.7	1	1	0	0	na
ShieldIronTower	1	1	0	0	0	na	na	na	na	na	na	na	na	na	na	na	na	na	na	na	0	na	na	na	na	na	na	na	0	na	na	na	na	na	na	1	0.7	1	1	0	0	na
ShieldKnight	1	1	0	0	0	na	na	na	na	na	na	na	na	na	na	na	na	na	na	na	0	na	na	na	na	na	na	na	0	na	na	na	na	na	na	1	0.67	1	1	0	0	na
ShieldRoots	1	1	0	0	0	na	na	na	na	na	na	na	na	na	na	na	na	na	na	na	0	na	na	na	na	na	na	na	0	na	na	na	na	na	na	1	0.67	1	1	0	0	na
ShieldRoundGoldUncooked	1	1	0	0	0	na	na	na	na	na	na	na	na	na	na	na	na	na	na	na	0	na	na	na	na	na	na	na	0	na	na	na	na	na	na	0	na	1	1	0	0	na
ShieldSerpentscale	1	1	0	0	0	na	na	na	na	na	na	na	na	na	na	na	na	na	na	na	0	na	na	na	na	na	na	na	0	na	na	na	na	na	na	1	0.67	1	1	0	0	na
ShieldSilver	1	1	0	0	0	na	na	na	na	na	na	na	na	na	na	na	na	na	na	na	0	na	na	na	na	na	na	na	0	na	na	na	na	na	na	1	0.67	1	1	0	0	na
ShieldTowerGoldUncooked	1	1	0	0	0	na	na	na	na	na	na	na	na	na	na	na	na	na	na	na	0	na	na	na	na	na	na	na	0	na	na	na	na	na	na	0	na	1	1	0	0	na
ShieldWood	1	1	0	0	0	na	na	na	na	na	na	na	na	na	na	na	na	na	na	na	0	na	na	na	na	na	na	na	0	na	na	na	na	na	na	1	0.67	1	1	0	0	na
ShieldWoodTower	1	1	0	0	0	na	na	na	na	na	na	na	na	na	na	na	na	na	na	na	0	na	na	na	na	na	na	na	0	na	na	na	na	na	na	1	0.7	1	1	0	0	na
ShimmeringSand_rock	1	1	0	2	0	na	na	na	na	na	na	na	na	na	na	na	na	na	na	na	0	na	na	na	na	na	na	na	0	na	na	na	na	na	na	0	na	0	na	na	0	na
ShimmeringSand_rock_frac	1	1	0	2	0	na	na	na	na	na	na	na	na	na	na	na	na	na	na	na	0	na	na	na	na	na	na	na	0	na	na	na	na	na	na	0	na	0	na	na	0	na
ship_construction	1	1	0	2	1	0	0	0	0	1	0	0	0	0	0	0	0	0	0	Ship construction	0	na	na	na	na	na	na	na	0	na	na	na	na	na	na	0	na	0	na	na	0	na
shipwreck_karve_bottomboards	1	1	0	2	0	na	na	na	na	na	na	na	na	na	na	na	na	na	na	na	1	0	100	1	1	1	0	0	0	na	na	na	na	na	na	0	na	0	na	na	0	na
shipwreck_karve_bow	1	1	0	2	0	na	na	na	na	na	na	na	na	na	na	na	na	na	na	na	1	0	200	1	1	1	0	0	0	na	na	na	na	na	na	0	na	0	na	na	0	na
shipwreck_karve_chest	1	1	0	2	0	na	na	na	na	na	na	na	na	na	na	na	na	na	na	na	1	0	100	0	1	0	0	0	0	na	na	na	na	na	na	0	na	0	na	na	1	10
shipwreck_karve_dragonhead	1	1	0	2	0	na	na	na	na	na	na	na	na	na	na	na	na	na	na	na	1	0	50	1	1	1	0	0	0	na	na	na	na	na	na	0	na	0	na	na	0	na
shipwreck_karve_stern	1	1	0	2	0	na	na	na	na	na	na	na	na	na	na	na	na	na	na	na	1	0	200	1	1	1	0	0	0	na	na	na	na	na	na	0	na	0	na	na	0	na
shipwreck_karve_sternpost	1	1	0	2	0	na	na	na	na	na	na	na	na	na	na	na	na	na	na	na	1	0	100	1	1	1	0	0	0	na	na	na	na	na	na	0	na	0	na	na	0	na
shipwreck_vikingship_chest	1	1	0	2	0	na	na	na	na	na	na	na	na	na	na	na	na	na	na	na	1	0	100	0	1	0	0	0	0	na	na	na	na	na	na	0	na	0	na	na	1	10
shipwreck_vikingship_front	1	1	0	2	0	na	na	na	na	na	na	na	na	na	na	na	na	na	na	na	1	0	200	1	1	1	0	0	0	na	na	na	na	na	na	0	na	0	na	na	0	na
shipwreck_vikingship_frontpiece	1	1	0	2	0	na	na	na	na	na	na	na	na	na	na	na	na	na	na	na	1	0	200	1	1	1	0	0	0	na	na	na	na	na	na	0	na	0	na	na	0	na
shipwreck_vikingship_mast1	1	1	0	2	0	na	na	na	na	na	na	na	na	na	na	na	na	na	na	na	1	0	100	1	1	1	0	0	0	na	na	na	na	na	na	0	na	0	na	na	0	na
shipwreck_vikingship_rear	1	1	0	2	0	na	na	na	na	na	na	na	na	na	na	na	na	na	na	na	1	0	100	1	1	1	0	0	0	na	na	na	na	na	na	0	na	0	na	na	0	na
ShocklateSmoothie	1	1	0	0	1	0	1	0	0	0	0	0	1	0	1	0	0	0	6	$item_shocklatesmoothie	1	0	10	0	1	1	0	0	0	na	na	na	na	na	na	0	na	1	1	0	0	na
ShootStump	1	1	0	0	0	na	na	na	na	na	na	na	na	na	na	na	na	na	na	na	0	na	na	na	na	na	na	na	0	na	na	na	na	na	na	0	na	0	na	na	0	na
Shovel	1	1	0	0	0	na	na	na	na	na	na	na	na	na	na	na	na	na	na	na	0	na	na	na	na	na	na	na	0	na	na	na	na	na	na	0	na	1	1.5	0	0	na
shrub_2	1	1	0	0	0	na	na	na	na	na	na	na	na	na	na	na	na	na	na	na	0	na	na	na	na	na	na	na	0	na	na	na	na	na	na	0	na	0	na	na	0	na
shrub_2_heath	1	1	0	0	0	na	na	na	na	na	na	na	na	na	na	na	na	na	na	na	0	na	na	na	na	na	na	na	0	na	na	na	na	na	na	0	na	0	na	na	0	na
siege_wall_1x1	1	1	0	2	1	0	0	0	0	0	0	0	0	0	0	0	0	0	2	Temp Siege Wall	1	1	600	1	1	0	0	5	0	na	na	na	na	na	na	0	na	0	na	na	0	na
siegebomb_explosion	1	0	0	0	0	na	na	na	na	na	na	na	na	na	na	na	na	na	na	na	0	na	na	na	na	na	na	na	0	na	na	na	na	na	na	0	na	0	na	na	0	na
siegebomb_projectile	1	0	0	0	0	na	na	na	na	na	na	na	na	na	na	na	na	na	na	na	0	na	na	na	na	na	na	na	0	na	na	na	na	na	na	0	na	0	na	na	0	na
sign	1	1	0	2	1	0	0	0	0	0	0	0	0	0	0	0	0	0	4	$piece_sign	1	0	100	1	1	0	0	0	0	na	na	na	na	na	na	0	na	0	na	na	0	na
sign_notext	1	1	0	2	1	0	0	0	0	0	0	0	0	0	0	0	0	0	4	$piece_sign	1	0	100	1	1	0	0	0	0	na	na	na	na	na	na	0	na	0	na	na	0	na
Silver	1	1	0	0	0	na	na	na	na	na	na	na	na	na	na	na	na	na	na	na	0	na	na	na	na	na	na	na	0	na	na	na	na	na	na	0	na	1	1	0	0	na
SilverNecklace	1	1	0	0	0	na	na	na	na	na	na	na	na	na	na	na	na	na	na	na	0	na	na	na	na	na	na	na	0	na	na	na	na	na	na	0	na	1	1	0	0	na
SilverOre	1	1	0	0	0	na	na	na	na	na	na	na	na	na	na	na	na	na	na	na	0	na	na	na	na	na	na	na	0	na	na	na	na	na	na	0	na	1	1	0	0	na
silvervein	1	1	0	2	0	na	na	na	na	na	na	na	na	na	na	na	na	na	na	na	0	na	na	na	na	na	na	na	0	na	na	na	na	na	na	0	na	0	na	na	0	na
silvervein_frac	1	1	0	2	0	na	na	na	na	na	na	na	na	na	na	na	na	na	na	na	0	na	na	na	na	na	na	na	0	na	na	na	na	na	na	0	na	0	na	na	0	na
SizzlingBerryBroth	1	1	0	0	1	0	1	0	0	0	0	0	1	0	1	0	0	0	6	$item_sizzlingberrybroth	1	0	10	0	1	1	0	0	0	na	na	na	na	na	na	0	na	1	1	0	0	na
Skeleton	1	1	0	0	0	na	na	na	na	na	na	na	na	na	na	na	na	na	na	na	0	na	na	na	na	na	na	na	0	na	na	na	na	na	na	0	na	1	10	0	0	na
Skeleton_aspect	1	1	0	0	0	na	na	na	na	na	na	na	na	na	na	na	na	na	na	na	0	na	na	na	na	na	na	na	0	na	na	na	na	na	na	0	na	1	10	0	0	na
skeleton_bow	1	1	0	0	0	na	na	na	na	na	na	na	na	na	na	na	na	na	na	na	0	na	na	na	na	na	na	na	0	na	na	na	na	na	na	0	na	1	1	0	0	na
skeleton_bow_meadows	1	1	0	0	0	na	na	na	na	na	na	na	na	na	na	na	na	na	na	na	0	na	na	na	na	na	na	na	0	na	na	na	na	na	na	0	na	1	1	0	0	na
skeleton_bow_mountains	1	1	0	0	0	na	na	na	na	na	na	na	na	na	na	na	na	na	na	na	0	na	na	na	na	na	na	na	0	na	na	na	na	na	na	0	na	1	1	0	0	na
skeleton_bow_swamps	1	1	0	0	0	na	na	na	na	na	na	na	na	na	na	na	na	na	na	na	0	na	na	na	na	na	na	na	0	na	na	na	na	na	na	0	na	1	1	0	0	na
skeleton_bow2	1	1	0	0	0	na	na	na	na	na	na	na	na	na	na	na	na	na	na	na	0	na	na	na	na	na	na	na	0	na	na	na	na	na	na	0	na	1	1	0	0	na
Skeleton_DeepNorth	1	1	0	0	0	na	na	na	na	na	na	na	na	na	na	na	na	na	na	na	0	na	na	na	na	na	na	na	0	na	na	na	na	na	na	0	na	1	10	0	0	na
skeleton_firenova_aoe	1	0	0	0	0	na	na	na	na	na	na	na	na	na	na	na	na	na	na	na	0	na	na	na	na	na	na	na	0	na	na	na	na	na	na	0	na	0	na	na	0	na
Skeleton_Friendly	1	1	0	0	0	na	na	na	na	na	na	na	na	na	na	na	na	na	na	na	0	na	na	na	na	na	na	na	0	na	na	na	na	na	na	0	na	1	10	0	0	na
Skeleton_Hildir	1	1	0	0	0	na	na	na	na	na	na	na	na	na	na	na	na	na	na	na	0	na	na	na	na	na	na	na	0	na	na	na	na	na	na	0	na	1	30	0	0	na
skeleton_hildir_firenova	1	1	0	0	0	na	na	na	na	na	na	na	na	na	na	na	na	na	na	na	0	na	na	na	na	na	na	na	0	na	na	na	na	na	na	0	na	1	1	0	0	na
Skeleton_Hildir_nochest	1	1	0	0	0	na	na	na	na	na	na	na	na	na	na	na	na	na	na	na	0	na	na	na	na	na	na	na	0	na	na	na	na	na	na	0	na	1	30	0	0	na
skeleton_mace	1	1	0	0	0	na	na	na	na	na	na	na	na	na	na	na	na	na	na	na	0	na	na	na	na	na	na	na	0	na	na	na	na	na	na	0	na	1	1	0	0	na
skeleton_mace_DeepNorth	1	1	0	0	0	na	na	na	na	na	na	na	na	na	na	na	na	na	na	na	0	na	na	na	na	na	na	na	0	na	na	na	na	na	na	0	na	1	1	0	0	na
Skeleton_Meadows	1	1	0	0	0	na	na	na	na	na	na	na	na	na	na	na	na	na	na	na	0	na	na	na	na	na	na	na	0	na	na	na	na	na	na	0	na	1	10	0	0	na
Skeleton_Meadows_noarcher	1	1	0	0	0	na	na	na	na	na	na	na	na	na	na	na	na	na	na	na	0	na	na	na	na	na	na	na	0	na	na	na	na	na	na	0	na	1	10	0	0	na
Skeleton_Mountains	1	1	0	0	0	na	na	na	na	na	na	na	na	na	na	na	na	na	na	na	0	na	na	na	na	na	na	na	0	na	na	na	na	na	na	0	na	1	10	0	0	na
Skeleton_Mountains_noarcher	1	1	0	0	0	na	na	na	na	na	na	na	na	na	na	na	na	na	na	na	0	na	na	na	na	na	na	na	0	na	na	na	na	na	na	0	na	1	10	0	0	na
Skeleton_NoArcher	1	1	0	0	0	na	na	na	na	na	na	na	na	na	na	na	na	na	na	na	0	na	na	na	na	na	na	na	0	na	na	na	na	na	na	0	na	1	10	0	0	na
Skeleton_Poison	1	1	0	0	0	na	na	na	na	na	na	na	na	na	na	na	na	na	na	na	0	na	na	na	na	na	na	na	0	na	na	na	na	na	na	0	na	1	10	0	0	na
Skeleton_Swamps	1	1	0	0	0	na	na	na	na	na	na	na	na	na	na	na	na	na	na	na	0	na	na	na	na	na	na	na	0	na	na	na	na	na	na	0	na	1	10	0	0	na
Skeleton_Swamps_noarcher	1	1	0	0	0	na	na	na	na	na	na	na	na	na	na	na	na	na	na	na	0	na	na	na	na	na	na	na	0	na	na	na	na	na	na	0	na	1	10	0	0	na
skeleton_sword	1	1	0	0	0	na	na	na	na	na	na	na	na	na	na	na	na	na	na	na	0	na	na	na	na	na	na	na	0	na	na	na	na	na	na	0	na	1	1	0	0	na
skeleton_sword_hildir	1	1	0	0	0	na	na	na	na	na	na	na	na	na	na	na	na	na	na	na	0	na	na	na	na	na	na	na	0	na	na	na	na	na	na	0	na	1	1	0	0	na
skeleton_sword_meadows	1	1	0	0	0	na	na	na	na	na	na	na	na	na	na	na	na	na	na	na	0	na	na	na	na	na	na	na	0	na	na	na	na	na	na	0	na	1	1	0	0	na
skeleton_sword_mountains	1	1	0	0	0	na	na	na	na	na	na	na	na	na	na	na	na	na	na	na	0	na	na	na	na	na	na	na	0	na	na	na	na	na	na	0	na	1	1	0	0	na
skeleton_sword_swamps	1	1	0	0	0	na	na	na	na	na	na	na	na	na	na	na	na	na	na	na	0	na	na	na	na	na	na	na	0	na	na	na	na	na	na	0	na	1	1	0	0	na
skeleton_sword2	1	1	0	0	0	na	na	na	na	na	na	na	na	na	na	na	na	na	na	na	0	na	na	na	na	na	na	na	0	na	na	na	na	na	na	0	na	1	1	0	0	na
skull_pile	1	1	0	2	1	0	0	0	0	0	0	0	0	0	0	0	0	0	0	$piece_skullpile	1	0	25	0	1	0	0	0	0	na	na	na	na	na	na	0	na	0	na	na	0	na
Skull1	1	1	0	0	0	na	na	na	na	na	na	na	na	na	na	na	na	na	na	na	0	na	na	na	na	na	na	na	0	na	na	na	na	na	na	0	na	0	na	na	0	na
Skull2	1	1	0	0	0	na	na	na	na	na	na	na	na	na	na	na	na	na	na	na	0	na	na	na	na	na	na	na	0	na	na	na	na	na	na	0	na	0	na	na	0	na
Sled	1	1	0	0	1	0	0	0	0	1	0	0	0	0	1	0	0	0	0	$tool_sled	1	0	500	0	0	0	0	0	0	na	na	na	na	na	na	1	0.5	1	10	0	0	na
sledge_aoe	1	0	0	0	0	na	na	na	na	na	na	na	na	na	na	na	na	na	na	na	0	na	na	na	na	na	na	na	0	na	na	na	na	na	na	0	na	0	na	na	0	na
SledgeCheat	1	1	0	0	0	na	na	na	na	na	na	na	na	na	na	na	na	na	na	na	0	na	na	na	na	na	na	na	0	na	na	na	na	na	na	0	na	1	1	0	0	na
SledgeDemolisher	1	1	0	0	0	na	na	na	na	na	na	na	na	na	na	na	na	na	na	na	0	na	na	na	na	na	na	na	0	na	na	na	na	na	na	0	na	1	1	0	0	na
SledgeGold	1	1	0	0	0	na	na	na	na	na	na	na	na	na	na	na	na	na	na	na	0	na	na	na	na	na	na	na	0	na	na	na	na	na	na	0	na	1	1	0	0	na
SledgeGold_BloodLightning	1	1	0	0	0	na	na	na	na	na	na	na	na	na	na	na	na	na	na	na	0	na	na	na	na	na	na	na	0	na	na	na	na	na	na	0	na	1	1	0	0	na
SledgeGold_FrostFire	1	1	0	0	0	na	na	na	na	na	na	na	na	na	na	na	na	na	na	na	0	na	na	na	na	na	na	na	0	na	na	na	na	na	na	0	na	1	1	0	0	na
SledgeGoldUncooked	1	1	0	0	0	na	na	na	na	na	na	na	na	na	na	na	na	na	na	na	0	na	na	na	na	na	na	na	0	na	na	na	na	na	na	0	na	1	1	0	0	na
SledgeIron	1	1	0	0	0	na	na	na	na	na	na	na	na	na	na	na	na	na	na	na	0	na	na	na	na	na	na	na	0	na	na	na	na	na	na	0	na	1	1	0	0	na
SledgeStagbreaker	1	1	0	0	0	na	na	na	na	na	na	na	na	na	na	na	na	na	na	na	0	na	na	na	na	na	na	na	0	na	na	na	na	na	na	1	0.1	1	1	0	0	na
SledgeWood	1	1	0	0	0	na	na	na	na	na	na	na	na	na	na	na	na	na	na	na	0	na	na	na	na	na	na	na	0	na	na	na	na	na	na	0	na	1	1	0	0	na
SmallPartsGoldUncooked	1	1	0	0	0	na	na	na	na	na	na	na	na	na	na	na	na	na	na	na	0	na	na	na	na	na	na	na	0	na	na	na	na	na	na	0	na	1	1	0	0	na
smelter	1	1	0	2	1	0	1	0	0	1	0	1	1	0	1	0	0	0	1	$piece_smelter	1	1	2000	1	1	0	0	0	0	na	na	na	na	na	na	0	na	0	na	na	0	na
smokebomb_explosion	1	0	0	0	0	na	na	na	na	na	na	na	na	na	na	na	na	na	na	na	0	na	na	na	na	na	na	na	0	na	na	na	na	na	na	0	na	0	na	na	0	na
smokebomb_projectile	1	0	0	0	0	na	na	na	na	na	na	na	na	na	na	na	na	na	na	na	0	na	na	na	na	na	na	na	0	na	na	na	na	na	na	0	na	0	na	na	0	na
SmokedFish	1	1	0	0	1	0	1	0	0	0	0	0	1	0	1	0	0	0	6	$item_smokedfish	1	0	10	0	1	1	0	0	0	na	na	na	na	na	na	0	na	1	1	0	0	na
SmokedMooseMeat	1	1	0	0	1	0	1	0	0	0	0	0	1	0	1	0	0	0	6	$item_smokedmoosemeat	1	0	10	0	1	1	0	0	0	na	na	na	na	na	na	0	na	1	1	0	0	na
Snowball	1	1	0	0	0	na	na	na	na	na	na	na	na	na	na	na	na	na	na	na	0	na	na	na	na	na	na	na	0	na	na	na	na	na	na	0	na	1	1	0	0	na
snowball_projectile	1	0	0	0	0	na	na	na	na	na	na	na	na	na	na	na	na	na	na	na	0	na	na	na	na	na	na	na	0	na	na	na	na	na	na	0	na	0	na	na	0	na
SnowballBig	1	1	0	0	0	na	na	na	na	na	na	na	na	na	na	na	na	na	na	na	0	na	na	na	na	na	na	na	0	na	na	na	na	na	na	0	na	1	1	0	0	na
snowballbig_projectile	1	0	0	0	0	na	na	na	na	na	na	na	na	na	na	na	na	na	na	na	0	na	na	na	na	na	na	na	0	na	na	na	na	na	na	0	na	0	na	na	0	na
SnowFirTree	1	1	1	2	0	na	na	na	na	na	na	na	na	na	na	na	na	na	na	na	0	na	na	na	na	na	na	na	0	na	na	na	na	na	na	0	na	0	na	na	0	na
SnowFirTree 2	1	1	1	2	0	na	na	na	na	na	na	na	na	na	na	na	na	na	na	na	0	na	na	na	na	na	na	na	0	na	na	na	na	na	na	0	na	0	na	na	0	na
SnowFirTree_small	1	1	1	2	0	na	na	na	na	na	na	na	na	na	na	na	na	na	na	na	0	na	na	na	na	na	na	na	0	na	na	na	na	na	na	0	na	0	na	na	0	na
SnowFirTree_snowfall	1	0	0	0	0	na	na	na	na	na	na	na	na	na	na	na	na	na	na	na	0	na	na	na	na	na	na	na	0	na	na	na	na	na	na	0	na	0	na	na	0	na
SnowFirTree2_snowfall	1	0	0	0	0	na	na	na	na	na	na	na	na	na	na	na	na	na	na	na	0	na	na	na	na	na	na	na	0	na	na	na	na	na	na	0	na	0	na	na	0	na
SnowFirTreeSmall_snowfall	1	0	0	0	0	na	na	na	na	na	na	na	na	na	na	na	na	na	na	na	0	na	na	na	na	na	na	na	0	na	na	na	na	na	na	0	na	0	na	na	0	na
SnowRoller	1	1	0	0	0	na	na	na	na	na	na	na	na	na	na	na	na	na	na	na	0	na	na	na	na	na	na	na	0	na	na	na	na	na	na	0	na	1	60	0	0	na
Softtissue	1	1	0	0	0	na	na	na	na	na	na	na	na	na	na	na	na	na	na	na	0	na	na	na	na	na	na	na	0	na	na	na	na	na	na	0	na	1	1	0	0	na
SP_ArmorBronzeChest	1	1	0	0	0	na	na	na	na	na	na	na	na	na	na	na	na	na	na	na	0	na	na	na	na	na	na	na	0	na	na	na	na	na	na	0	na	1	10	0	0	na
SP_ArmorBronzeLegs	1	1	0	0	0	na	na	na	na	na	na	na	na	na	na	na	na	na	na	na	0	na	na	na	na	na	na	na	0	na	na	na	na	na	na	0	na	1	10	0	0	na
SP_ArmorDress1	1	1	0	0	0	na	na	na	na	na	na	na	na	na	na	na	na	na	na	na	0	na	na	na	na	na	na	na	0	na	na	na	na	na	na	0	na	1	10	0	0	na
SP_ArmorFenringChest	1	1	0	0	0	na	na	na	na	na	na	na	na	na	na	na	na	na	na	na	0	na	na	na	na	na	na	na	0	na	na	na	na	na	na	0	na	1	10	0	0	na
SP_ArmorFenringLegs	1	1	0	0	0	na	na	na	na	na	na	na	na	na	na	na	na	na	na	na	0	na	na	na	na	na	na	na	0	na	na	na	na	na	na	0	na	1	10	0	0	na
SP_ArmorLeatherLegs	1	1	0	0	0	na	na	na	na	na	na	na	na	na	na	na	na	na	na	na	0	na	na	na	na	na	na	na	0	na	na	na	na	na	na	0	na	1	10	0	0	na
SP_ArmorMageChest	1	1	0	0	0	na	na	na	na	na	na	na	na	na	na	na	na	na	na	na	0	na	na	na	na	na	na	na	0	na	na	na	na	na	na	0	na	1	10	0	0	na
SP_ArmorMageChest_Ashlands	1	1	0	0	0	na	na	na	na	na	na	na	na	na	na	na	na	na	na	na	0	na	na	na	na	na	na	na	0	na	na	na	na	na	na	0	na	1	10	0	0	na
SP_ArmorMageLegs	1	1	0	0	0	na	na	na	na	na	na	na	na	na	na	na	na	na	na	na	0	na	na	na	na	na	na	na	0	na	na	na	na	na	na	0	na	1	10	0	0	na
SP_ArmorMageLegs_Ashlands	1	1	0	0	0	na	na	na	na	na	na	na	na	na	na	na	na	na	na	na	0	na	na	na	na	na	na	na	0	na	na	na	na	na	na	0	na	1	10	0	0	na
SP_ArmorPaddedCuirass	1	1	0	0	0	na	na	na	na	na	na	na	na	na	na	na	na	na	na	na	0	na	na	na	na	na	na	na	0	na	na	na	na	na	na	0	na	1	10	0	0	na
SP_ArmorPaddedGreaves	1	1	0	0	0	na	na	na	na	na	na	na	na	na	na	na	na	na	na	na	0	na	na	na	na	na	na	na	0	na	na	na	na	na	na	0	na	1	10	0	0	na
SP_ArmorTrollLeatherChest	1	1	0	0	0	na	na	na	na	na	na	na	na	na	na	na	na	na	na	na	0	na	na	na	na	na	na	na	0	na	na	na	na	na	na	0	na	1	10	0	0	na
SP_ArmorTrollLeatherLegs	1	1	0	0	0	na	na	na	na	na	na	na	na	na	na	na	na	na	na	na	0	na	na	na	na	na	na	na	0	na	na	na	na	na	na	0	na	1	10	0	0	na
SP_ArmorTunic5	1	1	0	0	0	na	na	na	na	na	na	na	na	na	na	na	na	na	na	na	0	na	na	na	na	na	na	na	0	na	na	na	na	na	na	0	na	1	10	0	0	na
SP_AxeBronze	1	1	0	0	0	na	na	na	na	na	na	na	na	na	na	na	na	na	na	na	0	na	na	na	na	na	na	na	0	na	na	na	na	na	na	0	na	1	1	0	0	na
SP_BattleaxeCrystal	1	1	0	0	0	na	na	na	na	na	na	na	na	na	na	na	na	na	na	na	0	na	na	na	na	na	na	na	0	na	na	na	na	na	na	0	na	1	1	0	0	na
SP_BowDraugrFang	1	1	0	0	0	na	na	na	na	na	na	na	na	na	na	na	na	na	na	na	0	na	na	na	na	na	na	na	0	na	na	na	na	na	na	1	0.2	1	1	0	0	na
SP_CapeLinen	1	1	0	0	0	na	na	na	na	na	na	na	na	na	na	na	na	na	na	na	0	na	na	na	na	na	na	na	0	na	na	na	na	na	na	0	na	1	1	0	0	na
SP_CapeTrollHide	1	1	0	0	0	na	na	na	na	na	na	na	na	na	na	na	na	na	na	na	0	na	na	na	na	na	na	na	0	na	na	na	na	na	na	0	na	1	10	0	0	na
SP_CapeWolf	1	1	0	0	0	na	na	na	na	na	na	na	na	na	na	na	na	na	na	na	0	na	na	na	na	na	na	na	0	na	na	na	na	na	na	0	na	1	10	0	0	na
SP_HelmetBronze	1	1	0	0	0	na	na	na	na	na	na	na	na	na	na	na	na	na	na	na	0	na	na	na	na	na	na	na	0	na	na	na	na	na	na	0	na	1	1	0	0	na
SP_KnifeSilver	1	1	0	0	0	na	na	na	na	na	na	na	na	na	na	na	na	na	na	na	0	na	na	na	na	na	na	na	0	na	na	na	na	na	na	0	na	1	1	0	0	na
SP_KnifeSkollAndHati	1	1	0	0	0	na	na	na	na	na	na	na	na	na	na	na	na	na	na	na	0	na	na	na	na	na	na	na	0	na	na	na	na	na	na	0	na	1	1	0	0	na
SP_ShieldBlackmetalTower	1	1	0	0	0	na	na	na	na	na	na	na	na	na	na	na	na	na	na	na	0	na	na	na	na	na	na	na	0	na	na	na	na	na	na	1	0.67	1	1	0	0	na
SP_StaffFireball	1	1	0	0	0	na	na	na	na	na	na	na	na	na	na	na	na	na	na	na	0	na	na	na	na	na	na	na	0	na	na	na	na	na	na	0	na	1	1	0	0	na
SP_StaffLightning	1	1	0	0	0	na	na	na	na	na	na	na	na	na	na	na	na	na	na	na	0	na	na	na	na	na	na	na	0	na	na	na	na	na	na	1	0.2	1	1	0	0	na
SP_SwordBlackmetal	1	1	0	0	0	na	na	na	na	na	na	na	na	na	na	na	na	na	na	na	0	na	na	na	na	na	na	na	0	na	na	na	na	na	na	0	na	1	1	0	0	na
Sparkler	1	1	0	0	0	na	na	na	na	na	na	na	na	na	na	na	na	na	na	na	0	na	na	na	na	na	na	na	0	na	na	na	na	na	na	0	na	1	1	0	0	na
SparklingShroomshake	1	1	0	0	1	0	1	0	0	0	0	0	1	0	1	0	0	0	6	$item_sparklingshroomshake	1	0	10	0	1	1	0	0	0	na	na	na	na	na	na	0	na	1	1	0	0	na
Spawner_Bat	1	1	0	0	0	na	na	na	na	na	na	na	na	na	na	na	na	na	na	na	0	na	na	na	na	na	na	na	0	na	na	na	na	na	na	0	na	0	na	na	0	na
Spawner_Bjorn_sleeping	1	1	0	0	0	na	na	na	na	na	na	na	na	na	na	na	na	na	na	na	0	na	na	na	na	na	na	na	0	na	na	na	na	na	na	0	na	0	na	na	0	na
Spawner_Blob	1	1	0	0	0	na	na	na	na	na	na	na	na	na	na	na	na	na	na	na	0	na	na	na	na	na	na	na	0	na	na	na	na	na	na	0	na	0	na	na	0	na
Spawner_BlobElite	1	1	0	0	0	na	na	na	na	na	na	na	na	na	na	na	na	na	na	na	0	na	na	na	na	na	na	na	0	na	na	na	na	na	na	0	na	0	na	na	0	na
Spawner_BlobTar	1	1	0	0	0	na	na	na	na	na	na	na	na	na	na	na	na	na	na	na	0	na	na	na	na	na	na	na	0	na	na	na	na	na	na	0	na	0	na	na	0	na
Spawner_BlobTar_respawn_30	1	1	0	0	0	na	na	na	na	na	na	na	na	na	na	na	na	na	na	na	0	na	na	na	na	na	na	na	0	na	na	na	na	na	na	0	na	0	na	na	0	na
Spawner_Boar	1	1	0	0	0	na	na	na	na	na	na	na	na	na	na	na	na	na	na	na	0	na	na	na	na	na	na	na	0	na	na	na	na	na	na	0	na	0	na	na	0	na
Spawner_BogWitchKvastur_respawn_30	1	1	0	0	0	na	na	na	na	na	na	na	na	na	na	na	na	na	na	na	0	na	na	na	na	na	na	na	0	na	na	na	na	na	na	0	na	0	na	na	0	na
Spawner_Charred	1	1	0	0	0	na	na	na	na	na	na	na	na	na	na	na	na	na	na	na	0	na	na	na	na	na	na	na	0	na	na	na	na	na	na	0	na	0	na	na	0	na
Spawner_Charred_Archer	1	1	0	0	0	na	na	na	na	na	na	na	na	na	na	na	na	na	na	na	0	na	na	na	na	na	na	na	0	na	na	na	na	na	na	0	na	0	na	na	0	na
Spawner_Charred_balista	1	1	0	0	0	na	na	na	na	na	na	na	na	na	na	na	na	na	na	na	0	na	na	na	na	na	na	na	0	na	na	na	na	na	na	0	na	0	na	na	0	na
Spawner_Charred_Dyrnwyn	1	1	0	0	0	na	na	na	na	na	na	na	na	na	na	na	na	na	na	na	0	na	na	na	na	na	na	na	0	na	na	na	na	na	na	0	na	0	na	na	0	na
Spawner_Charred_Mage	1	1	0	0	0	na	na	na	na	na	na	na	na	na	na	na	na	na	na	na	0	na	na	na	na	na	na	na	0	na	na	na	na	na	na	0	na	0	na	na	0	na
Spawner_CharredCross	1	1	0	0	0	na	na	na	na	na	na	na	na	na	na	na	na	na	na	na	0	na	na	na	na	na	na	na	0	na	na	na	na	na	na	0	na	0	na	na	0	na
Spawner_CharredStone	1	1	0	0	0	na	na	na	na	na	na	na	na	na	na	na	na	na	na	na	0	na	na	na	na	na	na	na	0	na	na	na	na	na	na	0	na	0	na	na	0	na
Spawner_CharredStone_Elite	1	1	0	0	0	na	na	na	na	na	na	na	na	na	na	na	na	na	na	na	0	na	na	na	na	na	na	na	0	na	na	na	na	na	na	0	na	0	na	na	0	na
Spawner_CharredStone_event	1	1	0	0	0	na	na	na	na	na	na	na	na	na	na	na	na	na	na	na	0	na	na	na	na	na	na	na	0	na	na	na	na	na	na	0	na	0	na	na	0	na
Spawner_Chicken	1	1	0	0	0	na	na	na	na	na	na	na	na	na	na	na	na	na	na	na	0	na	na	na	na	na	na	na	0	na	na	na	na	na	na	0	na	0	na	na	0	na
Spawner_Cultist	1	1	0	0	0	na	na	na	na	na	na	na	na	na	na	na	na	na	na	na	0	na	na	na	na	na	na	na	0	na	na	na	na	na	na	0	na	0	na	na	0	na
Spawner_Cultist_Hildir	1	1	0	0	0	na	na	na	na	na	na	na	na	na	na	na	na	na	na	na	0	na	na	na	na	na	na	na	0	na	na	na	na	na	na	0	na	0	na	na	0	na
Spawner_Cultist_Hildir_bossroom	1	1	0	0	0	na	na	na	na	na	na	na	na	na	na	na	na	na	na	na	0	na	na	na	na	na	na	na	0	na	na	na	na	na	na	0	na	0	na	na	0	na
Spawner_Draugr	1	1	0	0	0	na	na	na	na	na	na	na	na	na	na	na	na	na	na	na	0	na	na	na	na	na	na	na	0	na	na	na	na	na	na	0	na	0	na	na	0	na
Spawner_Draugr_Elite	1	1	0	0	0	na	na	na	na	na	na	na	na	na	na	na	na	na	na	na	0	na	na	na	na	na	na	na	0	na	na	na	na	na	na	0	na	0	na	na	0	na
Spawner_Draugr_Noise	1	1	0	0	0	na	na	na	na	na	na	na	na	na	na	na	na	na	na	na	0	na	na	na	na	na	na	na	0	na	na	na	na	na	na	0	na	0	na	na	0	na
Spawner_Draugr_Ranged	1	1	0	0	0	na	na	na	na	na	na	na	na	na	na	na	na	na	na	na	0	na	na	na	na	na	na	na	0	na	na	na	na	na	na	0	na	0	na	na	0	na
Spawner_Draugr_Ranged_Noise	1	1	0	0	0	na	na	na	na	na	na	na	na	na	na	na	na	na	na	na	0	na	na	na	na	na	na	na	0	na	na	na	na	na	na	0	na	0	na	na	0	na
Spawner_Draugr_respawn_30	1	1	0	0	0	na	na	na	na	na	na	na	na	na	na	na	na	na	na	na	0	na	na	na	na	na	na	na	0	na	na	na	na	na	na	0	na	0	na	na	0	na
Spawner_DraugrPile	1	1	0	0	0	na	na	na	na	na	na	na	na	na	na	na	na	na	na	na	0	na	na	na	na	na	na	na	0	na	na	na	na	na	na	0	na	0	na	na	0	na
Spawner_DvergerArbalest	1	1	0	0	0	na	na	na	na	na	na	na	na	na	na	na	na	na	na	na	0	na	na	na	na	na	na	na	0	na	na	na	na	na	na	0	na	0	na	na	0	na
Spawner_DvergerAshlands	1	1	0	0	0	na	na	na	na	na	na	na	na	na	na	na	na	na	na	na	0	na	na	na	na	na	na	na	0	na	na	na	na	na	na	0	na	0	na	na	0	na
Spawner_DvergerDeepNorth	1	1	0	0	0	na	na	na	na	na	na	na	na	na	na	na	na	na	na	na	0	na	na	na	na	na	na	na	0	na	na	na	na	na	na	0	na	0	na	na	0	na
Spawner_DvergerMage	1	1	0	0	0	na	na	na	na	na	na	na	na	na	na	na	na	na	na	na	0	na	na	na	na	na	na	na	0	na	na	na	na	na	na	0	na	0	na	na	0	na
Spawner_DvergerRandom	1	1	0	0	0	na	na	na	na	na	na	na	na	na	na	na	na	na	na	na	0	na	na	na	na	na	na	na	0	na	na	na	na	na	na	0	na	0	na	na	0	na
Spawner_ElakingMole_Wakeup	1	1	0	0	0	na	na	na	na	na	na	na	na	na	na	na	na	na	na	na	0	na	na	na	na	na	na	na	0	na	na	na	na	na	na	0	na	0	na	na	0	na
Spawner_FallenValkyrie	1	1	0	0	0	na	na	na	na	na	na	na	na	na	na	na	na	na	na	na	0	na	na	na	na	na	na	na	0	na	na	na	na	na	na	0	na	0	na	na	0	na
Spawner_Fenring	1	1	0	0	0	na	na	na	na	na	na	na	na	na	na	na	na	na	na	na	0	na	na	na	na	na	na	na	0	na	na	na	na	na	na	0	na	0	na	na	0	na
Spawner_Fish4	1	1	0	0	0	na	na	na	na	na	na	na	na	na	na	na	na	na	na	na	0	na	na	na	na	na	na	na	0	na	na	na	na	na	na	0	na	0	na	na	0	na
Spawner_Frysling	1	1	0	0	0	na	na	na	na	na	na	na	na	na	na	na	na	na	na	na	0	na	na	na	na	na	na	na	0	na	na	na	na	na	na	0	na	0	na	na	0	na
Spawner_Frysling_respawn_30	1	1	0	0	0	na	na	na	na	na	na	na	na	na	na	na	na	na	na	na	0	na	na	na	na	na	na	na	0	na	na	na	na	na	na	0	na	0	na	na	0	na
Spawner_Ghost	1	1	0	0	0	na	na	na	na	na	na	na	na	na	na	na	na	na	na	na	0	na	na	na	na	na	na	na	0	na	na	na	na	na	na	0	na	0	na	na	0	na
Spawner_Ghost_sleeping	1	1	0	0	0	na	na	na	na	na	na	na	na	na	na	na	na	na	na	na	0	na	na	na	na	na	na	na	0	na	na	na	na	na	na	0	na	0	na	na	0	na
Spawner_Ghost_Void	1	1	0	0	0	na	na	na	na	na	na	na	na	na	na	na	na	na	na	na	0	na	na	na	na	na	na	na	0	na	na	na	na	na	na	0	na	0	na	na	0	na
Spawner_Goblin	1	1	0	0	0	na	na	na	na	na	na	na	na	na	na	na	na	na	na	na	0	na	na	na	na	na	na	na	0	na	na	na	na	na	na	0	na	0	na	na	0	na
Spawner_GoblinArcher	1	1	0	0	0	na	na	na	na	na	na	na	na	na	na	na	na	na	na	na	0	na	na	na	na	na	na	na	0	na	na	na	na	na	na	0	na	0	na	na	0	na
Spawner_GoblinBrute	1	1	0	0	0	na	na	na	na	na	na	na	na	na	na	na	na	na	na	na	0	na	na	na	na	na	na	na	0	na	na	na	na	na	na	0	na	0	na	na	0	na
Spawner_GoblinBrute_Hildir	1	1	0	0	0	na	na	na	na	na	na	na	na	na	na	na	na	na	na	na	0	na	na	na	na	na	na	na	0	na	na	na	na	na	na	0	na	0	na	na	0	na
Spawner_GoblinDeepNorth	1	1	0	0	0	na	na	na	na	na	na	na	na	na	na	na	na	na	na	na	0	na	na	na	na	na	na	na	0	na	na	na	na	na	na	0	na	0	na	na	0	na
Spawner_GoblinShaman	1	1	0	0	0	na	na	na	na	na	na	na	na	na	na	na	na	na	na	na	0	na	na	na	na	na	na	na	0	na	na	na	na	na	na	0	na	0	na	na	0	na
Spawner_Greydwarf	1	1	0	0	0	na	na	na	na	na	na	na	na	na	na	na	na	na	na	na	0	na	na	na	na	na	na	na	0	na	na	na	na	na	na	0	na	0	na	na	0	na
Spawner_Greydwarf_Elite	1	1	0	0	0	na	na	na	na	na	na	na	na	na	na	na	na	na	na	na	0	na	na	na	na	na	na	na	0	na	na	na	na	na	na	0	na	0	na	na	0	na
Spawner_Greydwarf_Shaman	1	1	0	0	0	na	na	na	na	na	na	na	na	na	na	na	na	na	na	na	0	na	na	na	na	na	na	na	0	na	na	na	na	na	na	0	na	0	na	na	0	na
Spawner_Greydwarf_Surprise	1	1	0	0	0	na	na	na	na	na	na	na	na	na	na	na	na	na	na	na	0	na	na	na	na	na	na	na	0	na	na	na	na	na	na	0	na	0	na	na	0	na
Spawner_GreydwarfNest	1	1	0	0	0	na	na	na	na	na	na	na	na	na	na	na	na	na	na	na	0	na	na	na	na	na	na	na	0	na	na	na	na	na	na	0	na	0	na	na	0	na
Spawner_Hatchling	1	1	0	0	0	na	na	na	na	na	na	na	na	na	na	na	na	na	na	na	0	na	na	na	na	na	na	na	0	na	na	na	na	na	na	0	na	0	na	na	0	na
Spawner_Hen	1	1	0	0	0	na	na	na	na	na	na	na	na	na	na	na	na	na	na	na	0	na	na	na	na	na	na	na	0	na	na	na	na	na	na	0	na	0	na	na	0	na
Spawner_Hole	1	1	0	0	0	na	na	na	na	na	na	na	na	na	na	na	na	na	na	na	0	na	na	na	na	na	na	na	0	na	na	na	na	na	na	0	na	0	na	na	0	na
Spawner_Hole_double	1	1	0	0	0	na	na	na	na	na	na	na	na	na	na	na	na	na	na	na	0	na	na	na	na	na	na	na	0	na	na	na	na	na	na	0	na	0	na	na	0	na
Spawner_imp	1	1	0	0	0	na	na	na	na	na	na	na	na	na	na	na	na	na	na	na	0	na	na	na	na	na	na	na	0	na	na	na	na	na	na	0	na	0	na	na	0	na
Spawner_imp_respawn	1	1	0	0	0	na	na	na	na	na	na	na	na	na	na	na	na	na	na	na	0	na	na	na	na	na	na	na	0	na	na	na	na	na	na	0	na	0	na	na	0	na
Spawner_JotunDualWield	1	1	0	0	0	na	na	na	na	na	na	na	na	na	na	na	na	na	na	na	0	na	na	na	na	na	na	na	0	na	na	na	na	na	na	0	na	0	na	na	0	na
Spawner_JotunWarrior	1	1	0	0	0	na	na	na	na	na	na	na	na	na	na	na	na	na	na	na	0	na	na	na	na	na	na	na	0	na	na	na	na	na	na	0	na	0	na	na	0	na
Spawner_JotunWitch	1	1	0	0	0	na	na	na	na	na	na	na	na	na	na	na	na	na	na	na	0	na	na	na	na	na	na	na	0	na	na	na	na	na	na	0	na	0	na	na	0	na
Spawner_Kvastur	1	1	0	0	0	na	na	na	na	na	na	na	na	na	na	na	na	na	na	na	0	na	na	na	na	na	na	na	0	na	na	na	na	na	na	0	na	0	na	na	0	na
Spawner_Leech_cave	1	1	0	0	0	na	na	na	na	na	na	na	na	na	na	na	na	na	na	na	0	na	na	na	na	na	na	na	0	na	na	na	na	na	na	0	na	0	na	na	0	na
Spawner_Location_Elite	1	1	0	0	0	na	na	na	na	na	na	na	na	na	na	na	na	na	na	na	0	na	na	na	na	na	na	na	0	na	na	na	na	na	na	0	na	0	na	na	0	na
Spawner_Location_Greydwarf	1	1	0	0	0	na	na	na	na	na	na	na	na	na	na	na	na	na	na	na	0	na	na	na	na	na	na	na	0	na	na	na	na	na	na	0	na	0	na	na	0	na
Spawner_Location_Shaman	1	1	0	0	0	na	na	na	na	na	na	na	na	na	na	na	na	na	na	na	0	na	na	na	na	na	na	na	0	na	na	na	na	na	na	0	na	0	na	na	0	na
Spawner_Morgen	1	1	0	0	0	na	na	na	na	na	na	na	na	na	na	na	na	na	na	na	0	na	na	na	na	na	na	na	0	na	na	na	na	na	na	0	na	0	na	na	0	na
Spawner_Morgen_wakeup	1	1	0	0	0	na	na	na	na	na	na	na	na	na	na	na	na	na	na	na	0	na	na	na	na	na	na	na	0	na	na	na	na	na	na	0	na	0	na	na	0	na
Spawner_Seeker	1	1	0	0	0	na	na	na	na	na	na	na	na	na	na	na	na	na	na	na	0	na	na	na	na	na	na	na	0	na	na	na	na	na	na	0	na	0	na	na	0	na
Spawner_Seeker_respawn_240	1	1	0	0	0	na	na	na	na	na	na	na	na	na	na	na	na	na	na	na	0	na	na	na	na	na	na	na	0	na	na	na	na	na	na	0	na	0	na	na	0	na
Spawner_SeekerBrute	1	1	0	0	0	na	na	na	na	na	na	na	na	na	na	na	na	na	na	na	0	na	na	na	na	na	na	na	0	na	na	na	na	na	na	0	na	0	na	na	0	na
Spawner_SeekerBrute_respawn_240	1	1	0	0	0	na	na	na	na	na	na	na	na	na	na	na	na	na	na	na	0	na	na	na	na	na	na	na	0	na	na	na	na	na	na	0	na	0	na	na	0	na
Spawner_ShadowPerson	1	1	0	0	0	na	na	na	na	na	na	na	na	na	na	na	na	na	na	na	0	na	na	na	na	na	na	na	0	na	na	na	na	na	na	0	na	0	na	na	0	na
Spawner_Skeleton	1	1	0	0	0	na	na	na	na	na	na	na	na	na	na	na	na	na	na	na	0	na	na	na	na	na	na	na	0	na	na	na	na	na	na	0	na	0	na	na	0	na
Spawner_Skeleton_hildir	1	1	0	0	0	na	na	na	na	na	na	na	na	na	na	na	na	na	na	na	0	na	na	na	na	na	na	na	0	na	na	na	na	na	na	0	na	0	na	na	0	na
Spawner_Skeleton_hildir_bossroom	1	1	0	0	0	na	na	na	na	na	na	na	na	na	na	na	na	na	na	na	0	na	na	na	na	na	na	na	0	na	na	na	na	na	na	0	na	0	na	na	0	na
Spawner_Skeleton_Meadows	1	1	0	0	0	na	na	na	na	na	na	na	na	na	na	na	na	na	na	na	0	na	na	na	na	na	na	na	0	na	na	na	na	na	na	0	na	0	na	na	0	na
Spawner_Skeleton_Meadows_night_noarcher	1	1	0	0	0	na	na	na	na	na	na	na	na	na	na	na	na	na	na	na	0	na	na	na	na	na	na	na	0	na	na	na	na	na	na	0	na	0	na	na	0	na
Spawner_Skeleton_Mountains	1	1	0	0	0	na	na	na	na	na	na	na	na	na	na	na	na	na	na	na	0	na	na	na	na	na	na	na	0	na	na	na	na	na	na	0	na	0	na	na	0	na
Spawner_Skeleton_Mountains_night_noarcher	1	1	0	0	0	na	na	na	na	na	na	na	na	na	na	na	na	na	na	na	0	na	na	na	na	na	na	na	0	na	na	na	na	na	na	0	na	0	na	na	0	na
Spawner_Skeleton_night_noarcher	1	1	0	0	0	na	na	na	na	na	na	na	na	na	na	na	na	na	na	na	0	na	na	na	na	na	na	na	0	na	na	na	na	na	na	0	na	0	na	na	0	na
Spawner_Skeleton_poison	1	1	0	0	0	na	na	na	na	na	na	na	na	na	na	na	na	na	na	na	0	na	na	na	na	na	na	na	0	na	na	na	na	na	na	0	na	0	na	na	0	na
Spawner_Skeleton_respawn_30	1	1	0	0	0	na	na	na	na	na	na	na	na	na	na	na	na	na	na	na	0	na	na	na	na	na	na	na	0	na	na	na	na	na	na	0	na	0	na	na	0	na
Spawner_Skeleton_rise	1	1	0	0	0	na	na	na	na	na	na	na	na	na	na	na	na	na	na	na	0	na	na	na	na	na	na	na	0	na	na	na	na	na	na	0	na	0	na	na	0	na
Spawner_Skeleton_Swamp	1	1	0	0	0	na	na	na	na	na	na	na	na	na	na	na	na	na	na	na	0	na	na	na	na	na	na	na	0	na	na	na	na	na	na	0	na	0	na	na	0	na
Spawner_Skeleton_Swamp_night_noarcher	1	1	0	0	0	na	na	na	na	na	na	na	na	na	na	na	na	na	na	na	0	na	na	na	na	na	na	na	0	na	na	na	na	na	na	0	na	0	na	na	0	na
Spawner_StoneGolem	1	1	0	0	0	na	na	na	na	na	na	na	na	na	na	na	na	na	na	na	0	na	na	na	na	na	na	na	0	na	na	na	na	na	na	0	na	0	na	na	0	na
Spawner_Tick	1	1	0	0	0	na	na	na	na	na	na	na	na	na	na	na	na	na	na	na	0	na	na	na	na	na	na	na	0	na	na	na	na	na	na	0	na	0	na	na	0	na
Spawner_Tick_stared	1	1	0	0	0	na	na	na	na	na	na	na	na	na	na	na	na	na	na	na	0	na	na	na	na	na	na	na	0	na	na	na	na	na	na	0	na	0	na	na	0	na
Spawner_Tick_stared_respawn_240	1	1	0	0	0	na	na	na	na	na	na	na	na	na	na	na	na	na	na	na	0	na	na	na	na	na	na	na	0	na	na	na	na	na	na	0	na	0	na	na	0	na
Spawner_Troll	1	1	0	0	0	na	na	na	na	na	na	na	na	na	na	na	na	na	na	na	0	na	na	na	na	na	na	na	0	na	na	na	na	na	na	0	na	0	na	na	0	na
Spawner_TrollFrost	1	1	0	0	0	na	na	na	na	na	na	na	na	na	na	na	na	na	na	na	0	na	na	na	na	na	na	na	0	na	na	na	na	na	na	0	na	0	na	na	0	na
Spawner_Twitcher	1	1	0	0	0	na	na	na	na	na	na	na	na	na	na	na	na	na	na	na	0	na	na	na	na	na	na	na	0	na	na	na	na	na	na	0	na	0	na	na	0	na
Spawner_Ulv	1	1	0	0	0	na	na	na	na	na	na	na	na	na	na	na	na	na	na	na	0	na	na	na	na	na	na	na	0	na	na	na	na	na	na	0	na	0	na	na	0	na
Spawner_Volture	1	1	0	0	0	na	na	na	na	na	na	na	na	na	na	na	na	na	na	na	0	na	na	na	na	na	na	na	0	na	na	na	na	na	na	0	na	0	na	na	0	na
Spawner_Wraith	1	1	0	0	0	na	na	na	na	na	na	na	na	na	na	na	na	na	na	na	0	na	na	na	na	na	na	na	0	na	na	na	na	na	na	0	na	0	na	na	0	na
Spawner_Writhan	1	1	0	0	0	na	na	na	na	na	na	na	na	na	na	na	na	na	na	na	0	na	na	na	na	na	na	na	0	na	na	na	na	na	na	0	na	0	na	na	0	na
SpearBronze	1	1	0	0	0	na	na	na	na	na	na	na	na	na	na	na	na	na	na	na	0	na	na	na	na	na	na	na	0	na	na	na	na	na	na	1	0.4	1	1	0	0	na
SpearCarapace	1	1	0	0	0	na	na	na	na	na	na	na	na	na	na	na	na	na	na	na	0	na	na	na	na	na	na	na	0	na	na	na	na	na	na	1	0.4	1	1	0	0	na
SpearChitin	1	1	0	0	0	na	na	na	na	na	na	na	na	na	na	na	na	na	na	na	0	na	na	na	na	na	na	na	0	na	na	na	na	na	na	1	0.4	1	1	0	0	na
SpearElderbark	1	1	0	0	0	na	na	na	na	na	na	na	na	na	na	na	na	na	na	na	0	na	na	na	na	na	na	na	0	na	na	na	na	na	na	1	0.4	1	1	0	0	na
SpearFlint	1	1	0	0	0	na	na	na	na	na	na	na	na	na	na	na	na	na	na	na	0	na	na	na	na	na	na	na	0	na	na	na	na	na	na	1	0.4	1	1	0	0	na
SpearGold	1	1	0	0	0	na	na	na	na	na	na	na	na	na	na	na	na	na	na	na	0	na	na	na	na	na	na	na	0	na	na	na	na	na	na	1	0.4	1	1	0	0	na
SpearGold_BloodLightning	1	1	0	0	0	na	na	na	na	na	na	na	na	na	na	na	na	na	na	na	0	na	na	na	na	na	na	na	0	na	na	na	na	na	na	1	0.4	1	1	0	0	na
SpearGold_FrostFire	1	1	0	0	0	na	na	na	na	na	na	na	na	na	na	na	na	na	na	na	0	na	na	na	na	na	na	na	0	na	na	na	na	na	na	1	0.4	1	1	0	0	na
SpearGoldUncooked	1	1	0	0	0	na	na	na	na	na	na	na	na	na	na	na	na	na	na	na	0	na	na	na	na	na	na	na	0	na	na	na	na	na	na	1	0.4	1	1	0	0	na
SpearSplitner	1	1	0	0	0	na	na	na	na	na	na	na	na	na	na	na	na	na	na	na	0	na	na	na	na	na	na	na	0	na	na	na	na	na	na	1	0.4	1	1	0	0	na
SpearSplitner_Blood	1	1	0	0	0	na	na	na	na	na	na	na	na	na	na	na	na	na	na	na	0	na	na	na	na	na	na	na	0	na	na	na	na	na	na	1	0.4	1	1	0	0	na
SpearSplitner_Lightning	1	1	0	0	0	na	na	na	na	na	na	na	na	na	na	na	na	na	na	na	0	na	na	na	na	na	na	na	0	na	na	na	na	na	na	1	0.4	1	1	0	0	na
SpearSplitner_Nature	1	1	0	0	0	na	na	na	na	na	na	na	na	na	na	na	na	na	na	na	0	na	na	na	na	na	na	na	0	na	na	na	na	na	na	1	0.4	1	1	0	0	na
SpearWolfFang	1	1	0	0	0	na	na	na	na	na	na	na	na	na	na	na	na	na	na	na	0	na	na	na	na	na	na	na	0	na	na	na	na	na	na	1	0.4	1	1	0	0	na
SpearWood	1	1	0	0	0	na	na	na	na	na	na	na	na	na	na	na	na	na	na	na	0	na	na	na	na	na	na	na	0	na	na	na	na	na	na	1	0.4	1	1	0	0	na
SpiceAshlands	1	1	0	0	0	na	na	na	na	na	na	na	na	na	na	na	na	na	na	na	0	na	na	na	na	na	na	na	0	na	na	na	na	na	na	0	na	1	1	0	0	na
SpiceDeepNorth	1	1	0	0	0	na	na	na	na	na	na	na	na	na	na	na	na	na	na	na	0	na	na	na	na	na	na	na	0	na	na	na	na	na	na	0	na	1	1	0	0	na
SpiceForests	1	1	0	0	0	na	na	na	na	na	na	na	na	na	na	na	na	na	na	na	0	na	na	na	na	na	na	na	0	na	na	na	na	na	na	0	na	1	1	0	0	na
SpiceMistlands	1	1	0	0	0	na	na	na	na	na	na	na	na	na	na	na	na	na	na	na	0	na	na	na	na	na	na	na	0	na	na	na	na	na	na	0	na	1	1	0	0	na
SpiceMountains	1	1	0	0	0	na	na	na	na	na	na	na	na	na	na	na	na	na	na	na	0	na	na	na	na	na	na	na	0	na	na	na	na	na	na	0	na	1	1	0	0	na
SpiceOceans	1	1	0	0	0	na	na	na	na	na	na	na	na	na	na	na	na	na	na	na	0	na	na	na	na	na	na	na	0	na	na	na	na	na	na	0	na	1	1	0	0	na
SpicePlains	1	1	0	0	0	na	na	na	na	na	na	na	na	na	na	na	na	na	na	na	0	na	na	na	na	na	na	na	0	na	na	na	na	na	na	0	na	1	1	0	0	na
SpicyMarmalade	1	1	0	0	1	0	1	0	0	0	0	0	1	0	1	0	0	0	6	$item_spicymarmalade	1	0	10	0	1	1	0	0	0	na	na	na	na	na	na	0	na	1	1	0	0	na
spiritbjorn_bite	1	0	0	0	0	na	na	na	na	na	na	na	na	na	na	na	na	na	na	na	0	na	na	na	na	na	na	na	0	na	na	na	na	na	na	0	na	1	1	0	0	na
spiritbjorn_claws	1	0	0	0	0	na	na	na	na	na	na	na	na	na	na	na	na	na	na	na	0	na	na	na	na	na	na	na	0	na	na	na	na	na	na	0	na	1	1	0	0	na
spiritbjorn_swipe_combo	1	0	0	0	0	na	na	na	na	na	na	na	na	na	na	na	na	na	na	na	0	na	na	na	na	na	na	na	0	na	na	na	na	na	na	0	na	1	1	0	0	na
spiritbjorn_swipe_l	1	0	0	0	0	na	na	na	na	na	na	na	na	na	na	na	na	na	na	na	0	na	na	na	na	na	na	na	0	na	na	na	na	na	na	0	na	1	1	0	0	na
spiritbjorn_swipe_r	1	0	0	0	0	na	na	na	na	na	na	na	na	na	na	na	na	na	na	na	0	na	na	na	na	na	na	na	0	na	na	na	na	na	na	0	na	1	1	0	0	na
staff_clusterbombstaff_projectile	1	0	0	0	0	na	na	na	na	na	na	na	na	na	na	na	na	na	na	na	0	na	na	na	na	na	na	na	0	na	na	na	na	na	na	0	na	0	na	na	0	na
staff_clusterbombstaff_splinter_projectile	1	0	0	0	0	na	na	na	na	na	na	na	na	na	na	na	na	na	na	na	0	na	na	na	na	na	na	na	0	na	na	na	na	na	na	0	na	0	na	na	0	na
staff_fireball_projectile	1	0	0	0	0	na	na	na	na	na	na	na	na	na	na	na	na	na	na	na	0	na	na	na	na	na	na	na	0	na	na	na	na	na	na	0	na	0	na	na	0	na
staff_FrostOrbs_aoe	1	0	0	0	0	na	na	na	na	na	na	na	na	na	na	na	na	na	na	na	0	na	na	na	na	na	na	na	0	na	na	na	na	na	na	0	na	0	na	na	0	na
staff_FrostOrbs_projectile	1	0	0	0	0	na	na	na	na	na	na	na	na	na	na	na	na	na	na	na	0	na	na	na	na	na	na	na	0	na	na	na	na	na	na	0	na	0	na	na	0	na
staff_greenroots_projectile	1	0	0	0	0	na	na	na	na	na	na	na	na	na	na	na	na	na	na	na	0	na	na	na	na	na	na	na	0	na	na	na	na	na	na	0	na	0	na	na	0	na
staff_greenroots_tentaroot	1	1	0	0	0	na	na	na	na	na	na	na	na	na	na	na	na	na	na	na	0	na	na	na	na	na	na	na	0	na	na	na	na	na	na	0	na	1	200	0	0	na
staff_greenroots_tentaroot_attack	1	1	0	0	0	na	na	na	na	na	na	na	na	na	na	na	na	na	na	na	0	na	na	na	na	na	na	na	0	na	na	na	na	na	na	0	na	1	1	0	0	na
staff_iceshard_projectile	1	0	0	0	0	na	na	na	na	na	na	na	na	na	na	na	na	na	na	na	0	na	na	na	na	na	na	na	0	na	na	na	na	na	na	0	na	0	na	na	0	na
staff_lightning_projectile	1	0	0	0	0	na	na	na	na	na	na	na	na	na	na	na	na	na	na	na	0	na	na	na	na	na	na	na	0	na	na	na	na	na	na	0	na	0	na	na	0	na
staff_OrbofAhri_aoe	1	0	0	0	0	na	na	na	na	na	na	na	na	na	na	na	na	na	na	na	0	na	na	na	na	na	na	na	0	na	na	na	na	na	na	0	na	0	na	na	0	na
staff_OrbofAhri_projectile	1	0	0	0	0	na	na	na	na	na	na	na	na	na	na	na	na	na	na	na	0	na	na	na	na	na	na	na	0	na	na	na	na	na	na	0	na	0	na	na	0	na
staff_OrbofAhri_projectile_return	1	0	0	0	0	na	na	na	na	na	na	na	na	na	na	na	na	na	na	na	0	na	na	na	na	na	na	na	0	na	na	na	na	na	na	0	na	0	na	na	0	na
staff_redtroll_aoe	1	0	0	0	0	na	na	na	na	na	na	na	na	na	na	na	na	na	na	na	0	na	na	na	na	na	na	na	0	na	na	na	na	na	na	0	na	0	na	na	0	na
staff_shield_aoe	1	0	0	0	0	na	na	na	na	na	na	na	na	na	na	na	na	na	na	na	0	na	na	na	na	na	na	na	0	na	na	na	na	na	na	0	na	0	na	na	0	na
staff_skeleton_projectile	1	0	0	0	0	na	na	na	na	na	na	na	na	na	na	na	na	na	na	na	0	na	na	na	na	na	na	na	0	na	na	na	na	na	na	0	na	0	na	na	0	na
staff_thunderblood_aoe	1	0	0	0	0	na	na	na	na	na	na	na	na	na	na	na	na	na	na	na	0	na	na	na	na	na	na	na	0	na	na	na	na	na	na	0	na	0	na	na	0	na
staff_thunderblood_projectile	1	0	0	0	0	na	na	na	na	na	na	na	na	na	na	na	na	na	na	na	0	na	na	na	na	na	na	na	0	na	na	na	na	na	na	0	na	0	na	na	0	na
StaffClusterbomb	1	1	0	0	0	na	na	na	na	na	na	na	na	na	na	na	na	na	na	na	0	na	na	na	na	na	na	na	0	na	na	na	na	na	na	0	na	1	1	0	0	na
StaffFireball	1	1	0	0	0	na	na	na	na	na	na	na	na	na	na	na	na	na	na	na	0	na	na	na	na	na	na	na	0	na	na	na	na	na	na	0	na	1	1	0	0	na
StaffFrostOrbs	1	1	0	0	0	na	na	na	na	na	na	na	na	na	na	na	na	na	na	na	0	na	na	na	na	na	na	na	0	na	na	na	na	na	na	0	na	1	1	0	0	na
StaffFrostOrbsUncooked	1	1	0	0	0	na	na	na	na	na	na	na	na	na	na	na	na	na	na	na	0	na	na	na	na	na	na	na	0	na	na	na	na	na	na	0	na	1	1	0	0	na
StaffGreenRoots	1	1	0	0	0	na	na	na	na	na	na	na	na	na	na	na	na	na	na	na	0	na	na	na	na	na	na	na	0	na	na	na	na	na	na	0	na	1	1	0	0	na
StaffIceShards	1	1	0	0	0	na	na	na	na	na	na	na	na	na	na	na	na	na	na	na	0	na	na	na	na	na	na	na	0	na	na	na	na	na	na	0	na	1	1	0	0	na
StaffLightning	1	1	0	0	0	na	na	na	na	na	na	na	na	na	na	na	na	na	na	na	0	na	na	na	na	na	na	na	0	na	na	na	na	na	na	1	0.2	1	1	0	0	na
StaffOrbofAhri	1	1	0	0	0	na	na	na	na	na	na	na	na	na	na	na	na	na	na	na	0	na	na	na	na	na	na	na	0	na	na	na	na	na	na	0	na	1	1	0	0	na
StaffOrbofAhriUncooked	1	1	0	0	0	na	na	na	na	na	na	na	na	na	na	na	na	na	na	na	0	na	na	na	na	na	na	na	0	na	na	na	na	na	na	0	na	1	1	0	0	na
StaffRedTroll	1	1	0	0	0	na	na	na	na	na	na	na	na	na	na	na	na	na	na	na	0	na	na	na	na	na	na	na	0	na	na	na	na	na	na	0	na	1	1	0	0	na
StaffShield	1	1	0	0	0	na	na	na	na	na	na	na	na	na	na	na	na	na	na	na	0	na	na	na	na	na	na	na	0	na	na	na	na	na	na	0	na	1	1	0	0	na
StaffSkeleton	1	1	0	0	0	na	na	na	na	na	na	na	na	na	na	na	na	na	na	na	0	na	na	na	na	na	na	na	0	na	na	na	na	na	na	0	na	1	1	0	0	na
StaffSpiritCaller	1	1	0	0	0	na	na	na	na	na	na	na	na	na	na	na	na	na	na	na	0	na	na	na	na	na	na	na	0	na	na	na	na	na	na	0	na	1	1	0	0	na
StaffSpiritCallerUncooked	1	1	0	0	0	na	na	na	na	na	na	na	na	na	na	na	na	na	na	na	0	na	na	na	na	na	na	na	0	na	na	na	na	na	na	0	na	1	1	0	0	na
StaffThunderBlood	1	1	0	0	0	na	na	na	na	na	na	na	na	na	na	na	na	na	na	na	0	na	na	na	na	na	na	na	0	na	na	na	na	na	na	0	na	1	1	0	0	na
StaffThunderbloodUncooked	1	1	0	0	0	na	na	na	na	na	na	na	na	na	na	na	na	na	na	na	0	na	na	na	na	na	na	na	0	na	na	na	na	na	na	0	na	1	1	0	0	na
stake_wall	1	1	0	2	1	0	0	0	0	1	0	0	0	0	0	0	0	0	0	$piece_stakewall	1	0	1000	1	1	0	0	0	0	na	na	na	na	na	na	0	na	0	na	na	0	na
StaminaUpgrade_Greydwarf	1	1	0	0	0	na	na	na	na	na	na	na	na	na	na	na	na	na	na	na	0	na	na	na	na	na	na	na	0	na	na	na	na	na	na	1	0.52	1	1	0	0	na
StaminaUpgrade_Troll	1	1	0	0	0	na	na	na	na	na	na	na	na	na	na	na	na	na	na	na	0	na	na	na	na	na	na	na	0	na	na	na	na	na	na	1	0.52	1	1	0	0	na
StaminaUpgrade_Wraith	1	1	0	0	0	na	na	na	na	na	na	na	na	na	na	na	na	na	na	na	0	na	na	na	na	na	na	na	0	na	na	na	na	na	na	1	0.52	1	1	0	0	na
StartPlatform	1	1	0	2	0	na	na	na	na	na	na	na	na	na	na	na	na	na	na	na	0	na	na	na	na	na	na	na	0	na	na	na	na	na	na	0	na	0	na	na	0	na
StatueCorgi	1	1	0	0	0	na	na	na	na	na	na	na	na	na	na	na	na	na	na	na	0	na	na	na	na	na	na	na	0	na	na	na	na	na	na	0	na	0	na	na	0	na
StatueDeer	1	1	0	0	0	na	na	na	na	na	na	na	na	na	na	na	na	na	na	na	0	na	na	na	na	na	na	na	0	na	na	na	na	na	na	0	na	0	na	na	0	na
StatueEvil	1	1	0	0	0	na	na	na	na	na	na	na	na	na	na	na	na	na	na	na	0	na	na	na	na	na	na	na	0	na	na	na	na	na	na	0	na	0	na	na	0	na
StatueFreya	1	1	0	0	0	na	na	na	na	na	na	na	na	na	na	na	na	na	na	na	0	na	na	na	na	na	na	na	0	na	na	na	na	na	na	0	na	0	na	na	0	na
StatueFreya_broken_left	1	1	0	0	0	na	na	na	na	na	na	na	na	na	na	na	na	na	na	na	0	na	na	na	na	na	na	na	0	na	na	na	na	na	na	0	na	0	na	na	0	na
StatueFreya_broken_right	1	1	0	0	0	na	na	na	na	na	na	na	na	na	na	na	na	na	na	na	0	na	na	na	na	na	na	na	0	na	na	na	na	na	na	0	na	0	na	na	0	na
StatueHare	1	1	0	0	0	na	na	na	na	na	na	na	na	na	na	na	na	na	na	na	0	na	na	na	na	na	na	na	0	na	na	na	na	na	na	0	na	0	na	na	0	na
StatueSeed	1	1	0	0	0	na	na	na	na	na	na	na	na	na	na	na	na	na	na	na	0	na	na	na	na	na	na	na	0	na	na	na	na	na	na	0	na	0	na	na	0	na
StatueThor	1	1	0	0	0	na	na	na	na	na	na	na	na	na	na	na	na	na	na	na	0	na	na	na	na	na	na	na	0	na	na	na	na	na	na	0	na	0	na	na	0	na
StatueThor_broken_bottom	1	1	0	0	0	na	na	na	na	na	na	na	na	na	na	na	na	na	na	na	0	na	na	na	na	na	na	na	0	na	na	na	na	na	na	0	na	0	na	na	0	na
StatueThor_broken_top	1	1	0	0	0	na	na	na	na	na	na	na	na	na	na	na	na	na	na	na	0	na	na	na	na	na	na	na	0	na	na	na	na	na	na	0	na	0	na	na	0	na
stave_beam_26	1	1	0	2	1	0	0	0	0	0	0	0	0	0	0	0	0	0	5	$piece_stavebeam26	1	8	800	1	1	0	0	0	0	na	na	na	na	na	na	0	na	0	na	na	0	na
stave_beam_2m	1	1	0	2	1	0	0	0	0	0	0	0	0	0	0	0	0	0	5	$piece_stavebeam2	1	8	800	1	1	1	0	0	0	na	na	na	na	na	na	0	na	0	na	na	0	na
stave_beam_45	1	1	0	2	1	0	0	0	0	0	0	0	0	0	0	0	0	0	5	$piece_stavebeam45	1	8	800	1	1	0	0	0	0	na	na	na	na	na	na	0	na	0	na	na	0	na
stave_beam_4m	1	1	0	2	1	0	0	0	0	0	0	0	0	0	0	0	0	0	5	$piece_stavebeam4	1	8	800	1	1	1	0	0	0	na	na	na	na	na	na	0	na	0	na	na	0	na
stave_beam_67	1	1	0	2	1	0	0	0	0	0	0	0	0	0	0	0	0	0	5	$piece_stavebeam67	1	8	800	1	1	0	0	0	0	na	na	na	na	na	na	0	na	0	na	na	0	na
stave_deco_beam_26	1	1	0	2	1	0	0	0	0	0	0	0	0	0	0	0	0	0	5	$piece_stavedecobeam26	1	8	800	1	1	0	0	0	0	na	na	na	na	na	na	0	na	0	na	na	0	na
stave_deco_beam_2m	1	1	0	2	1	0	0	0	0	0	0	0	0	0	0	0	0	0	5	$piece_stave_deco_beam_2m	1	8	800	1	1	1	0	0	0	na	na	na	na	na	na	0	na	0	na	na	0	na
stave_deco_beam_45	1	1	0	2	1	0	0	0	0	0	0	0	0	0	0	0	0	0	5	$piece_stavedecobeam45	1	8	800	1	1	0	0	0	0	na	na	na	na	na	na	0	na	0	na	na	0	na
stave_deco_beam_67	1	1	0	2	1	0	0	0	0	0	0	0	0	0	0	0	0	0	5	$piece_stavedecobeam67	1	8	800	1	1	0	0	0	0	na	na	na	na	na	na	0	na	0	na	na	0	na
stave_deco_pole_2m	1	1	0	2	1	0	0	0	0	0	0	0	0	0	0	0	0	0	5	$piece_stave_deco_pole_2m	1	8	800	1	1	1	0	0	0	na	na	na	na	na	na	0	na	0	na	na	0	na
stave_deco_wall_2x2	1	1	0	2	1	0	0	0	0	0	0	0	0	0	0	0	0	0	5	$piece_deco_stave_wall	1	8	800	1	1	1	0	0	0	na	na	na	na	na	na	0	na	0	na	na	0	na
stave_gate	1	1	0	2	1	0	0	0	0	0	0	0	0	0	0	0	0	0	2	$piece_stavegate	1	3	1000	1	1	0	0	0	0	na	na	na	na	na	na	0	na	0	na	na	0	na
stave_pole_2m	1	1	0	2	1	0	0	0	0	0	0	0	0	0	0	0	0	0	5	$piece_stave_pole_2m	1	8	800	1	1	1	0	0	0	na	na	na	na	na	na	0	na	0	na	na	0	na
stave_pole_4m	1	1	0	2	1	0	0	0	0	0	0	0	0	0	0	0	0	0	5	$piece_stave_pole_4m	1	8	800	1	1	1	0	0	0	na	na	na	na	na	na	0	na	0	na	na	0	na
stave_wall_2x2	1	1	0	2	1	0	0	0	0	0	0	0	0	0	0	0	0	0	5	$piece_stave_wall	1	8	800	1	1	1	0	0	0	na	na	na	na	na	na	0	na	0	na	na	0	na
stave_wall_cross_26	1	1	0	2	1	0	0	0	0	0	0	0	0	0	0	0	0	0	5	$piece_stavecross26	1	8	800	1	1	0	0	0	0	na	na	na	na	na	na	0	na	0	na	na	0	na
stave_wall_cross_45	1	1	0	2	1	0	0	0	0	0	0	0	0	0	0	0	0	0	5	$piece_stavecross45	1	8	800	1	1	0	0	0	0	na	na	na	na	na	na	0	na	0	na	na	0	na
stave_wall_cross_67	1	1	0	2	1	0	0	0	0	0	0	0	0	0	0	0	0	0	5	$piece_stavewallrooftop67	1	8	800	1	1	0	0	0	0	na	na	na	na	na	na	0	na	0	na	na	0	na
Stone	1	1	0	0	0	na	na	na	na	na	na	na	na	na	na	na	na	na	na	na	0	na	na	na	na	na	na	na	0	na	na	na	na	na	na	0	na	1	1	0	0	na
stone_arch	1	1	0	2	1	0	0	0	0	0	0	0	0	0	0	0	0	0	3	$piece_stonearch	1	1	1500	1	1	0	0	0	0	na	na	na	na	na	na	0	na	0	na	na	0	na
stone_fence	1	1	0	2	1	0	0	0	0	0	0	0	0	0	0	0	0	0	0	$piece_stonefence	1	1	1500	1	1	0	0	0	0	na	na	na	na	na	na	0	na	0	na	na	0	na
stone_floor	1	1	0	2	1	0	0	0	0	1	0	0	0	0	0	0	0	0	3	$piece_stonefloor4x4	1	1	1500	1	1	0	0	0	0	na	na	na	na	na	na	0	na	0	na	na	0	na
stone_floor_2x2	1	1	0	2	1	0	0	0	0	1	0	0	0	0	0	0	0	0	3	$piece_stonefloor2x2	1	1	1500	1	1	0	0	0	0	na	na	na	na	na	na	0	na	0	na	na	0	na
stone_pile	1	1	0	2	1	0	0	0	0	0	0	0	0	0	0	0	0	0	0	$piece_stonepile	1	0	50	0	1	0	0	0	0	na	na	na	na	na	na	0	na	0	na	na	0	na
stone_pillar	1	1	0	2	1	0	0	0	0	0	0	0	0	0	0	0	0	0	3	$piece_stonepillar	1	1	1500	1	1	0	0	0	0	na	na	na	na	na	na	0	na	0	na	na	0	na
stone_stair	1	1	0	2	1	0	0	0	0	0	0	0	0	0	0	0	0	0	3	$piece_stonestair	1	1	1500	1	1	0	0	0	0	na	na	na	na	na	na	0	na	0	na	na	0	na
stone_wall_1x1	1	1	0	2	1	0	0	0	0	0	0	0	0	0	0	0	0	0	3	$piece_stonewall1x1	1	1	1500	1	1	0	0	0	0	na	na	na	na	na	na	0	na	0	na	na	0	na
stone_wall_1x1_ruin	1	1	0	2	0	na	na	na	na	na	na	na	na	na	na	na	na	na	na	na	1	1	200	1	1	0	0	0	0	na	na	na	na	na	na	0	na	0	na	na	0	na
stone_wall_2x1	1	1	0	2	1	0	0	0	0	0	0	0	0	0	0	0	0	0	3	$piece_stonewall2x1	1	1	1500	1	1	0	0	0	0	na	na	na	na	na	na	0	na	0	na	na	0	na
stone_wall_2x1_ruin	1	1	0	2	0	na	na	na	na	na	na	na	na	na	na	na	na	na	na	na	1	1	400	1	1	0	0	0	0	na	na	na	na	na	na	0	na	0	na	na	0	na
stone_wall_4x2	1	1	0	2	1	0	0	0	0	0	0	0	0	0	0	0	0	0	3	$piece_stonewall4x2	1	1	1500	1	1	0	0	0	0	na	na	na	na	na	na	0	na	0	na	na	0	na
stone_wall_ruin	1	1	0	2	0	na	na	na	na	na	na	na	na	na	na	na	na	na	na	na	1	1	600	1	1	0	0	0	0	na	na	na	na	na	na	0	na	0	na	na	0	na
stone_wall_ruin_2	1	1	0	2	0	na	na	na	na	na	na	na	na	na	na	na	na	na	na	na	1	1	600	1	1	0	0	0	0	na	na	na	na	na	na	0	na	0	na	na	0	na
stoneblock_fracture	1	1	0	2	0	na	na	na	na	na	na	na	na	na	na	na	na	na	na	na	0	na	na	na	na	na	na	na	0	na	na	na	na	na	na	0	na	0	na	na	0	na
stonechest	1	1	0	0	0	na	na	na	na	na	na	na	na	na	na	na	na	na	na	na	0	na	na	na	na	na	na	na	0	na	na	na	na	na	na	0	na	0	na	na	1	18
StoneGolem	1	1	0	0	0	na	na	na	na	na	na	na	na	na	na	na	na	na	na	na	0	na	na	na	na	na	na	na	0	na	na	na	na	na	na	0	na	1	50	0	0	na
stonegolem_attack1_spike	1	1	0	0	0	na	na	na	na	na	na	na	na	na	na	na	na	na	na	na	0	na	na	na	na	na	na	na	0	na	na	na	na	na	na	0	na	1	1.5	0	0	na
StoneGolem_clubs	1	1	0	0	0	na	na	na	na	na	na	na	na	na	na	na	na	na	na	na	0	na	na	na	na	na	na	na	0	na	na	na	na	na	na	0	na	1	1	0	0	na
StoneGolem_hat	1	1	0	0	0	na	na	na	na	na	na	na	na	na	na	na	na	na	na	na	0	na	na	na	na	na	na	na	0	na	na	na	na	na	na	0	na	1	1	0	0	na
Stonegolem_ragdoll	1	1	0	0	0	na	na	na	na	na	na	na	na	na	na	na	na	na	na	na	0	na	na	na	na	na	na	na	0	na	na	na	na	na	na	0	na	0	na	na	0	na
StoneGolem_spikes	1	1	0	0	0	na	na	na	na	na	na	na	na	na	na	na	na	na	na	na	0	na	na	na	na	na	na	na	0	na	na	na	na	na	na	0	na	1	1	0	0	na
StoneRock	1	1	0	0	0	na	na	na	na	na	na	na	na	na	na	na	na	na	na	na	0	na	na	na	na	na	na	na	0	na	na	na	na	na	na	0	na	1	1	0	0	na
stonewall_2	1	1	0	0	0	na	na	na	na	na	na	na	na	na	na	na	na	na	na	na	0	na	na	na	na	na	na	na	0	na	na	na	na	na	na	0	na	0	na	na	0	na
stonewall_3	1	1	0	0	0	na	na	na	na	na	na	na	na	na	na	na	na	na	na	na	0	na	na	na	na	na	na	na	0	na	na	na	na	na	na	0	na	0	na	na	0	na
stubbe	1	1	0	2	0	na	na	na	na	na	na	na	na	na	na	na	na	na	na	na	0	na	na	na	na	na	na	na	0	na	na	na	na	na	na	0	na	0	na	na	0	na
stubbe_deepnorth	1	1	0	2	0	na	na	na	na	na	na	na	na	na	na	na	na	na	na	na	0	na	na	na	na	na	na	na	0	na	na	na	na	na	na	0	na	0	na	na	0	na
stubbe_spawner	1	1	0	2	0	na	na	na	na	na	na	na	na	na	na	na	na	na	na	na	0	na	na	na	na	na	na	na	0	na	na	na	na	na	na	0	na	0	na	na	0	na
StumpHole	1	1	0	0	0	na	na	na	na	na	na	na	na	na	na	na	na	na	na	na	0	na	na	na	na	na	na	na	0	na	na	na	na	na	na	0	na	0	na	na	0	na
StumpHole_destroyed	1	0	0	0	0	na	na	na	na	na	na	na	na	na	na	na	na	na	na	na	0	na	na	na	na	na	na	na	0	na	na	na	na	na	na	0	na	0	na	na	0	na
StumpHut	1	1	0	0	0	na	na	na	na	na	na	na	na	na	na	na	na	na	na	na	0	na	na	na	na	na	na	na	0	na	na	na	na	na	na	0	na	0	na	na	0	na
StumpHut_frac	1	1	0	2	0	na	na	na	na	na	na	na	na	na	na	na	na	na	na	na	0	na	na	na	na	na	na	na	0	na	na	na	na	na	na	0	na	0	na	na	0	na
StumpLog	1	1	0	0	0	na	na	na	na	na	na	na	na	na	na	na	na	na	na	na	0	na	na	na	na	na	na	na	0	na	na	na	na	na	na	0	na	0	na	na	0	na
SulfurStone	1	1	0	0	0	na	na	na	na	na	na	na	na	na	na	na	na	na	na	na	0	na	na	na	na	na	na	na	0	na	na	na	na	na	na	0	na	1	1	0	0	na
sunken_crypt_gate	1	1	0	0	0	na	na	na	na	na	na	na	na	na	na	na	na	na	na	na	0	na	na	na	na	na	na	na	0	na	na	na	na	na	na	0	na	0	na	na	0	na
SunkenKit_int_towerwall_LOD	1	1	1	0	0	na	na	na	na	na	na	na	na	na	na	na	na	na	na	na	0	na	na	na	na	na	na	na	0	na	na	na	na	na	na	0	na	0	na	na	0	na
Surtling	1	1	0	0	0	na	na	na	na	na	na	na	na	na	na	na	na	na	na	na	0	na	na	na	na	na	na	na	0	na	na	na	na	na	na	0	na	1	8	0	0	na
SurtlingCore	1	1	0	0	0	na	na	na	na	na	na	na	na	na	na	na	na	na	na	na	0	na	na	na	na	na	na	na	0	na	na	na	na	na	na	0	na	1	1	0	0	na
SwampTree1	1	1	0	2	0	na	na	na	na	na	na	na	na	na	na	na	na	na	na	na	0	na	na	na	na	na	na	na	0	na	na	na	na	na	na	0	na	0	na	na	0	na
SwampTree1_log	1	1	0	0	0	na	na	na	na	na	na	na	na	na	na	na	na	na	na	na	0	na	na	na	na	na	na	na	0	na	na	na	na	na	na	1	0.3	1	100	0	0	na
SwampTree1_Stub	1	1	0	2	0	na	na	na	na	na	na	na	na	na	na	na	na	na	na	na	0	na	na	na	na	na	na	na	0	na	na	na	na	na	na	0	na	0	na	na	0	na
SwampTree2	1	1	1	2	0	na	na	na	na	na	na	na	na	na	na	na	na	na	na	na	0	na	na	na	na	na	na	na	0	na	na	na	na	na	na	0	na	0	na	na	0	na
SwampTree2_darkland	1	1	1	2	0	na	na	na	na	na	na	na	na	na	na	na	na	na	na	na	0	na	na	na	na	na	na	na	0	na	na	na	na	na	na	0	na	0	na	na	0	na
SwampTree2_log	1	1	0	2	0	na	na	na	na	na	na	na	na	na	na	na	na	na	na	na	0	na	na	na	na	na	na	na	0	na	na	na	na	na	na	0	na	0	na	na	0	na
Sword2h_JotunWarrior	1	1	0	0	0	na	na	na	na	na	na	na	na	na	na	na	na	na	na	na	0	na	na	na	na	na	na	na	0	na	na	na	na	na	na	1	0.67	1	1	0	0	na
SwordBlackmetal	1	1	0	0	0	na	na	na	na	na	na	na	na	na	na	na	na	na	na	na	0	na	na	na	na	na	na	na	0	na	na	na	na	na	na	0	na	1	1	0	0	na
SwordBronze	1	1	0	0	0	na	na	na	na	na	na	na	na	na	na	na	na	na	na	na	0	na	na	na	na	na	na	na	0	na	na	na	na	na	na	0	na	1	1	0	0	na
SwordCheat	1	1	0	0	0	na	na	na	na	na	na	na	na	na	na	na	na	na	na	na	0	na	na	na	na	na	na	na	0	na	na	na	na	na	na	0	na	1	1	0	0	na
SwordDyrnwyn	1	1	0	0	0	na	na	na	na	na	na	na	na	na	na	na	na	na	na	na	0	na	na	na	na	na	na	na	0	na	na	na	na	na	na	0	na	1	1	0	0	na
SwordGold	1	1	0	0	0	na	na	na	na	na	na	na	na	na	na	na	na	na	na	na	0	na	na	na	na	na	na	na	0	na	na	na	na	na	na	0	na	1	1	0	0	na
SwordGold_BloodLightning	1	1	0	0	0	na	na	na	na	na	na	na	na	na	na	na	na	na	na	na	0	na	na	na	na	na	na	na	0	na	na	na	na	na	na	0	na	1	1	0	0	na
SwordGold_FrostFire	1	1	0	0	0	na	na	na	na	na	na	na	na	na	na	na	na	na	na	na	0	na	na	na	na	na	na	na	0	na	na	na	na	na	na	0	na	1	1	0	0	na
SwordGoldUncooked	1	1	0	0	0	na	na	na	na	na	na	na	na	na	na	na	na	na	na	na	0	na	na	na	na	na	na	na	0	na	na	na	na	na	na	0	na	1	1	0	0	na
SwordIron	1	1	0	0	0	na	na	na	na	na	na	na	na	na	na	na	na	na	na	na	0	na	na	na	na	na	na	na	0	na	na	na	na	na	na	0	na	1	1	0	0	na
SwordIronFire	1	1	0	0	0	na	na	na	na	na	na	na	na	na	na	na	na	na	na	na	0	na	na	na	na	na	na	na	0	na	na	na	na	na	na	0	na	1	1	0	0	na
SwordMistwalker	1	1	0	0	0	na	na	na	na	na	na	na	na	na	na	na	na	na	na	na	0	na	na	na	na	na	na	na	0	na	na	na	na	na	na	0	na	1	1	0	0	na
SwordNiedhogg	1	1	0	0	0	na	na	na	na	na	na	na	na	na	na	na	na	na	na	na	0	na	na	na	na	na	na	na	0	na	na	na	na	na	na	0	na	1	1	0	0	na
SwordNiedhoggBlood	1	1	0	0	0	na	na	na	na	na	na	na	na	na	na	na	na	na	na	na	0	na	na	na	na	na	na	na	0	na	na	na	na	na	na	0	na	1	1	0	0	na
SwordNiedhoggLightning	1	1	0	0	0	na	na	na	na	na	na	na	na	na	na	na	na	na	na	na	0	na	na	na	na	na	na	na	0	na	na	na	na	na	na	0	na	1	1	0	0	na
SwordNiedhoggNature	1	1	0	0	0	na	na	na	na	na	na	na	na	na	na	na	na	na	na	na	0	na	na	na	na	na	na	na	0	na	na	na	na	na	na	0	na	1	1	0	0	na
SwordSilver	1	1	0	0	0	na	na	na	na	na	na	na	na	na	na	na	na	na	na	na	0	na	na	na	na	na	na	na	0	na	na	na	na	na	na	0	na	1	1	0	0	na
SwordWood	1	1	0	0	0	na	na	na	na	na	na	na	na	na	na	na	na	na	na	na	0	na	na	na	na	na	na	na	0	na	na	na	na	na	na	0	na	1	1	0	0	na
Tankard	1	1	0	0	0	na	na	na	na	na	na	na	na	na	na	na	na	na	na	na	0	na	na	na	na	na	na	na	0	na	na	na	na	na	na	0	na	1	1.5	0	0	na
Tankard_dvergr	1	1	0	0	0	na	na	na	na	na	na	na	na	na	na	na	na	na	na	na	0	na	na	na	na	na	na	na	0	na	na	na	na	na	na	0	na	1	1.5	0	0	na
TankardAnniversary	1	1	0	0	0	na	na	na	na	na	na	na	na	na	na	na	na	na	na	na	0	na	na	na	na	na	na	na	0	na	na	na	na	na	na	0	na	1	1.5	0	0	na
TankardOdin	1	1	0	0	0	na	na	na	na	na	na	na	na	na	na	na	na	na	na	na	0	na	na	na	na	na	na	na	0	na	na	na	na	na	na	0	na	1	1.5	0	0	na
Tar	1	1	0	0	0	na	na	na	na	na	na	na	na	na	na	na	na	na	na	na	0	na	na	na	na	na	na	na	0	na	na	na	na	na	na	1	0.1	1	1	0	0	na
TarLiquid	1	1	0	2	0	na	na	na	na	na	na	na	na	na	na	na	na	na	na	na	0	na	na	na	na	na	na	na	0	na	na	na	na	na	na	0	na	0	na	na	0	na
tarlump1	1	1	0	2	0	na	na	na	na	na	na	na	na	na	na	na	na	na	na	na	0	na	na	na	na	na	na	na	0	na	na	na	na	na	na	0	na	0	na	na	0	na
tarlump1_frac	1	1	0	2	0	na	na	na	na	na	na	na	na	na	na	na	na	na	na	na	0	na	na	na	na	na	na	na	0	na	na	na	na	na	na	0	na	0	na	na	0	na
Tendril	1	1	0	0	0	na	na	na	na	na	na	na	na	na	na	na	na	na	na	na	0	na	na	na	na	na	na	na	0	na	na	na	na	na	na	0	na	1	200	0	0	na
tendril_attack	1	1	0	0	0	na	na	na	na	na	na	na	na	na	na	na	na	na	na	na	0	na	na	na	na	na	na	na	0	na	na	na	na	na	na	0	na	1	1	0	0	na
Tendril_back	1	1	0	0	0	na	na	na	na	na	na	na	na	na	na	na	na	na	na	na	0	na	na	na	na	na	na	na	0	na	na	na	na	na	na	0	na	1	10	0	0	na
TentaRoot	1	1	0	0	0	na	na	na	na	na	na	na	na	na	na	na	na	na	na	na	0	na	na	na	na	na	na	na	0	na	na	na	na	na	na	0	na	1	200	0	0	na
tentaroot_attack	1	1	0	0	0	na	na	na	na	na	na	na	na	na	na	na	na	na	na	na	0	na	na	na	na	na	na	na	0	na	na	na	na	na	na	0	na	1	1	0	0	na
TentaRoot_wild	1	1	0	0	0	na	na	na	na	na	na	na	na	na	na	na	na	na	na	na	0	na	na	na	na	na	na	na	0	na	na	na	na	na	na	0	na	1	200	0	0	na
TheHive	1	1	0	0	0	na	na	na	na	na	na	na	na	na	na	na	na	na	na	na	0	na	na	na	na	na	na	na	0	na	na	na	na	na	na	0	na	1	1000	0	0	na
Thistle	1	1	0	0	0	na	na	na	na	na	na	na	na	na	na	na	na	na	na	na	0	na	na	na	na	na	na	na	0	na	na	na	na	na	na	0	na	1	1	0	0	na
THSwordGold	1	1	0	0	0	na	na	na	na	na	na	na	na	na	na	na	na	na	na	na	0	na	na	na	na	na	na	na	0	na	na	na	na	na	na	0	na	1	1	0	0	na
THSwordGold_BloodLightning	1	1	0	0	0	na	na	na	na	na	na	na	na	na	na	na	na	na	na	na	0	na	na	na	na	na	na	na	0	na	na	na	na	na	na	0	na	1	1	0	0	na
THSwordGold_FrostFire	1	1	0	0	0	na	na	na	na	na	na	na	na	na	na	na	na	na	na	na	0	na	na	na	na	na	na	na	0	na	na	na	na	na	na	0	na	1	1	0	0	na
THSwordGoldUncooked	1	1	0	0	0	na	na	na	na	na	na	na	na	na	na	na	na	na	na	na	0	na	na	na	na	na	na	na	0	na	na	na	na	na	na	0	na	1	1	0	0	na
THSwordKrom	1	1	0	0	0	na	na	na	na	na	na	na	na	na	na	na	na	na	na	na	0	na	na	na	na	na	na	na	0	na	na	na	na	na	na	0	na	1	1	0	0	na
THSwordSlayer	1	1	0	0	0	na	na	na	na	na	na	na	na	na	na	na	na	na	na	na	0	na	na	na	na	na	na	na	0	na	na	na	na	na	na	0	na	1	1	0	0	na
THSwordSlayerBlood	1	1	0	0	0	na	na	na	na	na	na	na	na	na	na	na	na	na	na	na	0	na	na	na	na	na	na	na	0	na	na	na	na	na	na	0	na	1	1	0	0	na
THSwordSlayerLightning	1	1	0	0	0	na	na	na	na	na	na	na	na	na	na	na	na	na	na	na	0	na	na	na	na	na	na	na	0	na	na	na	na	na	na	0	na	1	1	0	0	na
THSwordSlayerNature	1	1	0	0	0	na	na	na	na	na	na	na	na	na	na	na	na	na	na	na	0	na	na	na	na	na	na	na	0	na	na	na	na	na	na	0	na	1	1	0	0	na
THSwordWood	1	1	0	0	0	na	na	na	na	na	na	na	na	na	na	na	na	na	na	na	0	na	na	na	na	na	na	na	0	na	na	na	na	na	na	0	na	1	1	0	0	na
Thunderstone	1	1	0	0	0	na	na	na	na	na	na	na	na	na	na	na	na	na	na	na	0	na	na	na	na	na	na	na	0	na	na	na	na	na	na	0	na	1	1	0	0	na
Tick	1	1	0	0	0	na	na	na	na	na	na	na	na	na	na	na	na	na	na	na	0	na	na	na	na	na	na	na	0	na	na	na	na	na	na	0	na	1	2	0	0	na
Tin	1	1	0	0	0	na	na	na	na	na	na	na	na	na	na	na	na	na	na	na	0	na	na	na	na	na	na	na	0	na	na	na	na	na	na	0	na	1	1	0	0	na
TinOre	1	1	0	0	0	na	na	na	na	na	na	na	na	na	na	na	na	na	na	na	0	na	na	na	na	na	na	na	0	na	na	na	na	na	na	0	na	1	1	0	0	na
tolroko_flyer	1	0	0	0	0	na	na	na	na	na	na	na	na	na	na	na	na	na	na	na	0	na	na	na	na	na	na	na	0	na	na	na	na	na	na	0	na	1	1	0	0	na
Torch	1	1	0	0	0	na	na	na	na	na	na	na	na	na	na	na	na	na	na	na	0	na	na	na	na	na	na	na	0	na	na	na	na	na	na	0	na	1	1	0	0	na
TorchMist	1	1	0	0	0	na	na	na	na	na	na	na	na	na	na	na	na	na	na	na	0	na	na	na	na	na	na	na	0	na	na	na	na	na	na	0	na	1	1	0	0	na
trader_wagon_destructable	1	1	0	0	0	na	na	na	na	na	na	na	na	na	na	na	na	na	na	na	0	na	na	na	na	na	na	na	0	na	na	na	na	na	na	0	na	0	na	na	0	na
Trailership	1	1	0	1	1	1	0	0	0	0	0	0	0	0	1	0	0	0	0	Longship	1	0	1000	1	0	0	0	0	1	0.5	-0.5	1.7	10	0	0	0	na	1	1000	0	0	na
TrainingDummy	1	1	0	0	0	na	na	na	na	na	na	na	na	na	na	na	na	na	na	na	0	na	na	na	na	na	na	na	0	na	na	na	na	na	na	0	na	1	15000	0	0	na
TrainingDummy_throw_projectile	1	0	0	0	0	na	na	na	na	na	na	na	na	na	na	na	na	na	na	na	0	na	na	na	na	na	na	na	0	na	na	na	na	na	na	0	na	0	na	na	0	na
treasure_pile	1	1	0	2	1	0	1	0	0	0	0	0	1	0	0	0	0	0	0	$piece_treasure_pile	1	0	100	0	1	0	0	0	0	na	na	na	na	na	na	0	na	0	na	na	0	na
treasure_stack	1	1	0	2	1	0	1	0	0	0	0	0	1	0	0	0	0	0	0	$piece_treasure_stack	1	0	5	0	1	0	0	0	0	na	na	na	na	na	na	0	na	0	na	na	0	na
TreasureChest_ashland_stone	1	1	0	0	1	0	1	0	0	0	0	0	0	0	0	0	0	0	4	Chest	1	0	200	1	1	0	0	0	0	na	na	na	na	na	na	0	na	0	na	na	1	8
TreasureChest_blackforest	1	1	0	0	1	0	1	0	0	0	0	0	0	0	0	0	0	0	4	Chest	1	0	200	0	1	0	0	0	0	na	na	na	na	na	na	0	na	0	na	na	1	10
TreasureChest_charredfortress	1	1	0	0	1	0	1	0	0	0	0	0	0	0	0	0	0	0	4	$piece_charredchest	1	1	200	1	1	0	0	0	0	na	na	na	na	na	na	0	na	0	na	na	1	8
TreasureChest_deepnorth_village	1	1	0	0	1	0	1	0	0	0	0	0	0	0	0	0	0	0	4	Chest	1	0	200	1	1	0	0	0	0	na	na	na	na	na	na	0	na	0	na	na	1	8
TreasureChest_dvergr_loose_stone	1	1	0	0	1	0	1	0	0	0	0	0	0	0	0	0	0	0	4	Chest	1	0	200	1	1	0	0	0	0	na	na	na	na	na	na	0	na	0	na	na	1	8
TreasureChest_dvergrtower	1	1	0	0	1	0	1	0	0	0	0	0	0	0	0	0	0	0	4	Chest	1	0	1500	1	1	0	0	0	0	na	na	na	na	na	na	0	na	0	na	na	1	8
TreasureChest_dvergrtown	1	1	0	0	1	0	1	0	0	0	0	0	0	0	0	0	0	0	4	Chest	1	3	1000	0	1	0	0	0	0	na	na	na	na	na	na	0	na	0	na	na	1	8
TreasureChest_fCrypt	1	1	0	0	1	0	1	0	0	0	0	0	0	0	0	0	0	0	4	Chest	1	0	200	1	1	0	0	0	0	na	na	na	na	na	na	0	na	0	na	na	1	8
TreasureChest_forestcrypt	1	1	0	0	1	0	1	0	0	0	0	0	0	0	0	0	0	0	4	Chest	1	1	200	1	1	0	0	0	0	na	na	na	na	na	na	0	na	0	na	na	1	8
TreasureChest_forestcrypt_hildir	1	1	0	0	1	0	1	0	0	0	0	0	0	0	0	0	0	0	4	Chest	1	3	1000	0	1	0	0	0	0	na	na	na	na	na	na	0	na	0	na	na	1	8
TreasureChest_heath	1	1	0	0	1	0	1	0	0	0	0	0	0	0	0	0	0	0	4	Chest	1	0	200	1	1	0	0	0	0	na	na	na	na	na	na	0	na	0	na	na	1	8
TreasureChest_heath_hildir	1	1	0	0	1	0	1	0	0	0	0	0	0	0	0	0	0	0	4	Chest	1	0	200	1	1	0	0	0	0	na	na	na	na	na	na	0	na	0	na	na	1	8
TreasureChest_meadows	1	1	0	0	1	0	1	0	0	0	0	0	0	0	0	0	0	0	4	Chest	1	0	200	1	1	0	0	0	0	na	na	na	na	na	na	0	na	0	na	na	1	8
TreasureChest_meadows_01	1	1	0	0	1	0	1	0	0	0	0	0	0	0	0	0	0	0	4	Chest	1	0	200	1	1	0	0	0	0	na	na	na	na	na	na	0	na	0	na	na	1	8
TreasureChest_meadows_02	1	1	0	0	1	0	1	0	0	0	0	0	0	0	0	0	0	0	4	Chest	1	0	200	1	1	0	0	0	0	na	na	na	na	na	na	0	na	0	na	na	1	8
TreasureChest_meadows_buried	1	1	0	0	1	0	1	0	0	0	0	0	0	0	0	0	0	0	4	Chest	1	0	200	1	0	0	0	0	0	na	na	na	na	na	na	0	na	0	na	na	1	8
TreasureChest_meadows_combat	1	1	0	0	1	0	1	0	0	0	0	0	0	0	0	0	0	0	4	Chest	1	0	200	1	1	0	0	0	0	na	na	na	na	na	na	0	na	0	na	na	1	8
TreasureChest_memorial_buried	1	1	0	0	1	0	1	0	0	0	0	0	0	0	0	0	0	0	4	Chest	1	0	200	1	0	0	0	0	0	na	na	na	na	na	na	0	na	0	na	na	1	8
TreasureChest_morkhalla	1	1	0	0	1	0	1	0	0	0	0	0	0	0	0	0	0	0	4	Chest	1	0	1500	1	1	0	0	0	0	na	na	na	na	na	na	0	na	0	na	na	1	8
TreasureChest_mountaincave	1	1	0	0	1	0	1	0	0	0	0	0	0	0	0	0	0	0	4	Chest	1	1	200	1	1	0	0	0	0	na	na	na	na	na	na	0	na	0	na	na	1	8
TreasureChest_mountaincave_hildir	1	1	0	0	1	0	1	0	0	0	0	0	0	0	0	0	0	0	4	Chest	1	3	1000	0	1	0	0	0	0	na	na	na	na	na	na	0	na	0	na	na	1	8
TreasureChest_mountains	1	1	0	0	1	0	1	0	0	0	0	0	0	0	0	0	0	0	4	Chest	1	0	200	1	1	0	0	0	0	na	na	na	na	na	na	0	na	0	na	na	1	8
TreasureChest_plains_stone	1	1	0	0	1	0	1	0	0	0	0	0	0	0	0	0	0	0	4	Chest	1	0	200	1	1	0	0	0	0	na	na	na	na	na	na	0	na	0	na	na	1	8
TreasureChest_plainsfortress_hildir	1	1	0	0	1	0	1	0	0	0	0	0	0	0	0	0	0	0	4	Chest	1	3	1000	0	1	0	0	0	0	na	na	na	na	na	na	0	na	0	na	na	1	8
TreasureChest_sunkencrypt	1	1	0	0	1	0	1	0	0	0	0	0	0	0	0	0	0	0	4	Chest	1	1	200	1	1	0	0	0	0	na	na	na	na	na	na	0	na	0	na	na	1	8
TreasureChest_swamp	1	1	0	0	1	0	1	0	0	0	0	0	0	0	0	0	0	0	4	Chest	1	0	200	1	1	0	0	0	0	na	na	na	na	na	na	0	na	0	na	na	1	8
TreasureChest_trollcave	1	1	0	0	1	0	1	0	0	0	0	0	0	0	0	0	0	0	4	Chest	1	1	200	1	1	0	0	0	0	na	na	na	na	na	na	0	na	0	na	na	1	8
TriggerSpawner_Brood	1	1	0	0	0	na	na	na	na	na	na	na	na	na	na	na	na	na	na	na	0	na	na	na	na	na	na	na	0	na	na	na	na	na	na	0	na	0	na	na	0	na
TriggerSpawner_Seeker	1	1	0	0	0	na	na	na	na	na	na	na	na	na	na	na	na	na	na	na	0	na	na	na	na	na	na	na	0	na	na	na	na	na	na	0	na	0	na	na	0	na
TrinketBlackDamageHealth	1	1	0	0	0	na	na	na	na	na	na	na	na	na	na	na	na	na	na	na	0	na	na	na	na	na	na	na	0	na	na	na	na	na	na	0	na	1	1	0	0	na
TrinketBlackStamina	1	1	0	0	0	na	na	na	na	na	na	na	na	na	na	na	na	na	na	na	0	na	na	na	na	na	na	na	0	na	na	na	na	na	na	0	na	1	1	0	0	na
TrinketBloodGoldHealth	1	1	0	0	0	na	na	na	na	na	na	na	na	na	na	na	na	na	na	na	0	na	na	na	na	na	na	na	0	na	na	na	na	na	na	0	na	1	1	0	0	na
TrinketBloodGoldStamina	1	1	0	0	0	na	na	na	na	na	na	na	na	na	na	na	na	na	na	na	0	na	na	na	na	na	na	na	0	na	na	na	na	na	na	0	na	1	1	0	0	na
TrinketBronzeHealth	1	1	0	0	0	na	na	na	na	na	na	na	na	na	na	na	na	na	na	na	0	na	na	na	na	na	na	na	0	na	na	na	na	na	na	0	na	1	1	0	0	na
TrinketBronzeStamina	1	1	0	0	0	na	na	na	na	na	na	na	na	na	na	na	na	na	na	na	0	na	na	na	na	na	na	na	0	na	na	na	na	na	na	0	na	1	1	0	0	na
TrinketCarapaceEitr	1	1	0	0	0	na	na	na	na	na	na	na	na	na	na	na	na	na	na	na	0	na	na	na	na	na	na	na	0	na	na	na	na	na	na	0	na	1	1	0	0	na
TrinketChitinSwim	1	1	0	0	0	na	na	na	na	na	na	na	na	na	na	na	na	na	na	na	0	na	na	na	na	na	na	na	0	na	na	na	na	na	na	0	na	1	1	0	0	na
TrinketFlametalEitr	1	1	0	0	0	na	na	na	na	na	na	na	na	na	na	na	na	na	na	na	0	na	na	na	na	na	na	na	0	na	na	na	na	na	na	0	na	1	1	0	0	na
TrinketFlametalStaminaHealth	1	1	0	0	0	na	na	na	na	na	na	na	na	na	na	na	na	na	na	na	0	na	na	na	na	na	na	na	0	na	na	na	na	na	na	0	na	1	1	0	0	na
TrinketIronHealth	1	1	0	0	0	na	na	na	na	na	na	na	na	na	na	na	na	na	na	na	0	na	na	na	na	na	na	na	0	na	na	na	na	na	na	0	na	1	1	0	0	na
TrinketIronStamina	1	1	0	0	0	na	na	na	na	na	na	na	na	na	na	na	na	na	na	na	0	na	na	na	na	na	na	na	0	na	na	na	na	na	na	0	na	1	1	0	0	na
TrinketScaleStaminaDamage	1	1	0	0	0	na	na	na	na	na	na	na	na	na	na	na	na	na	na	na	0	na	na	na	na	na	na	na	0	na	na	na	na	na	na	0	na	1	1	0	0	na
TrinketSilverDamage	1	1	0	0	0	na	na	na	na	na	na	na	na	na	na	na	na	na	na	na	0	na	na	na	na	na	na	na	0	na	na	na	na	na	na	0	na	1	1	0	0	na
TrinketSilverResist	1	1	0	0	0	na	na	na	na	na	na	na	na	na	na	na	na	na	na	na	0	na	na	na	na	na	na	na	0	na	na	na	na	na	na	0	na	1	1	0	0	na
Troll	1	1	0	0	0	na	na	na	na	na	na	na	na	na	na	na	na	na	na	na	0	na	na	na	na	na	na	na	0	na	na	na	na	na	na	0	na	1	50	0	0	na
troll_groundslam_aoe	1	0	0	0	0	na	na	na	na	na	na	na	na	na	na	na	na	na	na	na	0	na	na	na	na	na	na	na	0	na	na	na	na	na	na	0	na	0	na	na	0	na
troll_log_swing_h	1	1	0	0	0	na	na	na	na	na	na	na	na	na	na	na	na	na	na	na	0	na	na	na	na	na	na	na	0	na	na	na	na	na	na	0	na	1	1	0	0	na
troll_log_swing_v	1	1	0	0	0	na	na	na	na	na	na	na	na	na	na	na	na	na	na	na	0	na	na	na	na	na	na	na	0	na	na	na	na	na	na	0	na	1	1	0	0	na
Troll_ragdoll	1	1	0	0	0	na	na	na	na	na	na	na	na	na	na	na	na	na	na	na	0	na	na	na	na	na	na	na	0	na	na	na	na	na	na	0	na	0	na	na	0	na
Troll_sleeping	1	1	0	0	0	na	na	na	na	na	na	na	na	na	na	na	na	na	na	na	0	na	na	na	na	na	na	na	0	na	na	na	na	na	na	0	na	1	50	0	0	na
Troll_Summoned	1	1	0	0	0	na	na	na	na	na	na	na	na	na	na	na	na	na	na	na	0	na	na	na	na	na	na	na	0	na	na	na	na	na	na	0	na	1	50	0	0	na
troll_summoned_groundslam_aoe	1	0	0	0	0	na	na	na	na	na	na	na	na	na	na	na	na	na	na	na	0	na	na	na	na	na	na	na	0	na	na	na	na	na	na	0	na	0	na	na	0	na
troll_summoned_log_swing_h	1	1	0	0	0	na	na	na	na	na	na	na	na	na	na	na	na	na	na	na	0	na	na	na	na	na	na	na	0	na	na	na	na	na	na	0	na	1	1	0	0	na
troll_summoned_log_swing_v	1	1	0	0	0	na	na	na	na	na	na	na	na	na	na	na	na	na	na	na	0	na	na	na	na	na	na	na	0	na	na	na	na	na	na	0	na	1	1	0	0	na
Troll_summoned_ragdoll	1	1	0	0	0	na	na	na	na	na	na	na	na	na	na	na	na	na	na	na	0	na	na	na	na	na	na	na	0	na	na	na	na	na	na	0	na	0	na	na	0	na
troll_summoned_throw_projectile	1	0	0	0	0	na	na	na	na	na	na	na	na	na	na	na	na	na	na	na	0	na	na	na	na	na	na	na	0	na	na	na	na	na	na	0	na	0	na	na	0	na
troll_throw_projectile	1	0	0	0	0	na	na	na	na	na	na	na	na	na	na	na	na	na	na	na	0	na	na	na	na	na	na	na	0	na	na	na	na	na	na	0	na	0	na	na	0	na
TrollFrost	1	1	0	0	0	na	na	na	na	na	na	na	na	na	na	na	na	na	na	na	0	na	na	na	na	na	na	na	0	na	na	na	na	na	na	0	na	1	50	0	0	na
TrollFrost_Dead	1	1	0	2	0	na	na	na	na	na	na	na	na	na	na	na	na	na	na	na	0	na	na	na	na	na	na	na	0	na	na	na	na	na	na	0	na	0	na	na	0	na
TrollFrost_Frac	1	1	0	2	0	na	na	na	na	na	na	na	na	na	na	na	na	na	na	na	0	na	na	na	na	na	na	na	0	na	na	na	na	na	na	0	na	0	na	na	0	na
TrollFrost_Frac_arm	1	1	0	2	0	na	na	na	na	na	na	na	na	na	na	na	na	na	na	na	0	na	na	na	na	na	na	na	0	na	na	na	na	na	na	0	na	0	na	na	0	na
TrollFrost_Frac_legs	1	1	0	2	0	na	na	na	na	na	na	na	na	na	na	na	na	na	na	na	0	na	na	na	na	na	na	na	0	na	na	na	na	na	na	0	na	0	na	na	0	na
TrollHide	1	1	0	0	0	na	na	na	na	na	na	na	na	na	na	na	na	na	na	na	0	na	na	na	na	na	na	na	0	na	na	na	na	na	na	0	na	1	1	0	0	na
trollsnow_groundslam_aoe	1	0	0	0	0	na	na	na	na	na	na	na	na	na	na	na	na	na	na	na	0	na	na	na	na	na	na	na	0	na	na	na	na	na	na	0	na	0	na	na	0	na
Trollsnow_ragdoll	1	1	0	0	0	na	na	na	na	na	na	na	na	na	na	na	na	na	na	na	0	na	na	na	na	na	na	na	0	na	na	na	na	na	na	0	na	0	na	na	0	na
trollsnow_throw_projectile	1	0	0	0	0	na	na	na	na	na	na	na	na	na	na	na	na	na	na	na	0	na	na	na	na	na	na	na	0	na	na	na	na	na	na	0	na	0	na	na	0	na
TrophyAbomination	1	1	0	0	0	na	na	na	na	na	na	na	na	na	na	na	na	na	na	na	0	na	na	na	na	na	na	na	0	na	na	na	na	na	na	1	0.7	1	1	0	0	na
TrophyAsksvin	1	1	0	0	0	na	na	na	na	na	na	na	na	na	na	na	na	na	na	na	0	na	na	na	na	na	na	na	0	na	na	na	na	na	na	0	na	1	1	0	0	na
TrophyBarka	1	1	0	0	0	na	na	na	na	na	na	na	na	na	na	na	na	na	na	na	0	na	na	na	na	na	na	na	0	na	na	na	na	na	na	0	na	1	1	0	0	na
TrophyBjorn	1	1	0	0	0	na	na	na	na	na	na	na	na	na	na	na	na	na	na	na	0	na	na	na	na	na	na	na	0	na	na	na	na	na	na	0	na	1	1	0	0	na
TrophyBjornUndead	1	1	0	0	0	na	na	na	na	na	na	na	na	na	na	na	na	na	na	na	0	na	na	na	na	na	na	na	0	na	na	na	na	na	na	0	na	1	1	0	0	na
TrophyBlob	1	1	0	0	0	na	na	na	na	na	na	na	na	na	na	na	na	na	na	na	0	na	na	na	na	na	na	na	0	na	na	na	na	na	na	0	na	1	1	0	0	na
TrophyBlob_Frost	1	1	0	0	0	na	na	na	na	na	na	na	na	na	na	na	na	na	na	na	0	na	na	na	na	na	na	na	0	na	na	na	na	na	na	0	na	1	1	0	0	na
TrophyBlob_Lava	1	1	0	0	0	na	na	na	na	na	na	na	na	na	na	na	na	na	na	na	0	na	na	na	na	na	na	na	0	na	na	na	na	na	na	0	na	1	1	0	0	na
TrophyBlob_Morkhalla	1	1	0	0	0	na	na	na	na	na	na	na	na	na	na	na	na	na	na	na	0	na	na	na	na	na	na	na	0	na	na	na	na	na	na	0	na	1	1	0	0	na
TrophyBoar	1	1	0	0	0	na	na	na	na	na	na	na	na	na	na	na	na	na	na	na	0	na	na	na	na	na	na	na	0	na	na	na	na	na	na	0	na	1	1	0	0	na
TrophyBonemass	1	1	0	0	0	na	na	na	na	na	na	na	na	na	na	na	na	na	na	na	0	na	na	na	na	na	na	na	0	na	na	na	na	na	na	1	0.52	1	1	0	0	na
TrophyBonemawSerpent	1	1	0	0	0	na	na	na	na	na	na	na	na	na	na	na	na	na	na	na	0	na	na	na	na	na	na	na	0	na	na	na	na	na	na	0	na	1	1	0	0	na
TrophyCharredArcher	1	1	0	0	0	na	na	na	na	na	na	na	na	na	na	na	na	na	na	na	0	na	na	na	na	na	na	na	0	na	na	na	na	na	na	0	na	1	1	0	0	na
TrophyCharredMage	1	1	0	0	0	na	na	na	na	na	na	na	na	na	na	na	na	na	na	na	0	na	na	na	na	na	na	na	0	na	na	na	na	na	na	0	na	1	1	0	0	na
TrophyCharredMelee	1	1	0	0	0	na	na	na	na	na	na	na	na	na	na	na	na	na	na	na	0	na	na	na	na	na	na	na	0	na	na	na	na	na	na	0	na	1	1	0	0	na
TrophyCultist	1	1	0	0	0	na	na	na	na	na	na	na	na	na	na	na	na	na	na	na	0	na	na	na	na	na	na	na	0	na	na	na	na	na	na	0	na	1	1	0	0	na
TrophyCultist_Hildir	1	1	0	0	0	na	na	na	na	na	na	na	na	na	na	na	na	na	na	na	0	na	na	na	na	na	na	na	0	na	na	na	na	na	na	0	na	1	1	0	0	na
TrophyDeathsquito	1	1	0	0	0	na	na	na	na	na	na	na	na	na	na	na	na	na	na	na	0	na	na	na	na	na	na	na	0	na	na	na	na	na	na	0	na	1	1	0	0	na
TrophyDeer	1	1	0	0	0	na	na	na	na	na	na	na	na	na	na	na	na	na	na	na	0	na	na	na	na	na	na	na	0	na	na	na	na	na	na	0	na	1	1	0	0	na
TrophyDeerWhite	1	1	0	0	0	na	na	na	na	na	na	na	na	na	na	na	na	na	na	na	0	na	na	na	na	na	na	na	0	na	na	na	na	na	na	0	na	1	1	0	0	na
TrophyDragonQueen	1	1	0	0	0	na	na	na	na	na	na	na	na	na	na	na	na	na	na	na	0	na	na	na	na	na	na	na	0	na	na	na	na	na	na	1	0.52	1	1	0	0	na
TrophyDraugr	1	1	0	0	0	na	na	na	na	na	na	na	na	na	na	na	na	na	na	na	0	na	na	na	na	na	na	na	0	na	na	na	na	na	na	0	na	1	1	0	0	na
TrophyDraugrElite	1	1	0	0	0	na	na	na	na	na	na	na	na	na	na	na	na	na	na	na	0	na	na	na	na	na	na	na	0	na	na	na	na	na	na	0	na	1	1	0	0	na
TrophyDraugrFem	1	1	0	0	0	na	na	na	na	na	na	na	na	na	na	na	na	na	na	na	0	na	na	na	na	na	na	na	0	na	na	na	na	na	na	0	na	1	1	0	0	na
TrophyDvergr	1	1	0	0	0	na	na	na	na	na	na	na	na	na	na	na	na	na	na	na	0	na	na	na	na	na	na	na	0	na	na	na	na	na	na	0	na	1	1	0	0	na
TrophyEikthyr	1	1	0	0	0	na	na	na	na	na	na	na	na	na	na	na	na	na	na	na	0	na	na	na	na	na	na	na	0	na	na	na	na	na	na	1	0.75	1	1	0	0	na
TrophyElaking	1	1	0	0	0	na	na	na	na	na	na	na	na	na	na	na	na	na	na	na	0	na	na	na	na	na	na	na	0	na	na	na	na	na	na	0	na	1	1	0	0	na
TrophyFader	1	1	0	0	0	na	na	na	na	na	na	na	na	na	na	na	na	na	na	na	0	na	na	na	na	na	na	na	0	na	na	na	na	na	na	1	0.52	1	1	0	0	na
TrophyFallenValkyrie	1	1	0	0	0	na	na	na	na	na	na	na	na	na	na	na	na	na	na	na	0	na	na	na	na	na	na	na	0	na	na	na	na	na	na	0	na	1	1	0	0	na
TrophyFenring	1	1	0	0	0	na	na	na	na	na	na	na	na	na	na	na	na	na	na	na	0	na	na	na	na	na	na	na	0	na	na	na	na	na	na	0	na	1	1	0	0	na
TrophyForestTroll	1	1	0	0	0	na	na	na	na	na	na	na	na	na	na	na	na	na	na	na	0	na	na	na	na	na	na	na	0	na	na	na	na	na	na	0	na	1	1	0	0	na
TrophyFrostTroll	1	1	0	0	0	na	na	na	na	na	na	na	na	na	na	na	na	na	na	na	0	na	na	na	na	na	na	na	0	na	na	na	na	na	na	0	na	1	1	0	0	na
TrophyGhost	1	1	0	0	0	na	na	na	na	na	na	na	na	na	na	na	na	na	na	na	0	na	na	na	na	na	na	na	0	na	na	na	na	na	na	0	na	1	1	0	0	na
TrophyGjall	1	1	0	0	0	na	na	na	na	na	na	na	na	na	na	na	na	na	na	na	0	na	na	na	na	na	na	na	0	na	na	na	na	na	na	0	na	1	1	0	0	na
TrophyGoblin	1	1	0	0	0	na	na	na	na	na	na	na	na	na	na	na	na	na	na	na	0	na	na	na	na	na	na	na	0	na	na	na	na	na	na	0	na	1	1	0	0	na
TrophyGoblinBrute	1	1	0	0	0	na	na	na	na	na	na	na	na	na	na	na	na	na	na	na	0	na	na	na	na	na	na	na	0	na	na	na	na	na	na	0	na	1	1	0	0	na
TrophyGoblinBruteBrosBrute	1	1	0	0	0	na	na	na	na	na	na	na	na	na	na	na	na	na	na	na	0	na	na	na	na	na	na	na	0	na	na	na	na	na	na	0	na	1	1	0	0	na
TrophyGoblinBruteBrosShaman	1	1	0	0	0	na	na	na	na	na	na	na	na	na	na	na	na	na	na	na	0	na	na	na	na	na	na	na	0	na	na	na	na	na	na	0	na	1	1	0	0	na
TrophyGoblinKing	1	1	0	0	0	na	na	na	na	na	na	na	na	na	na	na	na	na	na	na	0	na	na	na	na	na	na	na	0	na	na	na	na	na	na	1	0.4	1	1	0	0	na
TrophyGoblinShaman	1	1	0	0	0	na	na	na	na	na	na	na	na	na	na	na	na	na	na	na	0	na	na	na	na	na	na	na	0	na	na	na	na	na	na	0	na	1	1	0	0	na
TrophyGreydwarf	1	1	0	0	0	na	na	na	na	na	na	na	na	na	na	na	na	na	na	na	0	na	na	na	na	na	na	na	0	na	na	na	na	na	na	0	na	1	1	0	0	na
TrophyGreydwarfBrute	1	1	0	0	0	na	na	na	na	na	na	na	na	na	na	na	na	na	na	na	0	na	na	na	na	na	na	na	0	na	na	na	na	na	na	0	na	1	1	0	0	na
TrophyGreydwarfShaman	1	1	0	0	0	na	na	na	na	na	na	na	na	na	na	na	na	na	na	na	0	na	na	na	na	na	na	na	0	na	na	na	na	na	na	0	na	1	1	0	0	na
TrophyGrowth	1	1	0	0	0	na	na	na	na	na	na	na	na	na	na	na	na	na	na	na	0	na	na	na	na	na	na	na	0	na	na	na	na	na	na	0	na	1	1	0	0	na
TrophyHare	1	1	0	0	0	na	na	na	na	na	na	na	na	na	na	na	na	na	na	na	0	na	na	na	na	na	na	na	0	na	na	na	na	na	na	0	na	1	1	0	0	na
TrophyHatchling	1	1	0	0	0	na	na	na	na	na	na	na	na	na	na	na	na	na	na	na	0	na	na	na	na	na	na	na	0	na	na	na	na	na	na	0	na	1	1	0	0	na
TrophyJotunWarrior	1	1	0	0	0	na	na	na	na	na	na	na	na	na	na	na	na	na	na	na	0	na	na	na	na	na	na	na	0	na	na	na	na	na	na	0	na	1	1	0	0	na
TrophyJotunWitch	1	1	0	0	0	na	na	na	na	na	na	na	na	na	na	na	na	na	na	na	0	na	na	na	na	na	na	na	0	na	na	na	na	na	na	0	na	1	1	0	0	na
TrophyKvastur	1	1	0	0	0	na	na	na	na	na	na	na	na	na	na	na	na	na	na	na	0	na	na	na	na	na	na	na	0	na	na	na	na	na	na	0	na	1	1	0	0	na
TrophyLeech	1	1	0	0	0	na	na	na	na	na	na	na	na	na	na	na	na	na	na	na	0	na	na	na	na	na	na	na	0	na	na	na	na	na	na	0	na	1	1	0	0	na
TrophyLox	1	1	0	0	0	na	na	na	na	na	na	na	na	na	na	na	na	na	na	na	0	na	na	na	na	na	na	na	0	na	na	na	na	na	na	0	na	1	1	0	0	na
TrophyMole	1	1	0	0	0	na	na	na	na	na	na	na	na	na	na	na	na	na	na	na	0	na	na	na	na	na	na	na	0	na	na	na	na	na	na	0	na	1	1	0	0	na
TrophyMoose	1	1	0	0	0	na	na	na	na	na	na	na	na	na	na	na	na	na	na	na	0	na	na	na	na	na	na	na	0	na	na	na	na	na	na	0	na	1	1	0	0	na
TrophyMorgen	1	1	0	0	0	na	na	na	na	na	na	na	na	na	na	na	na	na	na	na	0	na	na	na	na	na	na	na	0	na	na	na	na	na	na	0	na	1	1	0	0	na
TrophyNeck	1	1	0	0	0	na	na	na	na	na	na	na	na	na	na	na	na	na	na	na	0	na	na	na	na	na	na	na	0	na	na	na	na	na	na	0	na	1	1	0	0	na
TrophySeal	1	1	0	0	0	na	na	na	na	na	na	na	na	na	na	na	na	na	na	na	0	na	na	na	na	na	na	na	0	na	na	na	na	na	na	0	na	1	1	0	0	na
TrophySeeker	1	1	0	0	0	na	na	na	na	na	na	na	na	na	na	na	na	na	na	na	0	na	na	na	na	na	na	na	0	na	na	na	na	na	na	0	na	1	1	0	0	na
TrophySeekerBrute	1	1	0	0	0	na	na	na	na	na	na	na	na	na	na	na	na	na	na	na	0	na	na	na	na	na	na	na	0	na	na	na	na	na	na	0	na	1	1	0	0	na
TrophySeekerQueen	1	1	0	0	0	na	na	na	na	na	na	na	na	na	na	na	na	na	na	na	0	na	na	na	na	na	na	na	0	na	na	na	na	na	na	1	0.52	1	1	0	0	na
TrophySerpent	1	1	0	0	0	na	na	na	na	na	na	na	na	na	na	na	na	na	na	na	0	na	na	na	na	na	na	na	0	na	na	na	na	na	na	0	na	1	1	0	0	na
TrophySGolem	1	1	0	0	0	na	na	na	na	na	na	na	na	na	na	na	na	na	na	na	0	na	na	na	na	na	na	na	0	na	na	na	na	na	na	0	na	1	1	0	0	na
TrophySkeleton	1	1	0	0	0	na	na	na	na	na	na	na	na	na	na	na	na	na	na	na	0	na	na	na	na	na	na	na	0	na	na	na	na	na	na	0	na	1	1	0	0	na
TrophySkeletonHildir	1	1	0	0	0	na	na	na	na	na	na	na	na	na	na	na	na	na	na	na	0	na	na	na	na	na	na	na	0	na	na	na	na	na	na	0	na	1	1	0	0	na
TrophySkeletonPoison	1	1	0	0	0	na	na	na	na	na	na	na	na	na	na	na	na	na	na	na	0	na	na	na	na	na	na	na	0	na	na	na	na	na	na	0	na	1	1	0	0	na
TrophySurtling	1	1	0	0	0	na	na	na	na	na	na	na	na	na	na	na	na	na	na	na	0	na	na	na	na	na	na	na	0	na	na	na	na	na	na	0	na	1	1	0	0	na
TrophyTheElder	1	1	0	0	0	na	na	na	na	na	na	na	na	na	na	na	na	na	na	na	0	na	na	na	na	na	na	na	0	na	na	na	na	na	na	1	0.52	1	1	0	0	na
TrophyTick	1	1	0	0	0	na	na	na	na	na	na	na	na	na	na	na	na	na	na	na	0	na	na	na	na	na	na	na	0	na	na	na	na	na	na	0	na	1	1	0	0	na
TrophyUlv	1	1	0	0	0	na	na	na	na	na	na	na	na	na	na	na	na	na	na	na	0	na	na	na	na	na	na	na	0	na	na	na	na	na	na	0	na	1	1	0	0	na
TrophyVolture	1	1	0	0	0	na	na	na	na	na	na	na	na	na	na	na	na	na	na	na	0	na	na	na	na	na	na	na	0	na	na	na	na	na	na	0	na	1	1	0	0	na
TrophyWolf	1	1	0	0	0	na	na	na	na	na	na	na	na	na	na	na	na	na	na	na	0	na	na	na	na	na	na	na	0	na	na	na	na	na	na	0	na	1	1	0	0	na
TrophyWraith	1	1	0	0	0	na	na	na	na	na	na	na	na	na	na	na	na	na	na	na	0	na	na	na	na	na	na	na	0	na	na	na	na	na	na	0	na	1	1	0	0	na
TrophyWrithan	1	1	0	0	0	na	na	na	na	na	na	na	na	na	na	na	na	na	na	na	0	na	na	na	na	na	na	na	0	na	na	na	na	na	na	0	na	1	1	0	0	na
tunnel_web	1	1	0	0	0	na	na	na	na	na	na	na	na	na	na	na	na	na	na	na	0	na	na	na	na	na	na	na	0	na	na	na	na	na	na	0	na	0	na	na	0	na
turf_roof	1	1	0	0	1	0	0	0	0	0	0	0	0	0	0	0	0	0	2	Wood roof	1	0	500	1	1	0	0	0	0	na	na	na	na	na	na	0	na	0	na	na	0	na
turf_roof_top	1	1	0	0	1	0	0	0	0	0	0	0	0	0	0	0	0	0	2	Wood roof ridge	1	0	500	1	1	0	0	0	0	na	na	na	na	na	na	0	na	0	na	na	0	na
turf_roof_wall	1	1	0	0	1	0	0	0	0	0	0	0	0	0	0	0	0	0	2	Wood wall roof	1	0	500	1	1	0	0	0	0	na	na	na	na	na	na	0	na	0	na	na	0	na
Turnip	1	1	0	0	0	na	na	na	na	na	na	na	na	na	na	na	na	na	na	na	0	na	na	na	na	na	na	na	0	na	na	na	na	na	na	0	na	1	1	0	0	na
TurnipSeeds	1	1	0	0	0	na	na	na	na	na	na	na	na	na	na	na	na	na	na	na	0	na	na	na	na	na	na	na	0	na	na	na	na	na	na	0	na	1	1	0	0	na
TurnipStew	1	1	0	0	1	0	1	0	0	0	0	0	1	0	1	0	0	0	6	$item_turnipstew	1	0	10	0	1	1	0	0	0	na	na	na	na	na	na	0	na	1	1	0	0	na
Turret_projectile	1	0	0	0	0	na	na	na	na	na	na	na	na	na	na	na	na	na	na	na	0	na	na	na	na	na	na	na	0	na	na	na	na	na	na	0	na	0	na	na	0	na
Turret_projectile_bloodgold	1	0	0	0	0	na	na	na	na	na	na	na	na	na	na	na	na	na	na	na	0	na	na	na	na	na	na	na	0	na	na	na	na	na	na	0	na	0	na	na	0	na
Turret_projectilebone	1	0	0	0	0	na	na	na	na	na	na	na	na	na	na	na	na	na	na	na	0	na	na	na	na	na	na	na	0	na	na	na	na	na	na	0	na	0	na	na	0	na
TurretBolt	1	1	0	0	0	na	na	na	na	na	na	na	na	na	na	na	na	na	na	na	0	na	na	na	na	na	na	na	0	na	na	na	na	na	na	0	na	1	1	0	0	na
TurretBoltBloodgold	1	1	0	0	0	na	na	na	na	na	na	na	na	na	na	na	na	na	na	na	0	na	na	na	na	na	na	na	0	na	na	na	na	na	na	0	na	1	1	0	0	na
TurretBoltBone	1	1	0	0	0	na	na	na	na	na	na	na	na	na	na	na	na	na	na	na	0	na	na	na	na	na	na	na	0	na	na	na	na	na	na	0	na	1	1	0	0	na
TurretBoltFlametal	1	1	0	0	0	na	na	na	na	na	na	na	na	na	na	na	na	na	na	na	0	na	na	na	na	na	na	na	0	na	na	na	na	na	na	0	na	1	1	0	0	na
TurretBoltWood	1	1	0	0	0	na	na	na	na	na	na	na	na	na	na	na	na	na	na	na	0	na	na	na	na	na	na	na	0	na	na	na	na	na	na	0	na	1	1	0	0	na
Ulv	1	1	0	0	0	na	na	na	na	na	na	na	na	na	na	na	na	na	na	na	0	na	na	na	na	na	na	na	0	na	na	na	na	na	na	0	na	1	10	0	0	na
Ulv_attack1_bite	1	1	0	0	0	na	na	na	na	na	na	na	na	na	na	na	na	na	na	na	0	na	na	na	na	na	na	na	0	na	na	na	na	na	na	0	na	1	1.5	0	0	na
Ulv_attack2_slash	1	1	0	0	0	na	na	na	na	na	na	na	na	na	na	na	na	na	na	na	0	na	na	na	na	na	na	na	0	na	na	na	na	na	na	0	na	1	1.5	0	0	na
Ulv_Ragdoll	1	0	0	0	0	na	na	na	na	na	na	na	na	na	na	na	na	na	na	na	0	na	na	na	na	na	na	na	0	na	na	na	na	na	na	0	na	0	na	na	0	na
Unbjorn	1	1	0	0	0	na	na	na	na	na	na	na	na	na	na	na	na	na	na	na	0	na	na	na	na	na	na	na	0	na	na	na	na	na	na	0	na	1	60	0	0	na
unbjorn_bite	1	0	0	0	0	na	na	na	na	na	na	na	na	na	na	na	na	na	na	na	0	na	na	na	na	na	na	na	0	na	na	na	na	na	na	0	na	1	1	0	0	na
unbjorn_claws	1	0	0	0	0	na	na	na	na	na	na	na	na	na	na	na	na	na	na	na	0	na	na	na	na	na	na	na	0	na	na	na	na	na	na	0	na	1	1	0	0	na
Unbjorn_ragdoll	1	1	0	0	0	na	na	na	na	na	na	na	na	na	na	na	na	na	na	na	0	na	na	na	na	na	na	na	0	na	na	na	na	na	na	0	na	0	na	na	0	na
unbjorn_swipe_combo	1	0	0	0	0	na	na	na	na	na	na	na	na	na	na	na	na	na	na	na	0	na	na	na	na	na	na	na	0	na	na	na	na	na	na	0	na	1	1	0	0	na
unbjorn_swipe_l	1	0	0	0	0	na	na	na	na	na	na	na	na	na	na	na	na	na	na	na	0	na	na	na	na	na	na	na	0	na	na	na	na	na	na	0	na	1	1	0	0	na
unbjorn_swipe_r	1	0	0	0	0	na	na	na	na	na	na	na	na	na	na	na	na	na	na	na	0	na	na	na	na	na	na	na	0	na	na	na	na	na	na	0	na	1	1	0	0	na
UndeadBjornRibcage	1	1	0	0	0	na	na	na	na	na	na	na	na	na	na	na	na	na	na	na	0	na	na	na	na	na	na	na	0	na	na	na	na	na	na	0	na	1	20	0	0	na
UnstableLavaRock	1	1	1	0	0	na	na	na	na	na	na	na	na	na	na	na	na	na	na	na	0	na	na	na	na	na	na	na	0	na	na	na	na	na	na	0	na	0	na	na	0	na
UnstableLavaRock_explosion	1	0	0	0	0	na	na	na	na	na	na	na	na	na	na	na	na	na	na	na	0	na	na	na	na	na	na	na	0	na	na	na	na	na	na	0	na	0	na	na	0	na
Upgrader0Armor	1	1	0	0	0	na	na	na	na	na	na	na	na	na	na	na	na	na	na	na	0	na	na	na	na	na	na	na	0	na	na	na	na	na	na	0	na	1	1	0	0	na
Upgrader0Weapon	1	1	0	0	0	na	na	na	na	na	na	na	na	na	na	na	na	na	na	na	0	na	na	na	na	na	na	na	0	na	na	na	na	na	na	0	na	1	1	0	0	na
Upgrader1Armor	1	1	0	0	0	na	na	na	na	na	na	na	na	na	na	na	na	na	na	na	0	na	na	na	na	na	na	na	0	na	na	na	na	na	na	0	na	1	1	0	0	na
Upgrader1Weapon	1	1	0	0	0	na	na	na	na	na	na	na	na	na	na	na	na	na	na	na	0	na	na	na	na	na	na	na	0	na	na	na	na	na	na	0	na	1	1	0	0	na
Upgrader2Armor	1	1	0	0	0	na	na	na	na	na	na	na	na	na	na	na	na	na	na	na	0	na	na	na	na	na	na	na	0	na	na	na	na	na	na	0	na	1	1	0	0	na
Upgrader2Weapon	1	1	0	0	0	na	na	na	na	na	na	na	na	na	na	na	na	na	na	na	0	na	na	na	na	na	na	na	0	na	na	na	na	na	na	0	na	1	1	0	0	na
Upgrader3Armor	1	1	0	0	0	na	na	na	na	na	na	na	na	na	na	na	na	na	na	na	0	na	na	na	na	na	na	na	0	na	na	na	na	na	na	0	na	1	1	0	0	na
Upgrader3Weapon	1	1	0	0	0	na	na	na	na	na	na	na	na	na	na	na	na	na	na	na	0	na	na	na	na	na	na	na	0	na	na	na	na	na	na	0	na	1	1	0	0	na
Upgrader4Armor	1	1	0	0	0	na	na	na	na	na	na	na	na	na	na	na	na	na	na	na	0	na	na	na	na	na	na	na	0	na	na	na	na	na	na	0	na	1	1	0	0	na
Upgrader4Weapon	1	1	0	0	0	na	na	na	na	na	na	na	na	na	na	na	na	na	na	na	0	na	na	na	na	na	na	na	0	na	na	na	na	na	na	0	na	1	1	0	0	na
Upgrader5Armor	1	1	0	0	0	na	na	na	na	na	na	na	na	na	na	na	na	na	na	na	0	na	na	na	na	na	na	na	0	na	na	na	na	na	na	0	na	1	1	0	0	na
Upgrader5Weapon	1	1	0	0	0	na	na	na	na	na	na	na	na	na	na	na	na	na	na	na	0	na	na	na	na	na	na	na	0	na	na	na	na	na	na	0	na	1	1	0	0	na
Upgrader6Armor	1	1	0	0	0	na	na	na	na	na	na	na	na	na	na	na	na	na	na	na	0	na	na	na	na	na	na	na	0	na	na	na	na	na	na	0	na	1	1	0	0	na
Upgrader6Weapon	1	1	0	0	0	na	na	na	na	na	na	na	na	na	na	na	na	na	na	na	0	na	na	na	na	na	na	na	0	na	na	na	na	na	na	0	na	1	1	0	0	na
Upgrader7Armor	1	1	0	0	0	na	na	na	na	na	na	na	na	na	na	na	na	na	na	na	0	na	na	na	na	na	na	na	0	na	na	na	na	na	na	0	na	1	1	0	0	na
Upgrader7Weapon	1	1	0	0	0	na	na	na	na	na	na	na	na	na	na	na	na	na	na	na	0	na	na	na	na	na	na	na	0	na	na	na	na	na	na	0	na	1	1	0	0	na
UpgradeStation	1	1	0	2	0	na	na	na	na	na	na	na	na	na	na	na	na	na	na	na	0	na	na	na	na	na	na	na	0	na	na	na	na	na	na	0	na	0	na	na	0	na
Valkyrie	1	0	0	0	0	na	na	na	na	na	na	na	na	na	na	na	na	na	na	na	0	na	na	na	na	na	na	na	0	na	na	na	na	na	na	0	na	0	na	na	0	na
Valkyrie_End	1	1	0	0	0	na	na	na	na	na	na	na	na	na	na	na	na	na	na	na	0	na	na	na	na	na	na	na	0	na	na	na	na	na	na	0	na	0	na	na	0	na
veg_skull_Ashlands	1	1	0	0	0	na	na	na	na	na	na	na	na	na	na	na	na	na	na	na	0	na	na	na	na	na	na	na	0	na	na	na	na	na	na	0	na	0	na	na	0	na
VegvisirShard_Bonemass	1	1	0	0	0	na	na	na	na	na	na	na	na	na	na	na	na	na	na	na	0	na	na	na	na	na	na	na	0	na	na	na	na	na	na	0	na	1	1	0	0	na
vertical_web	1	1	0	0	0	na	na	na	na	na	na	na	na	na	na	na	na	na	na	na	0	na	na	na	na	na	na	na	0	na	na	na	na	na	na	0	na	0	na	na	0	na
vfx_ carrion_destroyed	1	0	0	0	0	na	na	na	na	na	na	na	na	na	na	na	na	na	na	na	0	na	na	na	na	na	na	na	0	na	na	na	na	na	na	0	na	0	na	na	0	na
vfx_arbalest_fire	1	0	0	0	0	na	na	na	na	na	na	na	na	na	na	na	na	na	na	na	0	na	na	na	na	na	na	na	0	na	na	na	na	na	na	0	na	0	na	na	0	na
vfx_archerytarget_bullseye	1	0	0	0	0	na	na	na	na	na	na	na	na	na	na	na	na	na	na	na	0	na	na	na	na	na	na	na	0	na	na	na	na	na	na	0	na	0	na	na	0	na
vfx_archerytarget_bullseye_double	1	0	0	0	0	na	na	na	na	na	na	na	na	na	na	na	na	na	na	na	0	na	na	na	na	na	na	na	0	na	na	na	na	na	na	0	na	0	na	na	0	na
vfx_archerytarget_bullseye_quint	1	0	0	0	0	na	na	na	na	na	na	na	na	na	na	na	na	na	na	na	0	na	na	na	na	na	na	na	0	na	na	na	na	na	na	0	na	0	na	na	0	na
vfx_ArcheryTarget_hit	1	0	0	0	0	na	na	na	na	na	na	na	na	na	na	na	na	na	na	na	0	na	na	na	na	na	na	na	0	na	na	na	na	na	na	0	na	0	na	na	0	na
vfx_arrowhit	1	0	0	0	0	na	na	na	na	na	na	na	na	na	na	na	na	na	na	na	0	na	na	na	na	na	na	na	0	na	na	na	na	na	na	0	na	0	na	na	0	na
vfx_Ash_Arch2_Broken1_destroyed	1	0	0	0	0	na	na	na	na	na	na	na	na	na	na	na	na	na	na	na	0	na	na	na	na	na	na	na	0	na	na	na	na	na	na	0	na	0	na	na	0	na
vfx_Ash_Arch2_Broken2_destroyed	1	0	0	0	0	na	na	na	na	na	na	na	na	na	na	na	na	na	na	na	0	na	na	na	na	na	na	na	0	na	na	na	na	na	na	0	na	0	na	na	0	na
vfx_ashland_gate_destruction	1	0	0	0	0	na	na	na	na	na	na	na	na	na	na	na	na	na	na	na	0	na	na	na	na	na	na	na	0	na	na	na	na	na	na	0	na	0	na	na	0	na
vfx_ashland_ruin_wall_windows_broken_4x6_destruction	1	0	0	0	0	na	na	na	na	na	na	na	na	na	na	na	na	na	na	na	0	na	na	na	na	na	na	na	0	na	na	na	na	na	na	0	na	0	na	na	0	na
vfx_ashland_wall_2x2_corner_destruction	1	0	0	0	0	na	na	na	na	na	na	na	na	na	na	na	na	na	na	na	0	na	na	na	na	na	na	na	0	na	na	na	na	na	na	0	na	0	na	na	0	na
vfx_ashland_wall_2x2_destruction	1	0	0	0	0	na	na	na	na	na	na	na	na	na	na	na	na	na	na	na	0	na	na	na	na	na	na	na	0	na	na	na	na	na	na	0	na	0	na	na	0	na
vfx_ashlandsbow_blood_fire	1	0	0	0	0	na	na	na	na	na	na	na	na	na	na	na	na	na	na	na	0	na	na	na	na	na	na	na	0	na	na	na	na	na	na	0	na	0	na	na	0	na
vfx_ashlandsbow_lightning_fire	1	0	0	0	0	na	na	na	na	na	na	na	na	na	na	na	na	na	na	na	0	na	na	na	na	na	na	na	0	na	na	na	na	na	na	0	na	0	na	na	0	na
vfx_ashlandsbow_nature_fire	1	0	0	0	0	na	na	na	na	na	na	na	na	na	na	na	na	na	na	na	0	na	na	na	na	na	na	na	0	na	na	na	na	na	na	0	na	0	na	na	0	na
vfx_ashlandslogdestroyed	1	0	0	0	0	na	na	na	na	na	na	na	na	na	na	na	na	na	na	na	0	na	na	na	na	na	na	na	0	na	na	na	na	na	na	0	na	0	na	na	0	na
vfx_ashlandslogdestroyed_half	1	0	0	0	0	na	na	na	na	na	na	na	na	na	na	na	na	na	na	na	0	na	na	na	na	na	na	na	0	na	na	na	na	na	na	0	na	0	na	na	0	na
vfx_ashlandstreecut	1	0	0	0	0	na	na	na	na	na	na	na	na	na	na	na	na	na	na	na	0	na	na	na	na	na	na	na	0	na	na	na	na	na	na	0	na	0	na	na	0	na
vfx_Ashpiece_roof_destroyed	1	0	0	0	0	na	na	na	na	na	na	na	na	na	na	na	na	na	na	na	0	na	na	na	na	na	na	na	0	na	na	na	na	na	na	0	na	0	na	na	0	na
vfx_AshPieceDestroyed	1	0	0	0	0	na	na	na	na	na	na	na	na	na	na	na	na	na	na	na	0	na	na	na	na	na	na	na	0	na	na	na	na	na	na	0	na	0	na	na	0	na
vfx_Ashruin_steepstair_destroyed	1	0	0	0	0	na	na	na	na	na	na	na	na	na	na	na	na	na	na	na	0	na	na	na	na	na	na	na	0	na	na	na	na	na	na	0	na	0	na	na	0	na
vfx_Ashruin_wall3_destroyed	1	0	0	0	0	na	na	na	na	na	na	na	na	na	na	na	na	na	na	na	0	na	na	na	na	na	na	na	0	na	na	na	na	na	na	0	na	0	na	na	0	na
vfx_Ashruin_wall4_destroyed	1	0	0	0	0	na	na	na	na	na	na	na	na	na	na	na	na	na	na	na	0	na	na	na	na	na	na	na	0	na	na	na	na	na	na	0	na	0	na	na	0	na
vfx_Ashruin_wall5_destroyed	1	0	0	0	0	na	na	na	na	na	na	na	na	na	na	na	na	na	na	na	0	na	na	na	na	na	na	na	0	na	na	na	na	na	na	0	na	0	na	na	0	na
vfx_Ashruin_window2_destroyed	1	0	0	0	0	na	na	na	na	na	na	na	na	na	na	na	na	na	na	na	0	na	na	na	na	na	na	na	0	na	na	na	na	na	na	0	na	0	na	na	0	na
vfx_Ashruin_window3_destroyed	1	0	0	0	0	na	na	na	na	na	na	na	na	na	na	na	na	na	na	na	0	na	na	na	na	na	na	na	0	na	na	na	na	na	na	0	na	0	na	na	0	na
vfx_Ashruin_window4_destroyed	1	0	0	0	0	na	na	na	na	na	na	na	na	na	na	na	na	na	na	na	0	na	na	na	na	na	na	na	0	na	na	na	na	na	na	0	na	0	na	na	0	na
vfx_Ashruin_window5_destroyed	1	0	0	0	0	na	na	na	na	na	na	na	na	na	na	na	na	na	na	na	0	na	na	na	na	na	na	na	0	na	na	na	na	na	na	0	na	0	na	na	0	na
vfx_Ashruin_window6_destroyed	1	0	0	0	0	na	na	na	na	na	na	na	na	na	na	na	na	na	na	na	0	na	na	na	na	na	na	na	0	na	na	na	na	na	na	0	na	0	na	na	0	na
vfx_aspect_summoned_prespawn	1	0	0	0	0	na	na	na	na	na	na	na	na	na	na	na	na	na	na	na	0	na	na	na	na	na	na	na	0	na	na	na	na	na	na	0	na	0	na	na	0	na
vfx_auto_pickup	1	0	0	0	0	na	na	na	na	na	na	na	na	na	na	na	na	na	na	na	0	na	na	na	na	na	na	na	0	na	na	na	na	na	na	0	na	0	na	na	0	na
vfx_bar_ancientmetal_stack_destroyed	1	0	0	0	0	na	na	na	na	na	na	na	na	na	na	na	na	na	na	na	0	na	na	na	na	na	na	na	0	na	na	na	na	na	na	0	na	0	na	na	0	na
vfx_bar_blackmetal_stack_destroyed	1	0	0	0	0	na	na	na	na	na	na	na	na	na	na	na	na	na	na	na	0	na	na	na	na	na	na	na	0	na	na	na	na	na	na	0	na	0	na	na	0	na
vfx_bar_bronze_stack_destroyed	1	0	0	0	0	na	na	na	na	na	na	na	na	na	na	na	na	na	na	na	0	na	na	na	na	na	na	na	0	na	na	na	na	na	na	0	na	0	na	na	0	na
vfx_bar_copper_stack_destroyed	1	0	0	0	0	na	na	na	na	na	na	na	na	na	na	na	na	na	na	na	0	na	na	na	na	na	na	na	0	na	na	na	na	na	na	0	na	0	na	na	0	na
vfx_bar_flametal_stack_destroyed	1	0	0	0	0	na	na	na	na	na	na	na	na	na	na	na	na	na	na	na	0	na	na	na	na	na	na	na	0	na	na	na	na	na	na	0	na	0	na	na	0	na
vfx_bar_gold_stack_destroyed	1	0	0	0	0	na	na	na	na	na	na	na	na	na	na	na	na	na	na	na	0	na	na	na	na	na	na	na	0	na	na	na	na	na	na	0	na	0	na	na	0	na
vfx_bar_iron_stack_destroyed	1	0	0	0	0	na	na	na	na	na	na	na	na	na	na	na	na	na	na	na	0	na	na	na	na	na	na	na	0	na	na	na	na	na	na	0	na	0	na	na	0	na
vfx_bar_silver_stack_destroyed	1	0	0	0	0	na	na	na	na	na	na	na	na	na	na	na	na	na	na	na	0	na	na	na	na	na	na	na	0	na	na	na	na	na	na	0	na	0	na	na	0	na
vfx_bar_tin_stack_destroyed	1	0	0	0	0	na	na	na	na	na	na	na	na	na	na	na	na	na	na	na	0	na	na	na	na	na	na	na	0	na	na	na	na	na	na	0	na	0	na	na	0	na
vfx_barley_destroyed	1	0	0	0	0	na	na	na	na	na	na	na	na	na	na	na	na	na	na	na	0	na	na	na	na	na	na	na	0	na	na	na	na	na	na	0	na	0	na	na	0	na
vfx_barnacle_destroyed	1	0	0	0	0	na	na	na	na	na	na	na	na	na	na	na	na	na	na	na	0	na	na	na	na	na	na	na	0	na	na	na	na	na	na	0	na	0	na	na	0	na
vfx_barnacle_hit	1	0	0	0	0	na	na	na	na	na	na	na	na	na	na	na	na	na	na	na	0	na	na	na	na	na	na	na	0	na	na	na	na	na	na	0	na	0	na	na	0	na
vfx_barrle_destroyed	1	0	0	0	0	na	na	na	na	na	na	na	na	na	na	na	na	na	na	na	0	na	na	na	na	na	na	na	0	na	na	na	na	na	na	0	na	0	na	na	0	na
vfx_beech_cut	1	0	0	0	0	na	na	na	na	na	na	na	na	na	na	na	na	na	na	na	0	na	na	na	na	na	na	na	0	na	na	na	na	na	na	0	na	0	na	na	0	na
vfx_beech_small1_destroy	1	0	0	0	0	na	na	na	na	na	na	na	na	na	na	na	na	na	na	na	0	na	na	na	na	na	na	na	0	na	na	na	na	na	na	0	na	0	na	na	0	na
vfx_beech_small2_destroy	1	0	0	0	0	na	na	na	na	na	na	na	na	na	na	na	na	na	na	na	0	na	na	na	na	na	na	na	0	na	na	na	na	na	na	0	na	0	na	na	0	na
vfx_beechlog_destroyed	1	0	0	0	0	na	na	na	na	na	na	na	na	na	na	na	na	na	na	na	0	na	na	na	na	na	na	na	0	na	na	na	na	na	na	0	na	0	na	na	0	na
vfx_beechlog_half_destroyed	1	0	0	0	0	na	na	na	na	na	na	na	na	na	na	na	na	na	na	na	0	na	na	na	na	na	na	na	0	na	na	na	na	na	na	0	na	0	na	na	0	na
vfx_beehive_destroyed	1	0	0	0	0	na	na	na	na	na	na	na	na	na	na	na	na	na	na	na	0	na	na	na	na	na	na	na	0	na	na	na	na	na	na	0	na	0	na	na	0	na
vfx_beehive_hit	1	0	0	0	0	na	na	na	na	na	na	na	na	na	na	na	na	na	na	na	0	na	na	na	na	na	na	na	0	na	na	na	na	na	na	0	na	0	na	na	0	na
vfx_BigBlob_destroyed	1	0	0	0	0	na	na	na	na	na	na	na	na	na	na	na	na	na	na	na	0	na	na	na	na	na	na	na	0	na	na	na	na	na	na	0	na	0	na	na	0	na
vfx_birch1_aut_cut	1	0	0	0	0	na	na	na	na	na	na	na	na	na	na	na	na	na	na	na	0	na	na	na	na	na	na	na	0	na	na	na	na	na	na	0	na	0	na	na	0	na
vfx_birch1_cut	1	0	0	0	0	na	na	na	na	na	na	na	na	na	na	na	na	na	na	na	0	na	na	na	na	na	na	na	0	na	na	na	na	na	na	0	na	0	na	na	0	na
vfx_birch2_aut_cut	1	0	0	0	0	na	na	na	na	na	na	na	na	na	na	na	na	na	na	na	0	na	na	na	na	na	na	na	0	na	na	na	na	na	na	0	na	0	na	na	0	na
vfx_birch2_cut	1	0	0	0	0	na	na	na	na	na	na	na	na	na	na	na	na	na	na	na	0	na	na	na	na	na	na	na	0	na	na	na	na	na	na	0	na	0	na	na	0	na
vfx_bjorn_groundslam	1	0	0	0	0	na	na	na	na	na	na	na	na	na	na	na	na	na	na	na	0	na	na	na	na	na	na	na	0	na	na	na	na	na	na	0	na	0	na	na	0	na
vfx_blackice_destroyed	1	0	0	0	0	na	na	na	na	na	na	na	na	na	na	na	na	na	na	na	0	na	na	na	na	na	na	na	0	na	na	na	na	na	na	0	na	0	na	na	0	na
vfx_blastfurance_addfuel	1	0	0	0	0	na	na	na	na	na	na	na	na	na	na	na	na	na	na	na	0	na	na	na	na	na	na	na	0	na	na	na	na	na	na	0	na	0	na	na	0	na
vfx_blastfurnace_addore	1	0	0	0	0	na	na	na	na	na	na	na	na	na	na	na	na	na	na	na	0	na	na	na	na	na	na	na	0	na	na	na	na	na	na	0	na	0	na	na	0	na
vfx_blastfurnace_produce	1	0	0	0	0	na	na	na	na	na	na	na	na	na	na	na	na	na	na	na	0	na	na	na	na	na	na	na	0	na	na	na	na	na	na	0	na	0	na	na	0	na
vfx_blob_attack	1	0	0	0	0	na	na	na	na	na	na	na	na	na	na	na	na	na	na	na	0	na	na	na	na	na	na	na	0	na	na	na	na	na	na	0	na	0	na	na	0	na
vfx_blob_death	1	0	0	0	0	na	na	na	na	na	na	na	na	na	na	na	na	na	na	na	0	na	na	na	na	na	na	na	0	na	na	na	na	na	na	0	na	0	na	na	0	na
vfx_blob_frost_attack	1	0	0	0	0	na	na	na	na	na	na	na	na	na	na	na	na	na	na	na	0	na	na	na	na	na	na	na	0	na	na	na	na	na	na	0	na	0	na	na	0	na
vfx_blob_frost_death	1	0	0	0	0	na	na	na	na	na	na	na	na	na	na	na	na	na	na	na	0	na	na	na	na	na	na	na	0	na	na	na	na	na	na	0	na	0	na	na	0	na
vfx_blob_frost_hit	1	0	0	0	0	na	na	na	na	na	na	na	na	na	na	na	na	na	na	na	0	na	na	na	na	na	na	na	0	na	na	na	na	na	na	0	na	0	na	na	0	na
vfx_blob_hit	1	0	0	0	0	na	na	na	na	na	na	na	na	na	na	na	na	na	na	na	0	na	na	na	na	na	na	na	0	na	na	na	na	na	na	0	na	0	na	na	0	na
vfx_blobelite_attack	1	0	0	0	0	na	na	na	na	na	na	na	na	na	na	na	na	na	na	na	0	na	na	na	na	na	na	na	0	na	na	na	na	na	na	0	na	0	na	na	0	na
vfx_blobmork_attack	1	0	0	0	0	na	na	na	na	na	na	na	na	na	na	na	na	na	na	na	0	na	na	na	na	na	na	na	0	na	na	na	na	na	na	0	na	0	na	na	0	na
vfx_blobmork_death	1	0	0	0	0	na	na	na	na	na	na	na	na	na	na	na	na	na	na	na	0	na	na	na	na	na	na	na	0	na	na	na	na	na	na	0	na	0	na	na	0	na
vfx_blobmork_hit	1	0	0	0	0	na	na	na	na	na	na	na	na	na	na	na	na	na	na	na	0	na	na	na	na	na	na	na	0	na	na	na	na	na	na	0	na	0	na	na	0	na
vfx_blobtar_death	1	0	0	0	0	na	na	na	na	na	na	na	na	na	na	na	na	na	na	na	0	na	na	na	na	na	na	na	0	na	na	na	na	na	na	0	na	0	na	na	0	na
vfx_blobtar_hit	1	0	0	0	0	na	na	na	na	na	na	na	na	na	na	na	na	na	na	na	0	na	na	na	na	na	na	na	0	na	na	na	na	na	na	0	na	0	na	na	0	na
vfx_blocked	1	0	0	0	0	na	na	na	na	na	na	na	na	na	na	na	na	na	na	na	0	na	na	na	na	na	na	na	0	na	na	na	na	na	na	0	na	0	na	na	0	na
vfx_BloodDeath	1	0	0	0	0	na	na	na	na	na	na	na	na	na	na	na	na	na	na	na	0	na	na	na	na	na	na	na	0	na	na	na	na	na	na	0	na	0	na	na	0	na
vfx_BloodHit	1	0	0	0	0	na	na	na	na	na	na	na	na	na	na	na	na	na	na	na	0	na	na	na	na	na	na	na	0	na	na	na	na	na	na	0	na	0	na	na	0	na
vfx_boar_birth	1	0	0	0	0	na	na	na	na	na	na	na	na	na	na	na	na	na	na	na	0	na	na	na	na	na	na	na	0	na	na	na	na	na	na	0	na	0	na	na	0	na
vfx_boar_death	1	0	0	0	0	na	na	na	na	na	na	na	na	na	na	na	na	na	na	na	0	na	na	na	na	na	na	na	0	na	na	na	na	na	na	0	na	0	na	na	0	na
vfx_boar_hit	1	0	0	0	0	na	na	na	na	na	na	na	na	na	na	na	na	na	na	na	0	na	na	na	na	na	na	na	0	na	na	na	na	na	na	0	na	0	na	na	0	na
vfx_boar_love	1	0	0	0	0	na	na	na	na	na	na	na	na	na	na	na	na	na	na	na	0	na	na	na	na	na	na	na	0	na	na	na	na	na	na	0	na	0	na	na	0	na
vfx_BombBlob_explode_frost	1	0	0	0	0	na	na	na	na	na	na	na	na	na	na	na	na	na	na	na	0	na	na	na	na	na	na	na	0	na	na	na	na	na	na	0	na	0	na	na	0	na
vfx_BombBlob_explode_lava	1	0	0	0	0	na	na	na	na	na	na	na	na	na	na	na	na	na	na	na	0	na	na	na	na	na	na	na	0	na	na	na	na	na	na	0	na	0	na	na	0	na
vfx_BombBlob_explode_morkhalla	1	0	0	0	0	na	na	na	na	na	na	na	na	na	na	na	na	na	na	na	0	na	na	na	na	na	na	na	0	na	na	na	na	na	na	0	na	0	na	na	0	na
vfx_BombBlob_explode_poison	1	0	0	0	0	na	na	na	na	na	na	na	na	na	na	na	na	na	na	na	0	na	na	na	na	na	na	na	0	na	na	na	na	na	na	0	na	0	na	na	0	na
vfx_BombBlob_explode_poisonelite	1	0	0	0	0	na	na	na	na	na	na	na	na	na	na	na	na	na	na	na	0	na	na	na	na	na	na	na	0	na	na	na	na	na	na	0	na	0	na	na	0	na
vfx_BombBlob_explode_tar	1	0	0	0	0	na	na	na	na	na	na	na	na	na	na	na	na	na	na	na	0	na	na	na	na	na	na	na	0	na	na	na	na	na	na	0	na	0	na	na	0	na
vfx_bone_stack_destroyed	1	0	0	0	0	na	na	na	na	na	na	na	na	na	na	na	na	na	na	na	0	na	na	na	na	na	na	na	0	na	na	na	na	na	na	0	na	0	na	na	0	na
vfx_BonemassDeath	1	0	0	0	0	na	na	na	na	na	na	na	na	na	na	na	na	na	na	na	0	na	na	na	na	na	na	na	0	na	na	na	na	na	na	0	na	0	na	na	0	na
vfx_BonemassHit	1	0	0	0	0	na	na	na	na	na	na	na	na	na	na	na	na	na	na	na	0	na	na	na	na	na	na	na	0	na	na	na	na	na	na	0	na	0	na	na	0	na
vfx_bonemawserpent_death	1	0	0	0	0	na	na	na	na	na	na	na	na	na	na	na	na	na	na	na	0	na	na	na	na	na	na	na	0	na	na	na	na	na	na	0	na	0	na	na	0	na
vfx_bonepile_destroyed	1	0	0	0	0	na	na	na	na	na	na	na	na	na	na	na	na	na	na	na	0	na	na	na	na	na	na	na	0	na	na	na	na	na	na	0	na	0	na	na	0	na
vfx_bones_pick	1	0	0	0	0	na	na	na	na	na	na	na	na	na	na	na	na	na	na	na	0	na	na	na	na	na	na	na	0	na	na	na	na	na	na	0	na	0	na	na	0	na
vfx_bonfire_AddFuel	1	0	0	0	0	na	na	na	na	na	na	na	na	na	na	na	na	na	na	na	0	na	na	na	na	na	na	na	0	na	na	na	na	na	na	0	na	0	na	na	0	na
vfx_bonfire_destroyed	1	0	0	0	0	na	na	na	na	na	na	na	na	na	na	na	na	na	na	na	0	na	na	na	na	na	na	na	0	na	na	na	na	na	na	0	na	0	na	na	0	na
vfx_bow_fire	1	0	0	0	0	na	na	na	na	na	na	na	na	na	na	na	na	na	na	na	0	na	na	na	na	na	na	na	0	na	na	na	na	na	na	0	na	0	na	na	0	na
vfx_bowl_AddItem	1	0	0	0	0	na	na	na	na	na	na	na	na	na	na	na	na	na	na	na	0	na	na	na	na	na	na	na	0	na	na	na	na	na	na	0	na	0	na	na	0	na
vfx_BugRepellent	1	0	0	0	0	na	na	na	na	na	na	na	na	na	na	na	na	na	na	na	0	na	na	na	na	na	na	na	0	na	na	na	na	na	na	0	na	0	na	na	0	na
vfx_Burning	1	0	0	0	0	na	na	na	na	na	na	na	na	na	na	na	na	na	na	na	0	na	na	na	na	na	na	na	0	na	na	na	na	na	na	0	na	0	na	na	0	na
vfx_Burning_blue	1	0	0	0	0	na	na	na	na	na	na	na	na	na	na	na	na	na	na	na	0	na	na	na	na	na	na	na	0	na	na	na	na	na	na	0	na	0	na	na	0	na
vfx_Burning_green	1	0	0	0	0	na	na	na	na	na	na	na	na	na	na	na	na	na	na	na	0	na	na	na	na	na	na	na	0	na	na	na	na	na	na	0	na	0	na	na	0	na
vfx_bush_destroyed	1	0	0	0	0	na	na	na	na	na	na	na	na	na	na	na	na	na	na	na	0	na	na	na	na	na	na	na	0	na	na	na	na	na	na	0	na	0	na	na	0	na
vfx_bush_destroyed_heath	1	0	0	0	0	na	na	na	na	na	na	na	na	na	na	na	na	na	na	na	0	na	na	na	na	na	na	na	0	na	na	na	na	na	na	0	na	0	na	na	0	na
vfx_bush_leaf_puff	1	0	0	0	0	na	na	na	na	na	na	na	na	na	na	na	na	na	na	na	0	na	na	na	na	na	na	na	0	na	na	na	na	na	na	0	na	0	na	na	0	na
vfx_bush_leaf_puff_heath	1	0	0	0	0	na	na	na	na	na	na	na	na	na	na	na	na	na	na	na	0	na	na	na	na	na	na	na	0	na	na	na	na	na	na	0	na	0	na	na	0	na
vfx_bush2_e_hit	1	0	0	0	0	na	na	na	na	na	na	na	na	na	na	na	na	na	na	na	0	na	na	na	na	na	na	na	0	na	na	na	na	na	na	0	na	0	na	na	0	na
vfx_bush2_en_destroyed	1	0	0	0	0	na	na	na	na	na	na	na	na	na	na	na	na	na	na	na	0	na	na	na	na	na	na	na	0	na	na	na	na	na	na	0	na	0	na	na	0	na
vfx_cartograpertable_write	1	0	0	0	0	na	na	na	na	na	na	na	na	na	na	na	na	na	na	na	0	na	na	na	na	na	na	na	0	na	na	na	na	na	na	0	na	0	na	na	0	na
vfx_catapult_legdown	1	0	0	0	0	na	na	na	na	na	na	na	na	na	na	na	na	na	na	na	0	na	na	na	na	na	na	na	0	na	na	na	na	na	na	0	na	0	na	na	0	na
vfx_catapult_load	1	0	0	0	0	na	na	na	na	na	na	na	na	na	na	na	na	na	na	na	0	na	na	na	na	na	na	na	0	na	na	na	na	na	na	0	na	0	na	na	0	na
vfx_catapult_release	1	0	0	0	0	na	na	na	na	na	na	na	na	na	na	na	na	na	na	na	0	na	na	na	na	na	na	na	0	na	na	na	na	na	na	0	na	0	na	na	0	na
vfx_charredbanner_destroyed	1	0	0	0	0	na	na	na	na	na	na	na	na	na	na	na	na	na	na	na	0	na	na	na	na	na	na	na	0	na	na	na	na	na	na	0	na	0	na	na	0	na
vfx_CharredBanner1_destroyed	1	0	0	0	0	na	na	na	na	na	na	na	na	na	na	na	na	na	na	na	0	na	na	na	na	na	na	na	0	na	na	na	na	na	na	0	na	0	na	na	0	na
vfx_CharredBanner2_destroyed	1	0	0	0	0	na	na	na	na	na	na	na	na	na	na	na	na	na	na	na	0	na	na	na	na	na	na	na	0	na	na	na	na	na	na	0	na	0	na	na	0	na
vfx_CharredBanner3_destroyed	1	0	0	0	0	na	na	na	na	na	na	na	na	na	na	na	na	na	na	na	0	na	na	na	na	na	na	na	0	na	na	na	na	na	na	0	na	0	na	na	0	na
vfx_charredcross_spawner_destroyed	1	0	0	0	0	na	na	na	na	na	na	na	na	na	na	na	na	na	na	na	0	na	na	na	na	na	na	na	0	na	na	na	na	na	na	0	na	0	na	na	0	na
vfx_cloth_hanging_destroyed	1	0	0	0	0	na	na	na	na	na	na	na	na	na	na	na	na	na	na	na	0	na	na	na	na	na	na	na	0	na	na	na	na	na	na	0	na	0	na	na	0	na
vfx_clubhit	1	0	0	0	0	na	na	na	na	na	na	na	na	na	na	na	na	na	na	na	0	na	na	na	na	na	na	na	0	na	na	na	na	na	na	0	na	0	na	na	0	na
vfx_CoalDestroyed	1	0	0	0	0	na	na	na	na	na	na	na	na	na	na	na	na	na	na	na	0	na	na	na	na	na	na	na	0	na	na	na	na	na	na	0	na	0	na	na	0	na
vfx_CoalHit	1	0	0	0	0	na	na	na	na	na	na	na	na	na	na	na	na	na	na	na	0	na	na	na	na	na	na	na	0	na	na	na	na	na	na	0	na	0	na	na	0	na
vfx_coin_pile_destroyed	1	0	0	0	0	na	na	na	na	na	na	na	na	na	na	na	na	na	na	na	0	na	na	na	na	na	na	na	0	na	na	na	na	na	na	0	na	0	na	na	0	na
vfx_coin_stack_destroyed	1	0	0	0	0	na	na	na	na	na	na	na	na	na	na	na	na	na	na	na	0	na	na	na	na	na	na	na	0	na	na	na	na	na	na	0	na	0	na	na	0	na
vfx_Cold	1	0	0	0	0	na	na	na	na	na	na	na	na	na	na	na	na	na	na	na	0	na	na	na	na	na	na	na	0	na	na	na	na	na	na	0	na	0	na	na	0	na
vfx_ColdBall_Hit	1	0	0	0	0	na	na	na	na	na	na	na	na	na	na	na	na	na	na	na	0	na	na	na	na	na	na	na	0	na	na	na	na	na	na	0	na	0	na	na	0	na
vfx_ColdBall_launch	1	0	0	0	0	na	na	na	na	na	na	na	na	na	na	na	na	na	na	na	0	na	na	na	na	na	na	na	0	na	na	na	na	na	na	0	na	0	na	na	0	na
vfx_cooking_station_transform	1	0	0	0	0	na	na	na	na	na	na	na	na	na	na	na	na	na	na	na	0	na	na	na	na	na	na	na	0	na	na	na	na	na	na	0	na	0	na	na	0	na
vfx_corpse_destruction_large	1	0	0	0	0	na	na	na	na	na	na	na	na	na	na	na	na	na	na	na	0	na	na	na	na	na	na	na	0	na	na	na	na	na	na	0	na	0	na	na	0	na
vfx_corpse_destruction_medium	1	0	0	0	0	na	na	na	na	na	na	na	na	na	na	na	na	na	na	na	0	na	na	na	na	na	na	na	0	na	na	na	na	na	na	0	na	0	na	na	0	na
vfx_corpse_destruction_small	1	0	0	0	0	na	na	na	na	na	na	na	na	na	na	na	na	na	na	na	0	na	na	na	na	na	na	na	0	na	na	na	na	na	na	0	na	0	na	na	0	na
vfx_crate_destroyed	1	0	0	0	0	na	na	na	na	na	na	na	na	na	na	na	na	na	na	na	0	na	na	na	na	na	na	na	0	na	na	na	na	na	na	0	na	0	na	na	0	na
vfx_creature_soothed	1	0	0	0	0	na	na	na	na	na	na	na	na	na	na	na	na	na	na	na	0	na	na	na	na	na	na	na	0	na	na	na	na	na	na	0	na	0	na	na	0	na
vfx_creep_hangingdetroyed	1	0	0	0	0	na	na	na	na	na	na	na	na	na	na	na	na	na	na	na	0	na	na	na	na	na	na	na	0	na	na	na	na	na	na	0	na	0	na	na	0	na
vfx_crossbow_blood_fire	1	0	0	0	0	na	na	na	na	na	na	na	na	na	na	na	na	na	na	na	0	na	na	na	na	na	na	na	0	na	na	na	na	na	na	0	na	0	na	na	0	na
vfx_crossbow_lightning_fire	1	0	0	0	0	na	na	na	na	na	na	na	na	na	na	na	na	na	na	na	0	na	na	na	na	na	na	na	0	na	na	na	na	na	na	0	na	0	na	na	0	na
vfx_crossbow_nature_fire	1	0	0	0	0	na	na	na	na	na	na	na	na	na	na	na	na	na	na	na	0	na	na	na	na	na	na	na	0	na	na	na	na	na	na	0	na	0	na	na	0	na
vfx_crow_death	1	0	0	0	0	na	na	na	na	na	na	na	na	na	na	na	na	na	na	na	0	na	na	na	na	na	na	na	0	na	na	na	na	na	na	0	na	0	na	na	0	na
vfx_crypt_skeleton_chest_destroyed	1	0	0	0	0	na	na	na	na	na	na	na	na	na	na	na	na	na	na	na	0	na	na	na	na	na	na	na	0	na	na	na	na	na	na	0	na	0	na	na	0	na
vfx_damaged_cart	1	0	0	0	0	na	na	na	na	na	na	na	na	na	na	na	na	na	na	na	0	na	na	na	na	na	na	na	0	na	na	na	na	na	na	0	na	0	na	na	0	na
vfx_Damaged_Karve	1	0	0	0	0	na	na	na	na	na	na	na	na	na	na	na	na	na	na	na	0	na	na	na	na	na	na	na	0	na	na	na	na	na	na	0	na	0	na	na	0	na
vfx_Damaged_Raft	1	0	0	0	0	na	na	na	na	na	na	na	na	na	na	na	na	na	na	na	0	na	na	na	na	na	na	na	0	na	na	na	na	na	na	0	na	0	na	na	0	na
vfx_Damaged_VikingShip	1	0	0	0	0	na	na	na	na	na	na	na	na	na	na	na	na	na	na	na	0	na	na	na	na	na	na	na	0	na	na	na	na	na	na	0	na	0	na	na	0	na
vfx_darkland_groundfog	1	1	0	0	0	na	na	na	na	na	na	na	na	na	na	na	na	na	na	na	0	na	na	na	na	na	na	na	0	na	na	na	na	na	na	0	na	0	na	na	0	na
vfx_deer_death	1	0	0	0	0	na	na	na	na	na	na	na	na	na	na	na	na	na	na	na	0	na	na	na	na	na	na	na	0	na	na	na	na	na	na	0	na	0	na	na	0	na
vfx_deer_hit	1	0	0	0	0	na	na	na	na	na	na	na	na	na	na	na	na	na	na	na	0	na	na	na	na	na	na	na	0	na	na	na	na	na	na	0	na	0	na	na	0	na
vfx_Destroyed_AshlandsShip	1	0	0	0	0	na	na	na	na	na	na	na	na	na	na	na	na	na	na	na	0	na	na	na	na	na	na	na	0	na	na	na	na	na	na	0	na	0	na	na	0	na
vfx_Destroyed_Karve	1	0	0	0	0	na	na	na	na	na	na	na	na	na	na	na	na	na	na	na	0	na	na	na	na	na	na	na	0	na	na	na	na	na	na	0	na	0	na	na	0	na
vfx_Destroyed_Raft	1	0	0	0	0	na	na	na	na	na	na	na	na	na	na	na	na	na	na	na	0	na	na	na	na	na	na	na	0	na	na	na	na	na	na	0	na	0	na	na	0	na
vfx_Destroyed_VikingShip	1	0	0	0	0	na	na	na	na	na	na	na	na	na	na	na	na	na	na	na	0	na	na	na	na	na	na	na	0	na	na	na	na	na	na	0	na	0	na	na	0	na
vfx_Destroyed_VikingShip_frozen	1	0	0	0	0	na	na	na	na	na	na	na	na	na	na	na	na	na	na	na	0	na	na	na	na	na	na	na	0	na	na	na	na	na	na	0	na	0	na	na	0	na
vfx_dragon_coldbreath	1	0	0	0	0	na	na	na	na	na	na	na	na	na	na	na	na	na	na	na	0	na	na	na	na	na	na	na	0	na	na	na	na	na	na	0	na	0	na	na	0	na
vfx_dragon_death	1	0	0	0	0	na	na	na	na	na	na	na	na	na	na	na	na	na	na	na	0	na	na	na	na	na	na	na	0	na	na	na	na	na	na	0	na	0	na	na	0	na
vfx_dragon_hurt	1	0	0	0	0	na	na	na	na	na	na	na	na	na	na	na	na	na	na	na	0	na	na	na	na	na	na	na	0	na	na	na	na	na	na	0	na	0	na	na	0	na
vfx_dragon_ice_hit	1	0	0	0	0	na	na	na	na	na	na	na	na	na	na	na	na	na	na	na	0	na	na	na	na	na	na	na	0	na	na	na	na	na	na	0	na	0	na	na	0	na
vfx_dragonegg_destroy	1	0	0	0	0	na	na	na	na	na	na	na	na	na	na	na	na	na	na	na	0	na	na	na	na	na	na	na	0	na	na	na	na	na	na	0	na	0	na	na	0	na
vfx_draugr_death	1	0	0	0	0	na	na	na	na	na	na	na	na	na	na	na	na	na	na	na	0	na	na	na	na	na	na	na	0	na	na	na	na	na	na	0	na	0	na	na	0	na
vfx_draugr_hit	1	0	0	0	0	na	na	na	na	na	na	na	na	na	na	na	na	na	na	na	0	na	na	na	na	na	na	na	0	na	na	na	na	na	na	0	na	0	na	na	0	na
vfx_draugrpile_destroyed	1	0	0	0	0	na	na	na	na	na	na	na	na	na	na	na	na	na	na	na	0	na	na	na	na	na	na	na	0	na	na	na	na	na	na	0	na	0	na	na	0	na
vfx_draugrpile_hit	1	0	0	0	0	na	na	na	na	na	na	na	na	na	na	na	na	na	na	na	0	na	na	na	na	na	na	na	0	na	na	na	na	na	na	0	na	0	na	na	0	na
vfx_DraugrSpawn	1	0	0	0	0	na	na	na	na	na	na	na	na	na	na	na	na	na	na	na	0	na	na	na	na	na	na	na	0	na	na	na	na	na	na	0	na	0	na	na	0	na
vfx_dvergpost_destroyed	1	0	0	0	0	na	na	na	na	na	na	na	na	na	na	na	na	na	na	na	0	na	na	na	na	na	na	na	0	na	na	na	na	na	na	0	na	0	na	na	0	na
vfx_dvergr_beam_destroyed	1	0	0	0	0	na	na	na	na	na	na	na	na	na	na	na	na	na	na	na	0	na	na	na	na	na	na	na	0	na	na	na	na	na	na	0	na	0	na	na	0	na
vfx_dvergr_curtain_banner_destroyed	1	0	0	0	0	na	na	na	na	na	na	na	na	na	na	na	na	na	na	na	0	na	na	na	na	na	na	na	0	na	na	na	na	na	na	0	na	0	na	na	0	na
vfx_dvergr_curtain_banner_destroyed_horisontal	1	0	0	0	0	na	na	na	na	na	na	na	na	na	na	na	na	na	na	na	0	na	na	na	na	na	na	na	0	na	na	na	na	na	na	0	na	0	na	na	0	na
vfx_dvergr_pole_destroyed	1	0	0	0	0	na	na	na	na	na	na	na	na	na	na	na	na	na	na	na	0	na	na	na	na	na	na	na	0	na	na	na	na	na	na	0	na	0	na	na	0	na
vfx_dvergr_stake_destroyed	1	0	0	0	0	na	na	na	na	na	na	na	na	na	na	na	na	na	na	na	0	na	na	na	na	na	na	na	0	na	na	na	na	na	na	0	na	0	na	na	0	na
vfx_dvergr_stakewall_destroyed	1	0	0	0	0	na	na	na	na	na	na	na	na	na	na	na	na	na	na	na	0	na	na	na	na	na	na	na	0	na	na	na	na	na	na	0	na	0	na	na	0	na
vfx_dvergr_wood_wall02_destroyed	1	0	0	0	0	na	na	na	na	na	na	na	na	na	na	na	na	na	na	na	0	na	na	na	na	na	na	na	0	na	na	na	na	na	na	0	na	0	na	na	0	na
vfx_dvergr_wood_wall03_destroyed	1	0	0	0	0	na	na	na	na	na	na	na	na	na	na	na	na	na	na	na	0	na	na	na	na	na	na	na	0	na	na	na	na	na	na	0	na	0	na	na	0	na
vfx_dvergr_wood_wall04_destroyed	1	0	0	0	0	na	na	na	na	na	na	na	na	na	na	na	na	na	na	na	0	na	na	na	na	na	na	na	0	na	na	na	na	na	na	0	na	0	na	na	0	na
vfx_dvergrchair_destroyed	1	0	0	0	0	na	na	na	na	na	na	na	na	na	na	na	na	na	na	na	0	na	na	na	na	na	na	na	0	na	na	na	na	na	na	0	na	0	na	na	0	na
vfx_dvergrcreep_beam_destroyed	1	0	0	0	0	na	na	na	na	na	na	na	na	na	na	na	na	na	na	na	0	na	na	na	na	na	na	na	0	na	na	na	na	na	na	0	na	0	na	na	0	na
vfx_dvergrcreep_pole_destroyed	1	0	0	0	0	na	na	na	na	na	na	na	na	na	na	na	na	na	na	na	0	na	na	na	na	na	na	na	0	na	na	na	na	na	na	0	na	0	na	na	0	na
vfx_dvergrcreep_support_destroyed	1	0	0	0	0	na	na	na	na	na	na	na	na	na	na	na	na	na	na	na	0	na	na	na	na	na	na	na	0	na	na	na	na	na	na	0	na	0	na	na	0	na
vfx_dvergrcreep_wood_wall02_destroyed	1	0	0	0	0	na	na	na	na	na	na	na	na	na	na	na	na	na	na	na	0	na	na	na	na	na	na	na	0	na	na	na	na	na	na	0	na	0	na	na	0	na
vfx_dvergrcreep_wood_wall03_destroyed	1	0	0	0	0	na	na	na	na	na	na	na	na	na	na	na	na	na	na	na	0	na	na	na	na	na	na	na	0	na	na	na	na	na	na	0	na	0	na	na	0	na
vfx_dvergrstool_destroyed	1	0	0	0	0	na	na	na	na	na	na	na	na	na	na	na	na	na	na	na	0	na	na	na	na	na	na	na	0	na	na	na	na	na	na	0	na	0	na	na	0	na
vfx_dvergrtable_destroyed	1	0	0	0	0	na	na	na	na	na	na	na	na	na	na	na	na	na	na	na	0	na	na	na	na	na	na	na	0	na	na	na	na	na	na	0	na	0	na	na	0	na
vfx_edge_clouds	1	1	0	0	0	na	na	na	na	na	na	na	na	na	na	na	na	na	na	na	0	na	na	na	na	na	na	na	0	na	na	na	na	na	na	0	na	0	na	na	0	na
vfx_eikthyr_death	1	0	0	0	0	na	na	na	na	na	na	na	na	na	na	na	na	na	na	na	0	na	na	na	na	na	na	na	0	na	na	na	na	na	na	0	na	0	na	na	0	na
vfx_FallenWarrior_death	1	0	0	0	0	na	na	na	na	na	na	na	na	na	na	na	na	na	na	na	0	na	na	na	na	na	na	na	0	na	na	na	na	na	na	0	na	0	na	na	0	na
vfx_FallenWarrior_hit	1	0	0	0	0	na	na	na	na	na	na	na	na	na	na	na	na	na	na	na	0	na	na	na	na	na	na	na	0	na	na	na	na	na	na	0	na	0	na	na	0	na
vfx_fenring_cultist_death	1	0	0	0	0	na	na	na	na	na	na	na	na	na	na	na	na	na	na	na	0	na	na	na	na	na	na	na	0	na	na	na	na	na	na	0	na	0	na	na	0	na
vfx_fenring_cultist_hildir_death	1	0	0	0	0	na	na	na	na	na	na	na	na	na	na	na	na	na	na	na	0	na	na	na	na	na	na	na	0	na	na	na	na	na	na	0	na	0	na	na	0	na
vfx_fenring_death	1	0	0	0	0	na	na	na	na	na	na	na	na	na	na	na	na	na	na	na	0	na	na	na	na	na	na	na	0	na	na	na	na	na	na	0	na	0	na	na	0	na
vfx_fenring_hurt	1	0	0	0	0	na	na	na	na	na	na	na	na	na	na	na	na	na	na	na	0	na	na	na	na	na	na	na	0	na	na	na	na	na	na	0	na	0	na	na	0	na
vfx_fenrirhide_hanging_destroyed	1	0	0	0	0	na	na	na	na	na	na	na	na	na	na	na	na	na	na	na	0	na	na	na	na	na	na	na	0	na	na	na	na	na	na	0	na	0	na	na	0	na
vfx_fermenter_add	1	0	0	0	0	na	na	na	na	na	na	na	na	na	na	na	na	na	na	na	0	na	na	na	na	na	na	na	0	na	na	na	na	na	na	0	na	0	na	na	0	na
vfx_fermenter_tap	1	0	0	0	0	na	na	na	na	na	na	na	na	na	na	na	na	na	na	na	0	na	na	na	na	na	na	na	0	na	na	na	na	na	na	0	na	0	na	na	0	na
vfx_FernAshlands_destroyed	1	0	0	0	0	na	na	na	na	na	na	na	na	na	na	na	na	na	na	na	0	na	na	na	na	na	na	na	0	na	na	na	na	na	na	0	na	0	na	na	0	na
vfx_FernAshlands_puff	1	0	0	0	0	na	na	na	na	na	na	na	na	na	na	na	na	na	na	na	0	na	na	na	na	na	na	na	0	na	na	na	na	na	na	0	na	0	na	na	0	na
vfx_fir_oldlog	1	0	0	0	0	na	na	na	na	na	na	na	na	na	na	na	na	na	na	na	0	na	na	na	na	na	na	na	0	na	na	na	na	na	na	0	na	0	na	na	0	na
vfx_FireAddFuel	1	0	0	0	0	na	na	na	na	na	na	na	na	na	na	na	na	na	na	na	0	na	na	na	na	na	na	na	0	na	na	na	na	na	na	0	na	0	na	na	0	na
vfx_FireballHit	1	0	0	0	0	na	na	na	na	na	na	na	na	na	na	na	na	na	na	na	0	na	na	na	na	na	na	na	0	na	na	na	na	na	na	0	na	0	na	na	0	na
vfx_firetree_regrow	1	0	0	0	0	na	na	na	na	na	na	na	na	na	na	na	na	na	na	na	0	na	na	na	na	na	na	na	0	na	na	na	na	na	na	0	na	0	na	na	0	na
vfx_firetreecut	1	0	0	0	0	na	na	na	na	na	na	na	na	na	na	na	na	na	na	na	0	na	na	na	na	na	na	na	0	na	na	na	na	na	na	0	na	0	na	na	0	na
vfx_firetreecut_dead	1	0	0	0	0	na	na	na	na	na	na	na	na	na	na	na	na	na	na	na	0	na	na	na	na	na	na	na	0	na	na	na	na	na	na	0	na	0	na	na	0	na
vfx_firetreecut_dead_abomination	1	0	0	0	0	na	na	na	na	na	na	na	na	na	na	na	na	na	na	na	0	na	na	na	na	na	na	na	0	na	na	na	na	na	na	0	na	0	na	na	0	na
vfx_firetreecut_dead_snow	1	0	0	0	0	na	na	na	na	na	na	na	na	na	na	na	na	na	na	na	0	na	na	na	na	na	na	na	0	na	na	na	na	na	na	0	na	0	na	na	0	na
vfx_firetreecut_snow	1	0	0	0	0	na	na	na	na	na	na	na	na	na	na	na	na	na	na	na	0	na	na	na	na	na	na	na	0	na	na	na	na	na	na	0	na	0	na	na	0	na
vfx_firetreecut_snow_FrostTrollDeath	1	0	0	0	0	na	na	na	na	na	na	na	na	na	na	na	na	na	na	na	0	na	na	na	na	na	na	na	0	na	na	na	na	na	na	0	na	0	na	na	0	na
vfx_firetreecut_snow_FrostTrollThrow	1	0	0	0	0	na	na	na	na	na	na	na	na	na	na	na	na	na	na	na	0	na	na	na	na	na	na	na	0	na	na	na	na	na	na	0	na	0	na	na	0	na
vfx_firetreecut_snow_small	1	0	0	0	0	na	na	na	na	na	na	na	na	na	na	na	na	na	na	na	0	na	na	na	na	na	na	na	0	na	na	na	na	na	na	0	na	0	na	na	0	na
vfx_FireWork_BlackCore	1	0	0	0	0	na	na	na	na	na	na	na	na	na	na	na	na	na	na	na	0	na	na	na	na	na	na	na	0	na	na	na	na	na	na	0	na	0	na	na	0	na
vfx_Firework_Rocket	1	0	1	0	0	na	na	na	na	na	na	na	na	na	na	na	na	na	na	na	0	na	na	na	na	na	na	na	0	na	na	na	na	na	na	0	na	0	na	na	0	na
vfx_Firework_Rocket_Blue	1	0	1	0	0	na	na	na	na	na	na	na	na	na	na	na	na	na	na	na	0	na	na	na	na	na	na	na	0	na	na	na	na	na	na	0	na	0	na	na	0	na
vfx_Firework_Rocket_Cyan	1	0	1	0	0	na	na	na	na	na	na	na	na	na	na	na	na	na	na	na	0	na	na	na	na	na	na	na	0	na	na	na	na	na	na	0	na	0	na	na	0	na
vfx_Firework_Rocket_Green	1	0	1	0	0	na	na	na	na	na	na	na	na	na	na	na	na	na	na	na	0	na	na	na	na	na	na	na	0	na	na	na	na	na	na	0	na	0	na	na	0	na
vfx_Firework_Rocket_Purple	1	0	1	0	0	na	na	na	na	na	na	na	na	na	na	na	na	na	na	na	0	na	na	na	na	na	na	na	0	na	na	na	na	na	na	0	na	0	na	na	0	na
vfx_Firework_Rocket_Red	1	0	1	0	0	na	na	na	na	na	na	na	na	na	na	na	na	na	na	na	0	na	na	na	na	na	na	na	0	na	na	na	na	na	na	0	na	0	na	na	0	na
vfx_Firework_Rocket_Yellow	1	0	1	0	0	na	na	na	na	na	na	na	na	na	na	na	na	na	na	na	0	na	na	na	na	na	na	na	0	na	na	na	na	na	na	0	na	0	na	na	0	na
vfx_FireWork_SurtlingCore	1	0	0	0	0	na	na	na	na	na	na	na	na	na	na	na	na	na	na	na	0	na	na	na	na	na	na	na	0	na	na	na	na	na	na	0	na	0	na	na	0	na
vfx_FireWork_ThunderStone	1	0	0	0	0	na	na	na	na	na	na	na	na	na	na	na	na	na	na	na	0	na	na	na	na	na	na	na	0	na	na	na	na	na	na	0	na	0	na	na	0	na
vfx_firlogdestroyed	1	0	0	0	0	na	na	na	na	na	na	na	na	na	na	na	na	na	na	na	0	na	na	na	na	na	na	na	0	na	na	na	na	na	na	0	na	0	na	na	0	na
vfx_firlogdestroyed_half	1	0	0	0	0	na	na	na	na	na	na	na	na	na	na	na	na	na	na	na	0	na	na	na	na	na	na	na	0	na	na	na	na	na	na	0	na	0	na	na	0	na
vfx_FlameBall_launch	1	0	0	0	0	na	na	na	na	na	na	na	na	na	na	na	na	na	na	na	0	na	na	na	na	na	na	na	0	na	na	na	na	na	na	0	na	0	na	na	0	na
vfx_flintpile_destroyed	1	0	0	0	0	na	na	na	na	na	na	na	na	na	na	na	na	na	na	na	0	na	na	na	na	na	na	na	0	na	na	na	na	na	na	0	na	0	na	na	0	na
vfx_foresttroll_hit	1	0	0	0	0	na	na	na	na	na	na	na	na	na	na	na	na	na	na	na	0	na	na	na	na	na	na	na	0	na	na	na	na	na	na	0	na	0	na	na	0	na
vfx_ForgeAddFuel	1	0	0	0	0	na	na	na	na	na	na	na	na	na	na	na	na	na	na	na	0	na	na	na	na	na	na	na	0	na	na	na	na	na	na	0	na	0	na	na	0	na
vfx_Freezing	1	0	0	0	0	na	na	na	na	na	na	na	na	na	na	na	na	na	na	na	0	na	na	na	na	na	na	na	0	na	na	na	na	na	na	0	na	0	na	na	0	na
vfx_Frost	1	0	0	0	0	na	na	na	na	na	na	na	na	na	na	na	na	na	na	na	0	na	na	na	na	na	na	na	0	na	na	na	na	na	na	0	na	0	na	na	0	na
vfx_frostarrow_hit	1	0	0	0	0	na	na	na	na	na	na	na	na	na	na	na	na	na	na	na	0	na	na	na	na	na	na	na	0	na	na	na	na	na	na	0	na	0	na	na	0	na
vfx_frostcore_pick	1	0	0	0	0	na	na	na	na	na	na	na	na	na	na	na	na	na	na	na	0	na	na	na	na	na	na	na	0	na	na	na	na	na	na	0	na	0	na	na	0	na
vfx_frostfoundry_transform	1	0	0	0	0	na	na	na	na	na	na	na	na	na	na	na	na	na	na	na	0	na	na	na	na	na	na	na	0	na	na	na	na	na	na	0	na	0	na	na	0	na
vfx_frostkiln_addore	1	0	0	0	0	na	na	na	na	na	na	na	na	na	na	na	na	na	na	na	0	na	na	na	na	na	na	na	0	na	na	na	na	na	na	0	na	0	na	na	0	na
vfx_frostkiln_produce	1	0	0	0	0	na	na	na	na	na	na	na	na	na	na	na	na	na	na	na	0	na	na	na	na	na	na	na	0	na	na	na	na	na	na	0	na	0	na	na	0	na
vfx_FrostOrbs	1	0	0	0	0	na	na	na	na	na	na	na	na	na	na	na	na	na	na	na	0	na	na	na	na	na	na	na	0	na	na	na	na	na	na	0	na	0	na	na	0	na
vfx_frosttroll_hit	1	0	0	0	0	na	na	na	na	na	na	na	na	na	na	na	na	na	na	na	0	na	na	na	na	na	na	na	0	na	na	na	na	na	na	0	na	0	na	na	0	na
vfx_frozengd_destroyed	1	0	0	0	0	na	na	na	na	na	na	na	na	na	na	na	na	na	na	na	0	na	na	na	na	na	na	na	0	na	na	na	na	na	na	0	na	0	na	na	0	na
vfx_frozenking_blackice_destroyed	1	0	0	0	0	na	na	na	na	na	na	na	na	na	na	na	na	na	na	na	0	na	na	na	na	na	na	na	0	na	na	na	na	na	na	0	na	0	na	na	0	na
vfx_frozenking_death	1	0	0	0	0	na	na	na	na	na	na	na	na	na	na	na	na	na	na	na	0	na	na	na	na	na	na	na	0	na	na	na	na	na	na	0	na	0	na	na	0	na
vfx_frozenking_final_death	1	0	0	0	0	na	na	na	na	na	na	na	na	na	na	na	na	na	na	na	0	na	na	na	na	na	na	na	0	na	na	na	na	na	na	0	na	0	na	na	0	na
vfx_frozenking_final_death_ground	1	0	0	0	0	na	na	na	na	na	na	na	na	na	na	na	na	na	na	na	0	na	na	na	na	na	na	na	0	na	na	na	na	na	na	0	na	0	na	na	0	na
vfx_gdking_stomp	1	0	0	0	0	na	na	na	na	na	na	na	na	na	na	na	na	na	na	na	0	na	na	na	na	na	na	na	0	na	na	na	na	na	na	0	na	0	na	na	0	na
vfx_ghost_death	1	0	0	0	0	na	na	na	na	na	na	na	na	na	na	na	na	na	na	na	0	na	na	na	na	na	na	na	0	na	na	na	na	na	na	0	na	0	na	na	0	na
vfx_ghost_hit	1	0	0	0	0	na	na	na	na	na	na	na	na	na	na	na	na	na	na	na	0	na	na	na	na	na	na	na	0	na	na	na	na	na	na	0	na	0	na	na	0	na
vfx_ghost_spawn	1	0	0	0	0	na	na	na	na	na	na	na	na	na	na	na	na	na	na	na	0	na	na	na	na	na	na	na	0	na	na	na	na	na	na	0	na	0	na	na	0	na
vfx_GiantMetal_destroyed	1	0	0	0	0	na	na	na	na	na	na	na	na	na	na	na	na	na	na	na	0	na	na	na	na	na	na	na	0	na	na	na	na	na	na	0	na	0	na	na	0	na
vfx_gjall_spit	1	0	0	0	0	na	na	na	na	na	na	na	na	na	na	na	na	na	na	na	0	na	na	na	na	na	na	na	0	na	na	na	na	na	na	0	na	0	na	na	0	na
vfx_goblin_death	1	0	0	0	0	na	na	na	na	na	na	na	na	na	na	na	na	na	na	na	0	na	na	na	na	na	na	na	0	na	na	na	na	na	na	0	na	0	na	na	0	na
vfx_goblin_dn_death	1	0	0	0	0	na	na	na	na	na	na	na	na	na	na	na	na	na	na	na	0	na	na	na	na	na	na	na	0	na	na	na	na	na	na	0	na	0	na	na	0	na
vfx_goblin_dn_hit	1	0	0	0	0	na	na	na	na	na	na	na	na	na	na	na	na	na	na	na	0	na	na	na	na	na	na	na	0	na	na	na	na	na	na	0	na	0	na	na	0	na
vfx_goblin_hit	1	0	0	0	0	na	na	na	na	na	na	na	na	na	na	na	na	na	na	na	0	na	na	na	na	na	na	na	0	na	na	na	na	na	na	0	na	0	na	na	0	na
vfx_goblin_woodwall_destroyed	1	0	0	0	0	na	na	na	na	na	na	na	na	na	na	na	na	na	na	na	0	na	na	na	na	na	na	na	0	na	na	na	na	na	na	0	na	0	na	na	0	na
vfx_goblinbrute_death	1	0	0	0	0	na	na	na	na	na	na	na	na	na	na	na	na	na	na	na	0	na	na	na	na	na	na	na	0	na	na	na	na	na	na	0	na	0	na	na	0	na
vfx_goblinbrute_hildir_death	1	0	0	0	0	na	na	na	na	na	na	na	na	na	na	na	na	na	na	na	0	na	na	na	na	na	na	na	0	na	na	na	na	na	na	0	na	0	na	na	0	na
vfx_goblinbrute_hit	1	0	0	0	0	na	na	na	na	na	na	na	na	na	na	na	na	na	na	na	0	na	na	na	na	na	na	na	0	na	na	na	na	na	na	0	na	0	na	na	0	na
vfx_goblinking_beam_OLD	1	0	0	0	0	na	na	na	na	na	na	na	na	na	na	na	na	na	na	na	0	na	na	na	na	na	na	na	0	na	na	na	na	na	na	0	na	0	na	na	0	na
vfx_GoblinShield	1	0	0	0	0	na	na	na	na	na	na	na	na	na	na	na	na	na	na	na	0	na	na	na	na	na	na	na	0	na	na	na	na	na	na	0	na	0	na	na	0	na
vfx_GodExplosion	1	0	0	0	0	na	na	na	na	na	na	na	na	na	na	na	na	na	na	na	0	na	na	na	na	na	na	na	0	na	na	na	na	na	na	0	na	0	na	na	0	na
vfx_grausten_stair_destroyed	1	0	0	0	0	na	na	na	na	na	na	na	na	na	na	na	na	na	na	na	0	na	na	na	na	na	na	na	0	na	na	na	na	na	na	0	na	0	na	na	0	na
vfx_GraustenDestroyed	1	0	0	0	0	na	na	na	na	na	na	na	na	na	na	na	na	na	na	na	0	na	na	na	na	na	na	na	0	na	na	na	na	na	na	0	na	0	na	na	0	na
vfx_GraustenDestroyed_large	1	0	0	0	0	na	na	na	na	na	na	na	na	na	na	na	na	na	na	na	0	na	na	na	na	na	na	na	0	na	na	na	na	na	na	0	na	0	na	na	0	na
vfx_greydwarf_death	1	0	0	0	0	na	na	na	na	na	na	na	na	na	na	na	na	na	na	na	0	na	na	na	na	na	na	na	0	na	na	na	na	na	na	0	na	0	na	na	0	na
vfx_greydwarf_elite_death	1	0	0	0	0	na	na	na	na	na	na	na	na	na	na	na	na	na	na	na	0	na	na	na	na	na	na	na	0	na	na	na	na	na	na	0	na	0	na	na	0	na
vfx_greydwarf_hit	1	0	0	0	0	na	na	na	na	na	na	na	na	na	na	na	na	na	na	na	0	na	na	na	na	na	na	na	0	na	na	na	na	na	na	0	na	0	na	na	0	na
vfx_greydwarf_root_destroyed	1	0	0	0	0	na	na	na	na	na	na	na	na	na	na	na	na	na	na	na	0	na	na	na	na	na	na	na	0	na	na	na	na	na	na	0	na	0	na	na	0	na
vfx_greydwarf_shaman_pray	1	0	0	0	0	na	na	na	na	na	na	na	na	na	na	na	na	na	na	na	0	na	na	na	na	na	na	na	0	na	na	na	na	na	na	0	na	0	na	na	0	na
vfx_greydwarfnest_destroyed	1	0	0	0	0	na	na	na	na	na	na	na	na	na	na	na	na	na	na	na	0	na	na	na	na	na	na	na	0	na	na	na	na	na	na	0	na	0	na	na	0	na
vfx_greydwarfnest_hit	1	0	0	0	0	na	na	na	na	na	na	na	na	na	na	na	na	na	na	na	0	na	na	na	na	na	na	na	0	na	na	na	na	na	na	0	na	0	na	na	0	na
vfx_groundtorch_addFuel	1	0	0	0	0	na	na	na	na	na	na	na	na	na	na	na	na	na	na	na	0	na	na	na	na	na	na	na	0	na	na	na	na	na	na	0	na	0	na	na	0	na
vfx_GuckSackDestroyed	1	0	0	0	0	na	na	na	na	na	na	na	na	na	na	na	na	na	na	na	0	na	na	na	na	na	na	na	0	na	na	na	na	na	na	0	na	0	na	na	0	na
vfx_GuckSackHit	1	0	0	0	0	na	na	na	na	na	na	na	na	na	na	na	na	na	na	na	0	na	na	na	na	na	na	na	0	na	na	na	na	na	na	0	na	0	na	na	0	na
vfx_GuckSackSmall_Destroyed	1	0	0	0	0	na	na	na	na	na	na	na	na	na	na	na	na	na	na	na	0	na	na	na	na	na	na	na	0	na	na	na	na	na	na	0	na	0	na	na	0	na
vfx_Harpooned	1	0	0	0	0	na	na	na	na	na	na	na	na	na	na	na	na	na	na	na	0	na	na	na	na	na	na	na	0	na	na	na	na	na	na	0	na	0	na	na	0	na
vfx_hatchling_death	1	0	0	0	0	na	na	na	na	na	na	na	na	na	na	na	na	na	na	na	0	na	na	na	na	na	na	na	0	na	na	na	na	na	na	0	na	0	na	na	0	na
vfx_hatchling_hurt	1	0	0	0	0	na	na	na	na	na	na	na	na	na	na	na	na	na	na	na	0	na	na	na	na	na	na	na	0	na	na	na	na	na	na	0	na	0	na	na	0	na
vfx_HealthUpgrade	1	0	0	0	0	na	na	na	na	na	na	na	na	na	na	na	na	na	na	na	0	na	na	na	na	na	na	na	0	na	na	na	na	na	na	0	na	0	na	na	0	na
vfx_HearthAddFuel	1	0	0	0	0	na	na	na	na	na	na	na	na	na	na	na	na	na	na	na	0	na	na	na	na	na	na	na	0	na	na	na	na	na	na	0	na	0	na	na	0	na
vfx_HitSparks	1	0	0	0	0	na	na	na	na	na	na	na	na	na	na	na	na	na	na	na	0	na	na	na	na	na	na	na	0	na	na	na	na	na	na	0	na	0	na	na	0	na
vfx_hjall_spit_hit	1	0	0	0	0	na	na	na	na	na	na	na	na	na	na	na	na	na	na	na	0	na	na	na	na	na	na	na	0	na	na	na	na	na	na	0	na	0	na	na	0	na
vfx_HoleSpawner_destruction	1	1	0	0	0	na	na	na	na	na	na	na	na	na	na	na	na	na	na	na	0	na	na	na	na	na	na	na	0	na	na	na	na	na	na	0	na	0	na	na	0	na
vfx_HoleSpawner_double_destruction	1	1	0	0	0	na	na	na	na	na	na	na	na	na	na	na	na	na	na	na	0	na	na	na	na	na	na	na	0	na	na	na	na	na	na	0	na	0	na	na	0	na
vfx_ice_destroyed	1	0	0	0	0	na	na	na	na	na	na	na	na	na	na	na	na	na	na	na	0	na	na	na	na	na	na	na	0	na	na	na	na	na	na	0	na	0	na	na	0	na
vfx_ice_destroyed_shelf	1	0	0	0	0	na	na	na	na	na	na	na	na	na	na	na	na	na	na	na	0	na	na	na	na	na	na	na	0	na	na	na	na	na	na	0	na	0	na	na	0	na
vfx_ice_hit	1	0	0	0	0	na	na	na	na	na	na	na	na	na	na	na	na	na	na	na	0	na	na	na	na	na	na	na	0	na	na	na	na	na	na	0	na	0	na	na	0	na
vfx_iceblocker_destroyed	1	0	0	0	0	na	na	na	na	na	na	na	na	na	na	na	na	na	na	na	0	na	na	na	na	na	na	na	0	na	na	na	na	na	na	0	na	0	na	na	0	na
vfx_icecube_destroyed	1	0	0	0	0	na	na	na	na	na	na	na	na	na	na	na	na	na	na	na	0	na	na	na	na	na	na	na	0	na	na	na	na	na	na	0	na	0	na	na	0	na
vfx_ImpDeath	1	0	0	0	0	na	na	na	na	na	na	na	na	na	na	na	na	na	na	na	0	na	na	na	na	na	na	na	0	na	na	na	na	na	na	0	na	0	na	na	0	na
vfx_kiln_addore	1	0	0	0	0	na	na	na	na	na	na	na	na	na	na	na	na	na	na	na	0	na	na	na	na	na	na	na	0	na	na	na	na	na	na	0	na	0	na	na	0	na
vfx_kiln_produce	1	0	0	0	0	na	na	na	na	na	na	na	na	na	na	na	na	na	na	na	0	na	na	na	na	na	na	na	0	na	na	na	na	na	na	0	na	0	na	na	0	na
vfx_LastBossGate_destroyed	1	0	0	0	0	na	na	na	na	na	na	na	na	na	na	na	na	na	na	na	0	na	na	na	na	na	na	na	0	na	na	na	na	na	na	0	na	0	na	na	0	na
vfx_leech_death	1	0	0	0	0	na	na	na	na	na	na	na	na	na	na	na	na	na	na	na	0	na	na	na	na	na	na	na	0	na	na	na	na	na	na	0	na	0	na	na	0	na
vfx_leech_hit	1	0	0	0	0	na	na	na	na	na	na	na	na	na	na	na	na	na	na	na	0	na	na	na	na	na	na	na	0	na	na	na	na	na	na	0	na	0	na	na	0	na
vfx_lever	1	0	0	0	0	na	na	na	na	na	na	na	na	na	na	na	na	na	na	na	0	na	na	na	na	na	na	na	0	na	na	na	na	na	na	0	na	0	na	na	0	na
vfx_LightFoot	1	0	0	0	0	na	na	na	na	na	na	na	na	na	na	na	na	na	na	na	0	na	na	na	na	na	na	na	0	na	na	na	na	na	na	0	na	0	na	na	0	na
vfx_lightningstaff_fire	1	0	0	0	0	na	na	na	na	na	na	na	na	na	na	na	na	na	na	na	0	na	na	na	na	na	na	na	0	na	na	na	na	na	na	0	na	0	na	na	0	na
vfx_lootspawn	1	0	0	0	0	na	na	na	na	na	na	na	na	na	na	na	na	na	na	na	0	na	na	na	na	na	na	na	0	na	na	na	na	na	na	0	na	0	na	na	0	na
vfx_lox_groundslam	1	0	0	0	0	na	na	na	na	na	na	na	na	na	na	na	na	na	na	na	0	na	na	na	na	na	na	na	0	na	na	na	na	na	na	0	na	0	na	na	0	na
vfx_lox_love	1	0	0	0	0	na	na	na	na	na	na	na	na	na	na	na	na	na	na	na	0	na	na	na	na	na	na	na	0	na	na	na	na	na	na	0	na	0	na	na	0	na
vfx_lox_soothed	1	0	0	0	0	na	na	na	na	na	na	na	na	na	na	na	na	na	na	na	0	na	na	na	na	na	na	na	0	na	na	na	na	na	na	0	na	0	na	na	0	na
vfx_MarbleDestroyed	1	0	0	0	0	na	na	na	na	na	na	na	na	na	na	na	na	na	na	na	0	na	na	na	na	na	na	na	0	na	na	na	na	na	na	0	na	0	na	na	0	na
vfx_MarbleHit	1	0	0	0	0	na	na	na	na	na	na	na	na	na	na	na	na	na	na	na	0	na	na	na	na	na	na	na	0	na	na	na	na	na	na	0	na	0	na	na	0	na
vfx_MeadBzerker	1	0	0	0	0	na	na	na	na	na	na	na	na	na	na	na	na	na	na	na	0	na	na	na	na	na	na	na	0	na	na	na	na	na	na	0	na	0	na	na	0	na
vfx_MeadHasty	1	0	0	0	0	na	na	na	na	na	na	na	na	na	na	na	na	na	na	na	0	na	na	na	na	na	na	na	0	na	na	na	na	na	na	0	na	0	na	na	0	na
vfx_MeadSplash	1	0	0	0	0	na	na	na	na	na	na	na	na	na	na	na	na	na	na	na	0	na	na	na	na	na	na	na	0	na	na	na	na	na	na	0	na	0	na	na	0	na
vfx_MeadStrength	1	0	0	0	0	na	na	na	na	na	na	na	na	na	na	na	na	na	na	na	0	na	na	na	na	na	na	na	0	na	na	na	na	na	na	0	na	0	na	na	0	na
vfx_MeadSwimmer	1	0	0	0	0	na	na	na	na	na	na	na	na	na	na	na	na	na	na	na	0	na	na	na	na	na	na	na	0	na	na	na	na	na	na	0	na	0	na	na	0	na
vfx_MeadTamer	1	0	0	0	0	na	na	na	na	na	na	na	na	na	na	na	na	na	na	na	0	na	na	na	na	na	na	na	0	na	na	na	na	na	na	0	na	0	na	na	0	na
vfx_mill_add	1	0	0	0	0	na	na	na	na	na	na	na	na	na	na	na	na	na	na	na	0	na	na	na	na	na	na	na	0	na	na	na	na	na	na	0	na	0	na	na	0	na
vfx_mill_produce	1	0	0	0	0	na	na	na	na	na	na	na	na	na	na	na	na	na	na	na	0	na	na	na	na	na	na	na	0	na	na	na	na	na	na	0	na	0	na	na	0	na
vfx_mistlands_mist	1	1	1	0	0	na	na	na	na	na	na	na	na	na	na	na	na	na	na	na	0	na	na	na	na	na	na	na	0	na	na	na	na	na	na	0	na	0	na	na	0	na
vfx_morgenhole_pile_destroyed	1	0	0	0	0	na	na	na	na	na	na	na	na	na	na	na	na	na	na	na	0	na	na	na	na	na	na	na	0	na	na	na	na	na	na	0	na	0	na	na	0	na
vfx_morkhalla_bench_destroyed	1	1	0	0	0	na	na	na	na	na	na	na	na	na	na	na	na	na	na	na	0	na	na	na	na	na	na	na	0	na	na	na	na	na	na	0	na	0	na	na	0	na
vfx_morkhalla_firepit_destroyed	1	1	0	0	0	na	na	na	na	na	na	na	na	na	na	na	na	na	na	na	0	na	na	na	na	na	na	na	0	na	na	na	na	na	na	0	na	0	na	na	0	na
vfx_morkhalla_gatedoor_destroyed	1	0	0	0	0	na	na	na	na	na	na	na	na	na	na	na	na	na	na	na	0	na	na	na	na	na	na	na	0	na	na	na	na	na	na	0	na	0	na	na	0	na
vfx_morkhalla_gatedoor02_destroyed	1	0	0	0	0	na	na	na	na	na	na	na	na	na	na	na	na	na	na	na	0	na	na	na	na	na	na	na	0	na	na	na	na	na	na	0	na	0	na	na	0	na
vfx_morkhalla_gatedoor03_destroyed	1	0	0	0	0	na	na	na	na	na	na	na	na	na	na	na	na	na	na	na	0	na	na	na	na	na	na	na	0	na	na	na	na	na	na	0	na	0	na	na	0	na
vfx_morkhalla_stool_destroyed	1	0	0	0	0	na	na	na	na	na	na	na	na	na	na	na	na	na	na	na	0	na	na	na	na	na	na	na	0	na	na	na	na	na	na	0	na	0	na	na	0	na
vfx_morkhalla_table_destroyed	1	0	0	0	0	na	na	na	na	na	na	na	na	na	na	na	na	na	na	na	0	na	na	na	na	na	na	na	0	na	na	na	na	na	na	0	na	0	na	na	0	na
vfx_morkhalla_trainingdummy1_destroyed	1	0	0	0	0	na	na	na	na	na	na	na	na	na	na	na	na	na	na	na	0	na	na	na	na	na	na	na	0	na	na	na	na	na	na	0	na	0	na	na	0	na
vfx_morkhalla_trainingdummy2_destroyed	1	0	0	0	0	na	na	na	na	na	na	na	na	na	na	na	na	na	na	na	0	na	na	na	na	na	na	na	0	na	na	na	na	na	na	0	na	0	na	na	0	na
vfx_morkhalla_weaponstand_destroyed	1	0	0	0	0	na	na	na	na	na	na	na	na	na	na	na	na	na	na	na	0	na	na	na	na	na	na	na	0	na	na	na	na	na	na	0	na	0	na	na	0	na
vfx_morkhalla_web_destroyed	1	0	0	0	0	na	na	na	na	na	na	na	na	na	na	na	na	na	na	na	0	na	na	na	na	na	na	na	0	na	na	na	na	na	na	0	na	0	na	na	0	na
vfx_MorkhallaStatueDestroyed	1	0	0	0	0	na	na	na	na	na	na	na	na	na	na	na	na	na	na	na	0	na	na	na	na	na	na	na	0	na	na	na	na	na	na	0	na	0	na	na	0	na
vfx_mountainkit_chair_destroyed	1	0	0	0	0	na	na	na	na	na	na	na	na	na	na	na	na	na	na	na	0	na	na	na	na	na	na	na	0	na	na	na	na	na	na	0	na	0	na	na	0	na
vfx_mountainkit_table_destroyed	1	0	0	0	0	na	na	na	na	na	na	na	na	na	na	na	na	na	na	na	0	na	na	na	na	na	na	na	0	na	na	na	na	na	na	0	na	0	na	na	0	na
vfx_MudDestroyed	1	0	0	0	0	na	na	na	na	na	na	na	na	na	na	na	na	na	na	na	0	na	na	na	na	na	na	na	0	na	na	na	na	na	na	0	na	0	na	na	0	na
vfx_MudHit	1	0	0	0	0	na	na	na	na	na	na	na	na	na	na	na	na	na	na	na	0	na	na	na	na	na	na	na	0	na	na	na	na	na	na	0	na	0	na	na	0	na
vfx_neck_death	1	0	0	0	0	na	na	na	na	na	na	na	na	na	na	na	na	na	na	na	0	na	na	na	na	na	na	na	0	na	na	na	na	na	na	0	na	0	na	na	0	na
vfx_neck_hit	1	0	0	0	0	na	na	na	na	na	na	na	na	na	na	na	na	na	na	na	0	na	na	na	na	na	na	na	0	na	na	na	na	na	na	0	na	0	na	na	0	na
vfx_oak_cut	1	0	0	0	0	na	na	na	na	na	na	na	na	na	na	na	na	na	na	na	0	na	na	na	na	na	na	na	0	na	na	na	na	na	na	0	na	0	na	na	0	na
vfx_oaklogdestroyed	1	0	0	0	0	na	na	na	na	na	na	na	na	na	na	na	na	na	na	na	0	na	na	na	na	na	na	na	0	na	na	na	na	na	na	0	na	0	na	na	0	na
vfx_oaklogdestroyed_half	1	0	0	0	0	na	na	na	na	na	na	na	na	na	na	na	na	na	na	na	0	na	na	na	na	na	na	na	0	na	na	na	na	na	na	0	na	0	na	na	0	na
vfx_obsidian_destroyed	1	0	0	0	0	na	na	na	na	na	na	na	na	na	na	na	na	na	na	na	0	na	na	na	na	na	na	na	0	na	na	na	na	na	na	0	na	0	na	na	0	na
vfx_ocean_clouds	1	1	0	0	0	na	na	na	na	na	na	na	na	na	na	na	na	na	na	na	0	na	na	na	na	na	na	na	0	na	na	na	na	na	na	0	na	0	na	na	0	na
vfx_odin_despawn	1	0	0	0	0	na	na	na	na	na	na	na	na	na	na	na	na	na	na	na	0	na	na	na	na	na	na	na	0	na	na	na	na	na	na	0	na	0	na	na	0	na
vfx_offering	1	0	0	0	0	na	na	na	na	na	na	na	na	na	na	na	na	na	na	na	0	na	na	na	na	na	na	na	0	na	na	na	na	na	na	0	na	0	na	na	0	na
vfx_perfectblock	1	0	0	0	0	na	na	na	na	na	na	na	na	na	na	na	na	na	na	na	0	na	na	na	na	na	na	na	0	na	na	na	na	na	na	0	na	0	na	na	0	na
vfx_pick_wisp	1	0	0	0	0	na	na	na	na	na	na	na	na	na	na	na	na	na	na	na	0	na	na	na	na	na	na	na	0	na	na	na	na	na	na	0	na	0	na	na	0	na
vfx_pickable_pick	1	0	0	0	0	na	na	na	na	na	na	na	na	na	na	na	na	na	na	na	0	na	na	na	na	na	na	na	0	na	na	na	na	na	na	0	na	0	na	na	0	na
vfx_pinelogdestroyed	1	0	0	0	0	na	na	na	na	na	na	na	na	na	na	na	na	na	na	na	0	na	na	na	na	na	na	na	0	na	na	na	na	na	na	0	na	0	na	na	0	na
vfx_pinelogdestroyed_half	1	0	0	0	0	na	na	na	na	na	na	na	na	na	na	na	na	na	na	na	0	na	na	na	na	na	na	na	0	na	na	na	na	na	na	0	na	0	na	na	0	na
vfx_pinetree_regrow	1	0	0	0	0	na	na	na	na	na	na	na	na	na	na	na	na	na	na	na	0	na	na	na	na	na	na	na	0	na	na	na	na	na	na	0	na	0	na	na	0	na
vfx_pinetreecut	1	0	0	0	0	na	na	na	na	na	na	na	na	na	na	na	na	na	na	na	0	na	na	na	na	na	na	na	0	na	na	na	na	na	na	0	na	0	na	na	0	na
vfx_pinetreecut_dead	1	0	0	0	0	na	na	na	na	na	na	na	na	na	na	na	na	na	na	na	0	na	na	na	na	na	na	na	0	na	na	na	na	na	na	0	na	0	na	na	0	na
vfx_pinetreecut_snow	1	0	0	0	0	na	na	na	na	na	na	na	na	na	na	na	na	na	na	na	0	na	na	na	na	na	na	na	0	na	na	na	na	na	na	0	na	0	na	na	0	na
vfx_Place_bed	1	0	0	0	0	na	na	na	na	na	na	na	na	na	na	na	na	na	na	na	0	na	na	na	na	na	na	na	0	na	na	na	na	na	na	0	na	0	na	na	0	na
vfx_Place_beehive	1	0	0	0	0	na	na	na	na	na	na	na	na	na	na	na	na	na	na	na	0	na	na	na	na	na	na	na	0	na	na	na	na	na	na	0	na	0	na	na	0	na
vfx_Place_brazierceiling01	1	0	0	0	0	na	na	na	na	na	na	na	na	na	na	na	na	na	na	na	0	na	na	na	na	na	na	na	0	na	na	na	na	na	na	0	na	0	na	na	0	na
vfx_Place_cart	1	0	0	0	0	na	na	na	na	na	na	na	na	na	na	na	na	na	na	na	0	na	na	na	na	na	na	na	0	na	na	na	na	na	na	0	na	0	na	na	0	na
vfx_Place_cauldron	1	0	0	0	0	na	na	na	na	na	na	na	na	na	na	na	na	na	na	na	0	na	na	na	na	na	na	na	0	na	na	na	na	na	na	0	na	0	na	na	0	na
vfx_Place_charcoalkiln	1	0	0	0	0	na	na	na	na	na	na	na	na	na	na	na	na	na	na	na	0	na	na	na	na	na	na	na	0	na	na	na	na	na	na	0	na	0	na	na	0	na
vfx_Place_chest	1	0	0	0	0	na	na	na	na	na	na	na	na	na	na	na	na	na	na	na	0	na	na	na	na	na	na	na	0	na	na	na	na	na	na	0	na	0	na	na	0	na
vfx_Place_cookingstation_iron	1	0	0	0	0	na	na	na	na	na	na	na	na	na	na	na	na	na	na	na	0	na	na	na	na	na	na	na	0	na	na	na	na	na	na	0	na	0	na	na	0	na
vfx_Place_darkwood_gate	1	0	0	0	0	na	na	na	na	na	na	na	na	na	na	na	na	na	na	na	0	na	na	na	na	na	na	na	0	na	na	na	na	na	na	0	na	0	na	na	0	na
vfx_Place_digg	1	0	0	0	0	na	na	na	na	na	na	na	na	na	na	na	na	na	na	na	0	na	na	na	na	na	na	na	0	na	na	na	na	na	na	0	na	0	na	na	0	na
vfx_Place_forge	1	0	0	0	0	na	na	na	na	na	na	na	na	na	na	na	na	na	na	na	0	na	na	na	na	na	na	na	0	na	na	na	na	na	na	0	na	0	na	na	0	na
vfx_Place_HildirClothesRack	1	0	0	0	0	na	na	na	na	na	na	na	na	na	na	na	na	na	na	na	0	na	na	na	na	na	na	na	0	na	na	na	na	na	na	0	na	0	na	na	0	na
vfx_Place_HildirFabricRoll	1	0	0	0	0	na	na	na	na	na	na	na	na	na	na	na	na	na	na	na	0	na	na	na	na	na	na	na	0	na	na	na	na	na	na	0	na	0	na	na	0	na
vfx_Place_HildirTableClothes	1	0	0	0	0	na	na	na	na	na	na	na	na	na	na	na	na	na	na	na	0	na	na	na	na	na	na	na	0	na	na	na	na	na	na	0	na	0	na	na	0	na
vfx_Place_Karve	1	0	0	0	0	na	na	na	na	na	na	na	na	na	na	na	na	na	na	na	0	na	na	na	na	na	na	na	0	na	na	na	na	na	na	0	na	0	na	na	0	na
vfx_Place_mud_road	1	0	0	0	0	na	na	na	na	na	na	na	na	na	na	na	na	na	na	na	0	na	na	na	na	na	na	na	0	na	na	na	na	na	na	0	na	0	na	na	0	na
vfx_Place_oven	1	0	0	0	0	na	na	na	na	na	na	na	na	na	na	na	na	na	na	na	0	na	na	na	na	na	na	na	0	na	na	na	na	na	na	0	na	0	na	na	0	na
vfx_Place_portal	1	0	0	0	0	na	na	na	na	na	na	na	na	na	na	na	na	na	na	na	0	na	na	na	na	na	na	na	0	na	na	na	na	na	na	0	na	0	na	na	0	na
vfx_Place_Raft	1	0	0	0	0	na	na	na	na	na	na	na	na	na	na	na	na	na	na	na	0	na	na	na	na	na	na	na	0	na	na	na	na	na	na	0	na	0	na	na	0	na
vfx_Place_raise	1	0	0	0	0	na	na	na	na	na	na	na	na	na	na	na	na	na	na	na	0	na	na	na	na	na	na	na	0	na	na	na	na	na	na	0	na	0	na	na	0	na
vfx_Place_refinery	1	0	0	0	0	na	na	na	na	na	na	na	na	na	na	na	na	na	na	na	0	na	na	na	na	na	na	na	0	na	na	na	na	na	na	0	na	0	na	na	0	na
vfx_Place_replant	1	0	0	0	0	na	na	na	na	na	na	na	na	na	na	na	na	na	na	na	0	na	na	na	na	na	na	na	0	na	na	na	na	na	na	0	na	0	na	na	0	na
vfx_Place_smallitem	1	0	0	0	0	na	na	na	na	na	na	na	na	na	na	na	na	na	na	na	0	na	na	na	na	na	na	na	0	na	na	na	na	na	na	0	na	0	na	na	0	na
vfx_Place_smelter	1	0	0	0	0	na	na	na	na	na	na	na	na	na	na	na	na	na	na	na	0	na	na	na	na	na	na	na	0	na	na	na	na	na	na	0	na	0	na	na	0	na
vfx_Place_spinningwheel	1	0	0	0	0	na	na	na	na	na	na	na	na	na	na	na	na	na	na	na	0	na	na	na	na	na	na	na	0	na	na	na	na	na	na	0	na	0	na	na	0	na
vfx_Place_stone_floor	1	0	0	0	0	na	na	na	na	na	na	na	na	na	na	na	na	na	na	na	0	na	na	na	na	na	na	na	0	na	na	na	na	na	na	0	na	0	na	na	0	na
vfx_Place_stone_floor_2x2	1	0	0	0	0	na	na	na	na	na	na	na	na	na	na	na	na	na	na	na	0	na	na	na	na	na	na	na	0	na	na	na	na	na	na	0	na	0	na	na	0	na
vfx_Place_stone_wall_2x1	1	0	0	0	0	na	na	na	na	na	na	na	na	na	na	na	na	na	na	na	0	na	na	na	na	na	na	na	0	na	na	na	na	na	na	0	na	0	na	na	0	na
vfx_Place_stone_wall_4x2	1	0	0	0	0	na	na	na	na	na	na	na	na	na	na	na	na	na	na	na	0	na	na	na	na	na	na	na	0	na	na	na	na	na	na	0	na	0	na	na	0	na
vfx_Place_throne02	1	0	0	0	0	na	na	na	na	na	na	na	na	na	na	na	na	na	na	na	0	na	na	na	na	na	na	na	0	na	na	na	na	na	na	0	na	0	na	na	0	na
vfx_Place_turret	1	0	0	0	0	na	na	na	na	na	na	na	na	na	na	na	na	na	na	na	0	na	na	na	na	na	na	na	0	na	na	na	na	na	na	0	na	0	na	na	0	na
vfx_Place_VikingShip	1	0	0	0	0	na	na	na	na	na	na	na	na	na	na	na	na	na	na	na	0	na	na	na	na	na	na	na	0	na	na	na	na	na	na	0	na	0	na	na	0	na
vfx_Place_windmill	1	0	0	0	0	na	na	na	na	na	na	na	na	na	na	na	na	na	na	na	0	na	na	na	na	na	na	na	0	na	na	na	na	na	na	0	na	0	na	na	0	na
vfx_Place_wood_beam	1	0	0	0	0	na	na	na	na	na	na	na	na	na	na	na	na	na	na	na	0	na	na	na	na	na	na	na	0	na	na	na	na	na	na	0	na	0	na	na	0	na
vfx_Place_wood_floor	1	0	0	0	0	na	na	na	na	na	na	na	na	na	na	na	na	na	na	na	0	na	na	na	na	na	na	na	0	na	na	na	na	na	na	0	na	0	na	na	0	na
vfx_Place_wood_pole	1	0	0	0	0	na	na	na	na	na	na	na	na	na	na	na	na	na	na	na	0	na	na	na	na	na	na	na	0	na	na	na	na	na	na	0	na	0	na	na	0	na
vfx_Place_wood_roof	1	0	0	0	0	na	na	na	na	na	na	na	na	na	na	na	na	na	na	na	0	na	na	na	na	na	na	na	0	na	na	na	na	na	na	0	na	0	na	na	0	na
vfx_Place_wood_stair	1	0	0	0	0	na	na	na	na	na	na	na	na	na	na	na	na	na	na	na	0	na	na	na	na	na	na	na	0	na	na	na	na	na	na	0	na	0	na	na	0	na
vfx_Place_wood_wall	1	0	0	0	0	na	na	na	na	na	na	na	na	na	na	na	na	na	na	na	0	na	na	na	na	na	na	na	0	na	na	na	na	na	na	0	na	0	na	na	0	na
vfx_Place_wood_wall_half	1	0	0	0	0	na	na	na	na	na	na	na	na	na	na	na	na	na	na	na	0	na	na	na	na	na	na	na	0	na	na	na	na	na	na	0	na	0	na	na	0	na
vfx_Place_wood_wall_roof	1	0	0	0	0	na	na	na	na	na	na	na	na	na	na	na	na	na	na	na	0	na	na	na	na	na	na	na	0	na	na	na	na	na	na	0	na	0	na	na	0	na
vfx_Place_workbench	1	0	0	0	0	na	na	na	na	na	na	na	na	na	na	na	na	na	na	na	0	na	na	na	na	na	na	na	0	na	na	na	na	na	na	0	na	0	na	na	0	na
vfx_player_death	1	0	0	0	0	na	na	na	na	na	na	na	na	na	na	na	na	na	na	na	0	na	na	na	na	na	na	na	0	na	na	na	na	na	na	0	na	0	na	na	0	na
vfx_player_hit	1	0	0	0	0	na	na	na	na	na	na	na	na	na	na	na	na	na	na	na	0	na	na	na	na	na	na	na	0	na	na	na	na	na	na	0	na	0	na	na	0	na
vfx_Poison	1	0	0	0	0	na	na	na	na	na	na	na	na	na	na	na	na	na	na	na	0	na	na	na	na	na	na	na	0	na	na	na	na	na	na	0	na	0	na	na	0	na
vfx_poisonarrow_hit	1	0	0	0	0	na	na	na	na	na	na	na	na	na	na	na	na	na	na	na	0	na	na	na	na	na	na	na	0	na	na	na	na	na	na	0	na	0	na	na	0	na
vfx_Potion_eitr_minor	1	0	0	0	0	na	na	na	na	na	na	na	na	na	na	na	na	na	na	na	0	na	na	na	na	na	na	na	0	na	na	na	na	na	na	0	na	0	na	na	0	na
vfx_Potion_health_medium	1	0	0	0	0	na	na	na	na	na	na	na	na	na	na	na	na	na	na	na	0	na	na	na	na	na	na	na	0	na	na	na	na	na	na	0	na	0	na	na	0	na
vfx_Potion_stamina_medium	1	0	0	0	0	na	na	na	na	na	na	na	na	na	na	na	na	na	na	na	0	na	na	na	na	na	na	na	0	na	na	na	na	na	na	0	na	0	na	na	0	na
vfx_prespawn	1	0	0	0	0	na	na	na	na	na	na	na	na	na	na	na	na	na	na	na	0	na	na	na	na	na	na	na	0	na	na	na	na	na	na	0	na	0	na	na	0	na
vfx_prespawn_fader	1	0	0	0	0	na	na	na	na	na	na	na	na	na	na	na	na	na	na	na	0	na	na	na	na	na	na	na	0	na	na	na	na	na	na	0	na	0	na	na	0	na
vfx_ProjectileHit	1	0	0	0	0	na	na	na	na	na	na	na	na	na	na	na	na	na	na	na	0	na	na	na	na	na	na	na	0	na	na	na	na	na	na	0	na	0	na	na	0	na
vfx_RockDestroyed	1	0	0	0	0	na	na	na	na	na	na	na	na	na	na	na	na	na	na	na	0	na	na	na	na	na	na	na	0	na	na	na	na	na	na	0	na	0	na	na	0	na
vfx_RockDestroyed_large	1	0	0	0	0	na	na	na	na	na	na	na	na	na	na	na	na	na	na	na	0	na	na	na	na	na	na	na	0	na	na	na	na	na	na	0	na	0	na	na	0	na
vfx_RockDestroyed_marble	1	0	0	0	0	na	na	na	na	na	na	na	na	na	na	na	na	na	na	na	0	na	na	na	na	na	na	na	0	na	na	na	na	na	na	0	na	0	na	na	0	na
vfx_RockDestroyed_Obsidian	1	0	0	0	0	na	na	na	na	na	na	na	na	na	na	na	na	na	na	na	0	na	na	na	na	na	na	na	0	na	na	na	na	na	na	0	na	0	na	na	0	na
vfx_RockHit	1	0	0	0	0	na	na	na	na	na	na	na	na	na	na	na	na	na	na	na	0	na	na	na	na	na	na	na	0	na	na	na	na	na	na	0	na	0	na	na	0	na
vfx_RockHit_Marble	1	0	0	0	0	na	na	na	na	na	na	na	na	na	na	na	na	na	na	na	0	na	na	na	na	na	na	na	0	na	na	na	na	na	na	0	na	0	na	na	0	na
vfx_RockHit_Obsidian	1	0	0	0	0	na	na	na	na	na	na	na	na	na	na	na	na	na	na	na	0	na	na	na	na	na	na	na	0	na	na	na	na	na	na	0	na	0	na	na	0	na
vfx_SawDust	1	0	0	0	0	na	na	na	na	na	na	na	na	na	na	na	na	na	na	na	0	na	na	na	na	na	na	na	0	na	na	na	na	na	na	0	na	0	na	na	0	na
vfx_SawDust_abomination	1	0	0	0	0	na	na	na	na	na	na	na	na	na	na	na	na	na	na	na	0	na	na	na	na	na	na	na	0	na	na	na	na	na	na	0	na	0	na	na	0	na
vfx_SawDust_Ashlands	1	0	0	0	0	na	na	na	na	na	na	na	na	na	na	na	na	na	na	na	0	na	na	na	na	na	na	na	0	na	na	na	na	na	na	0	na	0	na	na	0	na
vfx_seagull_death	1	0	0	0	0	na	na	na	na	na	na	na	na	na	na	na	na	na	na	na	0	na	na	na	na	na	na	na	0	na	na	na	na	na	na	0	na	0	na	na	0	na
vfx_seal_hit	1	0	0	0	0	na	na	na	na	na	na	na	na	na	na	na	na	na	na	na	0	na	na	na	na	na	na	na	0	na	na	na	na	na	na	0	na	0	na	na	0	na
vfx_seekerbrute_groundslam	1	0	0	0	0	na	na	na	na	na	na	na	na	na	na	na	na	na	na	na	0	na	na	na	na	na	na	na	0	na	na	na	na	na	na	0	na	0	na	na	0	na
vfx_serpent_attack_trigger	1	0	0	0	0	na	na	na	na	na	na	na	na	na	na	na	na	na	na	na	0	na	na	na	na	na	na	na	0	na	na	na	na	na	na	0	na	0	na	na	0	na
vfx_serpent_death	1	0	0	0	0	na	na	na	na	na	na	na	na	na	na	na	na	na	na	na	0	na	na	na	na	na	na	na	0	na	na	na	na	na	na	0	na	0	na	na	0	na
vfx_serpent_hurt	1	0	0	0	0	na	na	na	na	na	na	na	na	na	na	na	na	na	na	na	0	na	na	na	na	na	na	na	0	na	na	na	na	na	na	0	na	0	na	na	0	na
vfx_ShadowPerson_death	1	0	0	0	0	na	na	na	na	na	na	na	na	na	na	na	na	na	na	na	0	na	na	na	na	na	na	na	0	na	na	na	na	na	na	0	na	0	na	na	0	na
vfx_ShadowPerson_hit	1	0	0	0	0	na	na	na	na	na	na	na	na	na	na	na	na	na	na	na	0	na	na	na	na	na	na	na	0	na	na	na	na	na	na	0	na	0	na	na	0	na
vfx_shieldgenerator_refuel	1	0	0	0	0	na	na	na	na	na	na	na	na	na	na	na	na	na	na	na	0	na	na	na	na	na	na	na	0	na	na	na	na	na	na	0	na	0	na	na	0	na
vfx_shieldgenerator_startup	1	0	0	0	0	na	na	na	na	na	na	na	na	na	na	na	na	na	na	na	0	na	na	na	na	na	na	na	0	na	na	na	na	na	na	0	na	0	na	na	0	na
vfx_shrub_2_destroyed	1	0	0	0	0	na	na	na	na	na	na	na	na	na	na	na	na	na	na	na	0	na	na	na	na	na	na	na	0	na	na	na	na	na	na	0	na	0	na	na	0	na
vfx_shrub_2_heath_destroyed	1	0	0	0	0	na	na	na	na	na	na	na	na	na	na	na	na	na	na	na	0	na	na	na	na	na	na	na	0	na	na	na	na	na	na	0	na	0	na	na	0	na
vfx_shrub_2_hit	1	0	0	0	0	na	na	na	na	na	na	na	na	na	na	na	na	na	na	na	0	na	na	na	na	na	na	na	0	na	na	na	na	na	na	0	na	0	na	na	0	na
vfx_shrub_heath_hit	1	0	0	0	0	na	na	na	na	na	na	na	na	na	na	na	na	na	na	na	0	na	na	na	na	na	na	na	0	na	na	na	na	na	na	0	na	0	na	na	0	na
vfx_silvermace_hit	1	0	0	0	0	na	na	na	na	na	na	na	na	na	na	na	na	na	na	na	0	na	na	na	na	na	na	na	0	na	na	na	na	na	na	0	na	0	na	na	0	na
vfx_skeleton_big_death	1	0	0	0	0	na	na	na	na	na	na	na	na	na	na	na	na	na	na	na	0	na	na	na	na	na	na	na	0	na	na	na	na	na	na	0	na	0	na	na	0	na
vfx_skeleton_death	1	0	0	0	0	na	na	na	na	na	na	na	na	na	na	na	na	na	na	na	0	na	na	na	na	na	na	na	0	na	na	na	na	na	na	0	na	0	na	na	0	na
vfx_skeleton_fire_death	1	0	0	0	0	na	na	na	na	na	na	na	na	na	na	na	na	na	na	na	0	na	na	na	na	na	na	na	0	na	na	na	na	na	na	0	na	0	na	na	0	na
vfx_skeleton_hit	1	0	0	0	0	na	na	na	na	na	na	na	na	na	na	na	na	na	na	na	0	na	na	na	na	na	na	na	0	na	na	na	na	na	na	0	na	0	na	na	0	na
vfx_skeleton_mace_hit	1	0	0	0	0	na	na	na	na	na	na	na	na	na	na	na	na	na	na	na	0	na	na	na	na	na	na	na	0	na	na	na	na	na	na	0	na	0	na	na	0	na
vfx_skullpile_destroyed	1	0	0	0	0	na	na	na	na	na	na	na	na	na	na	na	na	na	na	na	0	na	na	na	na	na	na	na	0	na	na	na	na	na	na	0	na	0	na	na	0	na
vfx_sledge_hit	1	0	0	0	0	na	na	na	na	na	na	na	na	na	na	na	na	na	na	na	0	na	na	na	na	na	na	na	0	na	na	na	na	na	na	0	na	0	na	na	0	na
vfx_sledge_iron_hit	1	0	0	0	0	na	na	na	na	na	na	na	na	na	na	na	na	na	na	na	0	na	na	na	na	na	na	na	0	na	na	na	na	na	na	0	na	0	na	na	0	na
vfx_Slimed	1	0	0	0	0	na	na	na	na	na	na	na	na	na	na	na	na	na	na	na	0	na	na	na	na	na	na	na	0	na	na	na	na	na	na	0	na	0	na	na	0	na
vfx_smelter_addfuel	1	0	0	0	0	na	na	na	na	na	na	na	na	na	na	na	na	na	na	na	0	na	na	na	na	na	na	na	0	na	na	na	na	na	na	0	na	0	na	na	0	na
vfx_smelter_addore	1	0	0	0	0	na	na	na	na	na	na	na	na	na	na	na	na	na	na	na	0	na	na	na	na	na	na	na	0	na	na	na	na	na	na	0	na	0	na	na	0	na
vfx_smelter_produce	1	0	0	0	0	na	na	na	na	na	na	na	na	na	na	na	na	na	na	na	0	na	na	na	na	na	na	na	0	na	na	na	na	na	na	0	na	0	na	na	0	na
vfx_Smoked	1	0	0	0	0	na	na	na	na	na	na	na	na	na	na	na	na	na	na	na	0	na	na	na	na	na	na	na	0	na	na	na	na	na	na	0	na	0	na	na	0	na
vfx_spawn	1	0	0	0	0	na	na	na	na	na	na	na	na	na	na	na	na	na	na	na	0	na	na	na	na	na	na	na	0	na	na	na	na	na	na	0	na	0	na	na	0	na
vfx_spawn_large	1	0	0	0	0	na	na	na	na	na	na	na	na	na	na	na	na	na	na	na	0	na	na	na	na	na	na	na	0	na	na	na	na	na	na	0	na	0	na	na	0	na
vfx_spawn_small	1	0	0	0	0	na	na	na	na	na	na	na	na	na	na	na	na	na	na	na	0	na	na	na	na	na	na	na	0	na	na	na	na	na	na	0	na	0	na	na	0	na
vfx_spikey_beam_destruction	1	0	0	0	0	na	na	na	na	na	na	na	na	na	na	na	na	na	na	na	0	na	na	na	na	na	na	na	0	na	na	na	na	na	na	0	na	0	na	na	0	na
vfx_StaffShield	1	0	0	0	0	na	na	na	na	na	na	na	na	na	na	na	na	na	na	na	0	na	na	na	na	na	na	na	0	na	na	na	na	na	na	0	na	0	na	na	0	na
vfx_StaminaUpgrade	1	0	0	0	0	na	na	na	na	na	na	na	na	na	na	na	na	na	na	na	0	na	na	na	na	na	na	na	0	na	na	na	na	na	na	0	na	0	na	na	0	na
vfx_standing_brazier_destroyed	1	0	0	0	0	na	na	na	na	na	na	na	na	na	na	na	na	na	na	na	0	na	na	na	na	na	na	na	0	na	na	na	na	na	na	0	na	0	na	na	0	na
vfx_stone_floor_2x2_destroyed	1	0	0	0	0	na	na	na	na	na	na	na	na	na	na	na	na	na	na	na	0	na	na	na	na	na	na	na	0	na	na	na	na	na	na	0	na	0	na	na	0	na
vfx_stone_floor_destroyed	1	0	0	0	0	na	na	na	na	na	na	na	na	na	na	na	na	na	na	na	0	na	na	na	na	na	na	na	0	na	na	na	na	na	na	0	na	0	na	na	0	na
vfx_stone_stair_destroyed	1	0	0	0	0	na	na	na	na	na	na	na	na	na	na	na	na	na	na	na	0	na	na	na	na	na	na	na	0	na	na	na	na	na	na	0	na	0	na	na	0	na
vfx_stone_wall_4x2_destroyed	1	0	0	0	0	na	na	na	na	na	na	na	na	na	na	na	na	na	na	na	0	na	na	na	na	na	na	na	0	na	na	na	na	na	na	0	na	0	na	na	0	na
vfx_stone_wall_ruin_2_destroyed	1	1	0	2	0	na	na	na	na	na	na	na	na	na	na	na	na	na	na	na	0	na	na	na	na	na	na	na	0	na	na	na	na	na	na	0	na	0	na	na	0	na
vfx_stone_wall_ruin_destroyed	1	1	0	2	0	na	na	na	na	na	na	na	na	na	na	na	na	na	na	na	0	na	na	na	na	na	na	na	0	na	na	na	na	na	na	0	na	0	na	na	0	na
vfx_stonegolem_attack_hit	1	0	0	0	0	na	na	na	na	na	na	na	na	na	na	na	na	na	na	na	0	na	na	na	na	na	na	na	0	na	na	na	na	na	na	0	na	0	na	na	0	na
vfx_stonegolem_death	1	0	0	0	0	na	na	na	na	na	na	na	na	na	na	na	na	na	na	na	0	na	na	na	na	na	na	na	0	na	na	na	na	na	na	0	na	0	na	na	0	na
vfx_stonegolem_hurt	1	0	0	0	0	na	na	na	na	na	na	na	na	na	na	na	na	na	na	na	0	na	na	na	na	na	na	na	0	na	na	na	na	na	na	0	na	0	na	na	0	na
vfx_stonegolem_wakeup	1	0	0	0	0	na	na	na	na	na	na	na	na	na	na	na	na	na	na	na	0	na	na	na	na	na	na	na	0	na	na	na	na	na	na	0	na	0	na	na	0	na
vfx_stubbe	1	0	0	0	0	na	na	na	na	na	na	na	na	na	na	na	na	na	na	na	0	na	na	na	na	na	na	na	0	na	na	na	na	na	na	0	na	0	na	na	0	na
vfx_swamp_mist	1	1	0	0	0	na	na	na	na	na	na	na	na	na	na	na	na	na	na	na	0	na	na	na	na	na	na	na	0	na	na	na	na	na	na	0	na	0	na	na	0	na
vfx_swamptree_cut	1	0	0	0	0	na	na	na	na	na	na	na	na	na	na	na	na	na	na	na	0	na	na	na	na	na	na	na	0	na	na	na	na	na	na	0	na	0	na	na	0	na
vfx_Tared	1	0	0	0	0	na	na	na	na	na	na	na	na	na	na	na	na	na	na	na	0	na	na	na	na	na	na	na	0	na	na	na	na	na	na	0	na	0	na	na	0	na
vfx_torch_hit	1	0	0	0	0	na	na	na	na	na	na	na	na	na	na	na	na	na	na	na	0	na	na	na	na	na	na	na	0	na	na	na	na	na	na	0	na	0	na	na	0	na
vfx_TrainingDummy_destruction	1	0	0	0	0	na	na	na	na	na	na	na	na	na	na	na	na	na	na	na	0	na	na	na	na	na	na	na	0	na	na	na	na	na	na	0	na	0	na	na	0	na
vfx_TrainingDummy_hit	1	0	0	0	0	na	na	na	na	na	na	na	na	na	na	na	na	na	na	na	0	na	na	na	na	na	na	na	0	na	na	na	na	na	na	0	na	0	na	na	0	na
vfx_tree_fall_hit	1	0	0	0	0	na	na	na	na	na	na	na	na	na	na	na	na	na	na	na	0	na	na	na	na	na	na	na	0	na	na	na	na	na	na	0	na	0	na	na	0	na
vfx_troll_attack_hit	1	0	0	0	0	na	na	na	na	na	na	na	na	na	na	na	na	na	na	na	0	na	na	na	na	na	na	na	0	na	na	na	na	na	na	0	na	0	na	na	0	na
vfx_troll_death	1	0	0	0	0	na	na	na	na	na	na	na	na	na	na	na	na	na	na	na	0	na	na	na	na	na	na	na	0	na	na	na	na	na	na	0	na	0	na	na	0	na
vfx_troll_groundslam	1	0	0	0	0	na	na	na	na	na	na	na	na	na	na	na	na	na	na	na	0	na	na	na	na	na	na	na	0	na	na	na	na	na	na	0	na	0	na	na	0	na
vfx_troll_log_hitground	1	0	0	0	0	na	na	na	na	na	na	na	na	na	na	na	na	na	na	na	0	na	na	na	na	na	na	na	0	na	na	na	na	na	na	0	na	0	na	na	0	na
vfx_troll_rock_destroyed	1	0	0	0	0	na	na	na	na	na	na	na	na	na	na	na	na	na	na	na	0	na	na	na	na	na	na	na	0	na	na	na	na	na	na	0	na	0	na	na	0	na
vfx_troll_summoned_death	1	0	0	0	0	na	na	na	na	na	na	na	na	na	na	na	na	na	na	na	0	na	na	na	na	na	na	na	0	na	na	na	na	na	na	0	na	0	na	na	0	na
vfx_troll_summoned_prespawn	1	0	0	0	0	na	na	na	na	na	na	na	na	na	na	na	na	na	na	na	0	na	na	na	na	na	na	na	0	na	na	na	na	na	na	0	na	0	na	na	0	na
vfx_TrollFrost_Death	1	0	0	0	0	na	na	na	na	na	na	na	na	na	na	na	na	na	na	na	0	na	na	na	na	na	na	na	0	na	na	na	na	na	na	0	na	0	na	na	0	na
vfx_TrollPheromones	1	0	0	0	0	na	na	na	na	na	na	na	na	na	na	na	na	na	na	na	0	na	na	na	na	na	na	na	0	na	na	na	na	na	na	0	na	0	na	na	0	na
vfx_trollsnow_attack_hit	1	0	0	0	0	na	na	na	na	na	na	na	na	na	na	na	na	na	na	na	0	na	na	na	na	na	na	na	0	na	na	na	na	na	na	0	na	0	na	na	0	na
vfx_trollsnow_groundslam	1	0	0	0	0	na	na	na	na	na	na	na	na	na	na	na	na	na	na	na	0	na	na	na	na	na	na	na	0	na	na	na	na	na	na	0	na	0	na	na	0	na
vfx_trollsnow_log_destroyed	1	0	0	0	0	na	na	na	na	na	na	na	na	na	na	na	na	na	na	na	0	na	na	na	na	na	na	na	0	na	na	na	na	na	na	0	na	0	na	na	0	na
vfx_turnip_grow	1	0	0	0	0	na	na	na	na	na	na	na	na	na	na	na	na	na	na	na	0	na	na	na	na	na	na	na	0	na	na	na	na	na	na	0	na	0	na	na	0	na
vfx_ulv_death	1	0	0	0	0	na	na	na	na	na	na	na	na	na	na	na	na	na	na	na	0	na	na	na	na	na	na	na	0	na	na	na	na	na	na	0	na	0	na	na	0	na
vfx_UndeadBurn	1	0	0	0	0	na	na	na	na	na	na	na	na	na	na	na	na	na	na	na	0	na	na	na	na	na	na	na	0	na	na	na	na	na	na	0	na	0	na	na	0	na
vfx_vines_destroyed	1	0	0	0	0	na	na	na	na	na	na	na	na	na	na	na	na	na	na	na	0	na	na	na	na	na	na	na	0	na	na	na	na	na	na	0	na	0	na	na	0	na
vfx_wagon_destroyed	1	0	0	0	0	na	na	na	na	na	na	na	na	na	na	na	na	na	na	na	0	na	na	na	na	na	na	na	0	na	na	na	na	na	na	0	na	0	na	na	0	na
vfx_walltorch_addFuel	1	0	0	0	0	na	na	na	na	na	na	na	na	na	na	na	na	na	na	na	0	na	na	na	na	na	na	na	0	na	na	na	na	na	na	0	na	0	na	na	0	na
vfx_WaterImpact_Karve	1	0	0	0	0	na	na	na	na	na	na	na	na	na	na	na	na	na	na	na	0	na	na	na	na	na	na	na	0	na	na	na	na	na	na	0	na	0	na	na	0	na
vfx_WaterImpact_Raft	1	0	0	0	0	na	na	na	na	na	na	na	na	na	na	na	na	na	na	na	0	na	na	na	na	na	na	na	0	na	na	na	na	na	na	0	na	0	na	na	0	na
vfx_WaterImpact_VikingShip	1	0	0	0	0	na	na	na	na	na	na	na	na	na	na	na	na	na	na	na	0	na	na	na	na	na	na	na	0	na	na	na	na	na	na	0	na	0	na	na	0	na
vfx_Wet	1	0	0	0	0	na	na	na	na	na	na	na	na	na	na	na	na	na	na	na	0	na	na	na	na	na	na	na	0	na	na	na	na	na	na	0	na	0	na	na	0	na
vfx_WishbonePing	1	0	0	0	0	na	na	na	na	na	na	na	na	na	na	na	na	na	na	na	0	na	na	na	na	na	na	na	0	na	na	na	na	na	na	0	na	0	na	na	0	na
vfx_wolf_death	1	0	0	0	0	na	na	na	na	na	na	na	na	na	na	na	na	na	na	na	0	na	na	na	na	na	na	na	0	na	na	na	na	na	na	0	na	0	na	na	0	na
vfx_wolf_hit	1	0	0	0	0	na	na	na	na	na	na	na	na	na	na	na	na	na	na	na	0	na	na	na	na	na	na	na	0	na	na	na	na	na	na	0	na	0	na	na	0	na
vfx_wood_black_stack_destroyed	1	0	0	0	0	na	na	na	na	na	na	na	na	na	na	na	na	na	na	na	0	na	na	na	na	na	na	na	0	na	na	na	na	na	na	0	na	0	na	na	0	na
vfx_wood_core_stack_destroyed	1	0	0	0	0	na	na	na	na	na	na	na	na	na	na	na	na	na	na	na	0	na	na	na	na	na	na	na	0	na	na	na	na	na	na	0	na	0	na	na	0	na
vfx_wood_fine_stack_destroyed	1	0	0	0	0	na	na	na	na	na	na	na	na	na	na	na	na	na	na	na	0	na	na	na	na	na	na	na	0	na	na	na	na	na	na	0	na	0	na	na	0	na
vfx_wood_frost_stack_destroyed	1	0	0	0	0	na	na	na	na	na	na	na	na	na	na	na	na	na	na	na	0	na	na	na	na	na	na	na	0	na	na	na	na	na	na	0	na	0	na	na	0	na
vfx_wood_stack_destroyed	1	0	0	0	0	na	na	na	na	na	na	na	na	na	na	na	na	na	na	na	0	na	na	na	na	na	na	na	0	na	na	na	na	na	na	0	na	0	na	na	0	na
vfx_wood_yggdrasil_stack_destroyed	1	0	0	0	0	na	na	na	na	na	na	na	na	na	na	na	na	na	na	na	0	na	na	na	na	na	na	na	0	na	na	na	na	na	na	0	na	0	na	na	0	na
vfx_wooden_path_destroyed	1	1	0	2	0	na	na	na	na	na	na	na	na	na	na	na	na	na	na	na	0	na	na	na	na	na	na	na	0	na	na	na	na	na	na	0	na	0	na	na	0	na
vfx_wraith_death	1	0	0	0	0	na	na	na	na	na	na	na	na	na	na	na	na	na	na	na	0	na	na	na	na	na	na	na	0	na	na	na	na	na	na	0	na	0	na	na	0	na
vfx_wraith_hit	1	0	0	0	0	na	na	na	na	na	na	na	na	na	na	na	na	na	na	na	0	na	na	na	na	na	na	na	0	na	na	na	na	na	na	0	na	0	na	na	0	na
vfx_yggashoot_cut	1	0	0	0	0	na	na	na	na	na	na	na	na	na	na	na	na	na	na	na	0	na	na	na	na	na	na	na	0	na	na	na	na	na	na	0	na	0	na	na	0	na
vfx_yggashoot_small1_destroy	1	0	0	0	0	na	na	na	na	na	na	na	na	na	na	na	na	na	na	na	0	na	na	na	na	na	na	na	0	na	na	na	na	na	na	0	na	0	na	na	0	na
VikingCupcake	1	1	0	0	1	0	1	0	0	0	0	0	1	0	1	0	0	0	6	$item_vikingcupcake	1	0	10	0	1	1	0	0	0	na	na	na	na	na	na	0	na	1	1	0	0	na
VikingCupcakeUncooked	1	1	0	0	0	na	na	na	na	na	na	na	na	na	na	na	na	na	na	na	0	na	na	na	na	na	na	na	0	na	na	na	na	na	na	0	na	1	1	0	0	na
VikingShip	1	1	0	1	1	1	0	0	0	0	0	0	0	0	1	0	0	0	0	$ship_longship	1	0	1000	1	0	0	0	0	1	1	-0.5	1.5	10	0	1	0	na	1	2000	0	0	na
VikingShip_Ashlands	1	1	0	1	1	1	0	0	0	0	0	0	0	0	1	0	0	0	0	$ship_longship_ashlands	1	0	3000	1	0	0	0	0	1	1	-0.5	2.1	10	1	1	0	na	1	3000	0	0	na
VineAsh	1	1	0	0	0	na	na	na	na	na	na	na	na	na	na	na	na	na	na	na	1	0	30	1	1	0	0	0	0	na	na	na	na	na	na	0	na	0	na	na	0	na
VineAsh_sapling	1	1	0	0	1	0	1	0	0	1	0	0	0	0	0	0	0	0	0	$piece_sapling_vineash	0	na	na	na	na	na	na	na	0	na	na	na	na	na	na	0	na	0	na	na	0	na
Vineberry	1	1	0	0	1	0	1	0	0	0	0	0	1	0	1	0	0	0	6	$item_vineberry	1	0	10	0	1	1	0	0	0	na	na	na	na	na	na	0	na	1	1	0	0	na
VineberrySeeds	1	1	0	0	0	na	na	na	na	na	na	na	na	na	na	na	na	na	na	na	0	na	na	na	na	na	na	na	0	na	na	na	na	na	na	0	na	1	1	0	0	na
VineGreen	1	1	0	0	0	na	na	na	na	na	na	na	na	na	na	na	na	na	na	na	1	0	30	1	1	0	0	0	0	na	na	na	na	na	na	0	na	0	na	na	0	na
VineGreen_sapling	1	1	0	0	1	0	1	0	0	1	0	0	0	0	0	0	0	0	0	$piece_sapling_vinegreen	0	na	na	na	na	na	na	na	0	na	na	na	na	na	na	0	na	0	na	na	0	na
VineGreenSeeds	1	1	0	0	0	na	na	na	na	na	na	na	na	na	na	na	na	na	na	na	0	na	na	na	na	na	na	na	0	na	na	na	na	na	na	0	na	1	1	0	0	na
vines	1	1	0	0	0	na	na	na	na	na	na	na	na	na	na	na	na	na	na	na	1	0	20	0	1	0	0	0	0	na	na	na	na	na	na	0	na	0	na	na	0	na
Voidplasm	1	1	0	0	0	na	na	na	na	na	na	na	na	na	na	na	na	na	na	na	0	na	na	na	na	na	na	na	0	na	na	na	na	na	na	0	na	1	1	0	0	na
Volture	1	1	0	0	0	na	na	na	na	na	na	na	na	na	na	na	na	na	na	na	0	na	na	na	na	na	na	na	0	na	na	na	na	na	na	0	na	1	20	0	0	na
Volture_ragdoll	1	1	0	0	0	na	na	na	na	na	na	na	na	na	na	na	na	na	na	na	0	na	na	na	na	na	na	na	0	na	na	na	na	na	na	0	na	0	na	na	0	na
volture_strawpile	1	1	0	2	0	na	na	na	na	na	na	na	na	na	na	na	na	na	na	na	0	na	na	na	na	na	na	na	0	na	na	na	na	na	na	0	na	0	na	na	0	na
volture_talons	1	1	0	0	0	na	na	na	na	na	na	na	na	na	na	na	na	na	na	na	0	na	na	na	na	na	na	na	0	na	na	na	na	na	na	0	na	1	1	0	0	na
VoltureEgg	1	1	0	0	0	na	na	na	na	na	na	na	na	na	na	na	na	na	na	na	0	na	na	na	na	na	na	na	0	na	na	na	na	na	na	0	na	1	1	0	0	na
VoltureMeat	1	1	0	0	0	na	na	na	na	na	na	na	na	na	na	na	na	na	na	na	0	na	na	na	na	na	na	na	0	na	na	na	na	na	na	1	0.45	1	1	0	0	na
vx_ashland_pot1_green_destruction	1	1	0	2	0	na	na	na	na	na	na	na	na	na	na	na	na	na	na	na	0	na	na	na	na	na	na	na	0	na	na	na	na	na	na	0	na	0	na	na	0	na
vx_ashland_pot1_red_destruction	1	1	0	2	0	na	na	na	na	na	na	na	na	na	na	na	na	na	na	na	0	na	na	na	na	na	na	na	0	na	na	na	na	na	na	0	na	0	na	na	0	na
vx_ashland_pot2_green_destruction	1	1	0	2	0	na	na	na	na	na	na	na	na	na	na	na	na	na	na	na	0	na	na	na	na	na	na	na	0	na	na	na	na	na	na	0	na	0	na	na	0	na
vx_ashland_pot2_red_destruction	1	1	0	2	0	na	na	na	na	na	na	na	na	na	na	na	na	na	na	na	0	na	na	na	na	na	na	na	0	na	na	na	na	na	na	0	na	0	na	na	0	na
vx_ashland_pot3_green_destruction	1	1	0	2	0	na	na	na	na	na	na	na	na	na	na	na	na	na	na	na	0	na	na	na	na	na	na	na	0	na	na	na	na	na	na	0	na	0	na	na	0	na
vx_ashland_pot3_red_destruction	1	1	0	2	0	na	na	na	na	na	na	na	na	na	na	na	na	na	na	na	0	na	na	na	na	na	na	na	0	na	na	na	na	na	na	0	na	0	na	na	0	na
WallSnow1	1	1	0	0	0	na	na	na	na	na	na	na	na	na	na	na	na	na	na	na	0	na	na	na	na	na	na	na	0	na	na	na	na	na	na	0	na	0	na	na	0	na
WallSnow2	1	1	0	0	0	na	na	na	na	na	na	na	na	na	na	na	na	na	na	na	0	na	na	na	na	na	na	na	0	na	na	na	na	na	na	0	na	0	na	na	0	na
WallSnow3	1	1	0	0	0	na	na	na	na	na	na	na	na	na	na	na	na	na	na	na	0	na	na	na	na	na	na	na	0	na	na	na	na	na	na	0	na	0	na	na	0	na
WallSnow4	1	1	0	0	0	na	na	na	na	na	na	na	na	na	na	na	na	na	na	na	0	na	na	na	na	na	na	na	0	na	na	na	na	na	na	0	na	0	na	na	0	na
WaterLiquid	1	1	0	2	0	na	na	na	na	na	na	na	na	na	na	na	na	na	na	na	0	na	na	na	na	na	na	na	0	na	na	na	na	na	na	0	na	0	na	na	0	na
widestone	1	1	0	2	0	na	na	na	na	na	na	na	na	na	na	na	na	na	na	na	0	na	na	na	na	na	na	na	0	na	na	na	na	na	na	0	na	0	na	na	0	na
widestone_2	1	1	0	2	0	na	na	na	na	na	na	na	na	na	na	na	na	na	na	na	0	na	na	na	na	na	na	na	0	na	na	na	na	na	na	0	na	0	na	na	0	na
widestone_2_frac	1	1	0	2	0	na	na	na	na	na	na	na	na	na	na	na	na	na	na	na	0	na	na	na	na	na	na	na	0	na	na	na	na	na	na	0	na	0	na	na	0	na
widestone_frac	1	1	0	2	0	na	na	na	na	na	na	na	na	na	na	na	na	na	na	na	0	na	na	na	na	na	na	na	0	na	na	na	na	na	na	0	na	0	na	na	0	na
windmill	1	1	0	2	1	0	1	0	0	1	0	1	1	0	1	0	0	0	1	$piece_windmill	1	1	1000	0	1	0	0	0	0	na	na	na	na	na	na	0	na	0	na	na	0	na
Wishbone	1	1	0	0	0	na	na	na	na	na	na	na	na	na	na	na	na	na	na	na	0	na	na	na	na	na	na	na	0	na	na	na	na	na	na	1	0.6	1	1	0	0	na
Wisp	1	1	0	0	0	na	na	na	na	na	na	na	na	na	na	na	na	na	na	na	0	na	na	na	na	na	na	na	0	na	na	na	na	na	na	0	na	1	1	0	0	na
WitheredBone	1	1	0	0	0	na	na	na	na	na	na	na	na	na	na	na	na	na	na	na	0	na	na	na	na	na	na	na	0	na	na	na	na	na	na	1	0.6	1	1	0	0	na
Wolf	1	1	0	0	0	na	na	na	na	na	na	na	na	na	na	na	na	na	na	na	0	na	na	na	na	na	na	na	0	na	na	na	na	na	na	0	na	1	10	0	0	na
Wolf_cub	1	1	0	0	0	na	na	na	na	na	na	na	na	na	na	na	na	na	na	na	0	na	na	na	na	na	na	na	0	na	na	na	na	na	na	0	na	1	10	0	0	na
Wolf_Ragdoll	1	1	0	0	0	na	na	na	na	na	na	na	na	na	na	na	na	na	na	na	0	na	na	na	na	na	na	na	0	na	na	na	na	na	na	0	na	0	na	na	0	na
Wolf_spiritcaller	1	1	0	0	0	na	na	na	na	na	na	na	na	na	na	na	na	na	na	na	0	na	na	na	na	na	na	na	0	na	na	na	na	na	na	0	na	1	10	0	0	na
WolfClaw	1	1	0	0	0	na	na	na	na	na	na	na	na	na	na	na	na	na	na	na	0	na	na	na	na	na	na	na	0	na	na	na	na	na	na	0	na	1	1	0	0	na
WolfFang	1	1	0	0	0	na	na	na	na	na	na	na	na	na	na	na	na	na	na	na	0	na	na	na	na	na	na	na	0	na	na	na	na	na	na	0	na	1	1	0	0	na
WolfHairBundle	1	1	0	0	0	na	na	na	na	na	na	na	na	na	na	na	na	na	na	na	0	na	na	na	na	na	na	na	0	na	na	na	na	na	na	0	na	1	1	0	0	na
WolfJerky	1	1	0	0	1	0	1	0	0	0	0	0	1	0	1	0	0	0	6	$item_wolfjerky	1	0	10	0	1	1	0	0	0	na	na	na	na	na	na	0	na	1	1	0	0	na
WolfMeat	1	1	0	0	0	na	na	na	na	na	na	na	na	na	na	na	na	na	na	na	0	na	na	na	na	na	na	na	0	na	na	na	na	na	na	0	na	1	1	0	0	na
WolfMeatSkewer	1	1	0	0	1	0	1	0	0	0	0	0	1	0	1	0	0	0	6	$item_wolf_skewer	1	0	10	0	1	1	0	0	0	na	na	na	na	na	na	0	na	1	1	0	0	na
WolfPelt	1	1	0	0	0	na	na	na	na	na	na	na	na	na	na	na	na	na	na	na	0	na	na	na	na	na	na	na	0	na	na	na	na	na	na	0	na	1	1	0	0	na
Wood	1	1	0	0	0	na	na	na	na	na	na	na	na	na	na	na	na	na	na	na	0	na	na	na	na	na	na	na	0	na	na	na	na	na	na	1	0.7	1	10	0	0	na
wood_beam	1	1	0	2	1	0	0	0	0	0	0	0	0	0	0	0	0	0	2	$piece_woodbeam2	1	0	400	1	1	1	0	0	0	na	na	na	na	na	na	0	na	0	na	na	0	na
wood_beam_1	1	1	0	2	1	0	0	0	0	0	0	0	0	0	0	0	0	0	2	$piece_woodbeam1	1	0	400	1	1	1	0	0	0	na	na	na	na	na	na	0	na	0	na	na	0	na
wood_beam_26	1	1	0	2	1	0	0	0	0	0	0	0	0	0	0	0	0	0	2	$piece_woodbeam26	1	0	400	1	1	0	0	0	0	na	na	na	na	na	na	0	na	0	na	na	0	na
wood_beam_45	1	1	0	2	1	0	0	0	0	0	0	0	0	0	0	0	0	0	2	$piece_woodbeam45	1	0	400	1	1	0	0	0	0	na	na	na	na	na	na	0	na	0	na	na	0	na
wood_beam_67	1	1	0	2	1	0	0	0	0	0	0	0	0	0	0	0	0	0	5	$piece_woodbeam67	1	0	400	1	1	0	0	0	0	na	na	na	na	na	na	0	na	0	na	na	0	na
wood_core_stack	1	1	0	2	1	0	0	0	0	0	0	0	0	0	0	0	0	0	0	$piece_woodcorestack	1	0	10	0	1	1	0	0	0	na	na	na	na	na	na	0	na	0	na	na	0	na
wood_door	1	1	0	2	1	0	0	0	0	0	0	0	0	0	0	0	0	0	2	$piece_wooddoor	1	0	400	1	1	1	0	0	0	na	na	na	na	na	na	0	na	0	na	na	0	na
wood_dragon1	1	1	0	2	1	0	0	0	0	0	0	0	0	0	0	0	0	0	0	$piece_wooddragon	1	0	400	1	1	0	0	0	0	na	na	na	na	na	na	0	na	0	na	na	0	na
wood_fence	1	1	0	2	1	0	0	0	0	1	0	0	0	0	0	0	0	0	0	$piece_woodfence	1	0	200	1	1	0	0	0	0	na	na	na	na	na	na	0	na	0	na	na	0	na
wood_fence_gate	1	1	0	2	1	0	0	0	0	0	0	0	0	0	0	0	0	0	0	$piece_woodfencegate	1	0	400	1	1	1	0	0	0	na	na	na	na	na	na	0	na	0	na	na	0	na
wood_fine_stack	1	1	0	2	1	0	0	0	0	0	0	0	0	0	0	0	0	0	0	$piece_woodfinestack	1	0	10	1	1	1	0	0	0	na	na	na	na	na	na	0	na	0	na	na	0	na
wood_floor	1	1	0	2	1	0	0	0	0	0	0	0	0	0	0	0	0	0	2	$piece_woodfloor2x2	1	0	400	1	1	1	0	0	0	na	na	na	na	na	na	0	na	0	na	na	0	na
wood_floor_1x1	1	1	0	2	1	0	0	0	0	0	0	0	0	0	0	0	0	0	2	$piece_woodfloor1x1	1	0	400	1	1	1	0	0	0	na	na	na	na	na	na	0	na	0	na	na	0	na
wood_frost_stack	1	1	0	2	1	0	0	0	0	0	0	0	0	0	0	0	0	0	0	$piece_woodfroststack	1	0	10	1	1	1	0	0	0	na	na	na	na	na	na	0	na	0	na	na	0	na
wood_gate	1	1	0	2	1	0	0	0	0	0	0	0	0	0	0	0	0	0	2	$piece_woodgate	1	0	400	1	1	1	0	0	0	na	na	na	na	na	na	0	na	0	na	na	0	na
wood_ledge	1	1	0	2	1	0	0	0	0	0	0	0	0	0	0	0	0	0	2	$piece_woodledge	1	0	500	1	1	1	0	0	0	na	na	na	na	na	na	0	na	0	na	na	0	na
wood_log_26	1	1	0	2	1	0	0	0	0	0	0	0	0	0	0	0	0	0	2	$piece_woodlog26	1	3	400	1	1	0	0	0	0	na	na	na	na	na	na	0	na	0	na	na	0	na
wood_log_45	1	1	0	2	1	0	0	0	0	0	0	0	0	0	0	0	0	0	2	$piece_woodlog45	1	3	400	1	1	0	0	0	0	na	na	na	na	na	na	0	na	0	na	na	0	na
wood_log_67	1	1	0	2	1	0	0	0	0	0	0	0	0	0	0	0	0	0	2	$piece_woodlog67	1	3	400	1	1	0	0	0	0	na	na	na	na	na	na	0	na	0	na	na	0	na
wood_pole	1	1	0	2	1	0	0	0	0	0	0	0	0	0	0	0	0	0	2	$piece_woodpole	1	0	400	1	1	1	0	0	0	na	na	na	na	na	na	0	na	0	na	na	0	na
wood_pole_log	1	1	0	2	1	0	0	0	0	0	0	0	0	0	0	0	0	0	2	$piece_logpole2	1	3	500	1	1	1	0	0	0	na	na	na	na	na	na	0	na	0	na	na	0	na
wood_pole_log_4	1	1	0	2	1	0	0	0	0	0	0	0	0	0	0	0	0	0	2	$piece_logpole4	1	3	500	1	1	1	0	0	0	na	na	na	na	na	na	0	na	0	na	na	0	na
wood_pole_log_4_worn	1	1	0	2	1	0	0	0	0	0	0	0	0	0	0	0	0	0	2	$piece_logpole4	1	3	50	1	1	1	0	0	0	na	na	na	na	na	na	0	na	0	na	na	0	na
wood_pole2	1	1	0	2	1	0	0	0	0	0	0	0	0	0	0	0	0	0	2	$piece_woodpole2	1	0	400	1	1	1	0	0	0	na	na	na	na	na	na	0	na	0	na	na	0	na
wood_roof	1	1	0	2	1	0	0	0	0	0	0	0	0	0	0	0	0	0	2	$piece_woodroof26	1	0	400	1	1	0	0	0	0	na	na	na	na	na	na	0	na	0	na	na	0	na
wood_roof_45	1	1	0	2	1	0	0	0	0	0	0	0	0	0	0	0	0	0	2	$piece_woodroof45	1	0	400	1	1	0	0	0	0	na	na	na	na	na	na	0	na	0	na	na	0	na
wood_roof_67	1	1	0	2	1	0	0	0	0	0	0	0	0	0	0	0	0	0	5	$piece_woodroof67	1	0	400	1	1	0	0	0	0	na	na	na	na	na	na	0	na	0	na	na	0	na
wood_roof_icorner	1	1	0	2	1	0	0	0	0	0	0	0	0	0	0	0	0	0	2	$piece_woodrooficorner	1	0	400	1	1	0	0	0	0	na	na	na	na	na	na	0	na	0	na	na	0	na
wood_roof_icorner_45	1	1	0	2	1	0	0	0	0	0	0	0	0	0	0	0	0	0	2	$piece_woodrooficorner45	1	0	400	1	1	0	0	0	0	na	na	na	na	na	na	0	na	0	na	na	0	na
wood_roof_icorner_67	1	1	0	2	1	0	0	0	0	0	0	0	0	0	0	0	0	0	5	$piece_woodrooficorner67	1	0	400	1	1	0	0	0	0	na	na	na	na	na	na	0	na	0	na	na	0	na
wood_roof_ocorner	1	1	0	2	1	0	0	0	0	0	0	0	0	0	0	0	0	0	2	$piece_woodroofocorner	1	0	400	1	1	0	0	0	0	na	na	na	na	na	na	0	na	0	na	na	0	na
wood_roof_ocorner_45	1	1	0	2	1	0	0	0	0	0	0	0	0	0	0	0	0	0	2	$piece_woodroofocorner45	1	0	400	1	1	0	0	0	0	na	na	na	na	na	na	0	na	0	na	na	0	na
wood_roof_ocorner_67	1	1	0	2	1	0	0	0	0	0	0	0	0	0	0	0	0	0	5	$piece_woodroofocorner67	1	0	400	1	1	0	0	0	0	na	na	na	na	na	na	0	na	0	na	na	0	na
wood_roof_top	1	1	0	2	1	0	0	0	0	0	0	0	0	0	0	0	0	0	2	$piece_woodrooftop	1	0	400	1	1	0	0	0	0	na	na	na	na	na	na	0	na	0	na	na	0	na
wood_roof_top_45	1	1	0	2	1	0	0	0	0	0	0	0	0	0	0	0	0	0	2	$piece_woodrooftop45	1	0	400	1	1	0	0	0	0	na	na	na	na	na	na	0	na	0	na	na	0	na
wood_roof_top_67	1	1	0	2	1	0	0	0	0	0	0	0	0	0	0	0	0	0	5	$piece_woodrooftop67	1	0	400	1	1	0	0	0	0	na	na	na	na	na	na	0	na	0	na	na	0	na
wood_stack	1	1	0	2	1	0	0	0	0	0	0	0	0	0	0	0	0	0	0	$piece_woodstack	1	0	50	0	1	1	0	0	0	na	na	na	na	na	na	0	na	0	na	na	0	na
wood_stair	1	1	0	2	1	0	0	0	0	0	0	0	0	0	0	0	0	0	2	$piece_woodstair	1	0	400	1	1	1	0	0	0	na	na	na	na	na	na	0	na	0	na	na	0	na
wood_stepladder	1	1	0	2	1	0	0	0	0	0	0	0	0	0	0	0	0	0	2	$piece_woodstepladder	1	0	400	1	1	1	0	0	0	na	na	na	na	na	na	0	na	0	na	na	0	na
wood_wall_half	1	1	0	2	1	0	0	0	0	0	0	0	0	0	0	0	0	0	2	$piece_woodwallhalf	1	0	400	1	1	1	0	0	0	na	na	na	na	na	na	0	na	0	na	na	0	na
wood_wall_log	1	1	0	2	1	0	0	0	0	0	0	0	0	0	0	0	0	0	2	$piece_logbeam2	1	3	500	1	1	1	0	0	0	na	na	na	na	na	na	0	na	0	na	na	0	na
wood_wall_log_4x0.5	1	1	0	2	1	0	0	0	0	0	0	0	0	0	0	0	0	0	2	$piece_logbeam4	1	3	500	1	1	1	0	0	0	na	na	na	na	na	na	0	na	0	na	na	0	na
wood_wall_quarter	1	1	0	2	1	0	0	0	0	0	0	0	0	0	0	0	0	0	2	$piece_woodwallquarter	1	0	400	1	1	1	0	0	0	na	na	na	na	na	na	0	na	0	na	na	0	na
wood_wall_roof	1	1	0	2	1	0	0	0	0	0	0	0	0	0	0	0	0	0	2	$piece_woodwallroof	1	0	400	1	1	0	0	0	0	na	na	na	na	na	na	0	na	0	na	na	0	na
wood_wall_roof_45	1	1	0	2	1	0	0	0	0	0	0	0	0	0	0	0	0	0	2	$piece_woodwallroof45	1	0	400	1	1	0	0	0	0	na	na	na	na	na	na	0	na	0	na	na	0	na
wood_wall_roof_45_upsidedown	1	1	0	2	1	0	0	0	0	0	0	0	0	0	0	0	0	0	2	$piece_woodwallroof45_upsidedown	1	0	400	1	1	0	0	0	0	na	na	na	na	na	na	0	na	0	na	na	0	na
wood_wall_roof_67_a	1	1	0	2	1	0	0	0	0	0	0	0	0	0	0	0	0	0	5	$piece_woodwallroof67	1	0	400	1	1	0	0	0	0	na	na	na	na	na	na	0	na	0	na	na	0	na
wood_wall_roof_67_upsidedown	1	1	0	2	1	0	0	0	0	0	0	0	0	0	0	0	0	0	5	$piece_woodwallroof67upsidedown	1	0	400	1	1	0	0	0	0	na	na	na	na	na	na	0	na	0	na	na	0	na
wood_wall_roof_a	1	1	0	2	1	0	0	0	0	0	0	0	0	0	0	0	0	0	2	$piece_woodwallroof	1	0	400	1	1	0	0	0	0	na	na	na	na	na	na	0	na	0	na	na	0	na
wood_wall_roof_top	1	1	0	2	1	0	0	0	0	0	0	0	0	0	0	0	0	0	2	$piece_woodwallrooftop	1	0	400	1	1	0	0	0	0	na	na	na	na	na	na	0	na	0	na	na	0	na
wood_wall_roof_top_45	1	1	0	2	1	0	0	0	0	0	0	0	0	0	0	0	0	0	2	$piece_woodwallrooftop45	1	0	400	1	1	0	0	0	0	na	na	na	na	na	na	0	na	0	na	na	0	na
wood_wall_roof_top_67	1	1	0	2	1	0	0	0	0	0	0	0	0	0	0	0	0	0	5	$piece_woodwallrooftop67	1	0	400	1	1	0	0	0	0	na	na	na	na	na	na	0	na	0	na	na	0	na
wood_wall_roof_upsidedown	1	1	0	2	1	0	0	0	0	0	0	0	0	0	0	0	0	0	2	$piece_woodwallroof_upsidedown	1	0	400	1	1	0	0	0	0	na	na	na	na	na	na	0	na	0	na	na	0	na
wood_window	1	1	0	2	1	0	0	0	0	0	0	0	0	0	0	0	0	0	2	$piece_woodwindowshutter	1	0	400	1	1	1	0	0	0	na	na	na	na	na	na	0	na	0	na	na	0	na
wood_yggdrasil_stack	1	1	0	2	1	0	0	0	0	0	0	0	0	0	0	0	0	0	0	$piece_yggdrasilstack	1	3	50	0	1	1	0	0	0	na	na	na	na	na	na	0	na	0	na	na	0	na
wooden_path	1	1	0	0	0	na	na	na	na	na	na	na	na	na	na	na	na	na	na	na	1	0	50	1	1	1	0	0	0	na	na	na	na	na	na	0	na	0	na	na	0	na
woodiron_beam	1	1	0	2	1	0	0	0	0	0	0	0	0	0	0	0	0	0	2	$piece_woodironbeam	1	2	2000	1	1	1	0	0	0	na	na	na	na	na	na	0	na	0	na	na	0	na
woodiron_beam_26	1	1	0	2	1	0	0	0	0	0	0	0	0	0	0	0	0	0	2	$piece_woodironbeam_26	1	2	2000	1	1	1	0	0	0	na	na	na	na	na	na	0	na	0	na	na	0	na
woodiron_beam_45	1	1	0	2	1	0	0	0	0	0	0	0	0	0	0	0	0	0	2	$piece_woodironbeam_45	1	2	2000	1	1	1	0	0	0	na	na	na	na	na	na	0	na	0	na	na	0	na
woodiron_beam_67	1	1	0	2	1	0	0	0	0	0	0	0	0	0	0	0	0	0	2	$piece_ironwoodbeam67	1	2	2000	1	1	1	0	0	0	na	na	na	na	na	na	0	na	0	na	na	0	na
woodiron_pole	1	1	0	2	1	0	0	0	0	0	0	0	0	0	0	0	0	0	2	$piece_woodironpole	1	2	2000	1	1	1	0	0	0	na	na	na	na	na	na	0	na	0	na	na	0	na
woodwall	1	1	0	2	1	0	0	0	0	0	0	0	0	0	0	0	0	0	2	$piece_woodwall	1	0	400	1	1	1	0	0	0	na	na	na	na	na	na	0	na	0	na	na	0	na
Wraith	1	1	0	0	0	na	na	na	na	na	na	na	na	na	na	na	na	na	na	na	0	na	na	na	na	na	na	na	0	na	na	na	na	na	na	0	na	1	15	0	0	na
wraith_melee	1	1	0	0	0	na	na	na	na	na	na	na	na	na	na	na	na	na	na	na	0	na	na	na	na	na	na	na	0	na	na	na	na	na	na	0	na	1	1	0	0	na
Writhan	1	1	0	0	0	na	na	na	na	na	na	na	na	na	na	na	na	na	na	na	0	na	na	na	na	na	na	na	0	na	na	na	na	na	na	0	na	1	10	0	0	na
writhan_bite	1	0	0	0	0	na	na	na	na	na	na	na	na	na	na	na	na	na	na	na	0	na	na	na	na	na	na	na	0	na	na	na	na	na	na	0	na	1	1	0	0	na
writhan_explosion	1	0	0	0	0	na	na	na	na	na	na	na	na	na	na	na	na	na	na	na	0	na	na	na	na	na	na	na	0	na	na	na	na	na	na	0	na	0	na	na	0	na
WrithanRoots	1	1	0	0	0	na	na	na	na	na	na	na	na	na	na	na	na	na	na	na	0	na	na	na	na	na	na	na	0	na	na	na	na	na	na	0	na	1	1	0	0	na
YagluthDrop	1	1	0	0	0	na	na	na	na	na	na	na	na	na	na	na	na	na	na	na	0	na	na	na	na	na	na	na	0	na	na	na	na	na	na	1	0.6	1	1	0	0	na
yggashoot_log	1	1	0	0	0	na	na	na	na	na	na	na	na	na	na	na	na	na	na	na	0	na	na	na	na	na	na	na	0	na	na	na	na	na	na	1	0.3	1	100	0	0	na
yggashoot_log_half	1	1	0	0	0	na	na	na	na	na	na	na	na	na	na	na	na	na	na	na	0	na	na	na	na	na	na	na	0	na	na	na	na	na	na	1	0.3	1	50	0	0	na
YggaShoot_small1	1	1	0	0	0	na	na	na	na	na	na	na	na	na	na	na	na	na	na	na	0	na	na	na	na	na	na	na	0	na	na	na	na	na	na	0	na	0	na	na	0	na
YggaShoot1	1	1	1	2	0	na	na	na	na	na	na	na	na	na	na	na	na	na	na	na	0	na	na	na	na	na	na	na	0	na	na	na	na	na	na	0	na	0	na	na	0	na
YggaShoot2	1	1	1	2	0	na	na	na	na	na	na	na	na	na	na	na	na	na	na	na	0	na	na	na	na	na	na	na	0	na	na	na	na	na	na	0	na	0	na	na	0	na
YggaShoot3	1	1	1	2	0	na	na	na	na	na	na	na	na	na	na	na	na	na	na	na	0	na	na	na	na	na	na	na	0	na	na	na	na	na	na	0	na	0	na	na	0	na
YggdrasilPorridge	1	1	0	0	1	0	1	0	0	0	0	0	1	0	1	0	0	0	6	$item_yggdrasilporridge	1	0	10	0	1	1	0	0	0	na	na	na	na	na	na	0	na	1	1	0	0	na
YggdrasilRoot	1	1	0	2	0	na	na	na	na	na	na	na	na	na	na	na	na	na	na	na	0	na	na	na	na	na	na	na	0	na	na	na	na	na	na	0	na	0	na	na	0	na
YggdrasilWood	1	1	0	0	0	na	na	na	na	na	na	na	na	na	na	na	na	na	na	na	0	na	na	na	na	na	na	na	0	na	na	na	na	na	na	1	0.52	1	10	0	0	na
YmirRemains	1	1	0	0	0	na	na	na	na	na	na	na	na	na	na	na	na	na	na	na	0	na	na	na	na	na	na	na	0	na	na	na	na	na	na	0	na	1	1	0	0	na
